hh,mm,ss,sss,acc_x,acc_y,acc_z,gyro_x,gyro_y,gyro_z,f1,f2,f3,f4,f5,f6,f7,f8,clear,nir,mains_hz,mains_category,step_count
0,0,0,0,-0.9633472701193274,-0.16351817377239294,-0.0413220618305002,0.18285714285714286,-5.194285714285714,-0.46285714285714286,0,0,0,0,0,0,0,0,0,0,0,no mains / natural or DC,0
0,0,0,10,-0.9682302316354869,-0.16187017426068911,-0.0380260628070925,0.09142857142857143,-5.137142857142857,0.011428571428571429,0,0,0,0,0,0,0,0,0,0,0,no mains / natural or DC,0
0,0,0,20,-0.9682302316354869,-0.16187017426068911,-0.0380260628070925,0.09142857142857143,-5.137142857142857,0.011428571428571429,0,0,0,0,0,0,0,0,0,0,0,no mains / natural or DC,0
0,0,0,30,-0.9713431196020387,-0.15900143436994538,-0.03619495223853267,0.017142857142857144,-4.885714285714286,0.48,0,0,0,0,0,0,0,0,0,0,0,no mains / natural or DC,0
0,0,0,40,-0.9713431196020387,-0.15900143436994538,-0.03619495223853267,0.017142857142857144,-4.885714285714286,0.48,0,0,0,0,0,0,0,0,0,0,0,no mains / natural or DC,0
0,0,0,50,-0.9745170445875423,-0.15259254737998595,-0.03601184118167669,-0.06857142857142857,-4.222857142857142,0.9714285714285714,0,0,0,0,0,0,0,0,0,0,0,no mains / natural or DC,0
0,0,0,60,-0.9745170445875423,-0.15259254737998595,-0.03601184118167669,-0.05714285714285714,-3.3771428571428572,1.5257142857142858,0,0,0,0,0,0,0,0,0,0,0,no mains / natural or DC,0
0,0,0,70,-0.9757988219855342,-0.14600054933317058,-0.03363139744254891,-0.05714285714285714,-3.3771428571428572,1.5257142857142858,0,0,0,0,0,0,0,0,0,0,0,no mains / natural or DC,0
0,0,0,80,-0.9760429700613422,-0.14709921567430648,-0.0314951017792291,-0.09714285714285714,-2.834285714285714,1.9542857142857142,0,0,0,0,0,0,0,0,0,0,0,no mains / natural or DC,0
0,0,0,90,-0.9760429700613422,-0.14709921567430648,-0.0314951017792291,-0.09714285714285714,-2.834285714285714,1.9542857142857142,0,0,0,0,0,0,0,0,0,0,0,no mains / natural or DC,0
0,0,0,100,-0.9741508224738303,-0.14435254982146672,-0.03228858302560503,-0.13714285714285715,-2.7542857142857144,2.085714285714286,0,0,0,0,0,0,0,0,0,0,0,no mains / natural or DC,0
0,0,0,110,-0.9741508224738303,-0.14435254982146672,-0.03228858302560503,-0.13714285714285715,-2.7542857142857144,2.085714285714286,0,0,0,0,0,0,0,0,0,0,0,no mains / natural or DC,0
0,0,0,120,-0.9755546739097263,-0.14081240272225104,-0.035157322916348765,0.06285714285714286,-2.954285714285714,1.937142857142857,0,0,0,0,0,0,0,0,0,0,0,no mains / natural or DC,0
0,0,0,130,-0.9755546739097263,-0.14081240272225104,-0.035157322916348765,0.06285714285714286,-2.954285714285714,1.937142857142857,0,0,0,0,0,0,0,0,0,0,0,no mains / natural or DC,0
0,0,0,140,-0.97750785851619,-0.13660084841456344,-0.037659840693380534,0.7085714285714285,-2.994285714285714,1.5942857142857143,0,0,0,0,0,0,0,0,0,0,0,no mains / natural or DC,0
0,0,0,150,-0.97750785851619,-0.13660084841456344,-0.037659840693380534,0.7085714285714285,-2.994285714285714,1.5942857142857143,0,0,0,0,0,0,0,0,0,0,0,no mains / natural or DC,0
0,0,0,160,-0.9747611926633504,-0.1348307748649556,-0.03668324839014862,1.68,-2.702857142857143,1.3828571428571428,0,0,0,0,0,0,0,0,0,0,0,no mains / natural or DC,0
0,0,0,170,-0.9747611926633504,-0.1348307748649556,-0.03668324839014862,1.68,-2.702857142857143,1.3828571428571428,0,0,0,0,0,0,0,0,0,0,0,no mains / natural or DC,0
0,0,0,180,-0.9704886013367107,-0.13623462630085148,-0.034791100802636796,2.657142857142857,-2.434285714285714,1.4742857142857142,0,0,0,0,0,0,0,0,0,0,0,no mains / natural or DC,0
0,0,0,190,-0.9704886013367107,-0.13623462630085148,-0.034791100802636796,2.657142857142857,-2.434285714285714,1.4742857142857142,0,0,0,0,0,0,0,0,0,0,0,no mains / natural or DC,0
0,0,0,200,-0.9683523056733909,-0.14123966185491502,-0.030518509475997192,3.2914285714285714,-2.3714285714285714,1.937142857142857,0,0,0,0,0,0,0,0,0,0,0,no mains / natural or DC,0
0,0,0,210,-0.967619861445967,-0.14654988250373852,-0.026245918149357585,3.5142857142857142,-2.5142857142857142,2.4914285714285715,0,0,0,0,0,0,0,0,0,0,0,no mains / natural or DC,0
0,0,0,220,-0.967619861445967,-0.14654988250373852,-0.026245918149357585,3.5142857142857142,-2.5142857142857142,2.4914285714285715,0,0,0,0,0,0,0,0,0,0,0,no mains / natural or DC,0
0,0,0,230,-0.9632251960814234,-0.15240943632312998,-0.022766808069093904,3.337142857142857,-2.76,2.7714285714285714,0,0,0,0,0,0,0,0,0,0,0,no mains / natural or DC,0
0,0,0,240,-0.9632251960814234,-0.15240943632312998,-0.022766808069093904,3.337142857142857,-2.76,2.7714285714285714,0,0,0,0,0,0,0,0,0,0,0,no mains / natural or DC,0
0,0,0,250,-0.9711600085451827,-0.15802484206671347,-0.016663106173894465,2.8514285714285714,-3.0514285714285716,2.537142857142857,0,0,0,0,0,0,0,0,0,0,0,no mains / natural or DC,0
0,0,0,260,-0.9711600085451827,-0.15802484206671347,-0.016663106173894465,2.8514285714285714,-3.0514285714285716,2.537142857142857,0,0,0,0,0,0,0,0,0,0,0,no mains / natural or DC,0
0,0,0,270,-0.9748832667012544,-0.16321298867763298,-0.008850367748039186,2.1714285714285713,-3.1714285714285713,1.737142857142857,0,0,0,0,0,0,0,0,0,0,0,no mains / natural or DC,0
0,0,0,280,-0.9748832667012544,-0.16321298867763298,-0.008850367748039186,2.1714285714285713,-3.1714285714285713,1.737142857142857,0,0,0,0,0,0,0,0,0,0,0,no mains / natural or DC,0
0,0,0,290,-0.9770195623645741,-0.1662038026062807,-0.00347911008026368,1.4228571428571428,-2.994285714285714,0.7028571428571428,0,0,0,0,0,0,0,0,0,0,0,no mains / natural or DC,0
0,0,0,300,-0.9770195623645741,-0.1662038026062807,-0.00347911008026368,1.4228571428571428,-2.994285714285714,0.7028571428571428,0,0,0,0,0,0,0,0,0,0,0,no mains / natural or DC,0
0,0,0,310,-0.9751274147770623,-0.16791283913693655,0.0007324442274239326,0.6057142857142858,-2.4685714285714284,-0.2857142857142857,0,0,0,0,0,0,0,0,0,0,0,no mains / natural or DC,0
0,0,0,320,-0.9751274147770623,-0.16791283913693655,0.0007324442274239326,0.6057142857142858,-2.4685714285714284,-0.2857142857142857,0,0,0,0,0,0,0,0,0,0,0,no mains / natural or DC,0
0,0,0,330,-0.9707327494125186,-0.1707205420087283,0.00347911008026368,-0.2,-1.9142857142857144,-1.1714285714285715,0,0,0,0,0,0,0,0,0,0,0,no mains / natural or DC,0
0,0,0,340,-0.9707327494125186,-0.1707205420087283,0.00347911008026368,-0.9885714285714285,-1.4285714285714286,-1.9257142857142857,0,0,0,0,0,0,0,0,0,0,0,no mains / natural or DC,0
0,0,0,350,-0.9668263801995911,-0.1718192083498642,0.005371257667775506,-0.9885714285714285,-1.4285714285714286,-1.9257142857142857,0,0,0,0,0,0,0,0,0,0,0,no mains / natural or DC,0
0,0,0,360,-0.9656666768395031,-0.17328409680471205,0.004760887478255562,-1.6342857142857143,-1.1485714285714286,-2.5028571428571427,0,0,0,0,0,0,0,0,0,0,0,no mains / natural or DC,0
0,0,0,370,-0.9656666768395031,-0.17328409680471205,0.004760887478255562,-1.6342857142857143,-1.1485714285714286,-2.5028571428571427,0,0,0,0,0,0,0,0,0,0,0,no mains / natural or DC,0
0,0,0,380,-0.9642017883846553,-0.17377239295632801,0.0032959990234076968,-2.0114285714285716,-1.0342857142857143,-2.9885714285714284,0,0,0,0,0,0,0,0,0,0,0,no mains / natural or DC,0
0,0,0,390,-0.9642017883846553,-0.17377239295632801,0.0032959990234076968,-2.0114285714285716,-1.0342857142857143,-2.9885714285714284,0,0,0,0,0,0,0,0,0,0,0,no mains / natural or DC,0
0,0,0,400,-0.9648121585741752,-0.17297891170995208,-0.00012207403790398877,-2.0514285714285716,-0.9314285714285714,-3.4571428571428573,0,0,0,0,0,0,0,0,0,0,0,no mains / natural or DC,0
0,0,0,410,-0.9648121585741752,-0.17297891170995208,-0.00012207403790398877,-2.0514285714285716,-0.9314285714285714,-3.4571428571428573,0,0,0,0,0,0,0,0,0,0,0,no mains / natural or DC,0
0,0,0,420,-0.9645069734794153,-0.17303994872890407,-0.002990813928647725,-1.7428571428571429,-0.84,-3.7314285714285713,0,0,0,0,0,0,0,0,0,0,0,no mains / natural or DC,0
0,0,0,430,-0.9645069734794153,-0.17303994872890407,-0.002990813928647725,-1.7428571428571429,-0.84,-3.7314285714285713,0,0,0,0,0,0,0,0,0,0,0,no mains / natural or DC,0
0,0,0,440,-0.9654835657826472,-0.1718192083498642,-0.0065919980468153935,-1.2571428571428571,-0.7942857142857143,-3.8057142857142856,0,0,0,0,0,0,0,0,0,0,0,no mains / natural or DC,0
0,0,0,450,-0.9654835657826472,-0.1718192083498642,-0.0065919980468153935,-1.2571428571428571,-0.7942857142857143,-3.8057142857142856,0,0,0,0,0,0,0,0,0,0,0,no mains / natural or DC,0
0,0,0,460,-0.9628589739677114,-0.17371135593737602,-0.007629627368999298,-0.5714285714285714,-0.8171428571428572,-3.72,0,0,0,0,0,0,0,0,0,0,0,no mains / natural or DC,0
0,0,0,470,-0.9628589739677114,-0.17371135593737602,-0.007629627368999298,-0.5714285714285714,-0.8171428571428572,-3.394285714285714,0,0,0,0,0,0,0,0,0,0,0,no mains / natural or DC,0
0,0,0,480,-0.9618213446455275,-0.1763359477523118,-0.00695822016052736,0.13142857142857142,-1.0171428571428571,-3.394285714285714,0,0,0,0,0,0,0,0,0,0,0,no mains / natural or DC,0
0,0,0,490,-0.9613940855128635,-0.1815240943632313,-0.006286812952055422,0.7885714285714286,-1.28,-2.942857142857143,0,0,0,0,0,0,0,0,0,0,0,no mains / natural or DC,0
0,0,0,500,-0.9613940855128635,-0.1815240943632313,-0.006286812952055422,0.7885714285714286,-1.28,-2.942857142857143,0,0,0,0,0,0,0,0,0,0,0,no mains / natural or DC,0
0,0,0,510,-0.9633472701193274,-0.18433179723502305,-0.0050050355540635395,1.2571428571428571,-1.502857142857143,-2.4857142857142858,0,0,0,0,0,0,0,0,0,0,0,no mains / natural or DC,0
0,0,0,520,-0.9633472701193274,-0.18433179723502305,-0.0050050355540635395,1.2571428571428571,-1.502857142857143,-2.4857142857142858,0,0,0,0,0,0,0,0,0,0,0,no mains / natural or DC,0
0,0,0,530,-0.9656056398205511,-0.1879329813531907,-0.004638813440351573,1.5085714285714287,-1.6228571428571428,-2.045714285714286,0,0,0,0,0,0,0,0,0,0,0,no mains / natural or DC,0
0,0,0,540,-0.9656056398205511,-0.1879329813531907,-0.004638813440351573,1.5085714285714287,-1.6228571428571428,-2.045714285714286,0,0,0,0,0,0,0,0,0,0,0,no mains / natural or DC,0
0,0,0,550,-0.967986083559679,-0.18878749961851862,-0.0024414807580797754,1.3942857142857144,-1.5885714285714285,-1.6742857142857144,0,0,0,0,0,0,0,0,0,0,0,no mains / natural or DC,0
0,0,0,560,-0.967986083559679,-0.18878749961851862,-0.0024414807580797754,1.3942857142857144,-1.5885714285714285,-1.6742857142857144,0,0,0,0,0,0,0,0,0,0,0,no mains / natural or DC,0
0,0,0,570,-0.9698171941282387,-0.1881771294289987,-0.002563554795983764,1.0571428571428572,-1.417142857142857,-1.3657142857142857,0,0,0,0,0,0,0,0,0,0,0,no mains / natural or DC,0
0,0,0,580,-0.9698171941282387,-0.1881771294289987,-0.002563554795983764,1.0571428571428572,-1.417142857142857,-1.3657142857142857,0,0,0,0,0,0,0,0,0,0,0,no mains / natural or DC,0
0,0,0,590,-0.9712820825830867,-0.18451490829187903,-0.002868739890743736,0.6628571428571428,-1.08,-1.0571428571428572,0,0,0,0,0,0,0,0,0,0,0,no mains / natural or DC,0
0,0,0,600,-0.9712820825830867,-0.18451490829187903,-0.002868739890743736,0.6628571428571428,-1.08,-1.0571428571428572,0,0,0,0,0,0,0,0,0,0,0,no mains / natural or DC,0
0,0,0,610,-0.9710989715262307,-0.17999816888943143,-0.004638813440351573,0.2857142857142857,-0.68,-0.7771428571428571,0,0,0,0,0,0,0,0,0,0,0,no mains / natural or DC,0
0,0,0,620,-0.9710989715262307,-0.17999816888943143,-0.0076906643879512925,0.05714285714285714,-0.32571428571428573,-0.5657142857142857,0,0,0,0,0,0,0,0,0,0,0,no mains / natural or DC,0
0,0,0,630,-0.9719534897915586,-0.1727347636341441,-0.0076906643879512925,0.05714285714285714,-0.32571428571428573,-0.5657142857142857,0,0,0,0,0,0,0,0,0,0,0,no mains / natural or DC,0
0,0,0,640,-0.9694509720145268,-0.16455580309457685,-0.010071108127079073,0.09714285714285714,0.03428571428571429,-0.37714285714285717,0,0,0,0,0,0,0,0,0,0,0,no mains / natural or DC,0
0,0,0,650,-0.9694509720145268,-0.16455580309457685,-0.010071108127079073,0.09714285714285714,0.03428571428571429,-0.37714285714285717,0,0,0,0,0,0,0,0,0,0,0,no mains / natural or DC,0
0,0,0,660,-0.9693288979766228,-0.15662099063081758,-0.01446577349162267,0.4342857142857143,0.2742857142857143,-0.2857142857142857,0,0,0,0,0,0,0,0,0,0,0,no mains / natural or DC,0
0,0,0,670,-0.9693288979766228,-0.15662099063081758,-0.01446577349162267,0.4342857142857143,0.2742857142857143,-0.2857142857142857,0,0,0,0,0,0,0,0,0,0,0,no mains / natural or DC,0
0,0,0,680,-0.9657277138584551,-0.1488692892239143,-0.017761772515030368,0.9885714285714285,0.4742857142857143,-0.2057142857142857,0,0,0,0,0,0,0,0,0,0,0,no mains / natural or DC,0
0,0,0,690,-0.9657277138584551,-0.1488692892239143,-0.017761772515030368,0.9885714285714285,0.4742857142857143,-0.2057142857142857,0,0,0,0,0,0,0,0,0,0,0,no mains / natural or DC,0
0,0,0,700,-0.9705496383556627,-0.14325388348033083,-0.019409772026734214,1.6857142857142857,0.4685714285714286,-0.1657142857142857,0,0,0,0,0,0,0,0,0,0,0,no mains / natural or DC,0
0,0,0,710,-0.9705496383556627,-0.14325388348033083,-0.019409772026734214,1.6857142857142857,0.4685714285714286,-0.1657142857142857,0,0,0,0,0,0,0,0,0,0,0,no mains / natural or DC,0
0,0,0,720,-0.9711600085451827,-0.13861507003997925,-0.0228278450880459,2.388571428571429,0.4857142857142857,-0.17142857142857143,0,0,0,0,0,0,0,0,0,0,0,no mains / natural or DC,0
0,0,0,730,-0.9711600085451827,-0.13861507003997925,-0.0228278450880459,2.388571428571429,0.4857142857142857,-0.17142857142857143,0,0,0,0,0,0,0,0,0,0,0,no mains / natural or DC,0
0,0,0,740,-0.9747611926633504,-0.13397625659962767,-0.026429029206213567,3.0914285714285716,0.8171428571428572,-0.3028571428571429,0,0,0,0,0,0,0,0,0,0,0,no mains / natural or DC,0
0,0,0,750,-0.9747611926633504,-0.13397625659962767,-0.026429029206213567,3.72,1.4228571428571428,-0.5428571428571428,0,0,0,0,0,0,0,0,0,0,0,no mains / natural or DC,0
0,0,0,760,-0.9696951200903348,-0.13385418256172368,-0.02893154698324534,3.72,1.4228571428571428,-0.5428571428571428,0,0,0,0,0,0,0,0,0,0,0,no mains / natural or DC,0
0,0,0,770,-0.9642628254036073,-0.13702810754722738,-0.03460798974578082,4.0285714285714285,1.6742857142857144,-0.7771428571428571,0,0,0,0,0,0,0,0,0,0,0,no mains / natural or DC,0
0,0,0,780,-0.9642628254036073,-0.13702810754722738,-0.03460798974578082,4.0285714285714285,1.6742857142857144,-0.7771428571428571,0,0,0,0,0,0,0,0,0,0,0,no mains / natural or DC,0
0,0,0,790,-0.9643238624225593,-0.13611255226294747,-0.04065065462202826,3.9885714285714284,1.5314285714285714,-0.9542857142857143,0,0,0,0,0,0,0,0,0,0,0,no mains / natural or DC,0
0,0,0,800,-0.9643238624225593,-0.13611255226294747,-0.04065065462202826,3.9885714285714284,1.5314285714285714,-0.9542857142857143,0,0,0,0,0,0,0,0,0,0,0,no mains / natural or DC,0
0,0,0,810,-0.9682912686544389,-0.1347697378460036,-0.04705954161198767,3.697142857142857,1.3314285714285714,-0.9485714285714286,0,0,0,0,0,0,0,0,0,0,0,no mains / natural or DC,0
0,0,0,820,-0.9682912686544389,-0.1347697378460036,-0.04705954161198767,3.697142857142857,1.3314285714285714,-0.9485714285714286,0,0,0,0,0,0,0,0,0,0,0,no mains / natural or DC,0
0,0,0,830,-0.9824518570513017,-0.130436109500412,-0.05566576128421888,3.302857142857143,1.3085714285714285,-0.9085714285714286,0,0,0,0,0,0,0,0,0,0,0,no mains / natural or DC,0
0,0,0,840,-0.9824518570513017,-0.130436109500412,-0.05566576128421888,3.302857142857143,1.3085714285714285,-0.9085714285714286,0,0,0,0,0,0,0,0,0,0,0,no mains / natural or DC,0
0,0,0,850,-0.9914853358561968,-0.12646870326853238,-0.06292916653950621,2.8857142857142857,1.6742857142857144,-0.8114285714285714,0,0,0,0,0,0,0,0,0,0,0,no mains / natural or DC,0
0,0,0,860,-0.9914853358561968,-0.12646870326853238,-0.06292916653950621,2.8857142857142857,1.6742857142857144,-0.8114285714285714,0,0,0,0,0,0,0,0,0,0,0,no mains / natural or DC,0
0,0,0,870,-0.9876400036622212,-0.12463759269997253,-0.06769005401776178,2.4514285714285715,2.257142857142857,-0.6628571428571428,0,0,0,0,0,0,0,0,0,0,0,no mains / natural or DC,0
0,0,0,880,-0.9876400036622212,-0.12463759269997253,-0.06769005401776178,2.4514285714285715,2.257142857142857,-0.6628571428571428,0,0,0,0,0,0,0,0,0,0,0,no mains / natural or DC,0
0,0,0,890,-0.9849543748283334,-0.12036500137333292,-0.0738547929319132,1.9028571428571428,2.4285714285714284,-0.5142857142857142,0,0,0,0,0,0,0,0,0,0,0,no mains / natural or DC,0
0,0,0,900,-0.9804376354258858,-0.11651966917935729,-0.08233893856624043,1.3485714285714285,2.2685714285714287,-0.3942857142857143,0,0,0,0,0,0,0,0,0,0,0,no mains / natural or DC,0
0,0,0,910,-0.9804376354258858,-0.11651966917935729,-0.08233893856624043,1.3485714285714285,2.2685714285714287,-0.3942857142857143,0,0,0,0,0,0,0,0,0,0,0,no mains / natural or DC,0
0,0,0,920,-0.967802972502823,-0.11120944853053377,-0.09070101016266366,0.8171428571428572,2.0685714285714285,-0.3657142857142857,0,0,0,0,0,0,0,0,0,0,0,no mains / natural or DC,0
0,0,0,930,-0.967802972502823,-0.11120944853053377,-0.09070101016266366,0.8171428571428572,2.0685714285714285,-0.3657142857142857,0,0,0,0,0,0,0,0,0,0,0,no mains / natural or DC,0
0,0,0,940,-0.967741935483871,-0.10394604327524644,-0.09759819330423902,0.49142857142857144,1.9542857142857142,-0.4114285714285714,0,0,0,0,0,0,0,0,0,0,0,no mains / natural or DC,0
0,0,0,950,-0.967741935483871,-0.10394604327524644,-0.09759819330423902,0.49142857142857144,1.9542857142857142,-0.4114285714285714,0,0,0,0,0,0,0,0,0,0,0,no mains / natural or DC,0
0,0,0,960,-0.9650563066499832,-0.10052797021393475,-0.1011383404034547,0.33714285714285713,2.0,-0.5142857142857142,0,0,0,0,0,0,0,0,0,0,0,no mains / natural or DC,0
0,0,0,970,-0.9650563066499832,-0.10052797021393475,-0.1011383404034547,0.33714285714285713,2.0,-0.5142857142857142,0,0,0,0,0,0,0,0,0,0,0,no mains / natural or DC,0
0,0,0,980,-0.9593188268684958,-0.09595019379253517,-0.10455641346476638,0.26285714285714284,2.1942857142857144,-0.52,0,0,0,0,0,0,0,0,0,0,0,no mains / natural or DC,0
0,0,0,990,-0.9593188268684958,-0.09595019379253517,-0.10455641346476638,0.26285714285714284,2.1942857142857144,-0.52,0,0,0,0,0,0,0,0,0,0,0,no mains / natural or DC,0
0,0,1,0,-0.9602954191717277,-0.09216589861751152,-0.10882900479140599,0.32,2.302857142857143,-0.3942857142857143,0,0,0,0,0,0,0,0,0,0,0,no mains / natural or DC,0
0,0,1,10,-0.9602954191717277,-0.09216589861751152,-0.10882900479140599,0.32,2.302857142857143,-0.3942857142857143,0,0,0,0,0,0,0,0,0,0,0,no mains / natural or DC,0
0,0,1,20,-0.9589526047547837,-0.09051789910580767,-0.11108737449262979,0.42857142857142855,2.3257142857142856,-0.26285714285714284,0,0,0,0,0,0,0,0,0,0,0,no mains / natural or DC,0
0,0,1,30,-0.956266975920896,-0.09033478804895169,-0.11157567064424573,0.5885714285714285,2.137142857142857,-0.29714285714285715,0,0,0,0,0,0,0,0,0,0,0,no mains / natural or DC,0
0,0,1,40,-0.956266975920896,-0.09033478804895169,-0.11157567064424573,0.5885714285714285,2.137142857142857,-0.29714285714285715,0,0,0,0,0,0,0,0,0,0,0,no mains / natural or DC,0
0,0,1,50,-0.9587084566789758,-0.09057893612475967,-0.11273537400433363,0.7485714285714286,1.6857142857142857,-0.6114285714285714,0,0,0,0,0,0,0,0,0,0,0,no mains / natural or DC,0
0,0,1,60,-0.9587084566789758,-0.09057893612475967,-0.11273537400433363,0.7485714285714286,1.6857142857142857,-0.6114285714285714,0,0,0,0,0,0,0,0,0,0,0,no mains / natural or DC,0
0,0,1,70,-0.9617603076265755,-0.09088412121951964,-0.11346781823175756,0.9257142857142857,1.2457142857142858,-1.2114285714285715,0,0,0,0,0,0,0,0,0,0,0,no mains / natural or DC,0
0,0,1,80,-0.9617603076265755,-0.09088412121951964,-0.11346781823175756,0.9257142857142857,1.2457142857142858,-1.2114285714285715,0,0,0,0,0,0,0,0,0,0,0,no mains / natural or DC,0
0,0,1,90,-0.9649342326120792,-0.09143345439008758,-0.11590929898983733,1.08,0.8514285714285714,-2.0,0,0,0,0,0,0,0,0,0,0,0,no mains / natural or DC,0
0,0,1,100,-0.9649342326120792,-0.09143345439008758,-0.11590929898983733,1.08,0.8514285714285714,-2.0,0,0,0,0,0,0,0,0,0,0,0,no mains / natural or DC,0
0,0,1,110,-0.9722586748863186,-0.09418012024292734,-0.11645863216040528,1.24,0.49142857142857144,-3.097142857142857,0,0,0,0,0,0,0,0,0,0,0,no mains / natural or DC,0
0,0,1,120,-0.9722586748863186,-0.09418012024292734,-0.11645863216040528,1.24,0.49142857142857144,-3.097142857142857,0,0,0,0,0,0,0,0,0,0,0,no mains / natural or DC,0
0,0,1,130,-0.9702444532609027,-0.09631641590624714,-0.11645863216040528,1.2457142857142858,0.4057142857142857,-4.325714285714286,0,0,0,0,0,0,0,0,0,0,0,no mains / natural or DC,0
0,0,1,140,-0.9702444532609027,-0.09631641590624714,-0.11645863216040528,1.2457142857142858,0.4057142857142857,-4.325714285714286,0,0,0,0,0,0,0,0,0,0,0,no mains / natural or DC,0
0,0,1,150,-0.9656666768395031,-0.09857478560747093,-0.11920529801324503,1.062857142857143,0.32571428571428573,-5.468571428571429,0,0,0,0,0,0,0,0,0,0,0,no mains / natural or DC,0
0,0,1,160,-0.9656666768395031,-0.09857478560747093,-0.11920529801324503,1.062857142857143,0.13714285714285715,-6.337142857142857,0,0,0,0,0,0,0,0,0,0,0,no mains / natural or DC,0
0,0,1,170,-0.9598681600390637,-0.10309152500991851,-0.12195196386608478,0.8114285714285714,0.13714285714285715,-6.337142857142857,0,0,0,0,0,0,0,0,0,0,0,no mains / natural or DC,0
0,0,1,180,-0.9579149754325998,-0.10467848750267036,-0.12433240760521257,0.5542857142857143,0.2857142857142857,-6.645714285714286,0,0,0,0,0,0,0,0,0,0,0,no mains / natural or DC,0
0,0,1,190,-0.9579149754325998,-0.10467848750267036,-0.12433240760521257,0.5542857142857143,0.2857142857142857,-6.645714285714286,0,0,0,0,0,0,0,0,0,0,0,no mains / natural or DC,0
0,0,1,200,-0.9606006042664876,-0.10846278267769402,-0.12573625904110844,0.4057142857142857,0.7085714285714285,-6.348571428571429,0,0,0,0,0,0,0,0,0,0,0,no mains / natural or DC,0
0,0,1,210,-0.9606006042664876,-0.10846278267769402,-0.12573625904110844,0.4057142857142857,0.7085714285714285,-6.348571428571429,0,0,0,0,0,0,0,0,0,0,0,no mains / natural or DC,0
0,0,1,220,-0.9660939359721671,-0.10742515335551012,-0.12793359172338023,0.3942857142857143,1.2,-5.268571428571429,0,0,0,0,0,0,0,0,0,0,0,no mains / natural or DC,0
0,0,1,230,-0.9660939359721671,-0.10742515335551012,-0.12793359172338023,0.3942857142857143,1.2,-5.268571428571429,0,0,0,0,0,0,0,0,0,0,0,no mains / natural or DC,0
0,0,1,240,-0.9618213446455275,-0.11651966917935729,-0.12537003692739646,0.7314285714285714,1.8742857142857143,-3.4171428571428573,0,0,0,0,0,0,0,0,0,0,0,no mains / natural or DC,0
0,0,1,250,-0.9618213446455275,-0.11651966917935729,-0.12537003692739646,0.7314285714285714,1.8742857142857143,-3.4171428571428573,0,0,0,0,0,0,0,0,0,0,0,no mains / natural or DC,0
0,0,1,260,-0.9596240119632558,-0.1270180364391003,-0.11969359416486099,1.3371428571428572,1.9828571428571429,-1.3428571428571427,0,0,0,0,0,0,0,0,0,0,0,no mains / natural or DC,0
0,0,1,270,-0.9596240119632558,-0.1270180364391003,-0.11969359416486099,1.3371428571428572,1.9828571428571429,-1.3428571428571427,0,0,0,0,0,0,0,0,0,0,0,no mains / natural or DC,0
0,0,1,280,-0.9336222418897061,-0.13562425611133153,-0.10309152500991851,2.0514285714285716,1.2571428571428571,0.7371428571428571,0,0,0,0,0,0,0,0,0,0,0,no mains / natural or DC,0
0,0,1,290,-0.9336222418897061,-0.13562425611133153,-0.10309152500991851,2.0514285714285716,1.2571428571428571,0.7371428571428571,0,0,0,0,0,0,0,0,0,0,0,no mains / natural or DC,0
0,0,1,300,-0.8959013641773735,-0.14270455030976287,-0.08294930875576037,2.6342857142857143,-0.5028571428571429,2.994285714285714,0,0,0,0,0,0,0,0,0,0,0,no mains / natural or DC,0
0,0,1,310,-0.880275887325663,-0.141056550798059,-0.06903286843470564,3.1885714285714286,-2.72,5.411428571428571,0,0,0,0,0,0,0,0,0,0,0,no mains / natural or DC,0
0,0,1,320,-0.8870509964293344,-0.141056550798059,-0.06903286843470564,3.1885714285714286,-2.72,5.411428571428571,0,0,0,0,0,0,0,0,0,0,0,no mains / natural or DC,0
0,0,1,330,-0.9421063875240333,-0.12695699942014832,-0.05987731559190649,3.9657142857142857,-4.582857142857143,7.977142857142857,0,0,0,0,0,0,0,0,0,0,0,no mains / natural or DC,0
0,0,1,340,-0.9421063875240333,-0.12695699942014832,-0.05987731559190649,3.9657142857142857,-4.582857142857143,7.977142857142857,0,0,0,0,0,0,0,0,0,0,0,no mains / natural or DC,0
0,0,1,350,-0.9967955565050203,-0.10950041199987792,-0.04791405987731559,5.085714285714285,-5.194285714285714,10.582857142857144,0,0,0,0,0,0,0,0,0,0,0,no mains / natural or DC,0
0,0,1,360,-0.9967955565050203,-0.10950041199987792,-0.04791405987731559,5.085714285714285,-5.194285714285714,10.582857142857144,0,0,0,0,0,0,0,0,0,0,0,no mains / natural or DC,0
0,0,1,370,-1.0528275399029512,-0.0998565630054628,-0.028260139774773402,6.228571428571429,-6.12,12.485714285714286,0,0,0,0,0,0,0,0,0,0,0,no mains / natural or DC,0
0,0,1,380,-1.0528275399029512,-0.0998565630054628,-0.028260139774773402,6.228571428571429,-6.12,12.485714285714286,0,0,0,0,0,0,0,0,0,0,0,no mains / natural or DC,0
0,0,1,390,-1.0043031098361157,-0.11151463362529374,0.005371257667775506,6.742857142857143,-7.76,13.188571428571429,0,0,0,0,0,0,0,0,0,0,0,no mains / natural or DC,0
0,0,1,400,-1.0043031098361157,-0.11151463362529374,0.005371257667775506,6.742857142857143,-7.76,13.188571428571429,0,0,0,0,0,0,0,0,0,0,0,no mains / natural or DC,0
0,0,1,410,-0.9576097903378399,-0.11279641102328562,0.019531846064638203,6.285714285714286,-10.937142857142858,12.88,0,0,0,0,0,0,0,0,0,0,0,no mains / natural or DC,0
0,0,1,420,-0.9576097903378399,-0.11279641102328562,0.019531846064638203,6.285714285714286,-10.937142857142858,12.88,0,0,0,0,0,0,0,0,0,0,0,no mains / natural or DC,0
0,0,1,430,-0.9828180791650136,-0.09857478560747093,0.03686635944700461,5.405714285714286,-14.337142857142856,11.434285714285714,0,0,0,0,0,0,0,0,0,0,0,no mains / natural or DC,0
0,0,1,440,-0.9828180791650136,-0.09857478560747093,0.03686635944700461,4.742857142857143,-14.074285714285715,9.725714285714286,0,0,0,0,0,0,0,0,0,0,0,no mains / natural or DC,0
0,0,1,450,-0.9987487411114842,-0.07269508957182531,0.039674062318796346,4.742857142857143,-14.074285714285715,9.725714285714286,0,0,0,0,0,0,0,0,0,0,0,no mains / natural or DC,0
0,0,1,460,-1.0113834040345469,-0.04602191228980376,0.04284798730430006,4.422857142857143,-11.44,8.222857142857142,0,0,0,0,0,0,0,0,0,0,0,no mains / natural or DC,0
0,0,1,470,-1.0113834040345469,-0.04602191228980376,0.04284798730430006,4.422857142857143,-11.44,8.222857142857142,0,0,0,0,0,0,0,0,0,0,0,no mains / natural or DC,0
0,0,1,480,-0.9934995574816126,-0.02630695516830958,0.04705954161198767,4.28,-6.662857142857143,7.8,0,0,0,0,0,0,0,0,0,0,0,no mains / natural or DC,0
0,0,1,490,-0.9934995574816126,-0.02630695516830958,0.04705954161198767,4.28,-6.662857142857143,7.8,0,0,0,0,0,0,0,0,0,0,0,no mains / natural or DC,0
0,0,1,500,-0.9695730460524308,-0.007873775444807276,0.04925687429425947,3.817142857142857,-2.354285714285714,8.468571428571428,0,0,0,0,0,0,0,0,0,0,0,no mains / natural or DC,0
0,0,1,510,-0.9695730460524308,-0.007873775444807276,0.04925687429425947,3.817142857142857,-2.354285714285714,8.468571428571428,0,0,0,0,0,0,0,0,0,0,0,no mains / natural or DC,0
0,0,1,520,-0.9386883144627216,0.00793481246375927,0.05023346659749138,2.8914285714285715,0.5428571428571428,9.85142857142857,0,0,0,0,0,0,0,0,0,0,0,no mains / natural or DC,0
0,0,1,530,-0.9386883144627216,0.00793481246375927,0.05023346659749138,2.8914285714285715,0.5428571428571428,9.85142857142857,0,0,0,0,0,0,0,0,0,0,0,no mains / natural or DC,0
0,0,1,540,-0.9225745414593951,0.029541917172765282,0.04504531998657185,1.822857142857143,2.12,11.4,0,0,0,0,0,0,0,0,0,0,0,no mains / natural or DC,0
0,0,1,550,-0.9225745414593951,0.029541917172765282,0.04504531998657185,1.822857142857143,2.12,11.4,0,0,0,0,0,0,0,0,0,0,0,no mains / natural or DC,0
0,0,1,560,-0.9278237250892667,0.05340739158299509,0.041383098849452196,0.9942857142857143,3.0342857142857143,12.354285714285714,0,0,0,0,0,0,0,0,0,0,0,no mains / natural or DC,0
0,0,1,570,-0.9278237250892667,0.05340739158299509,0.041383098849452196,0.9942857142857143,3.0342857142857143,12.537142857142857,0,0,0,0,0,0,0,0,0,0,0,no mains / natural or DC,0
0,0,1,580,-0.935758537553026,0.08008056886501663,0.033204138309884945,0.52,4.04,12.537142857142857,0,0,0,0,0,0,0,0,0,0,0,no mains / natural or DC,0
0,0,1,590,-0.9374675740836818,0.10449537644581439,0.029175695059053316,0.24,4.817142857142857,11.977142857142857,0,0,0,0,0,0,0,0,0,0,0,no mains / natural or DC,0
0,0,1,600,-0.9374675740836818,0.10449537644581439,0.029175695059053316,0.24,4.817142857142857,11.977142857142857,0,0,0,0,0,0,0,0,0,0,0,no mains / natural or DC,0
0,0,1,610,-0.9268471327860347,0.1250648518326365,0.02459791863765374,0.05714285714285714,5.097142857142857,10.937142857142858,0,0,0,0,0,0,0,0,0,0,0,no mains / natural or DC,0
0,0,1,620,-0.9268471327860347,0.1250648518326365,0.02459791863765374,0.05714285714285714,5.097142857142857,10.937142857142858,0,0,0,0,0,0,0,0,0,0,0,no mains / natural or DC,0
0,0,1,630,-0.9297158726767785,0.14581743827631458,0.023560289315469832,-0.06857142857142857,4.571428571428571,9.154285714285715,0,0,0,0,0,0,0,0,0,0,0,no mains / natural or DC,0
0,0,1,640,-0.9297158726767785,0.14581743827631458,0.023560289315469832,-0.06857142857142857,4.571428571428571,9.154285714285715,0,0,0,0,0,0,0,0,0,0,0,no mains / natural or DC,0
0,0,1,650,-0.9327677236243782,0.16376232184820094,0.02630695516830958,-0.011428571428571429,3.9828571428571427,6.474285714285714,0,0,0,0,0,0,0,0,0,0,0,no mains / natural or DC,0
0,0,1,660,-0.9327677236243782,0.16376232184820094,0.02630695516830958,-0.011428571428571429,3.9828571428571427,6.474285714285714,0,0,0,0,0,0,0,0,0,0,0,no mains / natural or DC,0
0,0,1,670,-0.9336222418897061,0.18189031647694326,0.024536881618701743,0.04,3.12,2.9485714285714284,0,0,0,0,0,0,0,0,0,0,0,no mains / natural or DC,0
0,0,1,680,-0.9336222418897061,0.18189031647694326,0.024536881618701743,0.04,3.12,2.9485714285714284,0,0,0,0,0,0,0,0,0,0,0,no mains / natural or DC,0
0,0,1,690,-0.9312417981505783,0.20441297647022919,0.02044740134891812,0.02857142857142857,2.302857142857143,-0.6742857142857143,0,0,0,0,0,0,0,0,0,0,0,no mains / natural or DC,0
0,0,1,700,-0.9312417981505783,0.20441297647022919,0.02044740134891812,0.02857142857142857,2.302857142857143,-0.6742857142857143,0,0,0,0,0,0,0,0,0,0,0,no mains / natural or DC,0
0,0,1,710,-0.9194616534928434,0.22052674947355572,0.018860438856166263,0.045714285714285714,2.2457142857142856,-3.537142857142857,0,0,0,0,0,0,0,0,0,0,0,no mains / natural or DC,0
0,0,1,720,-0.9194616534928434,0.22052674947355572,0.01599169896542253,0.1657142857142857,2.5942857142857143,-5.674285714285714,0,0,0,0,0,0,0,0,0,0,0,no mains / natural or DC,0
0,0,1,730,-0.9122592852565081,0.22919400616473892,0.01599169896542253,0.1657142857142857,2.5942857142857143,-5.674285714285714,0,0,0,0,0,0,0,0,0,0,0,no mains / natural or DC,0
0,0,1,740,-0.8899197363200781,0.22888882106997893,0.014709921567430647,0.2857142857142857,2.8457142857142856,-7.965714285714285,0,0,0,0,0,0,0,0,0,0,0,no mains / natural or DC,0
0,0,1,750,-0.8899197363200781,0.22888882106997893,0.014709921567430647,0.2857142857142857,2.8457142857142856,-7.965714285714285,0,0,0,0,0,0,0,0,0,0,0,no mains / natural or DC,0
0,0,1,760,-0.8747825556199835,0.23078096865749076,0.014831995605334635,0.32571428571428573,2.4571428571428573,-10.96,0,0,0,0,0,0,0,0,0,0,0,no mains / natural or DC,0
0,0,1,770,-0.8747825556199835,0.23078096865749076,0.014831995605334635,0.32571428571428573,2.4571428571428573,-10.96,0,0,0,0,0,0,0,0,0,0,0,no mains / natural or DC,0
0,0,1,780,-0.8678853724784081,0.22901089510788292,0.021546067690054016,0.21714285714285714,1.96,-14.382857142857143,0,0,0,0,0,0,0,0,0,0,0,no mains / natural or DC,0
0,0,1,790,-0.8678853724784081,0.22901089510788292,0.021546067690054016,0.21714285714285714,1.96,-14.382857142857143,0,0,0,0,0,0,0,0,0,0,0,no mains / natural or DC,0
0,0,1,800,-0.8672139652699362,0.2304757835627308,0.02337717825861385,-0.05142857142857143,1.7885714285714285,-17.78857142857143,0,0,0,0,0,0,0,0,0,0,0,no mains / natural or DC,0
0,0,1,810,-0.8672139652699362,0.2304757835627308,0.02337717825861385,-0.05142857142857143,1.7885714285714285,-17.78857142857143,0,0,0,0,0,0,0,0,0,0,0,no mains / natural or DC,0
0,0,1,820,-0.8710592974639119,0.22992645039216283,0.023438215277565844,-0.4857142857142857,1.5714285714285714,-21.234285714285715,0,0,0,0,0,0,0,0,0,0,0,no mains / natural or DC,0
0,0,1,830,-0.8710592974639119,0.22992645039216283,0.023438215277565844,-0.4857142857142857,1.5714285714285714,-21.234285714285715,0,0,0,0,0,0,0,0,0,0,0,no mains / natural or DC,0
0,0,1,840,-0.8506729331339458,0.22229682302316356,0.022339548936429945,-1.1485714285714286,1.5142857142857142,-24.65142857142857,0,0,0,0,0,0,0,0,0,0,0,no mains / natural or DC,0
0,0,1,850,-0.8506729331339458,0.22229682302316356,0.022339548936429945,-1.8342857142857143,1.1657142857142857,-28.04,0,0,0,0,0,0,0,0,0,0,0,no mains / natural or DC,0
0,0,1,860,-0.8378551591540269,0.21601001007110812,0.019531846064638203,-1.8342857142857143,1.1657142857142857,-28.04,0,0,0,0,0,0,0,0,0,0,0,no mains / natural or DC,0
0,0,1,870,-0.8676412244026002,0.20160527359843744,-0.0032959990234076968,-2.32,0.8285714285714286,-31.605714285714285,0,0,0,0,0,0,0,0,0,0,0,no mains / natural or DC,0
0,0,1,880,-0.8676412244026002,0.20160527359843744,-0.0032959990234076968,-2.32,0.8285714285714286,-31.605714285714285,0,0,0,0,0,0,0,0,0,0,0,no mains / natural or DC,0
0,0,1,890,-1.1769157994323558,0.24195074312570575,0.01574755088961455,-1.977142857142857,-1.1142857142857143,-35.371428571428574,0,0,0,0,0,0,0,0,0,0,0,no mains / natural or DC,0
0,0,1,900,-1.1769157994323558,0.24195074312570575,0.01574755088961455,-1.977142857142857,-1.1142857142857143,-35.371428571428574,0,0,0,0,0,0,0,0,0,0,0,no mains / natural or DC,0
0,0,1,910,-0.814172795800653,0.1837214270455031,-0.012756736960966826,-2.0285714285714285,4.531428571428571,-38.83428571428571,0,0,0,0,0,0,0,0,0,0,0,no mains / natural or DC,0
0,0,1,920,-0.814172795800653,0.1837214270455031,-0.012756736960966826,-2.0285714285714285,4.531428571428571,-38.83428571428571,0,0,0,0,0,0,0,0,0,0,0,no mains / natural or DC,0
0,0,1,930,-0.923551133762627,0.17114780114139225,-0.06970427564317759,0.17142857142857143,1.72,-44.2,0,0,0,0,0,0,0,0,0,0,0,no mains / natural or DC,0
0,0,1,940,-0.923551133762627,0.17114780114139225,-0.06970427564317759,0.17142857142857143,1.72,-44.2,0,0,0,0,0,0,0,0,0,0,0,no mains / natural or DC,0
0,0,1,950,-1.1913205359050263,-0.039613025299844354,-0.10779137546922209,4.051428571428572,-1.5771428571428572,-54.88,0,0,0,0,0,0,0,0,0,0,0,no mains / natural or DC,0
0,0,1,960,-1.1913205359050263,-0.039613025299844354,-0.10779137546922209,4.051428571428572,-1.5771428571428572,-54.88,0,0,0,0,0,0,0,0,0,0,0,no mains / natural or DC,0
0,0,1,970,-1.1942503128147222,-0.5478682821131016,-0.08056886501663259,7.902857142857143,-3.92,-81.67428571428572,0,0,0,0,0,0,0,0,0,0,0,no mains / natural or DC,0
0,0,1,980,-1.1942503128147222,-0.5478682821131016,-0.08056886501663259,7.902857142857143,-3.92,-81.67428571428572,0,0,0,0,0,0,0,0,0,0,0,no mains / natural or DC,0
0,0,1,990,-1.2535172582171086,-0.9722586748863186,-0.13867610705893124,7.851428571428571,-12.88,-111.18285714285715,0,0,0,0,0,0,0,0,0,0,0,no mains / natural or DC,0
0,0,2,0,-1.577379680776391,-1.2330698568681906,-0.20789208655049288,7.851428571428571,-23.965714285714284,-101.18285714285715,0,0,0,0,0,0,0,0,0,0,0,no mains / natural or DC,0
0,0,2,10,-1.577379680776391,-1.2330698568681906,-0.20789208655049288,7.851428571428571,-23.965714285714284,-101.18285714285715,0,0,0,0,0,0,0,0,0,0,0,no mains / natural or DC,0
0,0,2,20,-1.5698721274452956,-1.3924985503707998,-0.09808648945585498,10.285714285714286,-17.02285714285714,-66.54285714285714,0,0,0,0,0,0,0,0,0,0,0,no mains / natural or DC,0
0,0,2,30,-1.5698721274452956,-1.3924985503707998,-0.09808648945585498,10.285714285714286,-17.02285714285714,-66.54285714285714,0,0,0,0,0,0,0,0,0,0,0,no mains / natural or DC,0
0,0,2,40,-1.423810541093173,-1.2471083712271493,-0.1389202551347392,12.84,1.2514285714285713,-19.725714285714286,0,0,0,0,0,0,0,0,0,0,0,no mains / natural or DC,0
0,0,2,50,-1.423810541093173,-1.2471083712271493,-0.1389202551347392,12.84,1.2514285714285713,-19.725714285714286,0,0,0,0,0,0,0,0,0,0,0,no mains / natural or DC,0
0,0,2,60,-1.3519699697866756,-0.9894711142307809,-0.1553392132328257,15.44,7.485714285714286,11.365714285714287,0,0,0,0,0,0,0,0,0,0,0,no mains / natural or DC,0
0,0,2,70,-1.3519699697866756,-0.9894711142307809,-0.1553392132328257,15.44,7.485714285714286,11.365714285714287,0,0,0,0,0,0,0,0,0,0,0,no mains / natural or DC,0
0,0,2,80,-1.2224494155705434,-0.8221686452833643,-0.15375225074007384,17.731428571428573,11.977142857142857,26.291428571428572,0,0,0,0,0,0,0,0,0,0,0,no mains / natural or DC,0
0,0,2,90,-1.2224494155705434,-0.8221686452833643,-0.15375225074007384,17.731428571428573,11.977142857142857,26.291428571428572,0,0,0,0,0,0,0,0,0,0,0,no mains / natural or DC,0
0,0,2,100,-1.1479232154301584,-0.6273384807885983,-0.1749931333353679,19.257142857142856,13.24,28.902857142857144,0,0,0,0,0,0,0,0,0,0,0,no mains / natural or DC,0
0,0,2,110,-1.1479232154301584,-0.6273384807885983,-0.1749931333353679,19.257142857142856,13.24,28.902857142857144,0,0,0,0,0,0,0,0,0,0,0,no mains / natural or DC,0
0,0,2,120,-0.9659108249153111,-0.5387127292703024,-0.1423993652150029,21.097142857142856,11.085714285714285,26.16,0,0,0,0,0,0,0,0,0,0,0,no mains / natural or DC,0
0,0,2,130,-0.9659108249153111,-0.5387127292703024,-0.1423993652150029,22.268571428571427,6.52,23.33142857142857,0,0,0,0,0,0,0,0,0,0,0,no mains / natural or DC,0
0,0,2,140,-0.7813959166234321,-0.45637379070406203,-0.13354899746696372,22.268571428571427,6.52,23.33142857142857,0,0,0,0,0,0,0,0,0,0,0,no mains / natural or DC,0
0,0,2,150,-0.6877040925321207,-0.3965575121311075,-0.09723197119052705,23.017142857142858,-1.3942857142857144,21.24,0,0,0,0,0,0,0,0,0,0,0,no mains / natural or DC,0
0,0,2,160,-0.6877040925321207,-0.3965575121311075,-0.09723197119052705,23.017142857142858,-1.3942857142857144,21.24,0,0,0,0,0,0,0,0,0,0,0,no mains / natural or DC,0
0,0,2,170,-0.6173894466994232,-0.36207159642323067,-0.05902279732657857,23.4,-6.554285714285714,21.068571428571428,0,0,0,0,0,0,0,0,0,0,0,no mains / natural or DC,0
0,0,2,180,-0.6173894466994232,-0.36207159642323067,-0.05902279732657857,23.4,-6.554285714285714,21.068571428571428,0,0,0,0,0,0,0,0,0,0,0,no mains / natural or DC,0
0,0,2,190,-0.5620899075289163,-0.3280129398480178,-0.02587969603564562,23.068571428571428,-10.542857142857143,21.588571428571427,0,0,0,0,0,0,0,0,0,0,0,no mains / natural or DC,0
0,0,2,200,-0.5620899075289163,-0.3280129398480178,-0.02587969603564562,23.068571428571428,-10.542857142857143,21.588571428571427,0,0,0,0,0,0,0,0,0,0,0,no mains / natural or DC,0
0,0,2,210,-0.5069734794152654,-0.29639576403088475,0.011780144657734916,21.88,-14.714285714285714,22.571428571428573,0,0,0,0,0,0,0,0,0,0,0,no mains / natural or DC,0
0,0,2,220,-0.5069734794152654,-0.29639576403088475,0.011780144657734916,21.88,-14.714285714285714,22.571428571428573,0,0,0,0,0,0,0,0,0,0,0,no mains / natural or DC,0
0,0,2,230,-0.47663808099612415,-0.25476851710562454,0.036744285409100616,19.89142857142857,-18.76,25.02857142857143,0,0,0,0,0,0,0,0,0,0,0,no mains / natural or DC,0
0,0,2,240,-0.47663808099612415,-0.25476851710562454,0.036744285409100616,19.89142857142857,-18.76,25.02857142857143,0,0,0,0,0,0,0,0,0,0,0,no mains / natural or DC,0
0,0,2,250,-0.4900051881466109,-0.20490127262184515,0.055238502151554916,17.474285714285713,-22.114285714285714,28.582857142857144,0,0,0,0,0,0,0,0,0,0,0,no mains / natural or DC,0
0,0,2,260,-0.4900051881466109,-0.20490127262184515,0.055238502151554916,17.474285714285713,-23.577142857142857,32.462857142857146,0,0,0,0,0,0,0,0,0,0,0,no mains / natural or DC,0
0,0,2,270,-0.5308999908444472,-0.14612262337107457,0.06396679586169011,15.005714285714285,-23.428571428571427,32.462857142857146,0,0,0,0,0,0,0,0,0,0,0,no mains / natural or DC,0
0,0,2,280,-0.5927915280617695,-0.08819849238563189,0.065248573259682,13.12,-22.33142857142857,36.09142857142857,0,0,0,0,0,0,0,0,0,0,0,no mains / natural or DC,0
0,0,2,290,-0.5927915280617695,-0.08819849238563189,0.065248573259682,13.12,-22.33142857142857,36.09142857142857,0,0,0,0,0,0,0,0,0,0,0,no mains / natural or DC,0
0,0,2,300,-0.6725058748130741,-0.030335398419141207,0.06787316507461776,12.045714285714286,-19.13714285714286,38.74285714285714,0,0,0,0,0,0,0,0,0,0,0,no mains / natural or DC,0
0,0,2,310,-0.6725058748130741,-0.030335398419141207,0.06787316507461776,12.045714285714286,-19.13714285714286,38.74285714285714,0,0,0,0,0,0,0,0,0,0,0,no mains / natural or DC,0
0,0,2,320,-0.7196264534440138,0.01684621723075045,0.06402783288064211,11.64,-14.594285714285714,40.30285714285714,0,0,0,0,0,0,0,0,0,0,0,no mains / natural or DC,0
0,0,2,330,-0.7196264534440138,0.01684621723075045,0.06402783288064211,11.64,-14.594285714285714,40.30285714285714,0,0,0,0,0,0,0,0,0,0,0,no mains / natural or DC,0
0,0,2,340,-0.7528305917538988,0.04589983825189978,0.056581316568498796,11.548571428571428,-9.588571428571429,40.44,0,0,0,0,0,0,0,0,0,0,0,no mains / natural or DC,0
0,0,2,350,-0.7528305917538988,0.04589983825189978,0.056581316568498796,11.548571428571428,-9.588571428571429,40.44,0,0,0,0,0,0,0,0,0,0,0,no mains / natural or DC,0
0,0,2,360,-0.8121585741752373,0.07702871791741692,0.04297006134220405,11.64,-4.811428571428571,38.63428571428572,0,0,0,0,0,0,0,0,0,0,0,no mains / natural or DC,0
0,0,2,370,-0.8121585741752373,0.07702871791741692,0.04297006134220405,11.64,-4.811428571428571,38.63428571428572,0,0,0,0,0,0,0,0,0,0,0,no mains / natural or DC,0
0,0,2,380,-0.8893704031495102,0.11224707785271767,0.025269325846125675,12.0,0.25142857142857145,34.94857142857143,0,0,0,0,0,0,0,0,0,0,0,no mains / natural or DC,0
0,0,2,390,-0.8893704031495102,0.11224707785271767,0.025269325846125675,12.0,0.25142857142857145,34.94857142857143,0,0,0,0,0,0,0,0,0,0,0,no mains / natural or DC,0
0,0,2,400,-0.9361857966856899,0.14600054933317058,0.003357036042359691,12.48,5.617142857142857,30.354285714285716,0,0,0,0,0,0,0,0,0,0,0,no mains / natural or DC,0
0,0,2,410,-0.9361857966856899,0.1772515030365917,-0.027405621509445477,13.097142857142858,9.85142857142857,26.045714285714286,0,0,0,0,0,0,0,0,0,0,0,no mains / natural or DC,0
0,0,2,420,-0.9418622394482253,0.1748710592974639,-0.027405621509445477,13.097142857142858,9.85142857142857,26.045714285714286,0,0,0,0,0,0,0,0,0,0,0,no mains / natural or DC,0
0,0,2,430,-0.8992584002197332,0.19714957121494187,-0.0630512405774102,13.98857142857143,11.948571428571428,22.14857142857143,0,0,0,0,0,0,0,0,0,0,0,no mains / natural or DC,0
0,0,2,440,-0.8992584002197332,0.19714957121494187,-0.0630512405774102,13.98857142857143,11.948571428571428,22.14857142857143,0,0,0,0,0,0,0,0,0,0,0,no mains / natural or DC,0
0,0,2,450,-0.8238166447950682,0.19873653370769373,-0.09973448896755882,15.217142857142857,11.897142857142857,18.2,0,0,0,0,0,0,0,0,0,0,0,no mains / natural or DC,0
0,0,2,460,-0.8238166447950682,0.19873653370769373,-0.09973448896755882,15.217142857142857,11.897142857142857,18.2,0,0,0,0,0,0,0,0,0,0,0,no mains / natural or DC,0
0,0,2,470,-0.8209479049043245,0.2076479384746849,-0.13080233161412397,16.708571428571428,9.2,12.514285714285714,0,0,0,0,0,0,0,0,0,0,0,no mains / natural or DC,0
0,0,2,480,-0.8209479049043245,0.2076479384746849,-0.13080233161412397,16.708571428571428,9.2,12.514285714285714,0,0,0,0,0,0,0,0,0,0,0,no mains / natural or DC,0
0,0,2,490,-0.8091067232276375,0.2052674947355571,-0.1393475142674032,18.114285714285714,5.257142857142857,5.771428571428571,0,0,0,0,0,0,0,0,0,0,0,no mains / natural or DC,0
0,0,2,500,-0.8091067232276375,0.2052674947355571,-0.1393475142674032,18.114285714285714,5.257142857142857,5.771428571428571,0,0,0,0,0,0,0,0,0,0,0,no mains / natural or DC,0
0,0,2,510,-0.8127689443647572,0.19519638660847805,-0.14630573442793054,18.86857142857143,0.3942857142857143,-0.6971428571428572,0,0,0,0,0,0,0,0,0,0,0,no mains / natural or DC,0
0,0,2,520,-0.8127689443647572,0.19519638660847805,-0.14630573442793054,18.86857142857143,0.3942857142857143,-0.6971428571428572,0,0,0,0,0,0,0,0,0,0,0,no mains / natural or DC,0
0,0,2,530,-0.8407238990447706,0.19147312845240638,-0.13995788445692312,18.497142857142858,-5.1085714285714285,-5.988571428571428,0,0,0,0,0,0,0,0,0,0,0,no mains / natural or DC,0
0,0,2,540,-0.8407238990447706,0.19147312845240638,-0.13995788445692312,16.982857142857142,-8.617142857142857,-8.885714285714286,0,0,0,0,0,0,0,0,0,0,0,no mains / natural or DC,0
0,0,2,550,-0.8225959044160284,0.18085268715475936,-0.130436109500412,16.982857142857142,-8.617142857142857,-8.885714285714286,0,0,0,0,0,0,0,0,0,0,0,no mains / natural or DC,0
0,0,2,560,-0.9229407635731071,0.1596118045594653,-0.16223639637440107,14.691428571428572,-11.217142857142857,-10.571428571428571,0,0,0,0,0,0,0,0,0,0,0,no mains / natural or DC,0
0,0,2,570,-0.9229407635731071,0.1596118045594653,-0.16223639637440107,14.691428571428572,-11.217142857142857,-10.571428571428571,0,0,0,0,0,0,0,0,0,0,0,no mains / natural or DC,0
0,0,2,580,-1.042329172643208,0.20722067934202093,-0.030823694570757162,12.102857142857143,-13.308571428571428,-11.897142857142857,0,0,0,0,0,0,0,0,0,0,0,no mains / natural or DC,0
0,0,2,590,-1.042329172643208,0.20722067934202093,-0.030823694570757162,12.102857142857143,-13.308571428571428,-11.897142857142857,0,0,0,0,0,0,0,0,0,0,0,no mains / natural or DC,0
0,0,2,600,-0.5200354014709921,0.10394604327524644,-0.06970427564317759,7.748571428571428,-6.571428571428571,-10.708571428571428,0,0,0,0,0,0,0,0,0,0,0,no mains / natural or DC,0
0,0,2,610,-0.5200354014709921,0.10394604327524644,-0.06970427564317759,7.748571428571428,-6.571428571428571,-10.708571428571428,0,0,0,0,0,0,0,0,0,0,0,no mains / natural or DC,0
0,0,2,620,-0.82601397747734,0.18231757560960724,-0.04760887478255562,3.4171428571428573,-15.005714285714285,-12.497142857142856,0,0,0,0,0,0,0,0,0,0,0,no mains / natural or DC,0
0,0,2,630,-0.82601397747734,0.18231757560960724,-0.04760887478255562,3.4171428571428573,-15.005714285714285,-12.497142857142856,0,0,0,0,0,0,0,0,0,0,0,no mains / natural or DC,0
0,0,2,640,-0.9952696310312205,0.1455122531815546,0.07684560686056092,0.9885714285714285,-15.337142857142856,-15.16,0,0,0,0,0,0,0,0,0,0,0,no mains / natural or DC,0
0,0,2,650,-0.9952696310312205,0.1455122531815546,0.07684560686056092,0.9885714285714285,-15.337142857142856,-15.16,0,0,0,0,0,0,0,0,0,0,0,no mains / natural or DC,0
0,0,2,660,-0.978179265724662,-0.03308206427198096,0.13556321909237953,0.7771428571428571,-17.48,-29.70285714285714,0,0,0,0,0,0,0,0,0,0,0,no mains / natural or DC,0
0,0,2,670,-0.978179265724662,-0.03308206427198096,0.13556321909237953,0.7771428571428571,-17.48,-61.885714285714286,0,0,0,0,0,0,0,0,0,0,0,no mains / natural or DC,0
0,0,2,680,-0.8390758995330668,-0.5238196966460158,0.3661610766930143,2.834285714285714,-33.36571428571428,-62.89714285714286,0,0,0,0,0,0,0,0,0,0,0,no mains / natural or DC,0
0,0,2,690,-1.2703634754478592,-0.7428205206457716,0.46406445509201333,5.12,-42.55428571428571,-86.8,0,0,0,0,0,0,0,0,0,0,0,no mains / natural or DC,0
0,0,2,700,-1.2703634754478592,-0.7428205206457716,0.46406445509201333,5.12,-42.55428571428571,-86.8,0,0,0,0,0,0,0,0,0,0,0,no mains / natural or DC,0
0,0,2,710,-1.7418744468520158,-0.7085177159947508,0.5595873897518845,7.514285714285714,-32.04,-67.4,0,0,0,0,0,0,0,0,0,0,0,no mains / natural or DC,0
0,0,2,720,-1.7418744468520158,-0.7085177159947508,0.5595873897518845,7.514285714285714,-32.04,-67.4,0,0,0,0,0,0,0,0,0,0,0,no mains / natural or DC,0
0,0,2,730,-1.5731681264687032,-0.9945982238227485,0.6863002410962249,10.348571428571429,-6.725714285714286,-36.91428571428571,0,0,0,0,0,0,0,0,0,0,0,no mains / natural or DC,0
0,0,2,740,-1.5731681264687032,-0.9945982238227485,0.6863002410962249,10.348571428571429,-6.725714285714286,-36.91428571428571,0,0,0,0,0,0,0,0,0,0,0,no mains / natural or DC,0
0,0,2,750,-1.5375225074007386,-0.9849543748283334,0.6680501724295785,9.6,-5.217142857142857,-17.274285714285714,0,0,0,0,0,0,0,0,0,0,0,no mains / natural or DC,0
0,0,2,760,-1.5375225074007386,-0.9849543748283334,0.6680501724295785,9.6,-5.217142857142857,-17.274285714285714,0,0,0,0,0,0,0,0,0,0,0,no mains / natural or DC,0
0,0,2,770,-1.6794946134830775,-0.8462782677694022,0.6755577257606739,8.125714285714286,-12.274285714285714,-5.88,0,0,0,0,0,0,0,0,0,0,0,no mains / natural or DC,0
0,0,2,780,-1.6794946134830775,-0.8462782677694022,0.6755577257606739,8.125714285714286,-12.274285714285714,-5.88,0,0,0,0,0,0,0,0,0,0,0,no mains / natural or DC,0
0,0,2,790,-1.6478164006469924,-0.7301248207037568,0.620136112552263,7.314285714285714,-5.034285714285715,1.9657142857142857,0,0,0,0,0,0,0,0,0,0,0,no mains / natural or DC,0
0,0,2,800,-1.6478164006469924,-0.7301248207037568,0.620136112552263,7.314285714285714,-5.034285714285715,1.9657142857142857,0,0,0,0,0,0,0,0,0,0,0,no mains / natural or DC,0
0,0,2,810,-1.5845820490127263,-0.5837580492568742,0.5445112460707419,6.805714285714286,0.46285714285714286,4.48,0,0,0,0,0,0,0,0,0,0,0,no mains / natural or DC,0
0,0,2,820,-1.5845820490127263,-0.5837580492568742,0.49763481551561023,6.8742857142857146,6.171428571428572,5.177142857142857,0,0,0,0,0,0,0,0,0,0,0,no mains / natural or DC,0
0,0,2,830,-1.49961851863155,-0.48573259681997133,0.4929960020752586,6.8742857142857146,6.171428571428572,5.177142857142857,0,0,0,0,0,0,0,0,0,0,0,no mains / natural or DC,0
0,0,2,840,-1.3793145542771692,-0.4055299539170507,0.4206060975981933,6.662857142857143,12.125714285714286,5.417142857142857,0,0,0,0,0,0,0,0,0,0,0,no mains / natural or DC,0
0,0,2,850,-1.3793145542771692,-0.4055299539170507,0.4206060975981933,6.662857142857143,12.125714285714286,5.417142857142857,0,0,0,0,0,0,0,0,0,0,0,no mains / natural or DC,0
0,0,2,860,-1.2411877803888058,-0.3573717459639271,0.3644520401623585,6.177142857142857,14.834285714285715,4.045714285714285,0,0,0,0,0,0,0,0,0,0,0,no mains / natural or DC,0
0,0,2,870,-1.2411877803888058,-0.3573717459639271,0.3644520401623585,6.177142857142857,14.834285714285715,4.045714285714285,0,0,0,0,0,0,0,0,0,0,0,no mains / natural or DC,0
0,0,2,880,-1.087435529648732,-0.31049531540879544,0.30921353801080353,5.817142857142857,16.777142857142856,2.28,0,0,0,0,0,0,0,0,0,0,0,no mains / natural or DC,0
0,0,2,890,-1.087435529648732,-0.31049531540879544,0.30921353801080353,5.817142857142857,16.777142857142856,2.28,0,0,0,0,0,0,0,0,0,0,0,no mains / natural or DC,0
0,0,2,900,-0.8990752891628773,-0.2739341410565508,0.25165562913907286,5.7942857142857145,18.114285714285714,0.9314285714285714,0,0,0,0,0,0,0,0,0,0,0,no mains / natural or DC,0
0,0,2,910,-0.8990752891628773,-0.2739341410565508,0.25165562913907286,5.7942857142857145,18.114285714285714,0.9314285714285714,0,0,0,0,0,0,0,0,0,0,0,no mains / natural or DC,0
0,0,2,920,-0.7460554826502274,-0.24646748252815331,0.20184942167424544,6.274285714285714,18.017142857142858,0.4228571428571429,0,0,0,0,0,0,0,0,0,0,0,no mains / natural or DC,0
0,0,2,930,-0.7460554826502274,-0.24646748252815331,0.20184942167424544,6.274285714285714,18.017142857142858,0.4228571428571429,0,0,0,0,0,0,0,0,0,0,0,no mains / natural or DC,0
0,0,2,940,-0.586565752128666,-0.22852259895626698,0.16913357951597643,6.622857142857143,17.685714285714287,1.5942857142857143,0,0,0,0,0,0,0,0,0,0,0,no mains / natural or DC,0
0,0,2,950,-0.586565752128666,-0.22852259895626698,0.16913357951597643,6.622857142857143,17.325714285714287,4.828571428571428,0,0,0,0,0,0,0,0,0,0,0,no mains / natural or DC,0
0,0,2,960,-0.4596087527085177,-0.1976378673665578,0.12414929654835657,6.48,17.325714285714287,4.828571428571428,0,0,0,0,0,0,0,0,0,0,0,no mains / natural or DC,0
0,0,2,970,-0.4161503952146977,-0.16077150791955322,0.09521774956511124,6.137142857142857,16.205714285714286,9.177142857142858,0,0,0,0,0,0,0,0,0,0,0,no mains / natural or DC,0
0,0,2,980,-0.4161503952146977,-0.16077150791955322,0.09521774956511124,6.137142857142857,16.205714285714286,9.177142857142858,0,0,0,0,0,0,0,0,0,0,0,no mains / natural or DC,0
0,0,2,990,-0.4036378063295389,-0.1337321085238197,0.07947019867549669,5.8742857142857146,16.074285714285715,13.914285714285715,0,0,0,0,0,0,0,0,0,0,0,no mains / natural or DC,0
0,0,3,0,-0.4036378063295389,-0.1337321085238197,0.07947019867549669,5.8742857142857146,16.074285714285715,13.914285714285715,0,0,0,0,0,0,0,0,0,0,0,no mains / natural or DC,0
0,0,3,10,-0.41114535966063415,-0.11218604083376568,0.0630512405774102,5.537142857142857,16.697142857142858,18.10857142857143,0,0,0,0,0,0,0,0,0,0,0,no mains / natural or DC,0
0,0,3,20,-0.41114535966063415,-0.11218604083376568,0.0630512405774102,5.537142857142857,16.697142857142858,18.10857142857143,0,0,0,0,0,0,0,0,0,0,0,no mains / natural or DC,0
0,0,3,30,-0.4406872768333995,-0.08716086306344797,0.053529465620899074,4.948571428571428,17.314285714285713,21.091428571428573,0,0,0,0,0,0,0,0,0,0,0,no mains / natural or DC,0
0,0,3,40,-0.4406872768333995,-0.08716086306344797,0.053529465620899074,4.948571428571428,17.314285714285713,21.091428571428573,0,0,0,0,0,0,0,0,0,0,0,no mains / natural or DC,0
0,0,3,50,-0.4718161564989166,-0.06097598193304239,0.04339732047486801,4.102857142857143,18.37142857142857,23.245714285714286,0,0,0,0,0,0,0,0,0,0,0,no mains / natural or DC,0
0,0,3,60,-0.5056917020172734,-0.03521835993530076,0.03460798974578082,2.954285714285714,19.611428571428572,24.65714285714286,0,0,0,0,0,0,0,0,0,0,0,no mains / natural or DC,0
0,0,3,70,-0.5056917020172734,-0.03521835993530076,0.03460798974578082,2.954285714285714,19.611428571428572,24.65714285714286,0,0,0,0,0,0,0,0,0,0,0,no mains / natural or DC,0
0,0,3,80,-0.5056917020172734,-0.03521835993530076,0.03460798974578082,2.954285714285714,19.611428571428572,24.65714285714286,0,0,0,0,0,0,0,0,0,0,0,no mains / natural or DC,0
0,0,3,90,-0.5302285836359752,-0.011780144657734916,0.030030213324381237,1.5142857142857142,20.662857142857142,25.394285714285715,0,0,0,0,0,0,0,0,0,0,0,no mains / natural or DC,0
0,0,3,100,-0.5614795373393964,0.014160588396862697,0.021668141727958008,-0.2742857142857143,21.16,25.805714285714284,0,0,0,0,0,0,0,0,0,0,0,no mains / natural or DC,0
0,0,3,110,-0.5606250190740685,0.014160588396862697,0.021668141727958008,-0.2742857142857143,21.16,25.805714285714284,0,0,0,0,0,0,0,0,0,0,0,no mains / natural or DC,0
0,0,3,120,-0.619647816400647,0.03991821039460433,0.01532029175695059,-2.2114285714285713,21.34285714285714,25.554285714285715,0,0,0,0,0,0,0,0,0,0,0,no mains / natural or DC,0
0,0,3,130,-0.619647816400647,0.03991821039460433,0.01532029175695059,-2.2114285714285713,21.34285714285714,25.554285714285715,0,0,0,0,0,0,0,0,0,0,0,no mains / natural or DC,0
0,0,3,140,-0.7027191991943114,0.0640888698995941,0.005188146610919523,-4.188571428571429,21.765714285714285,24.16,0,0,0,0,0,0,0,0,0,0,0,no mains / natural or DC,0
0,0,3,150,-0.7027191991943114,0.0640888698995941,0.005188146610919523,-4.188571428571429,21.765714285714285,24.16,0,0,0,0,0,0,0,0,0,0,0,no mains / natural or DC,0
0,0,3,160,-0.7704092532120731,0.08685567796868801,-0.009643848994415113,-6.154285714285714,22.045714285714286,21.525714285714287,0,0,0,0,0,0,0,0,0,0,0,no mains / natural or DC,0
0,0,3,170,-0.7704092532120731,0.08685567796868801,-0.009643848994415113,-6.154285714285714,22.045714285714286,21.525714285714287,0,0,0,0,0,0,0,0,0,0,0,no mains / natural or DC,0
0,0,3,180,-0.8182012390514847,0.11877803888058107,-0.0249641407513657,-8.045714285714286,21.314285714285713,18.154285714285713,0,0,0,0,0,0,0,0,0,0,0,no mains / natural or DC,0
0,0,3,190,-0.8182012390514847,0.11877803888058107,-0.0249641407513657,-8.045714285714286,21.314285714285713,18.154285714285713,0,0,0,0,0,0,0,0,0,0,0,no mains / natural or DC,0
0,0,3,200,-0.8520767845698416,0.14197210608233893,-0.047791985839411605,-9.582857142857144,19.502857142857142,14.548571428571428,0,0,0,0,0,0,0,0,0,0,0,no mains / natural or DC,0
0,0,3,210,-0.8520767845698416,0.14197210608233893,-0.047791985839411605,-9.582857142857144,19.502857142857142,14.548571428571428,0,0,0,0,0,0,0,0,0,0,0,no mains / natural or DC,0
0,0,3,220,-0.8893093661305582,0.15271462141788994,-0.0663472396008179,-10.748571428571429,16.714285714285715,10.194285714285714,0,0,0,0,0,0,0,0,0,0,0,no mains / natural or DC,0
0,0,3,230,-0.8893093661305582,0.15271462141788994,-0.0663472396008179,-11.565714285714286,13.691428571428572,5.12,0,0,0,0,0,0,0,0,0,0,0,no mains / natural or DC,0
0,0,3,240,-0.8792382580034791,0.14893032624286628,-0.08673360393078403,-11.565714285714286,13.691428571428572,5.12,0,0,0,0,0,0,0,0,0,0,0,no mains / natural or DC,0
0,0,3,250,-1.076754051332133,0.1500900296029542,-0.16882839442121647,-11.565714285714286,9.205714285714286,-1.0685714285714285,0,0,0,0,0,0,0,0,0,0,0,no mains / natural or DC,0
0,0,3,260,-1.076754051332133,0.1500900296029542,-0.16882839442121647,-11.565714285714286,9.205714285714286,-1.0685714285714285,0,0,0,0,0,0,0,0,0,0,0,no mains / natural or DC,0
0,0,3,270,-1.2746360667744987,0.20392468031861324,-0.012695699942014832,-11.12,2.7657142857142856,-6.445714285714286,0,0,0,0,0,0,0,0,0,0,0,no mains / natural or DC,0
0,0,3,280,-1.2746360667744987,0.20392468031861324,-0.012695699942014832,-11.12,2.7657142857142856,-6.445714285714286,0,0,0,0,0,0,0,0,0,0,0,no mains / natural or DC,0
0,0,3,290,-0.631183812982574,0.13769951475569933,-0.16638691366313668,-11.28,8.417142857142856,-8.577142857142857,0,0,0,0,0,0,0,0,0,0,0,no mains / natural or DC,0
0,0,3,300,-0.631183812982574,0.13769951475569933,-0.16638691366313668,-11.28,8.417142857142856,-8.577142857142857,0,0,0,0,0,0,0,0,0,0,0,no mains / natural or DC,0
0,0,3,310,-0.7084566789757988,0.16138187810907315,-0.2031922360911893,-8.885714285714286,-4.828571428571428,-11.731428571428571,0,0,0,0,0,0,0,0,0,0,0,no mains / natural or DC,0
0,0,3,320,-0.7084566789757988,0.16138187810907315,-0.2031922360911893,-8.885714285714286,-4.828571428571428,-11.731428571428571,0,0,0,0,0,0,0,0,0,0,0,no mains / natural or DC,0
0,0,3,330,-1.1227149266029848,0.11816766869106113,-0.15259254737998595,-5.24,-12.537142857142857,-13.845714285714285,0,0,0,0,0,0,0,0,0,0,0,no mains / natural or DC,0
0,0,3,340,-1.1227149266029848,0.11816766869106113,-0.15259254737998595,-5.24,-12.537142857142857,-13.845714285714285,0,0,0,0,0,0,0,0,0,0,0,no mains / natural or DC,0
0,0,3,350,-1.0265205847346415,-0.0619525742362743,-0.21942808313241982,-3.1942857142857144,-7.777142857142858,-21.53142857142857,0,0,0,0,0,0,0,0,0,0,0,no mains / natural or DC,0
0,0,3,360,-1.0265205847346415,-0.0619525742362743,-0.21942808313241982,-3.1942857142857144,-7.777142857142858,-39.12,0,0,0,0,0,0,0,0,0,0,0,no mains / natural or DC,0
0,0,3,370,-1.1104464857936338,-0.2630695516830958,-0.2617267372661519,-3.605714285714286,-8.982857142857142,-39.12,0,0,0,0,0,0,0,0,0,0,0,no mains / natural or DC,0
0,0,3,380,-1.0561845759453108,-0.42762535477767266,-0.282845545823542,-6.571428571428571,-11.811428571428571,-58.30285714285714,0,0,0,0,0,0,0,0,0,0,0,no mains / natural or DC,0
0,0,3,390,-1.0561845759453108,-0.42762535477767266,-0.282845545823542,-6.571428571428571,-11.811428571428571,-58.30285714285714,0,0,0,0,0,0,0,0,0,0,0,no mains / natural or DC,0
0,0,3,400,-1.0502639851069673,-0.5461592455824458,-0.3812372203741569,-9.822857142857142,-15.605714285714285,-65.62285714285714,0,0,0,0,0,0,0,0,0,0,0,no mains / natural or DC,0
0,0,3,410,-1.0502639851069673,-0.5461592455824458,-0.3812372203741569,-9.822857142857142,-15.605714285714285,-65.62285714285714,0,0,0,0,0,0,0,0,0,0,0,no mains / natural or DC,0
0,0,3,420,-1.3079622791222876,-0.7368388927884763,-0.3727530747398297,-12.36,-23.37142857142857,-60.10285714285714,0,0,0,0,0,0,0,0,0,0,0,no mains / natural or DC,0
0,0,3,430,-1.3079622791222876,-0.7368388927884763,-0.3727530747398297,-12.36,-23.37142857142857,-60.10285714285714,0,0,0,0,0,0,0,0,0,0,0,no mains / natural or DC,0
0,0,3,440,-1.4524979400006104,-0.9089022492141484,-0.3178197576830348,-15.582857142857144,-25.337142857142858,-47.70857142857143,0,0,0,0,0,0,0,0,0,0,0,no mains / natural or DC,0
0,0,3,450,-1.4524979400006104,-0.9089022492141484,-0.3178197576830348,-15.582857142857144,-25.337142857142858,-47.70857142857143,0,0,0,0,0,0,0,0,0,0,0,no mains / natural or DC,0
0,0,3,460,-1.4623859370708334,-0.9592577898495438,-0.2862025818659017,-20.262857142857143,-25.18285714285714,-34.10857142857143,0,0,0,0,0,0,0,0,0,0,0,no mains / natural or DC,0
0,0,3,470,-1.4623859370708334,-0.9592577898495438,-0.2862025818659017,-20.262857142857143,-25.18285714285714,-34.10857142857143,0,0,0,0,0,0,0,0,0,0,0,no mains / natural or DC,0
0,0,3,480,-1.5062715536973175,-0.8749046296578875,-0.25452436902981657,-24.428571428571427,-25.708571428571428,-20.04,0,0,0,0,0,0,0,0,0,0,0,no mains / natural or DC,0
0,0,3,490,-1.5062715536973175,-0.8749046296578875,-0.25452436902981657,-24.428571428571427,-25.708571428571428,-20.04,0,0,0,0,0,0,0,0,0,0,0,no mains / natural or DC,0
0,0,3,500,-1.543565172276986,-0.7443464461195716,-0.22296823023163548,-26.21142857142857,-22.125714285714285,-6.537142857142857,0,0,0,0,0,0,0,0,0,0,0,no mains / natural or DC,0
0,0,3,510,-1.543565172276986,-0.7443464461195716,-0.1968443861201819,-25.6,-16.925714285714285,4.537142857142857,0,0,0,0,0,0,0,0,0,0,0,no mains / natural or DC,0
0,0,3,520,-1.4799645985290077,-0.6148258919034394,-0.1968443861201819,-25.6,-16.925714285714285,4.537142857142857,0,0,0,0,0,0,0,0,0,0,0,no mains / natural or DC,0
0,0,3,530,-1.3995788445692312,-0.499832148197882,-0.1782280953398236,-23.742857142857144,-14.005714285714285,12.514285714285714,0,0,0,0,0,0,0,0,0,0,0,no mains / natural or DC,0
0,0,3,540,-1.3995788445692312,-0.499832148197882,-0.1782280953398236,-23.742857142857144,-14.005714285714285,12.514285714285714,0,0,0,0,0,0,0,0,0,0,0,no mains / natural or DC,0
0,0,3,550,-1.28263191625721,-0.4035157322916349,-0.16370128482924895,-21.411428571428573,-11.994285714285715,17.942857142857143,0,0,0,0,0,0,0,0,0,0,0,no mains / natural or DC,0
0,0,3,560,-1.28263191625721,-0.4035157322916349,-0.16370128482924895,-21.411428571428573,-11.994285714285715,17.942857142857143,0,0,0,0,0,0,0,0,0,0,0,no mains / natural or DC,0
0,0,3,570,-1.1423078096865749,-0.3280739768669698,-0.1554612872707297,-19.045714285714286,-10.502857142857144,21.497142857142858,0,0,0,0,0,0,0,0,0,0,0,no mains / natural or DC,0
0,0,3,580,-1.1423078096865749,-0.3280739768669698,-0.1554612872707297,-19.045714285714286,-10.502857142857144,21.497142857142858,0,0,0,0,0,0,0,0,0,0,0,no mains / natural or DC,0
0,0,3,590,-1.0073549607837153,-0.2674642170476394,-0.1382488479262673,-16.754285714285714,-10.051428571428572,24.13714285714286,0,0,0,0,0,0,0,0,0,0,0,no mains / natural or DC,0
0,0,3,600,-1.0073549607837153,-0.2674642170476394,-0.1382488479262673,-16.754285714285714,-10.051428571428572,24.13714285714286,0,0,0,0,0,0,0,0,0,0,0,no mains / natural or DC,0
0,0,3,610,-0.8347422711874752,-0.2237617114780114,-0.12250129703665273,-14.90857142857143,-9.571428571428571,26.82857142857143,0,0,0,0,0,0,0,0,0,0,0,no mains / natural or DC,0
0,0,3,620,-0.8347422711874752,-0.2237617114780114,-0.12250129703665273,-14.90857142857143,-9.571428571428571,26.82857142857143,0,0,0,0,0,0,0,0,0,0,0,no mains / natural or DC,0
0,0,3,630,-0.6718955046235542,-0.17957090975676748,-0.10907315286721396,-13.554285714285715,-10.445714285714285,29.314285714285713,0,0,0,0,0,0,0,0,0,0,0,no mains / natural or DC,0
0,0,3,640,-0.6718955046235542,-0.17957090975676748,-0.10907315286721396,-12.508571428571429,-12.034285714285714,31.14857142857143,0,0,0,0,0,0,0,0,0,0,0,no mains / natural or DC,0
0,0,3,650,-0.5347453230384228,-0.16467787713248086,-0.08929715872676779,-12.508571428571429,-12.034285714285714,31.14857142857143,0,0,0,0,0,0,0,0,0,0,0,no mains / natural or DC,0
0,0,3,660,-0.4295175023651845,-0.16351817377239294,-0.06390575884273812,-12.222857142857142,-14.462857142857143,31.302857142857142,0,0,0,0,0,0,0,0,0,0,0,no mains / natural or DC,0
0,0,3,670,-0.4295175023651845,-0.16351817377239294,-0.06390575884273812,-12.222857142857142,-14.462857142857143,31.302857142857142,0,0,0,0,0,0,0,0,0,0,0,no mains / natural or DC,0
0,0,3,680,-0.3663441877498703,-0.14282662434766685,-0.041566209906308174,-12.805714285714286,-17.92,30.84,0,0,0,0,0,0,0,0,0,0,0,no mains / natural or DC,0
0,0,3,690,-0.3663441877498703,-0.14282662434766685,-0.041566209906308174,-12.805714285714286,-17.92,30.84,0,0,0,0,0,0,0,0,0,0,0,no mains / natural or DC,0
0,0,3,700,-0.3739127780999176,-0.10187078463087863,-0.02893154698324534,-13.605714285714285,-21.577142857142857,30.582857142857144,0,0,0,0,0,0,0,0,0,0,0,no mains / natural or DC,0
0,0,3,710,-0.3739127780999176,-0.10187078463087863,-0.02893154698324534,-13.605714285714285,-21.577142857142857,30.582857142857144,0,0,0,0,0,0,0,0,0,0,0,no mains / natural or DC,0
0,0,3,720,-0.4190191351054415,-0.05084383678701132,-0.017883846552934353,-14.08,-24.65142857142857,30.857142857142858,0,0,0,0,0,0,0,0,0,0,0,no mains / natural or DC,0
0,0,3,730,-0.4190191351054415,-0.05084383678701132,-0.017883846552934353,-14.08,-24.65142857142857,30.857142857142858,0,0,0,0,0,0,0,0,0,0,0,no mains / natural or DC,0
0,0,3,740,-0.4662617877742851,0.003173924985503708,-0.012329477828302866,-13.982857142857142,-25.845714285714287,31.994285714285713,0,0,0,0,0,0,0,0,0,0,0,no mains / natural or DC,0
0,0,3,750,-0.4662617877742851,0.003173924985503708,-0.012329477828302866,-13.982857142857142,-25.845714285714287,31.994285714285713,0,0,0,0,0,0,0,0,0,0,0,no mains / natural or DC,0
0,0,3,760,-0.5188756981109043,0.05413983581041902,-0.006286812952055422,-13.331428571428571,-25.622857142857143,33.605714285714285,0,0,0,0,0,0,0,0,0,0,0,no mains / natural or DC,0
0,0,3,770,-0.5188756981109043,0.05413983581041902,-0.006286812952055422,-13.331428571428571,-25.622857142857143,33.605714285714285,0,0,0,0,0,0,0,0,0,0,0,no mains / natural or DC,0
0,0,3,780,-0.6060975981933042,0.1031525620288705,0.0013428144169438765,-12.314285714285715,-24.422857142857143,35.537142857142854,0,0,0,0,0,0,0,0,0,0,0,no mains / natural or DC,0
0,0,3,790,-0.6546220282601398,0.13513595995971556,0.012878810998870815,-11.371428571428572,-21.965714285714284,36.97714285714286,0,0,0,0,0,0,0,0,0,0,0,no mains / natural or DC,0
0,0,3,800,-0.6546220282601398,0.13513595995971556,0.012878810998870815,-11.371428571428572,-21.965714285714284,36.97714285714286,0,0,0,0,0,0,0,0,0,0,0,no mains / natural or DC,0
0,0,3,810,-0.7057710501419111,0.1684011352885525,0.012756736960966826,-10.782857142857143,-18.942857142857143,37.21714285714286,0,0,0,0,0,0,0,0,0,0,0,no mains / natural or DC,0
0,0,3,820,-0.7057710501419111,0.1684011352885525,0.012756736960966826,-10.782857142857143,-18.942857142857143,37.21714285714286,0,0,0,0,0,0,0,0,0,0,0,no mains / natural or DC,0
0,0,3,830,-0.7870723593859675,0.1976378673665578,0.013855403302102725,-10.565714285714286,-15.862857142857143,35.222857142857144,0,0,0,0,0,0,0,0,0,0,0,no mains / natural or DC,0
0,0,3,840,-0.7870723593859675,0.1976378673665578,0.013855403302102725,-10.565714285714286,-15.862857142857143,35.222857142857144,0,0,0,0,0,0,0,0,0,0,0,no mains / natural or DC,0
0,0,3,850,-0.8441419721060823,0.23163548692281868,0.0050050355540635395,-10.668571428571429,-11.942857142857143,31.05142857142857,0,0,0,0,0,0,0,0,0,0,0,no mains / natural or DC,0
0,0,3,860,-0.8441419721060823,0.23163548692281868,0.0050050355540635395,-10.668571428571429,-11.942857142857143,31.05142857142857,0,0,0,0,0,0,0,0,0,0,0,no mains / natural or DC,0
0,0,3,870,-0.8640400402844325,0.2641682180242317,-0.014160588396862697,-10.868571428571428,-8.108571428571429,25.96,0,0,0,0,0,0,0,0,0,0,0,no mains / natural or DC,0
0,0,3,880,-0.8640400402844325,0.2641682180242317,-0.014160588396862697,-10.868571428571428,-8.108571428571429,25.96,0,0,0,0,0,0,0,0,0,0,0,no mains / natural or DC,0
0,0,3,890,-0.8582415234839931,0.282967619861446,-0.03180028687398907,-11.194285714285714,-5.1657142857142855,20.994285714285713,0,0,0,0,0,0,0,0,0,0,0,no mains / natural or DC,0
0,0,3,900,-0.8582415234839931,0.282967619861446,-0.03180028687398907,-11.194285714285714,-5.1657142857142855,20.994285714285713,0,0,0,0,0,0,0,0,0,0,0,no mains / natural or DC,0
0,0,3,910,-0.858790856654561,0.2982879116183966,-0.0456556901760918,-11.891428571428571,-4.228571428571429,17.234285714285715,0,0,0,0,0,0,0,0,0,0,0,no mains / natural or DC,0
0,0,3,920,-0.858790856654561,0.2982879116183966,-0.0456556901760918,-12.845714285714285,-5.091428571428572,14.097142857142858,0,0,0,0,0,0,0,0,0,0,0,no mains / natural or DC,0
0,0,3,930,-0.8872951445051424,0.2926114688558611,-0.05078279976805933,-12.845714285714285,-5.091428571428572,14.097142857142858,0,0,0,0,0,0,0,0,0,0,0,no mains / natural or DC,0
0,0,3,940,-0.9593798638874478,0.2968840601825007,-0.004882961516159551,-13.817142857142857,-6.857142857142857,10.891428571428571,0,0,0,0,0,0,0,0,0,0,0,no mains / natural or DC,0
0,0,3,950,-0.9593798638874478,0.2968840601825007,-0.004882961516159551,-13.817142857142857,-6.857142857142857,10.891428571428571,0,0,0,0,0,0,0,0,0,0,0,no mains / natural or DC,0
0,0,3,960,-0.7992187261574145,0.2338938566240425,0.014954069643238624,-15.262857142857143,-5.211428571428572,6.965714285714285,0,0,0,0,0,0,0,0,0,0,0,no mains / natural or DC,0
0,0,3,970,-0.7992187261574145,0.2338938566240425,0.014954069643238624,-15.262857142857143,-5.211428571428572,6.965714285714285,0,0,0,0,0,0,0,0,0,0,0,no mains / natural or DC,0
0,0,3,980,-1.0279854731894895,0.23798333689382611,0.10431226538895841,-16.97714285714286,-7.822857142857143,1.3428571428571427,0,0,0,0,0,0,0,0,0,0,0,no mains / natural or DC,0
0,0,3,990,-1.0279854731894895,0.23798333689382611,0.10431226538895841,-16.97714285714286,-7.822857142857143,1.3428571428571427,0,0,0,0,0,0,0,0,0,0,0,no mains / natural or DC,0
0,0,4,0,-1.1608630634479813,0.12884914700766015,0.24817651905880916,-19.02285714285714,-12.377142857142857,-8.708571428571428,0,0,0,0,0,0,0,0,0,0,0,no mains / natural or DC,0
0,0,4,10,-1.1608630634479813,0.12884914700766015,0.24817651905880916,-19.02285714285714,-12.377142857142857,-8.708571428571428,0,0,0,0,0,0,0,0,0,0,0,no mains / natural or DC,0
0,0,4,20,-1.2877590258491776,-0.08276619769890439,0.41871395001068146,-21.33142857142857,-24.045714285714286,-32.18857142857143,0,0,0,0,0,0,0,0,0,0,0,no mains / natural or DC,0
0,0,4,30,-1.2877590258491776,-0.08276619769890439,0.41871395001068146,-21.33142857142857,-24.045714285714286,-32.18857142857143,0,0,0,0,0,0,0,0,0,0,0,no mains / natural or DC,0
0,0,4,40,-1.2236701559495835,-0.380748924222541,0.5885189367351299,-23.714285714285715,-35.50857142857143,-66.33714285714285,0,0,0,0,0,0,0,0,0,0,0,no mains / natural or DC,0
0,0,4,50,-1.2236701559495835,-0.380748924222541,0.5885189367351299,-23.714285714285715,-35.32,-88.62285714285714,0,0,0,0,0,0,0,0,0,0,0,no mains / natural or DC,0
0,0,4,60,-1.435590685750908,-0.500259407330546,0.6161076693014313,-23.228571428571428,-35.32,-88.62285714285714,0,0,0,0,0,0,0,0,0,0,0,no mains / natural or DC,0
0,0,4,70,-1.7388836329233681,-0.5627613147373882,0.6823328348643453,-20.645714285714284,-18.228571428571428,-77.72,0,0,0,0,0,0,0,0,0,0,0,no mains / natural or DC,0
0,0,4,80,-1.7388836329233681,-0.5627613147373882,0.6823328348643453,-20.645714285714284,-18.228571428571428,-77.72,0,0,0,0,0,0,0,0,0,0,0,no mains / natural or DC,0
0,0,4,90,-1.5695669423505356,-0.6280098879970702,0.663716544083987,-18.53142857142857,5.525714285714286,-51.61142857142857,0,0,0,0,0,0,0,0,0,0,0,no mains / natural or DC,0
0,0,4,100,-1.5695669423505356,-0.6280098879970702,0.663716544083987,-18.53142857142857,5.525714285714286,-51.61142857142857,0,0,0,0,0,0,0,0,0,0,0,no mains / natural or DC,0
0,0,4,110,-1.4247260963774528,-0.641499069185461,0.597979674672689,-17.222857142857144,12.971428571428572,-27.937142857142856,0,0,0,0,0,0,0,0,0,0,0,no mains / natural or DC,0
0,0,4,120,-1.4247260963774528,-0.641499069185461,0.597979674672689,-17.222857142857144,12.971428571428572,-27.937142857142856,0,0,0,0,0,0,0,0,0,0,0,no mains / natural or DC,0
0,0,4,130,-1.4887539292580951,-0.5386516922513505,0.5316934720908231,-15.82857142857143,9.731428571428571,-11.84,0,0,0,0,0,0,0,0,0,0,0,no mains / natural or DC,0
0,0,4,140,-1.4887539292580951,-0.5386516922513505,0.5316934720908231,-15.82857142857143,9.731428571428571,-11.84,0,0,0,0,0,0,0,0,0,0,0,no mains / natural or DC,0
0,0,4,150,-1.4567705313272499,-0.46351512192144534,0.4664448988311411,-13.542857142857143,10.93142857142857,-2.8685714285714288,0,0,0,0,0,0,0,0,0,0,0,no mains / natural or DC,0
0,0,4,160,-1.4567705313272499,-0.46351512192144534,0.4664448988311411,-13.542857142857143,10.93142857142857,-2.8685714285714288,0,0,0,0,0,0,0,0,0,0,0,no mains / natural or DC,0
0,0,4,170,-1.433576464125492,-0.35297708059938354,0.3925290688802759,-10.994285714285715,11.331428571428571,0.6514285714285715,0,0,0,0,0,0,0,0,0,0,0,no mains / natural or DC,0
0,0,4,180,-1.433576464125492,-0.35297708059938354,0.3925290688802759,-10.994285714285715,11.331428571428571,0.6514285714285715,0,0,0,0,0,0,0,0,0,0,0,no mains / natural or DC,0
0,0,4,190,-1.3862727744376964,-0.27472762230292674,0.3391827143162328,-8.114285714285714,13.24,2.76,0,0,0,0,0,0,0,0,0,0,0,no mains / natural or DC,0
0,0,4,200,-1.3862727744376964,-0.21222571489608447,0.2723471785637989,-5.348571428571429,16.777142857142856,4.628571428571429,0,0,0,0,0,0,0,0,0,0,0,no mains / natural or DC,0
0,0,4,210,-1.3074739829706716,-0.20337534714804528,0.2723471785637989,-5.348571428571429,16.777142857142856,4.628571428571429,0,0,0,0,0,0,0,0,0,0,0,no mains / natural or DC,0
0,0,4,220,-1.2199468977935117,-0.1577196569719535,0.22321237830744348,-2.742857142857143,19.18285714285714,5.565714285714286,0,0,0,0,0,0,0,0,0,0,0,no mains / natural or DC,0
0,0,4,230,-1.2199468977935117,-0.1577196569719535,0.22321237830744348,-2.742857142857143,19.18285714285714,5.565714285714286,0,0,0,0,0,0,0,0,0,0,0,no mains / natural or DC,0
0,0,4,240,-1.0896938993499556,-0.1348918118839076,0.18408764915921505,-0.7942857142857143,20.914285714285715,5.731428571428571,0,0,0,0,0,0,0,0,0,0,0,no mains / natural or DC,0
0,0,4,250,-1.0896938993499556,-0.1348918118839076,0.18408764915921505,-0.7942857142857143,20.914285714285715,5.731428571428571,0,0,0,0,0,0,0,0,0,0,0,no mains / natural or DC,0
0,0,4,260,-0.9856868190557573,-0.10370189519943845,0.13458662678914762,0.5314285714285715,21.76,5.451428571428571,0,0,0,0,0,0,0,0,0,0,0,no mains / natural or DC,0
0,0,4,270,-0.9856868190557573,-0.10370189519943845,0.13458662678914762,0.5314285714285715,21.76,5.451428571428571,0,0,0,0,0,0,0,0,0,0,0,no mains / natural or DC,0
0,0,4,280,-0.8841822565385906,-0.08728293710135197,0.10101626636555071,1.36,22.062857142857144,5.062857142857143,0,0,0,0,0,0,0,0,0,0,0,no mains / natural or DC,0
0,0,4,290,-0.8841822565385906,-0.08728293710135197,0.10101626636555071,1.36,22.062857142857144,5.062857142857143,0,0,0,0,0,0,0,0,0,0,0,no mains / natural or DC,0
0,0,4,300,-0.750328073976867,-0.07782219916379284,0.06506546220282601,1.6342857142857143,23.01142857142857,5.405714285714286,0,0,0,0,0,0,0,0,0,0,0,no mains / natural or DC,0
0,0,4,310,-0.750328073976867,-0.07782219916379284,0.06506546220282601,1.6342857142857143,23.01142857142857,5.405714285714286,0,0,0,0,0,0,0,0,0,0,0,no mains / natural or DC,0
0,0,4,320,-0.6181829279457991,-0.06909390545365765,0.028199102755821406,1.3942857142857144,23.422857142857143,6.48,0,0,0,0,0,0,0,0,0,0,0,no mains / natural or DC,0
0,0,4,330,-0.6181829279457991,-0.06909390545365765,0.028199102755821406,0.7257142857142858,23.28,8.354285714285714,0,0,0,0,0,0,0,0,0,0,0,no mains / natural or DC,0
0,0,4,340,-0.5215002899258401,-0.0640888698995941,0.006347849971007416,0.7257142857142858,23.28,8.354285714285714,0,0,0,0,0,0,0,0,0,0,0,no mains / natural or DC,0
0,0,4,350,-0.4663838618121891,-0.05719168675801874,-0.006164738914151433,-0.5657142857142857,22.98857142857143,11.142857142857142,0,0,0,0,0,0,0,0,0,0,0,no mains / natural or DC,0
0,0,4,360,-0.4663838618121891,-0.05719168675801874,-0.006164738914151433,-0.5657142857142857,22.98857142857143,11.142857142857142,0,0,0,0,0,0,0,0,0,0,0,no mains / natural or DC,0
0,0,4,370,-0.4447157200842311,-0.044495986816003905,-0.01715140232551042,-2.56,22.445714285714285,14.468571428571428,0,0,0,0,0,0,0,0,0,0,0,no mains / natural or DC,0
0,0,4,380,-0.4447157200842311,-0.044495986816003905,-0.01715140232551042,-2.56,22.445714285714285,14.468571428571428,0,0,0,0,0,0,0,0,0,0,0,no mains / natural or DC,0
0,0,4,390,-0.4050416577654347,-0.03326517532883694,-0.025086214789269694,-4.868571428571428,22.01142857142857,17.965714285714284,0,0,0,0,0,0,0,0,0,0,0,no mains / natural or DC,0
0,0,4,400,-0.4050416577654347,-0.03326517532883694,-0.025086214789269694,-4.868571428571428,22.01142857142857,17.965714285714284,0,0,0,0,0,0,0,0,0,0,0,no mains / natural or DC,0
0,0,4,410,-0.3651234473708304,-0.021912289803765986,-0.03527939695425275,-7.171428571428572,22.2,20.92,0,0,0,0,0,0,0,0,0,0,0,no mains / natural or DC,0
0,0,4,420,-0.3651234473708304,-0.021912289803765986,-0.03527939695425275,-7.171428571428572,22.2,20.92,0,0,0,0,0,0,0,0,0,0,0,no mains / natural or DC,0
0,0,4,430,-0.3535264137699515,-0.005737479781487472,-0.041261024811548204,-9.251428571428571,22.205714285714286,22.714285714285715,0,0,0,0,0,0,0,0,0,0,0,no mains / natural or DC,0
0,0,4,440,-0.3535264137699515,-0.005737479781487472,-0.041261024811548204,-9.251428571428571,22.205714285714286,22.714285714285715,0,0,0,0,0,0,0,0,0,0,0,no mains / natural or DC,0
0,0,4,450,-0.38843958861049227,0.01947080904568621,-0.04821924497207557,-10.84,22.085714285714285,22.982857142857142,0,0,0,0,0,0,0,0,0,0,0,no mains / natural or DC,0
0,0,4,460,-0.38843958861049227,0.01947080904568621,-0.04821924497207557,-10.84,22.085714285714285,21.52,0,0,0,0,0,0,0,0,0,0,0,no mains / natural or DC,0
0,0,4,470,-0.45265053254799037,0.04535050508133183,-0.04748680074465163,-11.92,22.49142857142857,21.714285714285715,0,0,0,0,0,0,0,0,0,0,0,no mains / natural or DC,0
0,0,4,480,-0.5049592577898495,0.06805627613147373,-0.041261024811548204,-12.777142857142858,23.142857142857142,19.314285714285713,0,0,0,0,0,0,0,0,0,0,0,no mains / natural or DC,0
0,0,4,490,-0.5049592577898495,0.06805627613147373,-0.041261024811548204,-12.777142857142858,23.142857142857142,19.314285714285713,0,0,0,0,0,0,0,0,0,0,0,no mains / natural or DC,0
0,0,4,500,-0.5566576128421887,0.08972441785943175,-0.03985717337565233,-13.754285714285714,22.97714285714286,16.44,0,0,0,0,0,0,0,0,0,0,0,no mains / natural or DC,0
0,0,4,510,-0.5566576128421887,0.08972441785943175,-0.03985717337565233,-13.754285714285714,22.97714285714286,16.44,0,0,0,0,0,0,0,0,0,0,0,no mains / natural or DC,0
0,0,4,520,-0.6356395153660696,0.12091433454390088,-0.04510635700552385,-15.0,22.14857142857143,13.611428571428572,0,0,0,0,0,0,0,0,0,0,0,no mains / natural or DC,0
0,0,4,530,-0.6356395153660696,0.12091433454390088,-0.04510635700552385,-15.0,22.14857142857143,13.611428571428572,0,0,0,0,0,0,0,0,0,0,0,no mains / natural or DC,0
0,0,4,540,-0.7270119327372051,0.162968840601825,-0.06213568529313028,-15.88,22.091428571428573,11.24,0,0,0,0,0,0,0,0,0,0,0,no mains / natural or DC,0
0,0,4,550,-0.7270119327372051,0.162968840601825,-0.06213568529313028,-15.88,22.091428571428573,11.24,0,0,0,0,0,0,0,0,0,0,0,no mains / natural or DC,0
0,0,4,560,-0.793481246375927,0.20996734519486068,-0.07867671742912076,-16.12,22.84,9.182857142857143,0,0,0,0,0,0,0,0,0,0,0,no mains / natural or DC,0
0,0,4,570,-0.793481246375927,0.20996734519486068,-0.07867671742912076,-16.12,22.84,9.182857142857143,0,0,0,0,0,0,0,0,0,0,0,no mains / natural or DC,0
0,0,4,580,-0.793542283394879,0.23584704123050632,-0.097781304361095,-15.748571428571429,23.057142857142857,7.9314285714285715,0,0,0,0,0,0,0,0,0,0,0,no mains / natural or DC,0
0,0,4,590,-0.793542283394879,0.23584704123050632,-0.097781304361095,-15.748571428571429,23.057142857142857,7.9314285714285715,0,0,0,0,0,0,0,0,0,0,0,no mains / natural or DC,0
0,0,4,600,-0.8139286477248451,0.25037385174108095,-0.12469862971892452,-15.09142857142857,20.457142857142856,6.8742857142857146,0,0,0,0,0,0,0,0,0,0,0,no mains / natural or DC,0
0,0,4,610,-0.8139286477248451,0.25037385174108095,-0.20282601397747735,-14.0,15.177142857142858,5.485714285714286,0,0,0,0,0,0,0,0,0,0,0,no mains / natural or DC,0
0,0,4,620,-1.0353709524826809,0.26905117954039126,-0.19397564622943816,-14.0,15.177142857142858,5.485714285714286,0,0,0,0,0,0,0,0,0,0,0,no mains / natural or DC,0
0,0,4,630,-1.3886532181768243,0.3433942686239204,-0.12860499893185218,-11.737142857142857,8.382857142857143,3.2857142857142856,0,0,0,0,0,0,0,0,0,0,0,no mains / natural or DC,0
0,0,4,640,-1.3886532181768243,0.3433942686239204,-0.12860499893185218,-11.737142857142857,8.382857142857143,3.2857142857142856,0,0,0,0,0,0,0,0,0,0,0,no mains / natural or DC,0
0,0,4,650,-0.9158604693746757,0.22888882106997893,-0.23718985564745018,-9.514285714285714,13.822857142857142,0.5771428571428572,0,0,0,0,0,0,0,0,0,0,0,no mains / natural or DC,0
0,0,4,660,-0.9158604693746757,0.22888882106997893,-0.23718985564745018,-9.514285714285714,13.822857142857142,0.5771428571428572,0,0,0,0,0,0,0,0,0,0,0,no mains / natural or DC,0
0,0,4,670,-1.2258674886318552,0.15375225074007384,-0.29084139530625325,-6.6971428571428575,0.10857142857142857,-8.268571428571429,0,0,0,0,0,0,0,0,0,0,0,no mains / natural or DC,0
0,0,4,680,-1.2258674886318552,0.15375225074007384,-0.29084139530625325,-6.6971428571428575,0.10857142857142857,-8.268571428571429,0,0,0,0,0,0,0,0,0,0,0,no mains / natural or DC,0
0,0,4,690,-1.3856013672292244,-0.07037568285164952,-0.2357860042115543,-5.88,-10.457142857142857,-24.685714285714287,0,0,0,0,0,0,0,0,0,0,0,no mains / natural or DC,0
0,0,4,700,-1.3856013672292244,-0.07037568285164952,-0.2357860042115543,-5.88,-10.457142857142857,-24.685714285714287,0,0,0,0,0,0,0,0,0,0,0,no mains / natural or DC,0
0,0,4,710,-1.2883083590197455,-0.2595904416028321,-0.33069856868190556,-7.84,-7.0685714285714285,-45.97714285714286,0,0,0,0,0,0,0,0,0,0,0,no mains / natural or DC,0
0,0,4,720,-1.2883083590197455,-0.2595904416028321,-0.33069856868190556,-7.84,-7.0685714285714285,-45.97714285714286,0,0,0,0,0,0,0,0,0,0,0,no mains / natural or DC,0
0,0,4,730,-1.401348918118839,-0.31934568315683465,-0.35383159886471144,-10.90857142857143,-14.08,-67.98285714285714,0,0,0,0,0,0,0,0,0,0,0,no mains / natural or DC,0
0,0,4,740,-1.401348918118839,-0.31934568315683465,-0.35383159886471144,-10.90857142857143,-14.868571428571428,-72.61142857142858,0,0,0,0,0,0,0,0,0,0,0,no mains / natural or DC,0
0,0,4,750,-1.3526413769951475,-0.358775597399823,-0.4109012115848262,-11.06857142857143,-14.868571428571428,-72.61142857142858,0,0,0,0,0,0,0,0,0,0,0,no mains / natural or DC,0
0,0,4,760,-1.347941526535844,-0.5373699148533586,-0.42909024323252054,-9.177142857142858,-14.771428571428572,-63.62285714285714,0,0,0,0,0,0,0,0,0,0,0,no mains / natural or DC,0
0,0,4,770,-1.347941526535844,-0.5373699148533586,-0.42909024323252054,-9.177142857142858,-14.771428571428572,-63.62285714285714,0,0,0,0,0,0,0,0,0,0,0,no mains / natural or DC,0
0,0,4,780,-1.4076357310708945,-0.695394756920072,-0.3902706991790521,-6.7942857142857145,-15.668571428571429,-53.177142857142854,0,0,0,0,0,0,0,0,0,0,0,no mains / natural or DC,0
0,0,4,790,-1.4076357310708945,-0.695394756920072,-0.3902706991790521,-6.7942857142857145,-15.668571428571429,-53.177142857142854,0,0,0,0,0,0,0,0,0,0,0,no mains / natural or DC,0
0,0,4,800,-1.3666188543351543,-0.8395641956846828,-0.32319101535081024,-5.611428571428571,-16.16,-45.56,0,0,0,0,0,0,0,0,0,0,0,no mains / natural or DC,0
0,0,4,810,-1.3666188543351543,-0.8395641956846828,-0.32319101535081024,-5.611428571428571,-16.16,-45.56,0,0,0,0,0,0,0,0,0,0,0,no mains / natural or DC,0
0,0,4,820,-1.3738212225714896,-0.8436536759544664,-0.2815027314065981,-6.451428571428571,-20.68,-38.78857142857143,0,0,0,0,0,0,0,0,0,0,0,no mains / natural or DC,0
0,0,4,830,-1.3738212225714896,-0.8436536759544664,-0.2815027314065981,-6.451428571428571,-20.68,-38.78857142857143,0,0,0,0,0,0,0,0,0,0,0,no mains / natural or DC,0
0,0,4,840,-1.390911587878048,-0.7650379955442976,-0.24005859553819392,-7.548571428571429,-23.354285714285716,-27.69142857142857,0,0,0,0,0,0,0,0,0,0,0,no mains / natural or DC,0
0,0,4,850,-1.390911587878048,-0.7650379955442976,-0.24005859553819392,-7.548571428571429,-23.354285714285716,-27.69142857142857,0,0,0,0,0,0,0,0,0,0,0,no mains / natural or DC,0
0,0,4,860,-1.3718680379650259,-0.6641438032166509,-0.21124912259285256,-7.662857142857143,-20.525714285714287,-12.137142857142857,0,0,0,0,0,0,0,0,0,0,0,no mains / natural or DC,0
0,0,4,870,-1.3718680379650259,-0.6641438032166509,-0.21124912259285256,-7.662857142857143,-20.525714285714287,-12.137142857142857,0,0,0,0,0,0,0,0,0,0,0,no mains / natural or DC,0
0,0,4,880,-1.3282265694143498,-0.5625782036805322,-0.17999816888943143,-7.085714285714285,-15.948571428571428,2.257142857142857,0,0,0,0,0,0,0,0,0,0,0,no mains / natural or DC,0
0,0,4,890,-1.2188482314523759,-0.47334208197271643,-0.15240943632312998,-6.474285714285714,-11.057142857142857,12.891428571428571,0,0,0,0,0,0,0,0,0,0,0,no mains / natural or DC,0
0,0,4,900,-1.227027191991943,-0.47334208197271643,-0.15240943632312998,-6.474285714285714,-11.057142857142857,12.891428571428571,0,0,0,0,0,0,0,0,0,0,0,no mains / natural or DC,0
0,0,4,910,-1.118869594409009,-0.37238685262611776,-0.13104647968993194,-6.348571428571429,-8.617142857142857,19.537142857142857,0,0,0,0,0,0,0,0,0,0,0,no mains / natural or DC,0
0,0,4,920,-1.118869594409009,-0.37238685262611776,-0.13104647968993194,-6.348571428571429,-8.617142857142857,19.537142857142857,0,0,0,0,0,0,0,0,0,0,0,no mains / natural or DC,0
0,0,4,930,-1.0068056276131474,-0.2882168034913175,-0.10962248603778191,-6.28,-7.868571428571428,23.297142857142855,0,0,0,0,0,0,0,0,0,0,0,no mains / natural or DC,0
0,0,4,940,-1.0068056276131474,-0.2882168034913175,-0.10962248603778191,-6.28,-7.868571428571428,23.297142857142855,0,0,0,0,0,0,0,0,0,0,0,no mains / natural or DC,0
0,0,4,950,-0.8709372234260079,-0.22193060090945158,-0.09210486159855953,-5.994285714285715,-7.7942857142857145,25.14857142857143,0,0,0,0,0,0,0,0,0,0,0,no mains / natural or DC,0
0,0,4,960,-0.8709372234260079,-0.22193060090945158,-0.09210486159855953,-5.994285714285715,-7.7942857142857145,25.14857142857143,0,0,0,0,0,0,0,0,0,0,0,no mains / natural or DC,0
0,0,4,970,-0.7403790398876919,-0.16333506271553697,-0.08948026978362376,-5.28,-7.9714285714285715,26.13142857142857,0,0,0,0,0,0,0,0,0,0,0,no mains / natural or DC,0
0,0,4,980,-0.7403790398876919,-0.16333506271553697,-0.08948026978362376,-5.28,-7.9714285714285715,26.13142857142857,0,0,0,0,0,0,0,0,0,0,0,no mains / natural or DC,0
0,0,4,990,-0.6049989318521684,-0.13519699697866755,-0.07342753379924924,-3.8285714285714287,-8.4,26.285714285714285,0,0,0,0,0,0,0,0,0,0,0,no mains / natural or DC,0
0,0,5,0,-0.6049989318521684,-0.13519699697866755,-0.07342753379924924,-3.8285714285714287,-8.4,26.285714285714285,0,0,0,0,0,0,0,0,0,0,0,no mains / natural or DC,0
0,0,5,10,-0.4776757103183081,-0.1216467787713248,-0.05890072328867458,-2.3657142857142857,-8.96,26.205714285714286,0,0,0,0,0,0,0,0,0,0,0,no mains / natural or DC,0
0,0,5,20,-0.4776757103183081,-0.1216467787713248,-0.05890072328867458,-1.48,-11.594285714285714,26.34857142857143,0,0,0,0,0,0,0,0,0,0,0,no mains / natural or DC,0
0,0,5,30,-0.4002807702871792,-0.10296945097201453,-0.042542802209540084,-1.48,-11.594285714285714,26.34857142857143,0,0,0,0,0,0,0,0,0,0,0,no mains / natural or DC,0
0,0,5,40,-0.3730582598345897,-0.06683553575243385,-0.03375347148045289,-1.0,-14.90857142857143,27.885714285714286,0,0,0,0,0,0,0,0,0,0,0,no mains / natural or DC,0
0,0,5,50,-0.3730582598345897,-0.06683553575243385,-0.03375347148045289,-1.0,-14.90857142857143,27.885714285714286,0,0,0,0,0,0,0,0,0,0,0,no mains / natural or DC,0
0,0,5,60,-0.3952146977141636,-0.011719107638782922,-0.03430280465102084,-0.5714285714285714,-17.897142857142857,30.571428571428573,0,0,0,0,0,0,0,0,0,0,0,no mains / natural or DC,0
0,0,5,70,-0.3952146977141636,-0.011719107638782922,-0.03430280465102084,-0.5714285714285714,-17.897142857142857,30.571428571428573,0,0,0,0,0,0,0,0,0,0,0,no mains / natural or DC,0
0,0,5,80,-0.40894802697836236,0.041016876735740226,-0.03900265511032441,0.24,-19.102857142857143,34.42285714285714,0,0,0,0,0,0,0,0,0,0,0,no mains / natural or DC,0
0,0,5,90,-0.40894802697836236,0.041016876735740226,-0.03900265511032441,0.24,-19.102857142857143,34.42285714285714,0,0,0,0,0,0,0,0,0,0,0,no mains / natural or DC,0
0,0,5,100,-0.44795068208868677,0.09332560197759941,-0.04364146855067599,1.3657142857142857,-18.897142857142857,38.822857142857146,0,0,0,0,0,0,0,0,0,0,0,no mains / natural or DC,0
0,0,5,110,-0.44795068208868677,0.09332560197759941,-0.04364146855067599,1.3657142857142857,-18.897142857142857,38.822857142857146,0,0,0,0,0,0,0,0,0,0,0,no mains / natural or DC,0
0,0,5,120,-0.5105746635334331,0.1358684041871395,-0.041566209906308174,2.565714285714286,-17.72,42.50857142857143,0,0,0,0,0,0,0,0,0,0,0,no mains / natural or DC,0
0,0,5,130,-0.5105746635334331,0.1358684041871395,-0.041566209906308174,2.565714285714286,-17.72,42.50857142857143,0,0,0,0,0,0,0,0,0,0,0,no mains / natural or DC,0
0,0,5,140,-0.5774712363048189,0.1695608386486404,-0.040040284432508316,3.4971428571428573,-15.4,44.50857142857143,0,0,0,0,0,0,0,0,0,0,0,no mains / natural or DC,0
0,0,5,150,-0.5774712363048189,0.1695608386486404,-0.040040284432508316,3.4971428571428573,-15.4,43.76571428571429,0,0,0,0,0,0,0,0,0,0,0,no mains / natural or DC,0
0,0,5,160,-0.640949736014893,0.20258186590166935,-0.04846339304788354,3.9714285714285715,-12.897142857142857,43.76571428571429,0,0,0,0,0,0,0,0,0,0,0,no mains / natural or DC,0
0,0,5,170,-0.7134617145298624,0.24213385418256173,-0.06262398144474624,4.285714285714286,-9.954285714285714,40.23428571428571,0,0,0,0,0,0,0,0,0,0,0,no mains / natural or DC,0
0,0,5,180,-0.7134617145298624,0.24213385418256173,-0.06262398144474624,4.285714285714286,-9.954285714285714,40.23428571428571,0,0,0,0,0,0,0,0,0,0,0,no mains / natural or DC,0
0,0,5,190,-0.7669301431318094,0.282723471785638,-0.08270516067995239,4.52,-6.44,34.84,0,0,0,0,0,0,0,0,0,0,0,no mains / natural or DC,0
0,0,5,200,-0.7669301431318094,0.282723471785638,-0.08270516067995239,4.52,-6.44,34.84,0,0,0,0,0,0,0,0,0,0,0,no mains / natural or DC,0
0,0,5,210,-0.8316293832209235,0.3182470168156987,-0.10242011780144658,4.577142857142857,-4.28,28.914285714285715,0,0,0,0,0,0,0,0,0,0,0,no mains / natural or DC,0
0,0,5,220,-0.8316293832209235,0.3182470168156987,-0.10242011780144658,4.577142857142857,-4.28,28.914285714285715,0,0,0,0,0,0,0,0,0,0,0,no mains / natural or DC,0
0,0,5,230,-0.8722190008239997,0.3457747123630482,-0.11639759514145329,4.308571428571429,-3.2514285714285713,24.034285714285716,0,0,0,0,0,0,0,0,0,0,0,no mains / natural or DC,0
0,0,5,240,-0.8722190008239997,0.3457747123630482,-0.11639759514145329,4.308571428571429,-3.2514285714285713,24.034285714285716,0,0,0,0,0,0,0,0,0,0,0,no mains / natural or DC,0
0,0,5,250,-0.8796044801171911,0.35700552385021517,-0.12433240760521257,3.5428571428571427,-3.6914285714285713,20.617142857142856,0,0,0,0,0,0,0,0,0,0,0,no mains / natural or DC,0
0,0,5,260,-0.8796044801171911,0.35700552385021517,-0.12433240760521257,3.5428571428571427,-3.6914285714285713,20.617142857142856,0,0,0,0,0,0,0,0,0,0,0,no mains / natural or DC,0
0,0,5,270,-0.8814966277047029,0.3520004882961516,-0.11572618793298135,2.32,-6.0285714285714285,17.81142857142857,0,0,0,0,0,0,0,0,0,0,0,no mains / natural or DC,0
0,0,5,280,-0.8814966277047029,0.3520004882961516,-0.11572618793298135,2.32,-6.0285714285714285,17.81142857142857,0,0,0,0,0,0,0,0,0,0,0,no mains / natural or DC,0
0,0,5,290,-0.8616595965453048,0.32093264564958646,-0.0998565630054628,0.9142857142857143,-8.765714285714285,14.017142857142858,0,0,0,0,0,0,0,0,0,0,0,no mains / natural or DC,0
0,0,5,300,-0.8616595965453048,0.32093264564958646,-0.05059968871120334,-0.07428571428571429,-13.005714285714285,8.485714285714286,0,0,0,0,0,0,0,0,0,0,0,no mains / natural or DC,0
0,0,5,310,-1.1339457380901516,0.3619495223853267,-0.05059968871120334,-0.07428571428571429,-13.005714285714285,8.485714285714286,0,0,0,0,0,0,0,0,0,0,0,no mains / natural or DC,0
0,0,5,320,-0.69533371990112,0.22986541337321084,0.006286812952055422,-1.44,-10.491428571428571,3.6857142857142855,0,0,0,0,0,0,0,0,0,0,0,no mains / natural or DC,0
0,0,5,330,-0.69533371990112,0.22986541337321084,0.006286812952055422,-1.44,-10.491428571428571,3.6857142857142855,0,0,0,0,0,0,0,0,0,0,0,no mains / natural or DC,0
0,0,5,340,-0.8484756004516739,0.23023163548692283,0.06274605548265022,-3.5485714285714285,-10.657142857142857,-3.657142857142857,0,0,0,0,0,0,0,0,0,0,0,no mains / natural or DC,0
0,0,5,350,-0.8484756004516739,0.23023163548692283,0.06274605548265022,-3.5485714285714285,-10.657142857142857,-3.657142857142857,0,0,0,0,0,0,0,0,0,0,0,no mains / natural or DC,0
0,0,5,360,-1.1503036591692861,0.2011169774468215,0.20490127262184515,-5.531428571428571,-16.92,-13.657142857142857,0,0,0,0,0,0,0,0,0,0,0,no mains / natural or DC,0
0,0,5,370,-1.1503036591692861,0.2011169774468215,0.20490127262184515,-5.531428571428571,-16.92,-13.657142857142857,0,0,0,0,0,0,0,0,0,0,0,no mains / natural or DC,0
0,0,5,380,-1.1767326883754998,0.05255287331766716,0.3065889461958678,-7.36,-20.291428571428572,-29.86857142857143,0,0,0,0,0,0,0,0,0,0,0,no mains / natural or DC,0
0,0,5,390,-1.1767326883754998,0.05255287331766716,0.3065889461958678,-7.36,-20.291428571428572,-29.86857142857143,0,0,0,0,0,0,0,0,0,0,0,no mains / natural or DC,0
0,0,5,400,-1.1865596484267709,-0.15808587908566546,0.4259773552659688,-8.52,-29.251428571428573,-58.182857142857145,0,0,0,0,0,0,0,0,0,0,0,no mains / natural or DC,0
0,0,5,410,-1.1865596484267709,-0.15808587908566546,0.4259773552659688,-8.52,-29.251428571428573,-58.182857142857145,0,0,0,0,0,0,0,0,0,0,0,no mains / natural or DC,0
0,0,5,420,-1.3133335367900631,-0.2856532486953337,0.467299417096469,-9.06857142857143,-31.257142857142856,-81.51428571428572,0,0,0,0,0,0,0,0,0,0,0,no mains / natural or DC,0
0,0,5,430,-1.3133335367900631,-0.2856532486953337,0.467299417096469,-8.582857142857144,-20.062857142857144,-78.78285714285714,0,0,0,0,0,0,0,0,0,0,0,no mains / natural or DC,0
0,0,5,440,-1.5454573198644979,-0.32428968169194616,0.46961882381664477,-8.582857142857144,-20.062857142857144,-78.78285714285714,0,0,0,0,0,0,0,0,0,0,0,no mains / natural or DC,0
0,0,5,450,-1.5514999847407454,-0.45271156956694236,0.5194250312814722,-7.274285714285714,-3.742857142857143,-60.074285714285715,0,0,0,0,0,0,0,0,0,0,0,no mains / natural or DC,0
0,0,5,460,-1.5514999847407454,-0.45271156956694236,0.5194250312814722,-7.274285714285714,-3.742857142857143,-60.074285714285715,0,0,0,0,0,0,0,0,0,0,0,no mains / natural or DC,0
0,0,5,470,-1.4268623920407728,-0.6180608539078951,0.532609027375103,-6.805714285714286,5.417142857142857,-42.69714285714286,0,0,0,0,0,0,0,0,0,0,0,no mains / natural or DC,0
0,0,5,480,-1.4268623920407728,-0.6180608539078951,0.532609027375103,-6.805714285714286,5.417142857142857,-42.69714285714286,0,0,0,0,0,0,0,0,0,0,0,no mains / natural or DC,0
0,0,5,490,-1.5070650349436934,-0.5920590838343456,0.4796288949247719,-6.411428571428571,5.6571428571428575,-28.588571428571427,0,0,0,0,0,0,0,0,0,0,0,no mains / natural or DC,0
0,0,5,500,-1.5070650349436934,-0.5920590838343456,0.4796288949247719,-6.411428571428571,5.6571428571428575,-28.588571428571427,0,0,0,0,0,0,0,0,0,0,0,no mains / natural or DC,0
0,0,5,510,-1.56480605487228,-0.5332193975646229,0.42573320719016083,-3.92,10.325714285714286,-15.702857142857143,0,0,0,0,0,0,0,0,0,0,0,no mains / natural or DC,0
0,0,5,520,-1.56480605487228,-0.5332193975646229,0.42573320719016083,-3.92,10.325714285714286,-15.702857142857143,0,0,0,0,0,0,0,0,0,0,0,no mains / natural or DC,0
0,0,5,530,-1.544846949674978,-0.43122653889584034,0.35157322916348765,-0.19428571428571428,16.30857142857143,-4.2,0,0,0,0,0,0,0,0,0,0,0,no mains / natural or DC,0
0,0,5,540,-1.544846949674978,-0.43122653889584034,0.35157322916348765,-0.19428571428571428,16.30857142857143,-4.2,0,0,0,0,0,0,0,0,0,0,0,no mains / natural or DC,0
0,0,5,550,-1.487411114841151,-0.32514419995727406,0.2924283577990051,3.68,19.72,6.285714285714286,0,0,0,0,0,0,0,0,0,0,0,no mains / natural or DC,0
0,0,5,560,-1.487411114841151,-0.32514419995727406,0.2924283577990051,3.68,19.72,6.285714285714286,0,0,0,0,0,0,0,0,0,0,0,no mains / natural or DC,0
0,0,5,570,-1.4102603228858304,-0.2161320841090121,0.23169652394177068,7.1085714285714285,21.394285714285715,15.565714285714286,0,0,0,0,0,0,0,0,0,0,0,no mains / natural or DC,0
0,0,5,580,-1.3574022644734032,-0.13440351573229165,0.1968443861201819,10.028571428571428,20.228571428571428,21.268571428571427,0,0,0,0,0,0,0,0,0,0,0,no mains / natural or DC,0
0,0,5,590,-1.3574022644734032,-0.13440351573229165,0.1968443861201819,10.028571428571428,20.228571428571428,21.268571428571427,0,0,0,0,0,0,0,0,0,0,0,no mains / natural or DC,0
0,0,5,600,-1.2876979888302256,-0.08899197363200781,0.1782891323587756,12.131428571428572,17.89142857142857,22.69142857142857,0,0,0,0,0,0,0,0,0,0,0,no mains / natural or DC,0
0,0,5,610,-1.2876979888302256,-0.08899197363200781,0.1782891323587756,12.131428571428572,17.89142857142857,22.69142857142857,0,0,0,0,0,0,0,0,0,0,0,no mains / natural or DC,0
0,0,5,620,-1.2231208227790156,-0.06274605548265022,0.15912350840784936,13.594285714285714,15.502857142857144,20.885714285714286,0,0,0,0,0,0,0,0,0,0,0,no mains / natural or DC,0
0,0,5,630,-1.2231208227790156,-0.06274605548265022,0.15912350840784936,13.594285714285714,15.502857142857144,20.885714285714286,0,0,0,0,0,0,0,0,0,0,0,no mains / natural or DC,0
0,0,5,640,-1.1280861842707601,-0.054261909848323006,0.14520706808679465,14.605714285714285,14.125714285714286,17.4,0,0,0,0,0,0,0,0,0,0,0,no mains / natural or DC,0
0,0,5,650,-1.1280861842707601,-0.054261909848323006,0.14520706808679465,14.605714285714285,14.125714285714286,17.4,0,0,0,0,0,0,0,0,0,0,0,no mains / natural or DC,0
0,0,5,660,-0.9926450392162847,-0.047425763725699635,0.12128055665761284,15.331428571428571,14.325714285714286,13.96,0,0,0,0,0,0,0,0,0,0,0,no mains / natural or DC,0
0,0,5,670,-0.9926450392162847,-0.047425763725699635,0.12128055665761284,15.331428571428571,14.325714285714286,13.96,0,0,0,0,0,0,0,0,0,0,0,no mains / natural or DC,0
0,0,5,680,-0.8513443403424177,-0.04394665364543596,0.09619434186834315,15.874285714285714,14.982857142857142,11.668571428571429,0,0,0,0,0,0,0,0,0,0,0,no mains / natural or DC,0
0,0,5,690,-0.8513443403424177,-0.04394665364543596,0.09619434186834315,15.874285714285714,14.982857142857142,11.668571428571429,0,0,0,0,0,0,0,0,0,0,0,no mains / natural or DC,0
0,0,5,700,-0.7050386059144871,-0.039368877224036376,0.07019257179479355,16.33142857142857,16.228571428571428,11.474285714285715,0,0,0,0,0,0,0,0,0,0,0,no mains / natural or DC,0
0,0,5,710,-0.7050386059144871,-0.039368877224036376,0.07019257179479355,16.65142857142857,17.365714285714287,13.268571428571429,0,0,0,0,0,0,0,0,0,0,0,no mains / natural or DC,0
0,0,5,720,-0.5970641193884091,-0.022156437879573963,0.04309213538010803,16.65142857142857,17.365714285714287,13.268571428571429,0,0,0,0,0,0,0,0,0,0,0,no mains / natural or DC,0
0,0,5,730,-0.5240028077028718,-0.0037232581560716575,0.02264473403118992,16.6,18.034285714285716,16.605714285714285,0,0,0,0,0,0,0,0,0,0,0,no mains / natural or DC,0
0,0,5,740,-0.5240028077028718,-0.0037232581560716575,0.02264473403118992,16.6,18.034285714285716,16.605714285714285,0,0,0,0,0,0,0,0,0,0,0,no mains / natural or DC,0
0,0,5,750,-0.4442274239326151,0.00598162785729545,0.004272591326639607,15.965714285714286,18.565714285714286,20.594285714285714,0,0,0,0,0,0,0,0,0,0,0,no mains / natural or DC,0
0,0,5,760,-0.4442274239326151,0.00598162785729545,0.004272591326639607,15.965714285714286,18.565714285714286,20.594285714285714,0,0,0,0,0,0,0,0,0,0,0,no mains / natural or DC,0
0,0,5,770,-0.42915128025147253,0.031922360911893065,-0.017395550401318398,14.771428571428572,18.554285714285715,24.285714285714285,0,0,0,0,0,0,0,0,0,0,0,no mains / natural or DC,0
0,0,5,780,-0.42915128025147253,0.031922360911893065,-0.017395550401318398,14.771428571428572,18.554285714285715,24.285714285714285,0,0,0,0,0,0,0,0,0,0,0,no mains / natural or DC,0
0,0,5,790,-0.43311868648335217,0.05511642811365093,-0.02362132633442183,13.188571428571429,18.302857142857142,27.057142857142857,0,0,0,0,0,0,0,0,0,0,0,no mains / natural or DC,0
0,0,5,800,-0.43311868648335217,0.05511642811365093,-0.02362132633442183,13.188571428571429,18.302857142857142,27.057142857142857,0,0,0,0,0,0,0,0,0,0,0,no mains / natural or DC,0
0,0,5,810,-0.4356822412793359,0.08673360393078403,-0.034485915707876826,11.268571428571429,18.62857142857143,28.611428571428572,0,0,0,0,0,0,0,0,0,0,0,no mains / natural or DC,0
0,0,5,820,-0.4356822412793359,0.08673360393078403,-0.034485915707876826,11.268571428571429,18.62857142857143,28.611428571428572,0,0,0,0,0,0,0,0,0,0,0,no mains / natural or DC,0
0,0,5,830,-0.4477675710318308,0.12042603839228493,-0.042664876247444077,9.348571428571429,18.617142857142856,28.725714285714286,0,0,0,0,0,0,0,0,0,0,0,no mains / natural or DC,0
0,0,5,840,-0.4477675710318308,0.12042603839228493,-0.042664876247444077,9.348571428571429,18.725714285714286,27.548571428571428,0,0,0,0,0,0,0,0,0,0,0,no mains / natural or DC,0
0,0,5,850,-0.4596087527085177,0.14862514114810632,-0.04498428296761986,7.554285714285714,18.725714285714286,27.548571428571428,0,0,0,0,0,0,0,0,0,0,0,no mains / natural or DC,0
0,0,5,860,-0.47309793389690846,0.1716971343119602,-0.04718161564989166,5.862857142857143,18.411428571428573,25.08,0,0,0,0,0,0,0,0,0,0,0,no mains / natural or DC,0
0,0,5,870,-0.47309793389690846,0.1716971343119602,-0.04718161564989166,5.862857142857143,18.411428571428573,25.08,0,0,0,0,0,0,0,0,0,0,0,no mains / natural or DC,0
0,0,5,880,-0.5151524399548326,0.19275490585039826,-0.050355540635395366,4.194285714285714,17.01142857142857,21.217142857142857,0,0,0,0,0,0,0,0,0,0,0,no mains / natural or DC,0
0,0,5,890,-0.5151524399548326,0.19275490585039826,-0.050355540635395366,4.194285714285714,17.01142857142857,21.217142857142857,0,0,0,0,0,0,0,0,0,0,0,no mains / natural or DC,0
0,0,5,900,-0.5778984954374828,0.21839045381023592,-0.055482650227362894,2.737142857142857,15.177142857142858,16.274285714285714,0,0,0,0,0,0,0,0,0,0,0,no mains / natural or DC,0
0,0,5,910,-0.5778984954374828,0.21839045381023592,-0.055482650227362894,2.737142857142857,15.177142857142858,16.274285714285714,0,0,0,0,0,0,0,0,0,0,0,no mains / natural or DC,0
0,0,5,920,-0.6230048524430066,0.24109622486037782,-0.06445509201330607,1.5314285714285714,14.034285714285714,11.205714285714286,0,0,0,0,0,0,0,0,0,0,0,no mains / natural or DC,0
0,0,5,930,-0.6230048524430066,0.24109622486037782,-0.06445509201330607,1.5314285714285714,14.034285714285714,11.205714285714286,0,0,0,0,0,0,0,0,0,0,0,no mains / natural or DC,0
0,0,5,940,-0.6354564043092136,0.261299478133488,-0.07257301553392133,0.3485714285714286,13.028571428571428,6.908571428571428,0,0,0,0,0,0,0,0,0,0,0,no mains / natural or DC,0
0,0,5,950,-0.6354564043092136,0.261299478133488,-0.07257301553392133,0.3485714285714286,13.028571428571428,6.908571428571428,0,0,0,0,0,0,0,0,0,0,0,no mains / natural or DC,0
0,0,5,960,-0.6388134403515733,0.2556840723899045,-0.09955137791070284,-0.8571428571428571,11.662857142857144,3.5428571428571427,0,0,0,0,0,0,0,0,0,0,0,no mains / natural or DC,0
0,0,5,970,-0.6388134403515733,0.2556840723899045,-0.09955137791070284,-0.8571428571428571,11.662857142857144,3.5428571428571427,0,0,0,0,0,0,0,0,0,0,0,no mains / natural or DC,0
0,0,5,980,-1.2681661427655873,0.41651661732840967,-0.11438337351603747,-1.2571428571428571,7.468571428571429,1.457142857142857,0,0,0,0,0,0,0,0,0,0,0,no mains / natural or DC,0
0,0,5,990,-1.2681661427655873,0.3227637562181463,-0.11645863216040528,-1.3714285714285714,12.251428571428571,2.645714285714286,0,0,0,0,0,0,0,0,0,0,0,no mains / natural or DC,0
0,0,6,0,-0.8080080568865017,0.32111575670644243,-0.11645863216040528,-1.3714285714285714,12.251428571428571,2.645714285714286,0,0,0,0,0,0,0,0,0,0,0,no mains / natural or DC,0
0,0,6,10,-0.5372478408154546,0.2982879116183966,-0.23639637440107425,0.08,16.577142857142857,1.28,0,0,0,0,0,0,0,0,0,0,0,no mains / natural or DC,0
0,0,6,20,-0.5372478408154546,0.2982879116183966,-0.23639637440107425,0.08,16.577142857142857,1.28,0,0,0,0,0,0,0,0,0,0,0,no mains / natural or DC,0
0,0,6,30,-1.0181585131382183,0.34955900753807184,-0.2467726676229133,3.0,3.297142857142857,-4.8742857142857146,0,0,0,0,0,0,0,0,0,0,0,no mains / natural or DC,0
0,0,6,40,-1.0181585131382183,0.34955900753807184,-0.2467726676229133,3.0,3.297142857142857,-4.8742857142857146,0,0,0,0,0,0,0,0,0,0,0,no mains / natural or DC,0
0,0,6,50,-1.2461317789239175,0.2619708853419599,-0.22345652638325145,6.605714285714286,1.0857142857142856,-14.32,0,0,0,0,0,0,0,0,0,0,0,no mains / natural or DC,0
0,0,6,60,-1.2461317789239175,0.2619708853419599,-0.22345652638325145,6.605714285714286,1.0857142857142856,-14.32,0,0,0,0,0,0,0,0,0,0,0,no mains / natural or DC,0
0,0,6,70,-1.1810052797021393,0.14917447431867428,-0.2925504318369091,8.72,3.6742857142857144,-31.102857142857143,0,0,0,0,0,0,0,0,0,0,0,no mains / natural or DC,0
0,0,6,80,-1.1810052797021393,0.14917447431867428,-0.2925504318369091,8.72,3.6742857142857144,-31.102857142857143,0,0,0,0,0,0,0,0,0,0,0,no mains / natural or DC,0
0,0,6,90,-1.1132541886654255,0.017090365306558428,-0.28614154484694965,8.8,-3.3657142857142857,-45.72,0,0,0,0,0,0,0,0,0,0,0,no mains / natural or DC,0
0,0,6,100,-1.1132541886654255,0.017090365306558428,-0.28614154484694965,8.8,-3.3657142857142857,-45.72,0,0,0,0,0,0,0,0,0,0,0,no mains / natural or DC,0
0,0,6,110,-1.076937162388989,-0.12585833307901242,-0.3098849452192755,6.6,-12.82857142857143,-50.68571428571428,0,0,0,0,0,0,0,0,0,0,0,no mains / natural or DC,0
0,0,6,120,-1.347087008270516,-0.15070039979247413,-0.29309976500747703,4.251428571428572,-24.497142857142858,-49.714285714285715,0,0,0,0,0,0,0,0,0,0,0,no mains / natural or DC,0
0,0,6,130,-1.347087008270516,-0.15070039979247413,-0.29309976500747703,4.251428571428572,-24.497142857142858,-49.714285714285715,0,0,0,0,0,0,0,0,0,0,0,no mains / natural or DC,0
0,0,6,140,-1.5516220587786493,-0.2591021454512162,-0.250007629627369,2.537142857142857,-25.897142857142857,-45.2,0,0,0,0,0,0,0,0,0,0,0,no mains / natural or DC,0
0,0,6,150,-1.5516220587786493,-0.2591021454512162,-0.250007629627369,2.537142857142857,-25.897142857142857,-45.2,0,0,0,0,0,0,0,0,0,0,0,no mains / natural or DC,0
0,0,6,160,-1.5898922696615498,-0.36140018921475875,-0.24463637195959348,0.26285714285714284,-20.32,-42.93714285714286,0,0,0,0,0,0,0,0,0,0,0,no mains / natural or DC,0
0,0,6,170,-1.5898922696615498,-0.36140018921475875,-0.24463637195959348,0.26285714285714284,-20.32,-42.93714285714286,0,0,0,0,0,0,0,0,0,0,0,no mains / natural or DC,0
0,0,6,180,-1.6222418897061068,-0.41682180242316963,-0.24005859553819392,-2.177142857142857,-14.057142857142857,-41.70285714285714,0,0,0,0,0,0,0,0,0,0,0,no mains / natural or DC,0
0,0,6,190,-1.6222418897061068,-0.41682180242316963,-0.24005859553819392,-2.177142857142857,-14.057142857142857,-41.70285714285714,0,0,0,0,0,0,0,0,0,0,0,no mains / natural or DC,0
0,0,6,200,-1.6000244148075808,-0.40833765678884243,-0.23511459700308238,-4.502857142857143,-8.462857142857143,-38.12,0,0,0,0,0,0,0,0,0,0,0,no mains / natural or DC,0
0,0,6,210,-1.6000244148075808,-0.40833765678884243,-0.23511459700308238,-4.502857142857143,-8.462857142857143,-38.12,0,0,0,0,0,0,0,0,0,0,0,no mains / natural or DC,0
0,0,6,220,-1.5052339243751336,-0.3624988555558947,-0.2433545945616016,-6.1657142857142855,-4.76,-30.6,0,0,0,0,0,0,0,0,0,0,0,no mains / natural or DC,0
0,0,6,230,-1.5052339243751336,-0.3624988555558947,-0.2433545945616016,-6.1657142857142855,-4.76,-30.6,0,0,0,0,0,0,0,0,0,0,0,no mains / natural or DC,0
0,0,6,240,-1.4303415021210364,-0.28955961790826135,-0.2468337046418653,-6.6971428571428575,-3.8914285714285715,-19.97714285714286,0,0,0,0,0,0,0,0,0,0,0,no mains / natural or DC,0
0,0,6,250,-1.4303415021210364,-0.28955961790826135,-0.2468337046418653,-6.6971428571428575,-3.8914285714285715,-9.737142857142857,0,0,0,0,0,0,0,0,0,0,0,no mains / natural or DC,0
0,0,6,260,-1.3497116000854519,-0.2216864528336436,-0.24219489120151372,-5.902857142857143,-2.1485714285714286,-8.834285714285715,0,0,0,0,0,0,0,0,0,0,0,no mains / natural or DC,0
0,0,6,270,-1.2350840784936064,-0.18457594531083102,-0.22467726676229133,-4.571428571428571,-0.42857142857142855,0.16,0,0,0,0,0,0,0,0,0,0,0,no mains / natural or DC,0
0,0,6,280,-1.2350840784936064,-0.18457594531083102,-0.22467726676229133,-4.571428571428571,-0.42857142857142855,0.16,0,0,0,0,0,0,0,0,0,0,0,no mains / natural or DC,0
0,0,6,290,-1.1176488540299692,-0.16266365550706505,-0.20062868129520553,-3.5314285714285716,-1.2,5.96,0,0,0,0,0,0,0,0,0,0,0,no mains / natural or DC,0
0,0,6,300,-1.1176488540299692,-0.16266365550706505,-0.20062868129520553,-3.5314285714285716,-1.2,5.96,0,0,0,0,0,0,0,0,0,0,0,no mains / natural or DC,0
0,0,6,310,-0.967986083559679,-0.15607165746024965,-0.17438276314584797,-3.085714285714286,-3.125714285714286,10.017142857142858,0,0,0,0,0,0,0,0,0,0,0,no mains / natural or DC,0
0,0,6,320,-0.967986083559679,-0.15607165746024965,-0.17438276314584797,-3.085714285714286,-3.125714285714286,10.017142857142858,0,0,0,0,0,0,0,0,0,0,0,no mains / natural or DC,0
0,0,6,330,-0.8532364879299295,-0.14630573442793054,-0.15869624927518539,-3.1028571428571428,-6.228571428571429,13.01142857142857,0,0,0,0,0,0,0,0,0,0,0,no mains / natural or DC,0
0,0,6,340,-0.8532364879299295,-0.14630573442793054,-0.15869624927518539,-3.1028571428571428,-6.228571428571429,13.01142857142857,0,0,0,0,0,0,0,0,0,0,0,no mains / natural or DC,0
0,0,6,350,-0.7810907315286721,-0.141361735892819,-0.13068025757621998,-3.1085714285714285,-9.428571428571429,14.605714285714285,0,0,0,0,0,0,0,0,0,0,0,no mains / natural or DC,0
0,0,6,360,-0.7810907315286721,-0.141361735892819,-0.13068025757621998,-3.1085714285714285,-9.428571428571429,14.605714285714285,0,0,0,0,0,0,0,0,0,0,0,no mains / natural or DC,0
0,0,6,370,-0.6717123935666982,-0.15039521469771416,-0.0966826380199591,-3.2114285714285713,-11.2,14.92,0,0,0,0,0,0,0,0,0,0,0,no mains / natural or DC,0
0,0,6,380,-0.6717123935666982,-0.15039521469771416,-0.0966826380199591,-3.2114285714285713,-11.2,14.92,0,0,0,0,0,0,0,0,0,0,0,no mains / natural or DC,0
0,0,6,390,-0.5876033814508499,-0.13550218207342754,-0.07123020111697745,-3.8514285714285714,-14.777142857142858,14.68,0,0,0,0,0,0,0,0,0,0,0,no mains / natural or DC,0
0,0,6,400,-0.5876033814508499,-0.13550218207342754,-0.055604724265266886,-4.605714285714286,-19.594285714285714,15.982857142857142,0,0,0,0,0,0,0,0,0,0,0,no mains / natural or DC,0
0,0,6,410,-0.565630054628132,-0.08673360393078403,-0.05536057618945891,-4.605714285714286,-19.594285714285714,15.982857142857142,0,0,0,0,0,0,0,0,0,0,0,no mains / natural or DC,0
0,0,6,420,-0.5800347911008026,-0.02075258644367809,-0.056825464644306774,-4.731428571428571,-21.97142857142857,19.251428571428573,0,0,0,0,0,0,0,0,0,0,0,no mains / natural or DC,0
0,0,6,430,-0.5800347911008026,-0.02075258644367809,-0.056825464644306774,-4.731428571428571,-21.97142857142857,19.251428571428573,0,0,0,0,0,0,0,0,0,0,0,no mains / natural or DC,0
0,0,6,440,-0.5580004272591327,0.030823694570757162,-0.0532242805261391,-3.8,-20.98857142857143,23.457142857142856,0,0,0,0,0,0,0,0,0,0,0,no mains / natural or DC,0
0,0,6,450,-0.5580004272591327,0.030823694570757162,-0.0532242805261391,-3.8,-20.98857142857143,23.457142857142856,0,0,0,0,0,0,0,0,0,0,0,no mains / natural or DC,0
0,0,6,460,-0.49964903714102604,0.06897183141575365,-0.052003540147099216,-2.2114285714285713,-18.04,27.96,0,0,0,0,0,0,0,0,0,0,0,no mains / natural or DC,0
0,0,6,470,-0.49964903714102604,0.06897183141575365,-0.052003540147099216,-2.2114285714285713,-18.04,27.96,0,0,0,0,0,0,0,0,0,0,0,no mains / natural or DC,0
0,0,6,480,-0.46772667622913294,0.09649952696310313,-0.04846339304788354,-0.4342857142857143,-15.651428571428571,31.66857142857143,0,0,0,0,0,0,0,0,0,0,0,no mains / natural or DC,0
0,0,6,490,-0.46772667622913294,0.09649952696310313,-0.04846339304788354,-0.4342857142857143,-15.651428571428571,31.66857142857143,0,0,0,0,0,0,0,0,0,0,0,no mains / natural or DC,0
0,0,6,500,-0.4664448988311411,0.11981566820276497,-0.04687643055513169,1.262857142857143,-13.182857142857143,34.01714285714286,0,0,0,0,0,0,0,0,0,0,0,no mains / natural or DC,0
0,0,6,510,-0.4664448988311411,0.11981566820276497,-0.04687643055513169,1.262857142857143,-13.182857142857143,34.01714285714286,0,0,0,0,0,0,0,0,0,0,0,no mains / natural or DC,0
0,0,6,520,-0.49177526169621877,0.14648884548478652,-0.04632709738456374,2.5885714285714285,-11.0,34.74285714285714,0,0,0,0,0,0,0,0,0,0,0,no mains / natural or DC,0
0,0,6,530,-0.49177526169621877,0.14648884548478652,-0.04632709738456374,4.051428571428572,-9.611428571428572,33.965714285714284,0,0,0,0,0,0,0,0,0,0,0,no mains / natural or DC,0
0,0,6,540,-0.5279702139347514,0.17450483718375195,-0.04498428296761986,3.382857142857143,-9.611428571428572,33.965714285714284,0,0,0,0,0,0,0,0,0,0,0,no mains / natural or DC,0
0,0,6,550,-0.5944395275734733,0.20136112552262947,-0.044862208929715874,3.737142857142857,-9.268571428571429,31.70285714285714,0,0,0,0,0,0,0,0,0,0,0,no mains / natural or DC,0
0,0,6,560,-0.5944395275734733,0.20136112552262947,-0.044862208929715874,3.737142857142857,-9.268571428571429,31.70285714285714,0,0,0,0,0,0,0,0,0,0,0,no mains / natural or DC,0
0,0,6,570,-0.6652424695577868,0.22467726676229133,-0.045472579119235815,3.817142857142857,-8.725714285714286,28.291428571428572,0,0,0,0,0,0,0,0,0,0,0,no mains / natural or DC,0
0,0,6,580,-0.6652424695577868,0.22467726676229133,-0.045472579119235815,3.817142857142857,-8.725714285714286,28.291428571428572,0,0,0,0,0,0,0,0,0,0,0,no mains / natural or DC,0
0,0,6,590,-0.7321390423291726,0.2465895565660573,-0.0532242805261391,3.7314285714285713,-7.611428571428571,23.794285714285714,0,0,0,0,0,0,0,0,0,0,0,no mains / natural or DC,0
0,0,6,600,-0.7321390423291726,0.2465895565660573,-0.0532242805261391,3.7314285714285713,-7.611428571428571,23.794285714285714,0,0,0,0,0,0,0,0,0,0,0,no mains / natural or DC,0
0,0,6,610,-0.772545548875393,0.260689107943968,-0.05804620502334666,3.4914285714285715,-5.531428571428571,18.714285714285715,0,0,0,0,0,0,0,0,0,0,0,no mains / natural or DC,0
0,0,6,620,-0.772545548875393,0.260689107943968,-0.05804620502334666,3.4914285714285715,-5.531428571428571,18.714285714285715,0,0,0,0,0,0,0,0,0,0,0,no mains / natural or DC,0
0,0,6,630,-0.7702871791741691,0.2586138492996002,-0.06927701651051363,3.125714285714286,-2.7142857142857144,13.325714285714286,0,0,0,0,0,0,0,0,0,0,0,no mains / natural or DC,0
0,0,6,640,-0.7702871791741691,0.2586138492996002,-0.06927701651051363,3.125714285714286,-2.7142857142857144,13.325714285714286,0,0,0,0,0,0,0,0,0,0,0,no mains / natural or DC,0
0,0,6,650,-1.153355510116886,0.35578478347117526,-0.08178960539567248,3.057142857142857,-2.1885714285714286,8.382857142857143,0,0,0,0,0,0,0,0,0,0,0,no mains / natural or DC,0
0,0,6,660,-1.153355510116886,0.35578478347117526,-0.08178960539567248,3.057142857142857,-2.1885714285714286,8.382857142857143,0,0,0,0,0,0,0,0,0,0,0,no mains / natural or DC,0
0,0,6,670,-0.7457502975554674,0.2423780022583697,-0.027588732566301462,2.388571428571429,2.902857142857143,5.514285714285714,0,0,0,0,0,0,0,0,0,0,0,no mains / natural or DC,0
0,0,6,680,-0.7301248207037568,0.24597918637653737,-0.04181035798211615,0.4,6.034285714285715,1.3428571428571427,0,0,0,0,0,0,0,0,0,0,0,no mains / natural or DC,0
0,0,6,690,-0.7294534134952849,0.24597918637653737,-0.04181035798211615,0.4,6.034285714285715,1.3428571428571427,0,0,0,0,0,0,0,0,0,0,0,no mains / natural or DC,0
0,0,6,700,-1.2510757774590289,0.3130588702047792,0.042909024323252054,-1.7085714285714286,-1.1371428571428572,-2.32,0,0,0,0,0,0,0,0,0,0,0,no mains / natural or DC,0
0,0,6,710,-1.2510757774590289,0.3130588702047792,0.042909024323252054,-1.7085714285714286,-1.1371428571428572,-2.32,0,0,0,0,0,0,0,0,0,0,0,no mains / natural or DC,0
0,0,6,720,-1.1987670522171696,0.21356852931302836,0.11365092928861355,-3.994285714285714,-0.9142857142857143,-8.925714285714285,0,0,0,0,0,0,0,0,0,0,0,no mains / natural or DC,0
0,0,6,730,-1.1987670522171696,0.21356852931302836,0.11365092928861355,-3.994285714285714,-0.9142857142857143,-8.925714285714285,0,0,0,0,0,0,0,0,0,0,0,no mains / natural or DC,0
0,0,6,740,-1.077425458540605,0.1379436628315073,0.13068025757621998,-5.297142857142857,-6.0285714285714285,-25.462857142857143,0,0,0,0,0,0,0,0,0,0,0,no mains / natural or DC,0
0,0,6,750,-1.077425458540605,0.1379436628315073,0.13068025757621998,-5.297142857142857,-6.0285714285714285,-25.462857142857143,0,0,0,0,0,0,0,0,0,0,0,no mains / natural or DC,0
0,0,6,760,-1.130100405896176,0.043214209418012024,0.20508438367870113,-5.24,-14.485714285714286,-45.53142857142857,0,0,0,0,0,0,0,0,0,0,0,no mains / natural or DC,0
0,0,6,770,-1.130100405896176,0.043214209418012024,0.20508438367870113,-5.24,-14.485714285714286,-45.53142857142857,0,0,0,0,0,0,0,0,0,0,0,no mains / natural or DC,0
0,0,6,780,-1.2527237769707327,-0.003173924985503708,0.21387371440778832,-4.571428571428571,-15.434285714285714,-59.565714285714286,0,0,0,0,0,0,0,0,0,0,0,no mains / natural or DC,0
0,0,6,790,-1.2527237769707327,-0.003173924985503708,0.21387371440778832,-4.571428571428571,-15.434285714285714,-59.565714285714286,0,0,0,0,0,0,0,0,0,0,0,no mains / natural or DC,0
0,0,6,800,-1.4510940885647146,-0.03814813684499649,0.24073000274666584,-3.3657142857142857,-14.925714285714285,-65.64571428571429,0,0,0,0,0,0,0,0,0,0,0,no mains / natural or DC,0
0,0,6,810,-1.4510940885647146,-0.03814813684499649,0.24073000274666584,-2.7142857142857144,-12.188571428571429,-64.54857142857144,0,0,0,0,0,0,0,0,0,0,0,no mains / natural or DC,0
0,0,6,820,-1.3412884914700767,-0.17236854152043213,0.29987487411114844,-2.7142857142857144,-12.188571428571429,-64.54857142857144,0,0,0,0,0,0,0,0,0,0,0,no mains / natural or DC,0
0,0,6,830,-1.3456831568346201,-0.31806390575884275,0.337046418652913,-3.1028571428571428,-14.09142857142857,-60.04,0,0,0,0,0,0,0,0,0,0,0,no mains / natural or DC,0
0,0,6,840,-1.3456831568346201,-0.31806390575884275,0.337046418652913,-3.1028571428571428,-14.09142857142857,-60.04,0,0,0,0,0,0,0,0,0,0,0,no mains / natural or DC,0
0,0,6,850,-1.4661091952269052,-0.3645130771813105,0.34614093447676014,-4.217142857142857,-17.605714285714285,-53.53142857142857,0,0,0,0,0,0,0,0,0,0,0,no mains / natural or DC,0
0,0,6,860,-1.4661091952269052,-0.3645130771813105,0.34614093447676014,-4.217142857142857,-17.605714285714285,-53.53142857142857,0,0,0,0,0,0,0,0,0,0,0,no mains / natural or DC,0
0,0,6,870,-1.5756096072267831,-0.38929410687582017,0.3357036042359691,-4.371428571428571,-14.097142857142858,-45.22857142857143,0,0,0,0,0,0,0,0,0,0,0,no mains / natural or DC,0
0,0,6,880,-1.5756096072267831,-0.38929410687582017,0.3357036042359691,-4.371428571428571,-14.097142857142858,-45.22857142857143,0,0,0,0,0,0,0,0,0,0,0,no mains / natural or DC,0
0,0,6,890,-1.6470229194006165,-0.37476729636524553,0.3086031678212836,-3.142857142857143,-6.782857142857143,-36.26857142857143,0,0,0,0,0,0,0,0,0,0,0,no mains / natural or DC,0
0,0,6,900,-1.6470229194006165,-0.37476729636524553,0.3086031678212836,-3.142857142857143,-6.782857142857143,-36.26857142857143,0,0,0,0,0,0,0,0,0,0,0,no mains / natural or DC,0
0,0,6,910,-1.6392712179937132,-0.35358745078890347,0.27961058381908627,-0.6857142857142857,2.9371428571428573,-25.754285714285714,0,0,0,0,0,0,0,0,0,0,0,no mains / natural or DC,0
0,0,6,920,-1.6392712179937132,-0.35358745078890347,0.27961058381908627,-0.6857142857142857,2.9371428571428573,-25.754285714285714,0,0,0,0,0,0,0,0,0,0,0,no mains / natural or DC,0
0,0,6,930,-1.5898312326425976,-0.32154301583910644,0.2423780022583697,2.085714285714286,10.32,-15.365714285714287,0,0,0,0,0,0,0,0,0,0,0,no mains / natural or DC,0
0,0,6,940,-1.5898312326425976,-0.32154301583910644,0.2423780022583697,2.085714285714286,10.32,-6.822857142857143,0,0,0,0,0,0,0,0,0,0,0,no mains / natural or DC,0
0,0,6,950,-1.5200048829615163,-0.2868739890743736,0.21179845576342052,4.285714285714286,13.771428571428572,-6.822857142857143,0,0,0,0,0,0,0,0,0,0,0,no mains / natural or DC,0
0,0,6,960,-1.4324167607654041,-0.24304940946684164,0.1826227607043672,5.8342857142857145,15.08,-0.21714285714285714,0,0,0,0,0,0,0,0,0,0,0,no mains / natural or DC,0
0,0,6,970,-1.4324167607654041,-0.24304940946684164,0.1826227607043672,5.8342857142857145,15.08,-0.21714285714285714,0,0,0,0,0,0,0,0,0,0,0,no mains / natural or DC,0
0,0,6,980,-1.3453779717398602,-0.19959105197302163,0.14966277047029022,7.017142857142857,15.09142857142857,4.382857142857143,0,0,0,0,0,0,0,0,0,0,0,no mains / natural or DC,0
0,0,6,990,-1.3453779717398602,-0.19959105197302163,0.14966277047029022,7.017142857142857,15.09142857142857,4.382857142857143,0,0,0,0,0,0,0,0,0,0,0,no mains / natural or DC,0
0,0,7,0,-1.2481460005493332,-0.16492202520828883,0.11908322397534105,8.165714285714285,14.588571428571429,7.131428571428572,0,0,0,0,0,0,0,0,0,0,0,no mains / natural or DC,0
0,0,7,10,-1.2481460005493332,-0.16492202520828883,0.11908322397534105,8.165714285714285,14.588571428571429,7.131428571428572,0,0,0,0,0,0,0,0,0,0,0,no mains / natural or DC,0
0,0,7,20,-1.098910489211707,-0.1498458815271462,0.09521774956511124,9.302857142857142,14.074285714285715,8.90857142857143,0,0,0,0,0,0,0,0,0,0,0,no mains / natural or DC,0
0,0,7,30,-1.098910489211707,-0.1498458815271462,0.09521774956511124,9.302857142857142,14.074285714285715,8.90857142857143,0,0,0,0,0,0,0,0,0,0,0,no mains / natural or DC,0
0,0,7,40,-0.9335001678518021,-0.1381878109073153,0.07000946073793755,10.142857142857142,13.114285714285714,10.502857142857144,0,0,0,0,0,0,0,0,0,0,0,no mains / natural or DC,0
0,0,7,50,-0.9335001678518021,-0.1381878109073153,0.07000946073793755,10.142857142857142,13.114285714285714,10.502857142857144,0,0,0,0,0,0,0,0,0,0,0,no mains / natural or DC,0
0,0,7,60,-0.7805413983581042,-0.11694692831202125,0.04364146855067599,10.588571428571429,12.371428571428572,12.90857142857143,0,0,0,0,0,0,0,0,0,0,0,no mains / natural or DC,0
0,0,7,70,-0.7805413983581042,-0.11694692831202125,0.04364146855067599,10.588571428571429,12.371428571428572,12.90857142857143,0,0,0,0,0,0,0,0,0,0,0,no mains / natural or DC,0
0,0,7,80,-0.6401562547685171,-0.09613330484939116,0.024109622486037784,10.514285714285714,12.531428571428572,16.474285714285713,0,0,0,0,0,0,0,0,0,0,0,no mains / natural or DC,0
0,0,7,90,-0.6401562547685171,-0.09613330484939116,0.011597033600878933,9.714285714285714,12.954285714285714,20.98857142857143,0,0,0,0,0,0,0,0,0,0,0,no mains / natural or DC,0
0,0,7,100,-0.5215613269447921,-0.07318338572344127,0.011597033600878933,9.714285714285714,12.954285714285714,20.98857142857143,0,0,0,0,0,0,0,0,0,0,0,no mains / natural or DC,0
0,0,7,110,-0.42860194708090454,-0.05163731803338725,0.005493331705679495,8.217142857142857,13.331428571428571,25.70285714285714,0,0,0,0,0,0,0,0,0,0,0,no mains / natural or DC,0
0,0,7,120,-0.42860194708090454,-0.05163731803338725,0.005493331705679495,8.217142857142857,13.331428571428571,25.70285714285714,0,0,0,0,0,0,0,0,0,0,0,no mains / natural or DC,0
0,0,7,130,-0.36689352092043825,-0.02783288064210944,-0.00598162785729545,6.045714285714285,13.354285714285714,30.0,0,0,0,0,0,0,0,0,0,0,0,no mains / natural or DC,0
0,0,7,140,-0.36689352092043825,-0.02783288064210944,-0.00598162785729545,6.045714285714285,11.891428571428571,33.24,0,0,0,0,0,0,0,0,0,0,0,no mains / natural or DC,0
0,0,7,150,-0.36072878200628683,0.0053102206488235115,-0.011597033600878933,3.6,13.085714285714285,33.24,0,0,0,0,0,0,0,0,0,0,0,no mains / natural or DC,0
0,0,7,160,-0.36072878200628683,0.0053102206488235115,-0.011597033600878933,3.6,13.085714285714285,33.24,0,0,0,0,0,0,0,0,0,0,0,no mains / natural or DC,0
0,0,7,170,-0.35084078493606374,0.027100436414685507,-0.012329477828302866,1.2,14.217142857142857,35.59428571428571,0,0,0,0,0,0,0,0,0,0,0,no mains / natural or DC,0
0,0,7,180,-0.35084078493606374,0.027100436414685507,-0.012329477828302866,1.2,14.217142857142857,35.59428571428571,0,0,0,0,0,0,0,0,0,0,0,no mains / natural or DC,0
0,0,7,190,-0.3360087893307291,0.05194250312814722,-0.016907254249702443,-1.2514285714285713,15.754285714285714,36.78285714285714,0,0,0,0,0,0,0,0,0,0,0,no mains / natural or DC,0
0,0,7,200,-0.3360087893307291,0.05194250312814722,-0.016907254249702443,-1.2514285714285713,15.754285714285714,36.78285714285714,0,0,0,0,0,0,0,0,0,0,0,no mains / natural or DC,0
0,0,7,210,-0.32312997833185825,0.0739158299508652,-0.0184942167424543,-3.777142857142857,16.451428571428572,36.92,0,0,0,0,0,0,0,0,0,0,0,no mains / natural or DC,0
0,0,7,220,-0.32312997833185825,0.0739158299508652,-0.0184942167424543,-6.3428571428571425,16.53142857142857,36.21714285714286,0,0,0,0,0,0,0,0,0,0,0,no mains / natural or DC,0
0,0,7,230,-0.3195898312326426,0.09540086062196722,-0.02008117923520615,-6.3428571428571425,16.53142857142857,36.21714285714286,0,0,0,0,0,0,0,0,0,0,0,no mains / natural or DC,0
0,0,7,240,-0.34266182439649645,0.12109744560075686,-0.021240882595294046,-8.92,15.82857142857143,34.331428571428575,0,0,0,0,0,0,0,0,0,0,0,no mains / natural or DC,0
0,0,7,250,-0.34266182439649645,0.12109744560075686,-0.021240882595294046,-8.92,15.82857142857143,34.331428571428575,0,0,0,0,0,0,0,0,0,0,0,no mains / natural or DC,0
0,0,7,260,-0.36072878200628683,0.14728232673116246,-0.026978362376781518,-11.388571428571428,14.371428571428572,31.56,0,0,0,0,0,0,0,0,0,0,0,no mains / natural or DC,0
0,0,7,270,-0.36072878200628683,0.14728232673116246,-0.026978362376781518,-11.388571428571428,14.371428571428572,31.56,0,0,0,0,0,0,0,0,0,0,0,no mains / natural or DC,0
0,0,7,280,-0.38001647999511706,0.16394543290505692,-0.03302102725302896,-13.582857142857144,12.337142857142856,27.994285714285713,0,0,0,0,0,0,0,0,0,0,0,no mains / natural or DC,0
0,0,7,290,-0.38001647999511706,0.16394543290505692,-0.03302102725302896,-13.582857142857144,12.337142857142856,27.994285714285713,0,0,0,0,0,0,0,0,0,0,0,no mains / natural or DC,0
0,0,7,300,-0.4937894833216346,0.19324320200201422,-0.05999938962981048,-15.691428571428572,10.09142857142857,23.98857142857143,0,0,0,0,0,0,0,0,0,0,0,no mains / natural or DC,0
0,0,7,310,-0.4937894833216346,0.19324320200201422,-0.05999938962981048,-15.691428571428572,10.09142857142857,23.98857142857143,0,0,0,0,0,0,0,0,0,0,0,no mains / natural or DC,0
0,0,7,320,-1.218054750206,0.3932615131076998,-0.08325449385052033,-16.94857142857143,6.531428571428571,23.234285714285715,0,0,0,0,0,0,0,0,0,0,0,no mains / natural or DC,0
0,0,7,330,-1.218054750206,0.3932615131076998,-0.08325449385052033,-16.94857142857143,6.531428571428571,23.234285714285715,0,0,0,0,0,0,0,0,0,0,0,no mains / natural or DC,0
0,0,7,340,-0.5785088656270028,0.26044495986816,-0.0935697500534074,-17.34285714285714,13.434285714285714,25.86285714285714,0,0,0,0,0,0,0,0,0,0,0,no mains / natural or DC,0
0,0,7,350,-0.5785088656270028,0.26044495986816,-0.0935697500534074,-17.34285714285714,13.434285714285714,25.86285714285714,0,0,0,0,0,0,0,0,0,0,0,no mains / natural or DC,0
0,0,7,360,-0.7365947447126683,0.3564561906796472,-0.2617877742851039,-15.17142857142857,15.594285714285714,22.14857142857143,0,0,0,0,0,0,0,0,0,0,0,no mains / natural or DC,0
0,0,7,370,-1.2360606707968382,0.3563951536606952,-0.20758690145573291,-10.211428571428572,4.56,11.811428571428571,0,0,0,0,0,0,0,0,0,0,0,no mains / natural or DC,0
0,0,7,380,-1.2360606707968382,0.3563951536606952,-0.20758690145573291,-10.211428571428572,4.56,11.811428571428571,0,0,0,0,0,0,0,0,0,0,0,no mains / natural or DC,0
0,0,7,390,-1.3189489425336467,0.30701620532853174,-0.2837611011078219,-5.194285714285714,9.52,-1.2914285714285714,0,0,0,0,0,0,0,0,0,0,0,no mains / natural or DC,0
0,0,7,400,-1.3189489425336467,0.30701620532853174,-0.2837611011078219,-5.194285714285714,9.52,-1.2914285714285714,0,0,0,0,0,0,0,0,0,0,0,no mains / natural or DC,0
0,0,7,410,-1.47727896969512,0.30616168706320385,-0.325876644184698,-1.0114285714285713,7.64,-17.68,0,0,0,0,0,0,0,0,0,0,0,no mains / natural or DC,0
0,0,7,420,-1.47727896969512,0.30616168706320385,-0.325876644184698,-1.0114285714285713,7.64,-17.68,0,0,0,0,0,0,0,0,0,0,0,no mains / natural or DC,0
0,0,7,430,-1.2847682119205297,0.16492202520828883,-0.30365916928617204,1.2742857142857142,4.188571428571429,-29.52,0,0,0,0,0,0,0,0,0,0,0,no mains / natural or DC,0
0,0,7,440,-1.2847682119205297,0.16492202520828883,-0.30365916928617204,1.2742857142857142,4.188571428571429,-29.52,0,0,0,0,0,0,0,0,0,0,0,no mains / natural or DC,0
0,0,7,450,-1.2565691091647084,0.0586565752128666,-0.3118991668446913,0.22857142857142856,-5.085714285714285,-38.52571428571429,0,0,0,0,0,0,0,0,0,0,0,no mains / natural or DC,0
0,0,7,460,-1.2565691091647084,0.0586565752128666,-0.3118991668446913,0.22857142857142856,-5.085714285714285,-38.52571428571429,0,0,0,0,0,0,0,0,0,0,0,no mains / natural or DC,0
0,0,7,470,-1.4003112887966551,-0.028748435926389357,-0.29309976500747703,-2.0285714285714285,-15.862857142857143,-46.26285714285714,0,0,0,0,0,0,0,0,0,0,0,no mains / natural or DC,0
0,0,7,480,-1.4003112887966551,-0.028748435926389357,-0.29309976500747703,-2.0285714285714285,-15.862857142857143,-46.26285714285714,0,0,0,0,0,0,0,0,0,0,0,no mains / natural or DC,0
0,0,7,490,-1.4502395702993867,-0.1152378917813654,-0.28864406262398146,-3.7314285714285713,-17.394285714285715,-52.371428571428574,0,0,0,0,0,0,0,0,0,0,0,no mains / natural or DC,0
0,0,7,500,-1.4502395702993867,-0.1152378917813654,-0.28864406262398146,-5.668571428571428,-15.577142857142857,-57.18857142857143,0,0,0,0,0,0,0,0,0,0,0,no mains / natural or DC,0
0,0,7,510,-1.4341868343150121,-0.24195074312570575,-0.2598345896786401,-5.668571428571428,-15.577142857142857,-57.18857142857143,0,0,0,0,0,0,0,0,0,0,0,no mains / natural or DC,0
0,0,7,520,-1.402447584459975,-0.33204138309884945,-0.24292733542893766,-8.314285714285715,-15.022857142857143,-58.51428571428571,0,0,0,0,0,0,0,0,0,0,0,no mains / natural or DC,0
0,0,7,530,-1.402447584459975,-0.33204138309884945,-0.24292733542893766,-8.314285714285715,-15.022857142857143,-58.51428571428571,0,0,0,0,0,0,0,0,0,0,0,no mains / natural or DC,0
0,0,7,540,-1.3991515854365673,-0.40803247169408247,-0.20935697500534073,-10.451428571428572,-16.64,-54.30285714285714,0,0,0,0,0,0,0,0,0,0,0,no mains / natural or DC,0
0,0,7,550,-1.3991515854365673,-0.40803247169408247,-0.20935697500534073,-10.451428571428572,-16.64,-54.30285714285714,0,0,0,0,0,0,0,0,0,0,0,no mains / natural or DC,0
0,0,7,560,-1.4088564714499343,-0.402111880855739,-0.20166631061738943,-11.651428571428571,-16.954285714285714,-43.84571428571429,0,0,0,0,0,0,0,0,0,0,0,no mains / natural or DC,0
0,0,7,570,-1.4088564714499343,-0.402111880855739,-0.20166631061738943,-11.651428571428571,-16.954285714285714,-43.84571428571429,0,0,0,0,0,0,0,0,0,0,0,no mains / natural or DC,0
0,0,7,580,-1.4415723136082035,-0.3534653767509995,-0.19714957121494187,-11.382857142857143,-15.262857142857143,-28.8,0,0,0,0,0,0,0,0,0,0,0,no mains / natural or DC,0
0,0,7,590,-1.4415723136082035,-0.3534653767509995,-0.19714957121494187,-11.382857142857143,-15.262857142857143,-28.8,0,0,0,0,0,0,0,0,0,0,0,no mains / natural or DC,0
0,0,7,600,-1.4101382488479262,-0.30072939237647633,-0.18451490829187903,-9.925714285714285,-10.657142857142857,-12.76,0,0,0,0,0,0,0,0,0,0,0,no mains / natural or DC,0
0,0,7,610,-1.4101382488479262,-0.30072939237647633,-0.18451490829187903,-9.925714285714285,-10.657142857142857,-12.76,0,0,0,0,0,0,0,0,0,0,0,no mains / natural or DC,0
0,0,7,620,-1.336771752067629,-0.25305948057496874,-0.17413861507003997,-8.445714285714285,-6.651428571428571,1.6057142857142856,0,0,0,0,0,0,0,0,0,0,0,no mains / natural or DC,0
0,0,7,630,-1.336771752067629,-0.25305948057496874,-0.17413861507003997,-8.445714285714285,-5.005714285714285,12.388571428571428,0,0,0,0,0,0,0,0,0,0,0,no mains / natural or DC,0
0,0,7,640,-1.281594286935026,-0.20239875484481337,-0.1588183233130894,-7.445714285714286,-5.005714285714285,12.388571428571428,0,0,0,0,0,0,0,0,0,0,0,no mains / natural or DC,0
0,0,7,650,-1.1897335734122745,-0.14185003204443494,-0.15710928678243355,-6.7942857142857145,-3.742857142857143,19.754285714285714,0,0,0,0,0,0,0,0,0,0,0,no mains / natural or DC,0
0,0,7,660,-1.1897335734122745,-0.14185003204443494,-0.15710928678243355,-6.7942857142857145,-3.742857142857143,19.754285714285714,0,0,0,0,0,0,0,0,0,0,0,no mains / natural or DC,0
0,0,7,670,-1.121433149204993,-0.0848414563432722,-0.16217535935544908,-5.988571428571428,-3.7142857142857144,24.068571428571428,0,0,0,0,0,0,0,0,0,0,0,no mains / natural or DC,0
0,0,7,680,-1.121433149204993,-0.0848414563432722,-0.16217535935544908,-5.988571428571428,-3.7142857142857144,24.068571428571428,0,0,0,0,0,0,0,0,0,0,0,no mains / natural or DC,0
0,0,7,690,-1.0430005798516802,-0.05053865169225135,-0.15381328775902586,-4.6,-3.7942857142857145,25.485714285714284,0,0,0,0,0,0,0,0,0,0,0,no mains / natural or DC,0
0,0,7,700,-1.0430005798516802,-0.05053865169225135,-0.15381328775902586,-4.6,-3.7942857142857145,25.485714285714284,0,0,0,0,0,0,0,0,0,0,0,no mains / natural or DC,0
0,0,7,710,-0.8970000305185095,-0.04492324594866787,-0.14368114261299478,-2.88,-3.4914285714285715,24.44,0,0,0,0,0,0,0,0,0,0,0,no mains / natural or DC,0
0,0,7,720,-0.8970000305185095,-0.04492324594866787,-0.14368114261299478,-2.88,-3.4914285714285715,24.44,0,0,0,0,0,0,0,0,0,0,0,no mains / natural or DC,0
0,0,7,730,-0.7530747398297067,-0.05224768822290719,-0.12475966673787653,-1.497142857142857,-4.948571428571428,21.645714285714284,0,0,0,0,0,0,0,0,0,0,0,no mains / natural or DC,0
0,0,7,740,-0.7530747398297067,-0.05224768822290719,-0.12475966673787653,-1.497142857142857,-4.948571428571428,21.645714285714284,0,0,0,0,0,0,0,0,0,0,0,no mains / natural or DC,0
0,0,7,750,-0.6307565538499099,-0.041383098849452196,-0.10528885769219032,-0.9085714285714286,-8.468571428571428,19.16,0,0,0,0,0,0,0,0,0,0,0,no mains / natural or DC,0
0,0,7,760,-0.6307565538499099,-0.041383098849452196,-0.10528885769219032,-0.9085714285714286,-8.468571428571428,19.16,0,0,0,0,0,0,0,0,0,0,0,no mains / natural or DC,0
0,0,7,770,-0.554704428235725,0.0034180730613116855,-0.09430219428083132,-0.6514285714285715,-13.165714285714285,19.154285714285713,0,0,0,0,0,0,0,0,0,0,0,no mains / natural or DC,0
0,0,7,780,-0.554704428235725,0.05029450361644337,-0.08099612414929655,-0.05142857142857143,-17.18857142857143,22.268571428571427,0,0,0,0,0,0,0,0,0,0,0,no mains / natural or DC,0
0,0,7,790,-0.5017853328043458,0.04724265266884366,-0.08099612414929655,-0.05142857142857143,-17.18857142857143,22.268571428571427,0,0,0,0,0,0,0,0,0,0,0,no mains / natural or DC,0
0,0,7,800,-0.4521011993774224,0.07837153233436078,-0.06689657277138585,0.6971428571428572,-19.68,27.085714285714285,0,0,0,0,0,0,0,0,0,0,0,no mains / natural or DC,0
0,0,7,810,-0.4521011993774224,0.07837153233436078,-0.06689657277138585,0.6971428571428572,-19.68,27.085714285714285,0,0,0,0,0,0,0,0,0,0,0,no mains / natural or DC,0
0,0,7,820,-0.42860194708090454,0.11047700430310983,-0.05047761467329936,1.4114285714285715,-21.662857142857142,32.34285714285714,0,0,0,0,0,0,0,0,0,0,0,no mains / natural or DC,0
0,0,7,830,-0.42860194708090454,0.11047700430310983,-0.05047761467329936,1.4114285714285715,-21.662857142857142,32.34285714285714,0,0,0,0,0,0,0,0,0,0,0,no mains / natural or DC,0
0,0,7,840,-0.424085207678457,0.13672292245246742,-0.03497421185949278,2.1942857142857144,-22.268571428571427,36.97714285714286,0,0,0,0,0,0,0,0,0,0,0,no mains / natural or DC,0
0,0,7,850,-0.424085207678457,0.13672292245246742,-0.03497421185949278,2.1942857142857144,-22.268571428571427,36.97714285714286,0,0,0,0,0,0,0,0,0,0,0,no mains / natural or DC,0
0,0,7,860,-0.44715720084231086,0.1575365459150975,-0.02423169652394177,3.1085714285714285,-21.451428571428572,39.89142857142857,0,0,0,0,0,0,0,0,0,0,0,no mains / natural or DC,0
0,0,7,870,-0.44715720084231086,0.1575365459150975,-0.02423169652394177,3.1085714285714285,-21.451428571428572,39.89142857142857,0,0,0,0,0,0,0,0,0,0,0,no mains / natural or DC,0
0,0,7,880,-0.48414563432721947,0.17658009582811976,-0.019592883083590196,4.217142857142857,-19.34285714285714,40.44,0,0,0,0,0,0,0,0,0,0,0,no mains / natural or DC,0
0,0,7,890,-0.48414563432721947,0.17658009582811976,-0.019592883083590196,4.217142857142857,-19.34285714285714,40.44,0,0,0,0,0,0,0,0,0,0,0,no mains / natural or DC,0
0,0,7,900,-0.5051423688467055,0.19495223853267007,-0.008545182653279214,5.388571428571429,-16.417142857142856,38.988571428571426,0,0,0,0,0,0,0,0,0,0,0,no mains / natural or DC,0
0,0,7,910,-0.5051423688467055,0.19495223853267007,-0.008545182653279214,6.474285714285714,-14.022857142857143,35.69714285714286,0,0,0,0,0,0,0,0,0,0,0,no mains / natural or DC,0
0,0,7,920,-0.5069124423963134,0.21112704855494857,-0.0026245918149357585,6.474285714285714,-14.022857142857143,35.69714285714286,0,0,0,0,0,0,0,0,0,0,0,no mains / natural or DC,0
0,0,7,930,-0.521317178868984,0.2367625965147862,0.0005493331705679495,7.56,-12.914285714285715,30.64,0,0,0,0,0,0,0,0,0,0,0,no mains / natural or DC,0
0,0,7,940,-0.521317178868984,0.2367625965147862,0.0005493331705679495,7.56,-12.914285714285715,30.64,0,0,0,0,0,0,0,0,0,0,0,no mains / natural or DC,0
0,0,7,950,-0.5457319864497818,0.26496169927060764,-0.0016479995117038484,8.868571428571428,-12.365714285714287,25.251428571428573,0,0,0,0,0,0,0,0,0,0,0,no mains / natural or DC,0
0,0,7,960,-0.5457319864497818,0.26496169927060764,-0.0016479995117038484,8.868571428571428,-12.365714285714287,25.251428571428573,0,0,0,0,0,0,0,0,0,0,0,no mains / natural or DC,0
0,0,7,970,-0.8693502609332561,0.3664662617877743,-0.008301034577471236,10.702857142857143,-13.034285714285714,20.714285714285715,0,0,0,0,0,0,0,0,0,0,0,no mains / natural or DC,0
0,0,7,980,-0.8693502609332561,0.3664662617877743,-0.008301034577471236,10.702857142857143,-13.034285714285714,20.714285714285715,0,0,0,0,0,0,0,0,0,0,0,no mains / natural or DC,0
0,0,7,990,-0.750389110995819,0.3534653767509995,0.041016876735740226,11.76,-11.6,20.82857142857143,0,0,0,0,0,0,0,0,0,0,0,no mains / natural or DC,0
0,0,8,0,-0.750389110995819,0.3534653767509995,0.041016876735740226,11.76,-11.6,20.82857142857143,0,0,0,0,0,0,0,0,0,0,0,no mains / natural or DC,0
0,0,8,10,-0.5830256050294503,0.29096346934415723,0.047120578630939665,12.285714285714286,-5.588571428571429,19.045714285714286,0,0,0,0,0,0,0,0,0,0,0,no mains / natural or DC,0
0,0,8,20,-0.5830256050294503,0.29096346934415723,0.047120578630939665,12.285714285714286,-5.588571428571429,19.045714285714286,0,0,0,0,0,0,0,0,0,0,0,no mains / natural or DC,0
0,0,8,30,-0.8658101138340404,0.3399761955626087,0.12512588885158848,10.942857142857143,-10.982857142857142,12.17142857142857,0,0,0,0,0,0,0,0,0,0,0,no mains / natural or DC,0
0,0,8,40,-0.8658101138340404,0.3399761955626087,0.12512588885158848,10.942857142857143,-10.982857142857142,0.4685714285714286,0,0,0,0,0,0,0,0,0,0,0,no mains / natural or DC,0
0,0,8,50,-0.9582201605273598,0.2661824396496475,0.21826837977233193,8.12,-17.645714285714284,1.3714285714285714,0,0,0,0,0,0,0,0,0,0,0,no mains / natural or DC,0
0,0,8,60,-1.074068422498245,0.24488052003540148,0.2349314859462264,5.685714285714286,-28.125714285714285,-19.422857142857143,0,0,0,0,0,0,0,0,0,0,0,no mains / natural or DC,0
0,0,8,70,-1.074068422498245,0.24488052003540148,0.2349314859462264,5.685714285714286,-28.125714285714285,-19.422857142857143,0,0,0,0,0,0,0,0,0,0,0,no mains / natural or DC,0
0,0,8,80,-1.2239143040253915,0.2335886715292825,0.27900021362956634,6.12,-33.52571428571429,-44.36,0,0,0,0,0,0,0,0,0,0,0,no mains / natural or DC,0
0,0,8,90,-1.2239143040253915,0.2335886715292825,0.27900021362956634,6.12,-33.52571428571429,-44.36,0,0,0,0,0,0,0,0,0,0,0,no mains / natural or DC,0
0,0,8,100,-1.218054750206,0.19580675679799797,0.3087862788781396,8.365714285714287,-25.931428571428572,-64.24,0,0,0,0,0,0,0,0,0,0,0,no mains / natural or DC,0
0,0,8,110,-1.218054750206,0.19580675679799797,0.3087862788781396,8.365714285714287,-25.931428571428572,-64.24,0,0,0,0,0,0,0,0,0,0,0,no mains / natural or DC,0
0,0,8,120,-1.2355723746452223,0.1260414441358684,0.35578478347117526,9.6,-19.937142857142856,-75.53142857142858,0,0,0,0,0,0,0,0,0,0,0,no mains / natural or DC,0
0,0,8,130,-1.2355723746452223,0.1260414441358684,0.35578478347117526,9.6,-19.937142857142856,-75.53142857142858,0,0,0,0,0,0,0,0,0,0,0,no mains / natural or DC,0
0,0,8,140,-1.2740256965849788,0.009521774956511124,0.41712698751792965,7.868571428571428,-17.548571428571428,-74.94857142857143,0,0,0,0,0,0,0,0,0,0,0,no mains / natural or DC,0
0,0,8,150,-1.2740256965849788,0.009521774956511124,0.41712698751792965,7.868571428571428,-17.548571428571428,-74.94857142857143,0,0,0,0,0,0,0,0,0,0,0,no mains / natural or DC,0
0,0,8,160,-1.3544114505447553,-0.1118808557390057,0.4540543839838862,4.222857142857142,-15.251428571428571,-66.61714285714285,0,0,0,0,0,0,0,0,0,0,0,no mains / natural or DC,0
0,0,8,170,-1.432782982879116,-0.1673024689474166,0.45081942197943053,0.5771428571428572,-10.571428571428571,-57.34285714285714,0,0,0,0,0,0,0,0,0,0,0,no mains / natural or DC,0
0,0,8,180,-1.432782982879116,-0.1673024689474166,0.45081942197943053,0.5771428571428572,-10.571428571428571,-57.34285714285714,0,0,0,0,0,0,0,0,0,0,0,no mains / natural or DC,0
0,0,8,190,-1.432782982879116,-0.1673024689474166,0.43519394512771997,-1.2228571428571429,-2.702857142857143,-49.94857142857143,0,0,0,0,0,0,0,0,0,0,0,no mains / natural or DC,0
0,0,8,200,-1.5044404431287577,-0.18274483474227118,0.42493972594378493,-1.2228571428571429,-2.702857142857143,-49.94857142857143,0,0,0,0,0,0,0,0,0,0,0,no mains / natural or DC,0
0,0,8,210,-1.531479842524491,-0.19586779381695,0.40034180730613117,-0.6857142857142857,6.977142857142857,-42.78857142857143,0,0,0,0,0,0,0,0,0,0,0,no mains / natural or DC,0
0,0,8,220,-1.531479842524491,-0.19586779381695,0.40034180730613117,-0.6857142857142857,6.977142857142857,-42.78857142857143,0,0,0,0,0,0,0,0,0,0,0,no mains / natural or DC,0
0,0,8,230,-1.5092013306070131,-0.2042909024323252,0.36213263344218266,1.2057142857142857,15.645714285714286,-33.2,0,0,0,0,0,0,0,0,0,0,0,no mains / natural or DC,0
0,0,8,240,-1.5092013306070131,-0.2042909024323252,0.36213263344218266,1.2057142857142857,15.645714285714286,-33.2,0,0,0,0,0,0,0,0,0,0,0,no mains / natural or DC,0
0,0,8,250,-1.4913785210730308,-0.19208349864192634,0.3127536851100192,3.434285714285714,20.64,-21.68,0,0,0,0,0,0,0,0,0,0,0,no mains / natural or DC,0
0,0,8,260,-1.4913785210730308,-0.19208349864192634,0.3127536851100192,3.434285714285714,20.64,-21.68,0,0,0,0,0,0,0,0,0,0,0,no mains / natural or DC,0
0,0,8,270,-1.4833216345713676,-0.1673024689474166,0.26911221655934325,5.485714285714286,23.291428571428572,-10.297142857142857,0,0,0,0,0,0,0,0,0,0,0,no mains / natural or DC,0
0,0,8,280,-1.4833216345713676,-0.1673024689474166,0.26911221655934325,5.485714285714286,23.291428571428572,-10.297142857142857,0,0,0,0,0,0,0,0,0,0,0,no mains / natural or DC,0
0,0,8,290,-1.4586016418958099,-0.13837092196417128,0.23383281960509048,6.937142857142857,24.485714285714284,-1.062857142857143,0,0,0,0,0,0,0,0,0,0,0,no mains / natural or DC,0
0,0,8,300,-1.4586016418958099,-0.13837092196417128,0.23383281960509048,6.937142857142857,24.485714285714284,-1.062857142857143,0,0,0,0,0,0,0,0,0,0,0,no mains / natural or DC,0
0,0,8,310,-1.4057435834833827,-0.10675374614703818,0.2042298654133732,7.822857142857143,23.82857142857143,4.96,0,0,0,0,0,0,0,0,0,0,0,no mains / natural or DC,0
0,0,8,320,-1.4057435834833827,-0.10675374614703818,0.2042298654133732,7.822857142857143,22.074285714285715,8.617142857142857,0,0,0,0,0,0,0,0,0,0,0,no mains / natural or DC,0
0,0,8,330,-1.3314615314188054,-0.07415997802667318,0.17926572466200752,8.508571428571429,22.074285714285715,8.617142857142857,0,0,0,0,0,0,0,0,0,0,0,no mains / natural or DC,0
0,0,8,340,-1.249732963042085,-0.049745170445875425,0.1599169896542253,9.057142857142857,19.50857142857143,10.965714285714286,0,0,0,0,0,0,0,0,0,0,0,no mains / natural or DC,0
0,0,8,350,-1.249732963042085,-0.049745170445875425,0.1599169896542253,9.057142857142857,19.50857142857143,10.965714285714286,0,0,0,0,0,0,0,0,0,0,0,no mains / natural or DC,0
0,0,8,360,-1.1581774346140934,-0.03363139744254891,0.14093447676015503,9.457142857142857,16.81714285714286,12.588571428571429,0,0,0,0,0,0,0,0,0,0,0,no mains / natural or DC,0
0,0,8,370,-1.1581774346140934,-0.03363139744254891,0.14093447676015503,9.457142857142857,16.81714285714286,12.588571428571429,0,0,0,0,0,0,0,0,0,0,0,no mains / natural or DC,0
0,0,8,380,-1.0575273903622546,-0.023865474410229806,0.12042603839228493,9.68,14.577142857142857,13.72,0,0,0,0,0,0,0,0,0,0,0,no mains / natural or DC,0
0,0,8,390,-1.0575273903622546,-0.023865474410229806,0.12042603839228493,9.68,14.577142857142857,13.72,0,0,0,0,0,0,0,0,0,0,0,no mains / natural or DC,0
0,0,8,400,-0.968047120578631,-0.009521774956511124,0.09656056398205512,9.948571428571428,13.411428571428571,14.731428571428571,0,0,0,0,0,0,0,0,0,0,0,no mains / natural or DC,0
0,0,8,410,-0.968047120578631,-0.009521774956511124,0.09656056398205512,9.948571428571428,13.411428571428571,14.731428571428571,0,0,0,0,0,0,0,0,0,0,0,no mains / natural or DC,0
0,0,8,420,-0.8631244850001526,0.0006714072084719382,0.07452620014038515,10.394285714285715,13.82857142857143,15.90857142857143,0,0,0,0,0,0,0,0,0,0,0,no mains / natural or DC,0
0,0,8,430,-0.8631244850001526,0.0006714072084719382,0.07452620014038515,10.394285714285715,13.82857142857143,15.90857142857143,0,0,0,0,0,0,0,0,0,0,0,no mains / natural or DC,0
0,0,8,440,-0.7596667378765221,0.01532029175695059,0.050050355540635395,11.005714285714285,15.377142857142857,17.52,0,0,0,0,0,0,0,0,0,0,0,no mains / natural or DC,0
0,0,8,450,-0.7596667378765221,0.01532029175695059,0.050050355540635395,11.005714285714285,15.377142857142857,17.52,0,0,0,0,0,0,0,0,0,0,0,no mains / natural or DC,0
0,0,8,460,-0.6808069093905453,0.032837916196172975,0.02661214026306955,11.737142857142857,17.44,19.908571428571427,0,0,0,0,0,0,0,0,0,0,0,no mains / natural or DC,0
0,0,8,470,-0.6183050019837031,0.05011139255958739,0.010559404278695029,12.434285714285714,20.068571428571428,22.94857142857143,0,0,0,0,0,0,0,0,0,0,0,no mains / natural or DC,0
0,0,8,480,-0.6217841120639668,0.05011139255958739,0.010559404278695029,12.434285714285714,20.068571428571428,22.94857142857143,0,0,0,0,0,0,0,0,0,0,0,no mains / natural or DC,0
0,0,8,490,-0.5744193853572191,0.06659138767662587,-0.003967406231879635,12.737142857142857,22.845714285714287,26.37142857142857,0,0,0,0,0,0,0,0,0,0,0,no mains / natural or DC,0
0,0,8,500,-0.5744193853572191,0.06659138767662587,-0.003967406231879635,12.737142857142857,22.845714285714287,26.37142857142857,0,0,0,0,0,0,0,0,0,0,0,no mains / natural or DC,0
0,0,8,510,-0.5250404370250557,0.07855464339121677,-0.01751762443922239,12.445714285714285,24.65714285714286,29.70285714285714,0,0,0,0,0,0,0,0,0,0,0,no mains / natural or DC,0
0,0,8,520,-0.5250404370250557,0.07855464339121677,-0.01751762443922239,12.445714285714285,24.65714285714286,29.70285714285714,0,0,0,0,0,0,0,0,0,0,0,no mains / natural or DC,0
0,0,8,530,-0.4867702261421552,0.09540086062196722,-0.03173924985503708,11.72,25.28,32.44,0,0,0,0,0,0,0,0,0,0,0,no mains / natural or DC,0
0,0,8,540,-0.4867702261421552,0.09540086062196722,-0.03173924985503708,11.72,25.28,32.44,0,0,0,0,0,0,0,0,0,0,0,no mains / natural or DC,0
0,0,8,550,-0.45606860560930207,0.11230811487166967,-0.04229865413373211,10.731428571428571,24.86285714285714,34.02285714285714,0,0,0,0,0,0,0,0,0,0,0,no mains / natural or DC,0
0,0,8,560,-0.45606860560930207,0.11230811487166967,-0.04229865413373211,10.731428571428571,24.86285714285714,34.02285714285714,0,0,0,0,0,0,0,0,0,0,0,no mains / natural or DC,0
0,0,8,570,-0.43336283455916014,0.12537003692739646,-0.04803613391521958,9.628571428571428,23.86857142857143,34.4,0,0,0,0,0,0,0,0,0,0,0,no mains / natural or DC,0
0,0,8,580,-0.43336283455916014,0.12537003692739646,-0.04803613391521958,9.628571428571428,23.86857142857143,34.4,0,0,0,0,0,0,0,0,0,0,0,no mains / natural or DC,0
0,0,8,590,-0.4154789880062258,0.13666188543351543,-0.054506057924130984,8.154285714285715,22.074285714285715,33.38857142857143,0,0,0,0,0,0,0,0,0,0,0,no mains / natural or DC,0
0,0,8,600,-0.4154789880062258,0.13666188543351543,-0.054506057924130984,6.177142857142857,18.794285714285714,31.32,0,0,0,0,0,0,0,0,0,0,0,no mains / natural or DC,0
0,0,8,610,-0.42200994903408917,0.15381328775902586,-0.05926694540238655,6.177142857142857,18.794285714285714,31.32,0,0,0,0,0,0,0,0,0,0,0,no mains / natural or DC,0
0,0,8,620,-0.4539323099459822,0.18103579821161533,-0.06463820307016205,3.96,14.98857142857143,29.04,0,0,0,0,0,0,0,0,0,0,0,no mains / natural or DC,0
0,0,8,630,-0.4539323099459822,0.18103579821161533,-0.06463820307016205,3.96,14.98857142857143,29.04,0,0,0,0,0,0,0,0,0,0,0,no mains / natural or DC,0
0,0,8,640,-0.4776757103183081,0.2086855677968688,-0.06701864680928983,1.7657142857142858,12.148571428571428,27.12,0,0,0,0,0,0,0,0,0,0,0,no mains / natural or DC,0
0,0,8,650,-0.4776757103183081,0.2086855677968688,-0.06701864680928983,1.7657142857142858,12.148571428571428,27.12,0,0,0,0,0,0,0,0,0,0,0,no mains / natural or DC,0
0,0,8,660,-0.4881740775780511,0.2401196325571459,-0.06903286843470564,-0.10857142857142857,10.257142857142858,25.754285714285714,0,0,0,0,0,0,0,0,0,0,0,no mains / natural or DC,0
0,0,8,670,-0.4881740775780511,0.2401196325571459,-0.06903286843470564,-0.10857142857142857,10.257142857142858,25.754285714285714,0,0,0,0,0,0,0,0,0,0,0,no mains / natural or DC,0
0,0,8,680,-0.5719779045991393,0.25952940458388013,-0.09833063753166295,-1.3542857142857143,8.537142857142857,24.617142857142856,0,0,0,0,0,0,0,0,0,0,0,no mains / natural or DC,0
0,0,8,690,-0.5719779045991393,0.25952940458388013,-0.09833063753166295,-1.3542857142857143,8.537142857142857,24.617142857142856,0,0,0,0,0,0,0,0,0,0,0,no mains / natural or DC,0
0,0,8,700,-1.2309335612048709,0.49818414868617816,-0.09533982360301523,-1.1885714285714286,4.64,25.4,0,0,0,0,0,0,0,0,0,0,0,no mains / natural or DC,0
0,0,8,710,-1.2309335612048709,0.49818414868617816,-0.09533982360301523,-1.1885714285714286,4.64,25.4,0,0,0,0,0,0,0,0,0,0,0,no mains / natural or DC,0
0,0,8,720,-0.6440015869624928,0.3520615253151036,-0.06585894344920194,-0.5714285714285714,12.971428571428572,29.777142857142856,0,0,0,0,0,0,0,0,0,0,0,no mains / natural or DC,0
0,0,8,730,-0.6440015869624928,0.3520615253151036,-0.06585894344920194,-0.5714285714285714,12.971428571428572,27.662857142857142,0,0,0,0,0,0,0,0,0,0,0,no mains / natural or DC,0
0,0,8,740,-0.5015411847285378,0.31934568315683465,-0.17218543046357615,0.9485714285714286,12.371428571428572,27.662857142857142,0,0,0,0,0,0,0,0,0,0,0,no mains / natural or DC,0
0,0,8,750,-1.0263985106967375,0.3239844965971862,-0.11871700186162908,3.914285714285714,-4.091428571428572,11.674285714285714,0,0,0,0,0,0,0,0,0,0,0,no mains / natural or DC,0
0,0,8,760,-1.0263985106967375,0.3239844965971862,-0.11871700186162908,3.914285714285714,-4.091428571428572,11.674285714285714,0,0,0,0,0,0,0,0,0,0,0,no mains / natural or DC,0
0,0,8,770,-1.272804956205939,0.3192236091189306,-0.1217078157902768,7.114285714285714,-2.04,-9.12,0,0,0,0,0,0,0,0,0,0,0,no mains / natural or DC,0
0,0,8,780,-1.272804956205939,0.3192236091189306,-0.1217078157902768,7.114285714285714,-2.04,-9.12,0,0,0,0,0,0,0,0,0,0,0,no mains / natural or DC,0
0,0,8,790,-1.32731101413007,0.32624286629841,-0.18103579821161533,10.142857142857142,1.6228571428571428,-31.14857142857143,0,0,0,0,0,0,0,0,0,0,0,no mains / natural or DC,0
0,0,8,800,-1.32731101413007,0.32624286629841,-0.18103579821161533,10.142857142857142,1.6228571428571428,-31.14857142857143,0,0,0,0,0,0,0,0,0,0,0,no mains / natural or DC,0
0,0,8,810,-1.2699362163151953,0.2764366588335826,-0.1903744621112705,12.84,-0.8514285714285714,-47.26857142857143,0,0,0,0,0,0,0,0,0,0,0,no mains / natural or DC,0
0,0,8,820,-1.2699362163151953,0.2764366588335826,-0.1903744621112705,12.84,-0.8514285714285714,-47.26857142857143,0,0,0,0,0,0,0,0,0,0,0,no mains / natural or DC,0
0,0,8,830,-1.1789300210577716,0.22919400616473892,-0.23786126285592213,15.565714285714286,-4.04,-54.29714285714286,0,0,0,0,0,0,0,0,0,0,0,no mains / natural or DC,0
0,0,8,840,-1.1789300210577716,0.22919400616473892,-0.23786126285592213,15.565714285714286,-4.04,-54.29714285714286,0,0,0,0,0,0,0,0,0,0,0,no mains / natural or DC,0
0,0,8,850,-1.2325815607165747,0.1683400982696005,-0.26367992187261574,19.53142857142857,-9.377142857142857,-55.42857142857143,0,0,0,0,0,0,0,0,0,0,0,no mains / natural or DC,0
0,0,8,860,-1.2325815607165747,0.1683400982696005,-0.26367992187261574,19.53142857142857,-9.377142857142857,-55.42857142857143,0,0,0,0,0,0,0,0,0,0,0,no mains / natural or DC,0
0,0,8,870,-1.3203527939695425,0.07690664387951293,-0.2533036286507767,25.18285714285714,-12.188571428571429,-54.011428571428574,0,0,0,0,0,0,0,0,0,0,0,no mains / natural or DC,0
0,0,8,880,-1.3203527939695425,0.07690664387951293,-0.21588793603320414,31.28,-12.582857142857144,-52.794285714285714,0,0,0,0,0,0,0,0,0,0,0,no mains / natural or DC,0
0,0,8,890,-1.3754081850642415,-0.03326517532883694,-0.21588793603320414,31.28,-12.582857142857144,-52.794285714285714,0,0,0,0,0,0,0,0,0,0,0,no mains / natural or DC,0
0,0,8,900,-1.4266182439649648,-0.09308145390179144,-0.2045960875270852,36.862857142857145,-13.708571428571428,-51.457142857142856,0,0,0,0,0,0,0,0,0,0,0,no mains / natural or DC,0
0,0,8,910,-1.4266182439649648,-0.09308145390179144,-0.2045960875270852,36.862857142857145,-13.708571428571428,-51.457142857142856,0,0,0,0,0,0,0,0,0,0,0,no mains / natural or DC,0
0,0,8,920,-1.4498733481856747,-0.13281655323953978,-0.1825006866664632,42.142857142857146,-14.90857142857143,-48.142857142857146,0,0,0,0,0,0,0,0,0,0,0,no mains / natural or DC,0
0,0,8,930,-1.4498733481856747,-0.13281655323953978,-0.1825006866664632,42.142857142857146,-14.90857142857143,-48.142857142857146,0,0,0,0,0,0,0,0,0,0,0,no mains / natural or DC,0
0,0,8,940,-1.4190496536149175,-0.14368114261299478,-0.17108676412244025,47.0,-14.022857142857143,-41.142857142857146,0,0,0,0,0,0,0,0,0,0,0,no mains / natural or DC,0
0,0,8,950,-1.4190496536149175,-0.14368114261299478,-0.17108676412244025,47.0,-14.022857142857143,-41.142857142857146,0,0,0,0,0,0,0,0,0,0,0,no mains / natural or DC,0
0,0,8,960,-1.3855403302102725,-0.1575365459150975,-0.15674306466872157,51.245714285714286,-13.022857142857143,-30.451428571428572,0,0,0,0,0,0,0,0,0,0,0,no mains / natural or DC,0
0,0,8,970,-1.3855403302102725,-0.1575365459150975,-0.15674306466872157,51.245714285714286,-13.022857142857143,-30.451428571428572,0,0,0,0,0,0,0,0,0,0,0,no mains / natural or DC,0
0,0,8,980,-1.3857844782860804,-0.1544236579485458,-0.1400799584948271,54.51428571428571,-11.611428571428572,-17.65142857142857,0,0,0,0,0,0,0,0,0,0,0,no mains / natural or DC,0
0,0,8,990,-1.3857844782860804,-0.1544236579485458,-0.1400799584948271,54.51428571428571,-11.611428571428572,-17.65142857142857,0,0,0,0,0,0,0,0,0,0,0,no mains / natural or DC,0
0,0,9,0,-1.3294473097933897,-0.14423047578356274,-0.12335581530198066,56.72,-9.125714285714286,-5.474285714285714,0,0,0,0,0,0,0,0,0,0,0,no mains / natural or DC,0
0,0,9,10,-1.3294473097933897,-0.14423047578356274,-0.12335581530198066,57.89142857142857,-8.245714285714286,4.371428571428571,0,0,0,0,0,0,0,0,0,0,0,no mains / natural or DC,0
0,0,9,20,-1.2309945982238228,-0.12195196386608478,-0.10852381969664601,57.89142857142857,-8.245714285714286,4.371428571428571,0,0,0,0,0,0,0,0,0,0,0,no mains / natural or DC,0
0,0,9,30,-1.1439558091982787,-0.07916501358073672,-0.09607226783043916,58.4,-9.01142857142857,12.194285714285714,0,0,0,0,0,0,0,0,0,0,0,no mains / natural or DC,0
0,0,9,40,-1.1439558091982787,-0.07916501358073672,-0.09607226783043916,58.4,-9.01142857142857,12.194285714285714,0,0,0,0,0,0,0,0,0,0,0,no mains / natural or DC,0
0,0,9,50,-1.0478835413678396,-0.03595080416272469,-0.08551286355174413,58.84571428571429,-9.811428571428571,18.297142857142855,0,0,0,0,0,0,0,0,0,0,0,no mains / natural or DC,0
0,0,9,60,-1.0478835413678396,-0.03595080416272469,-0.08551286355174413,58.84571428571429,-9.811428571428571,18.297142857142855,0,0,0,0,0,0,0,0,0,0,0,no mains / natural or DC,0
0,0,9,70,-0.9374675740836818,0.0008545182653279214,-0.07538071840571306,59.565714285714286,-10.262857142857143,22.97714285714286,0,0,0,0,0,0,0,0,0,0,0,no mains / natural or DC,0
0,0,9,80,-0.9374675740836818,0.0008545182653279214,-0.07538071840571306,59.565714285714286,-10.262857142857143,22.97714285714286,0,0,0,0,0,0,0,0,0,0,0,no mains / natural or DC,0
0,0,9,90,-0.8225348673970764,0.023499252296517836,-0.05737479781487472,60.50857142857143,-10.868571428571428,26.44,0,0,0,0,0,0,0,0,0,0,0,no mains / natural or DC,0
0,0,9,100,-0.8225348673970764,0.023499252296517836,-0.05737479781487472,60.50857142857143,-10.868571428571428,26.44,0,0,0,0,0,0,0,0,0,0,0,no mains / natural or DC,0
0,0,9,110,-0.7134006775109104,0.03979613635670034,-0.04181035798211615,61.502857142857145,-12.28,28.76,0,0,0,0,0,0,0,0,0,0,0,no mains / natural or DC,0
0,0,9,120,-0.7134006775109104,0.03979613635670034,-0.04181035798211615,61.502857142857145,-12.28,28.76,0,0,0,0,0,0,0,0,0,0,0,no mains / natural or DC,0
0,0,9,130,-0.6272164067506943,0.057435834833826714,-0.026673177282021544,62.44,-14.537142857142857,30.228571428571428,0,0,0,0,0,0,0,0,0,0,0,no mains / natural or DC,0
0,0,9,140,-0.6272164067506943,0.057435834833826714,-0.026673177282021544,62.44,-14.537142857142857,30.228571428571428,0,0,0,0,0,0,0,0,0,0,0,no mains / natural or DC,0
0,0,9,150,-0.5966978972746971,0.09149449140903958,-0.026001770073549608,63.80571428571429,-17.034285714285716,31.2,0,0,0,0,0,0,0,0,0,0,0,no mains / natural or DC,0
0,0,9,160,-0.5603198339793084,0.11426129947813349,-0.01751762443922239,65.97142857142858,-17.902857142857144,31.885714285714286,0,0,0,0,0,0,0,0,0,0,0,no mains / natural or DC,0
0,0,9,170,-0.5603198339793084,0.11426129947813349,-0.01751762443922239,65.97142857142858,-17.902857142857144,31.885714285714286,0,0,0,0,0,0,0,0,0,0,0,no mains / natural or DC,0
0,0,9,180,-0.5384075441755425,0.15192114017151404,-0.018555253761406293,68.64,-17.748571428571427,32.714285714285715,0,0,0,0,0,0,0,0,0,0,0,no mains / natural or DC,0
0,0,9,190,-0.5384075441755425,0.15192114017151404,-0.018555253761406293,68.64,-17.748571428571427,32.714285714285715,0,0,0,0,0,0,0,0,0,0,0,no mains / natural or DC,0
0,0,9,200,-0.5176549577318644,0.17780083620715964,-0.016357921079134495,71.82285714285715,-17.37142857142857,33.862857142857145,0,0,0,0,0,0,0,0,0,0,0,no mains / natural or DC,0
0,0,9,210,-0.5176549577318644,0.17780083620715964,-0.016357921079134495,71.82285714285715,-17.37142857142857,33.862857142857145,0,0,0,0,0,0,0,0,0,0,0,no mains / natural or DC,0
0,0,9,220,-0.5366985076448866,0.21210364085818048,-0.023865474410229806,75.48571428571428,-16.588571428571427,34.76,0,0,0,0,0,0,0,0,0,0,0,no mains / natural or DC,0
0,0,9,230,-0.5366985076448866,0.21210364085818048,-0.023865474410229806,75.48571428571428,-16.588571428571427,34.76,0,0,0,0,0,0,0,0,0,0,0,no mains / natural or DC,0
0,0,9,240,-0.5461592455824458,0.23889889217810603,-0.025513473921933653,79.60571428571428,-15.074285714285715,34.94285714285714,0,0,0,0,0,0,0,0,0,0,0,no mains / natural or DC,0
0,0,9,250,-0.5461592455824458,0.23889889217810603,-0.025513473921933653,79.60571428571428,-15.074285714285715,34.94285714285714,0,0,0,0,0,0,0,0,0,0,0,no mains / natural or DC,0
0,0,9,260,-0.5344401379436629,0.2641071810052797,-0.03363139744254891,83.84,-12.982857142857142,34.74857142857143,0,0,0,0,0,0,0,0,0,0,0,no mains / natural or DC,0
0,0,9,270,-0.5344401379436629,0.2641071810052797,-0.03363139744254891,83.84,-12.982857142857142,34.74857142857143,0,0,0,0,0,0,0,0,0,0,0,no mains / natural or DC,0
0,0,9,280,-0.4980620746482742,0.27973265785699025,-0.03277687917722098,87.99428571428571,-11.674285714285714,33.97714285714286,0,0,0,0,0,0,0,0,0,0,0,no mains / natural or DC,0
0,0,9,290,-0.4980620746482742,0.27973265785699025,-0.03277687917722098,91.6,-11.445714285714285,32.57714285714286,0,0,0,0,0,0,0,0,0,0,0,no mains / natural or DC,0
0,0,9,300,-0.3959471419415876,0.2625812555314798,-0.019592883083590196,91.6,-11.445714285714285,32.57714285714286,0,0,0,0,0,0,0,0,0,0,0,no mains / natural or DC,0
0,0,9,310,-0.3073213904232917,0.23792229987487412,-0.013855403302102725,94.02857142857142,-14.142857142857142,29.8,0,0,0,0,0,0,0,0,0,0,0,no mains / natural or DC,0
0,0,9,320,-0.3073213904232917,0.23792229987487412,-0.013855403302102725,94.02857142857142,-14.142857142857142,29.8,0,0,0,0,0,0,0,0,0,0,0,no mains / natural or DC,0
0,0,9,330,-1.1053193762016662,0.5163121433149205,-0.04498428296761986,96.88571428571429,-23.337142857142858,26.86857142857143,0,0,0,0,0,0,0,0,0,0,0,no mains / natural or DC,0
0,0,9,340,-1.1053193762016662,0.5163121433149205,-0.04498428296761986,96.88571428571429,-23.337142857142858,26.86857142857143,0,0,0,0,0,0,0,0,0,0,0,no mains / natural or DC,0
0,0,9,350,-0.7154148991363262,0.44300668355357525,0.04400769066438795,99.28,-24.091428571428573,31.611428571428572,0,0,0,0,0,0,0,0,0,0,0,no mains / natural or DC,0
0,0,9,360,-0.7154148991363262,0.44300668355357525,0.04400769066438795,99.28,-24.091428571428573,31.611428571428572,0,0,0,0,0,0,0,0,0,0,0,no mains / natural or DC,0
0,0,9,370,-0.4272591326639607,0.3637806329538865,0.019409772026734214,101.88,-18.611428571428572,34.862857142857145,0,0,0,0,0,0,0,0,0,0,0,no mains / natural or DC,0
0,0,9,380,-0.4272591326639607,0.3637806329538865,0.019409772026734214,101.88,-18.611428571428572,34.862857142857145,0,0,0,0,0,0,0,0,0,0,0,no mains / natural or DC,0
0,0,9,390,-0.6465651417584766,0.3548081911679434,0.17346720786156805,102.48571428571428,-30.428571428571427,27.337142857142858,0,0,0,0,0,0,0,0,0,0,0,no mains / natural or DC,0
0,0,9,400,-0.6465651417584766,0.3548081911679434,0.17346720786156805,102.48571428571428,-30.428571428571427,27.337142857142858,0,0,0,0,0,0,0,0,0,0,0,no mains / natural or DC,0
0,0,9,410,-0.8885158848841822,0.43122653889584034,0.25458540604876856,99.78857142857143,-43.19428571428571,19.05142857142857,0,0,0,0,0,0,0,0,0,0,0,no mains / natural or DC,0
0,0,9,420,-0.8885158848841822,0.43122653889584034,0.25458540604876856,99.78857142857143,-62.02857142857143,9.977142857142857,0,0,0,0,0,0,0,0,0,0,0,no mains / natural or DC,0
0,0,9,430,-1.0355540635395368,0.4944608905301065,0.3434553056428724,96.90857142857143,-62.02857142857143,9.977142857142857,0,0,0,0,0,0,0,0,0,0,0,no mains / natural or DC,0
0,0,9,440,-1.0459303567613758,0.4483779412213508,0.46400341807306134,96.09714285714286,-82.6,-3.12,0,0,0,0,0,0,0,0,0,0,0,no mains / natural or DC,0
0,0,9,450,-1.0459303567613758,0.4483779412213508,0.46400341807306134,96.09714285714286,-82.6,-3.12,0,0,0,0,0,0,0,0,0,0,0,no mains / natural or DC,0
0,0,9,460,-1.000274666585284,0.4029663991210669,0.5620899075289163,97.93714285714286,-90.90857142857143,-20.485714285714284,0,0,0,0,0,0,0,0,0,0,0,no mains / natural or DC,0
0,0,9,470,-1.000274666585284,0.4029663991210669,0.5620899075289163,97.93714285714286,-90.90857142857143,-20.485714285714284,0,0,0,0,0,0,0,0,0,0,0,no mains / natural or DC,0
0,0,9,480,-1.0527665028839992,0.4273201696829127,0.6391186254463332,102.18285714285715,-87.61142857142858,-38.17142857142857,0,0,0,0,0,0,0,0,0,0,0,no mains / natural or DC,0
0,0,9,490,-1.0527665028839992,0.4273201696829127,0.6391186254463332,102.18285714285715,-87.61142857142858,-38.17142857142857,0,0,0,0,0,0,0,0,0,0,0,no mains / natural or DC,0
0,0,9,500,-1.0754722739341411,0.40913113803521833,0.7030243842890713,105.88571428571429,-79.0,-49.457142857142856,0,0,0,0,0,0,0,0,0,0,0,no mains / natural or DC,0
0,0,9,510,-1.0754722739341411,0.40913113803521833,0.7030243842890713,105.88571428571429,-79.0,-49.457142857142856,0,0,0,0,0,0,0,0,0,0,0,no mains / natural or DC,0
0,0,9,520,-1.1019623401593066,0.391369365520188,0.7456282235175634,107.70285714285714,-74.31428571428572,-55.76571428571429,0,0,0,0,0,0,0,0,0,0,0,no mains / natural or DC,0
0,0,9,530,-1.1019623401593066,0.391369365520188,0.7456282235175634,107.70285714285714,-74.31428571428572,-55.76571428571429,0,0,0,0,0,0,0,0,0,0,0,no mains / natural or DC,0
0,0,9,540,-1.1673329874568925,0.369518112735374,0.7873775444807276,109.25714285714285,-70.85714285714286,-59.925714285714285,0,0,0,0,0,0,0,0,0,0,0,no mains / natural or DC,0
0,0,9,550,-1.1673329874568925,0.369518112735374,0.7873775444807276,109.25714285714285,-70.85714285714286,-59.925714285714285,0,0,0,0,0,0,0,0,0,0,0,no mains / natural or DC,0
0,0,9,560,-1.2570574053163244,0.35041352580339974,0.8136844996490371,111.77142857142857,-64.86285714285714,-63.80571428571429,0,0,0,0,0,0,0,0,0,0,0,no mains / natural or DC,0
0,0,9,570,-1.2570574053163244,0.35041352580339974,0.8299203466902676,115.44,-56.98285714285714,-67.16571428571429,0,0,0,0,0,0,0,0,0,0,0,no mains / natural or DC,0
0,0,9,580,-1.3826715903195288,0.34607989745780815,0.8299203466902676,115.44,-56.98285714285714,-67.16571428571429,0,0,0,0,0,0,0,0,0,0,0,no mains / natural or DC,0
0,0,9,590,-1.467390972624897,0.3135471663563952,0.8574480422376172,120.18857142857142,-46.05714285714286,-69.02285714285715,0,0,0,0,0,0,0,0,0,0,0,no mains / natural or DC,0
0,0,9,600,-1.467390972624897,0.3135471663563952,0.8574480422376172,120.18857142857142,-46.05714285714286,-69.02285714285715,0,0,0,0,0,0,0,0,0,0,0,no mains / natural or DC,0
0,0,9,610,-1.4838099307229835,0.23621326334421827,0.8894924771874142,124.44,-33.925714285714285,-69.09714285714286,0,0,0,0,0,0,0,0,0,0,0,no mains / natural or DC,0
0,0,9,620,-1.4838099307229835,0.23621326334421827,0.8894924771874142,124.44,-33.925714285714285,-69.09714285714286,0,0,0,0,0,0,0,0,0,0,0,no mains / natural or DC,0
0,0,9,630,-1.468306527909177,0.1480758079775384,0.891567735831782,126.71428571428571,-26.554285714285715,-68.91428571428571,0,0,0,0,0,0,0,0,0,0,0,no mains / natural or DC,0
0,0,9,640,-1.468306527909177,0.1480758079775384,0.891567735831782,126.71428571428571,-26.554285714285715,-68.91428571428571,0,0,0,0,0,0,0,0,0,0,0,no mains / natural or DC,0
0,0,9,650,-1.4285103915524766,0.08075197607348857,0.8562273018585772,127.18285714285715,-21.502857142857142,-67.97142857142858,0,0,0,0,0,0,0,0,0,0,0,no mains / natural or DC,0
0,0,9,660,-1.4285103915524766,0.08075197607348857,0.8562273018585772,127.18285714285715,-21.502857142857142,-67.97142857142858,0,0,0,0,0,0,0,0,0,0,0,no mains / natural or DC,0
0,0,9,670,-1.3937803277687917,0.04864650410473952,0.8094119083223975,126.35428571428571,-15.06857142857143,-64.00571428571429,0,0,0,0,0,0,0,0,0,0,0,no mains / natural or DC,0
0,0,9,680,-1.3937803277687917,0.04864650410473952,0.8094119083223975,126.35428571428571,-15.06857142857143,-64.00571428571429,0,0,0,0,0,0,0,0,0,0,0,no mains / natural or DC,0
0,0,9,690,-1.3284707174901578,0.01141392254402295,0.7627185888241218,124.09142857142857,-5.902857142857143,-54.42857142857143,0,0,0,0,0,0,0,0,0,0,0,no mains / natural or DC,0
0,0,9,700,-1.3284707174901578,0.01141392254402295,0.7627185888241218,120.49714285714286,4.0,-41.36,0,0,0,0,0,0,0,0,0,0,0,no mains / natural or DC,0
0,0,9,710,-1.2552262947477646,-0.018433179723502304,0.7074800866725669,120.49714285714286,4.0,-41.36,0,0,0,0,0,0,0,0,0,0,0,no mains / natural or DC,0
0,0,9,720,-1.1717276528214362,-0.029541917172765282,0.6329538865321818,116.41142857142857,13.84,-28.13142857142857,0,0,0,0,0,0,0,0,0,0,0,no mains / natural or DC,0
0,0,9,730,-1.1717276528214362,-0.029541917172765282,0.6329538865321818,116.41142857142857,13.84,-28.13142857142857,0,0,0,0,0,0,0,0,0,0,0,no mains / natural or DC,0
0,0,9,740,-1.0843226416821803,-0.03430280465102084,0.5564745017853328,112.38857142857142,22.81142857142857,-16.662857142857142,0,0,0,0,0,0,0,0,0,0,0,no mains / natural or DC,0
0,0,9,750,-1.0843226416821803,-0.03430280465102084,0.5564745017853328,112.38857142857142,22.81142857142857,-16.662857142857142,0,0,0,0,0,0,0,0,0,0,0,no mains / natural or DC,0
0,0,9,760,-0.9705496383556627,-0.0239265114291818,0.4707785271767327,108.47428571428571,30.82857142857143,-7.228571428571429,0,0,0,0,0,0,0,0,0,0,0,no mains / natural or DC,0
0,0,9,770,-0.9705496383556627,-0.0239265114291818,0.4707785271767327,108.47428571428571,30.82857142857143,-7.228571428571429,0,0,0,0,0,0,0,0,0,0,0,no mains / natural or DC,0
0,0,9,780,-0.8320566423535875,-0.012085329752494888,0.38526566362498854,104.92571428571429,37.02285714285714,0.08,0,0,0,0,0,0,0,0,0,0,0,no mains / natural or DC,0
0,0,9,790,-0.8320566423535875,-0.012085329752494888,0.38526566362498854,104.92571428571429,37.02285714285714,0.08,0,0,0,0,0,0,0,0,0,0,0,no mains / natural or DC,0
0,0,9,800,-0.7131565294351024,-0.00018311105685598315,0.3032929471724601,101.72,41.57714285714286,5.72,0,0,0,0,0,0,0,0,0,0,0,no mains / natural or DC,0
0,0,9,810,-0.7131565294351024,-0.00018311105685598315,0.3032929471724601,101.72,41.57714285714286,5.72,0,0,0,0,0,0,0,0,0,0,0,no mains / natural or DC,0
0,0,9,820,-0.6373485518967253,0.014099551377910703,0.2326731162450026,98.70285714285714,44.98285714285714,10.022857142857143,0,0,0,0,0,0,0,0,0,0,0,no mains / natural or DC,0
0,0,9,830,-0.6373485518967253,0.014099551377910703,0.2326731162450026,98.70285714285714,44.98285714285714,14.411428571428571,0,0,0,0,0,0,0,0,0,0,0,no mains / natural or DC,0
0,0,9,840,-0.6306344798120059,0.04425183874019593,0.1727347636341441,95.68571428571428,46.77142857142857,13.56,0,0,0,0,0,0,0,0,0,0,0,no mains / natural or DC,0
0,0,9,850,-0.6035950804162725,0.0640888698995941,0.12012085329752495,92.61714285714285,47.72,17.13142857142857,0,0,0,0,0,0,0,0,0,0,0,no mains / natural or DC,0
0,0,9,860,-0.6035950804162725,0.0640888698995941,0.12012085329752495,92.61714285714285,47.72,17.13142857142857,0,0,0,0,0,0,0,0,0,0,0,no mains / natural or DC,0
0,0,9,870,-0.5345622119815668,0.06445509201330607,0.07763908810693686,89.20571428571428,46.142857142857146,20.234285714285715,0,0,0,0,0,0,0,0,0,0,0,no mains / natural or DC,0
0,0,9,880,-0.5345622119815668,0.06445509201330607,0.07763908810693686,89.20571428571428,46.142857142857146,20.234285714285715,0,0,0,0,0,0,0,0,0,0,0,no mains / natural or DC,0
0,0,9,890,-0.48500015259254736,0.0738547929319132,0.034852137821588795,85.57142857142857,41.18857142857143,21.742857142857144,0,0,0,0,0,0,0,0,0,0,0,no mains / natural or DC,0
0,0,9,900,-0.48500015259254736,0.0738547929319132,0.034852137821588795,85.57142857142857,41.18857142857143,21.742857142857144,0,0,0,0,0,0,0,0,0,0,0,no mains / natural or DC,0
0,0,9,910,-0.4519180883205664,0.08502456740012818,0.002868739890743736,81.97142857142858,34.645714285714284,21.451428571428572,0,0,0,0,0,0,0,0,0,0,0,no mains / natural or DC,0
0,0,9,920,-0.4519180883205664,0.08502456740012818,0.002868739890743736,81.97142857142858,34.645714285714284,21.451428571428572,0,0,0,0,0,0,0,0,0,0,0,no mains / natural or DC,0
0,0,9,930,-0.4574114200262459,0.108767967772454,-0.02465895565660573,78.34857142857143,26.76,19.874285714285715,0,0,0,0,0,0,0,0,0,0,0,no mains / natural or DC,0
0,0,9,940,-0.4574114200262459,0.108767967772454,-0.02465895565660573,78.34857142857143,26.76,19.874285714285715,0,0,0,0,0,0,0,0,0,0,0,no mains / natural or DC,0
0,0,9,950,-0.48310800500503553,0.13251136814477982,-0.041566209906308174,75.04571428571428,18.874285714285715,17.697142857142858,0,0,0,0,0,0,0,0,0,0,0,no mains / natural or DC,0
0,0,9,960,-0.48310800500503553,0.13251136814477982,-0.041566209906308174,75.04571428571428,18.874285714285715,17.697142857142858,0,0,0,0,0,0,0,0,0,0,0,no mains / natural or DC,0
0,0,9,970,-0.4992217780083621,0.14947965941343425,-0.04687643055513169,72.07428571428571,12.937142857142858,15.537142857142857,0,0,0,0,0,0,0,0,0,0,0,no mains / natural or DC,0
0,0,9,980,-0.4992217780083621,0.14947965941343425,-0.06250190740684225,69.09142857142857,7.937142857142857,13.577142857142857,0,0,0,0,0,0,0,0,0,0,0,no mains / natural or DC,0
0,0,9,990,-0.5177159947508164,0.16675313577684867,-0.047120578630939665,69.09142857142857,7.937142857142857,13.577142857142857,0,0,0,0,0,0,0,0,0,0,0,no mains / natural or DC,0
0,0,10,0,-0.5456709494308298,0.18121890926847134,-0.045167394024475845,65.99428571428571,3.4,11.834285714285715,0,0,0,0,0,0,0,0,0,0,0,no mains / natural or DC,0
0,0,10,10,-0.5456709494308298,0.18121890926847134,-0.045167394024475845,65.99428571428571,3.4,11.834285714285715,0,0,0,0,0,0,0,0,0,0,0,no mains / natural or DC,0
0,0,10,20,-0.5808893093661306,0.19922482985930967,-0.04297006134220405,63.08571428571429,-0.10285714285714286,10.182857142857143,0,0,0,0,0,0,0,0,0,0,0,no mains / natural or DC,0
0,0,10,30,-0.5808893093661306,0.19922482985930967,-0.04297006134220405,63.08571428571429,-0.10285714285714286,10.182857142857143,0,0,0,0,0,0,0,0,0,0,0,no mains / natural or DC,0
0,0,10,40,-0.5825983458967864,0.2011169774468215,-0.03723258156071657,60.371428571428574,-2.44,8.497142857142856,0,0,0,0,0,0,0,0,0,0,0,no mains / natural or DC,0
0,0,10,50,-0.5825983458967864,0.2011169774468215,-0.03723258156071657,60.371428571428574,-2.44,8.497142857142856,0,0,0,0,0,0,0,0,0,0,0,no mains / natural or DC,0
0,0,10,60,-0.5498825037385174,0.18134098330637533,-0.029419843134861293,57.354285714285716,-4.805714285714286,6.148571428571429,0,0,0,0,0,0,0,0,0,0,0,no mains / natural or DC,0
0,0,10,70,-0.5498825037385174,0.18134098330637533,-0.029419843134861293,57.354285714285716,-4.805714285714286,6.148571428571429,0,0,0,0,0,0,0,0,0,0,0,no mains / natural or DC,0
0,0,10,80,-0.6068300424207281,0.1749931333353679,-0.04260383922849208,53.87428571428571,-7.7371428571428575,2.7714285714285714,0,0,0,0,0,0,0,0,0,0,0,no mains / natural or DC,0
0,0,10,90,-0.6068300424207281,0.1749931333353679,-0.04260383922849208,53.87428571428571,-7.7371428571428575,2.7714285714285714,0,0,0,0,0,0,0,0,0,0,0,no mains / natural or DC,0
0,0,10,100,-0.9189123203222754,0.30835901974547564,-0.04345835749382,50.41142857142857,-9.314285714285715,0.6571428571428571,0,0,0,0,0,0,0,0,0,0,0,no mains / natural or DC,0
0,0,10,110,-0.9189123203222754,0.30835901974547564,-0.04345835749382,48.94857142857143,-4.405714285714286,6.68,0,0,0,0,0,0,0,0,0,0,0,no mains / natural or DC,0
0,0,10,120,-0.7303689687795648,0.3017670216986602,-0.07025360881374554,48.371428571428574,-4.405714285714286,6.68,0,0,0,0,0,0,0,0,0,0,0,no mains / natural or DC,0
0,0,10,130,-0.5933408612323374,0.23987548448133794,-0.09192175054170354,46.37714285714286,-4.354285714285714,11.422857142857143,0,0,0,0,0,0,0,0,0,0,0,no mains / natural or DC,0
0,0,10,140,-0.5933408612323374,0.23987548448133794,-0.09192175054170354,46.37714285714286,-4.354285714285714,11.422857142857143,0,0,0,0,0,0,0,0,0,0,0,no mains / natural or DC,0
0,0,10,150,-0.63106173894467,0.15588854640339367,-0.04913480025635548,43.84,-11.868571428571428,8.04,0,0,0,0,0,0,0,0,0,0,0,no mains / natural or DC,0
0,0,10,160,-0.63106173894467,0.15588854640339367,-0.04913480025635548,43.84,-11.868571428571428,8.04,0,0,0,0,0,0,0,0,0,0,0,no mains / natural or DC,0
0,0,10,170,-0.7983642078920865,0.14062929166539506,-0.05255287331766716,40.114285714285714,-20.66857142857143,-3.76,0,0,0,0,0,0,0,0,0,0,0,no mains / natural or DC,0
0,0,10,180,-0.7983642078920865,0.14062929166539506,-0.05255287331766716,40.114285714285714,-20.66857142857143,-3.76,0,0,0,0,0,0,0,0,0,0,0,no mains / natural or DC,0
0,0,10,190,-1.0178533280434583,0.1749320963164159,-0.0923490096743675,36.68,-25.874285714285715,-18.622857142857143,0,0,0,0,0,0,0,0,0,0,0,no mains / natural or DC,0
0,0,10,200,-1.2434461500900296,0.20935697500534073,-0.13635670033875547,34.26857142857143,-25.228571428571428,-30.434285714285714,0,0,0,0,0,0,0,0,0,0,0,no mains / natural or DC,0
0,0,10,210,-1.2434461500900296,0.20935697500534073,-0.13635670033875547,34.26857142857143,-25.228571428571428,-30.434285714285714,0,0,0,0,0,0,0,0,0,0,0,no mains / natural or DC,0
0,0,10,220,-1.2434461500900296,0.20935697500534073,-0.13635670033875547,34.26857142857143,-25.228571428571428,-30.434285714285714,0,0,0,0,0,0,0,0,0,0,0,no mains / natural or DC,0
0,0,10,230,-1.359111301004059,0.1500289925840022,-0.152226325266274,32.137142857142855,-23.32,-38.04,0,0,0,0,0,0,0,0,0,0,0,no mains / natural or DC,0
0,0,10,240,-1.359111301004059,0.1500289925840022,-0.152226325266274,32.137142857142855,-23.32,-38.04,0,0,0,0,0,0,0,0,0,0,0,no mains / natural or DC,0
0,0,10,250,-1.458113345744194,0.04950102237006745,-0.14966277047029022,28.537142857142857,-24.605714285714285,-45.83428571428571,0,0,0,0,0,0,0,0,0,0,0,no mains / natural or DC,0
0,0,10,260,-1.5831171605578784,-0.018189031647694327,-0.1706595049897763,23.62857142857143,-25.65142857142857,-55.074285714285715,0,0,0,0,0,0,0,0,0,0,0,no mains / natural or DC,0
0,0,10,270,-1.5818964201788384,-0.018189031647694327,-0.1706595049897763,23.62857142857143,-25.65142857142857,-55.074285714285715,0,0,0,0,0,0,0,0,0,0,0,no mains / natural or DC,0
0,0,10,280,-1.7488937040314951,-0.04803613391521958,-0.21527756584368418,19.771428571428572,-21.514285714285716,-64.22285714285714,0,0,0,0,0,0,0,0,0,0,0,no mains / natural or DC,0
0,0,10,290,-1.7488937040314951,-0.04803613391521958,-0.21527756584368418,19.771428571428572,-21.514285714285716,-64.22285714285714,0,0,0,0,0,0,0,0,0,0,0,no mains / natural or DC,0
0,0,10,300,-1.8707846308786278,-0.0957060457167272,-0.2412182988982818,17.885714285714286,-13.074285714285715,-70.82285714285715,0,0,0,0,0,0,0,0,0,0,0,no mains / natural or DC,0
0,0,10,310,-1.8707846308786278,-0.0957060457167272,-0.2412182988982818,17.885714285714286,-13.074285714285715,-70.82285714285715,0,0,0,0,0,0,0,0,0,0,0,no mains / natural or DC,0
0,0,10,320,-1.8032166508987701,-0.19116794335764642,-0.27417828913235875,17.057142857142857,-3.297142857142857,-71.85142857142857,0,0,0,0,0,0,0,0,0,0,0,no mains / natural or DC,0
0,0,10,330,-1.8032166508987701,-0.19116794335764642,-0.27417828913235875,17.057142857142857,-3.297142857142857,-71.85142857142857,0,0,0,0,0,0,0,0,0,0,0,no mains / natural or DC,0
0,0,10,340,-1.65141758476516,-0.3078096865749077,-0.30140079958494825,16.085714285714285,1.2228571428571429,-68.76571428571428,0,0,0,0,0,0,0,0,0,0,0,no mains / natural or DC,0
0,0,10,350,-1.65141758476516,-0.3078096865749077,-0.30140079958494825,16.085714285714285,1.2228571428571429,-68.76571428571428,0,0,0,0,0,0,0,0,0,0,0,no mains / natural or DC,0
0,0,10,360,-1.544541764580218,-0.36426892910550246,-0.3225806451612903,14.64,0.2742857142857143,-63.04,0,0,0,0,0,0,0,0,0,0,0,no mains / natural or DC,0
0,0,10,370,-1.544541764580218,-0.36426892910550246,-0.3225806451612903,14.64,0.2742857142857143,-63.04,0,0,0,0,0,0,0,0,0,0,0,no mains / natural or DC,0
0,0,10,380,-1.5162205877864925,-0.3498641926328318,-0.3325296792504654,13.56,-1.2342857142857142,-52.91428571428571,0,0,0,0,0,0,0,0,0,0,0,no mains / natural or DC,0
0,0,10,390,-1.5162205877864925,-0.3498641926328318,-0.3325296792504654,13.428571428571429,0.14285714285714285,-37.93142857142857,0,0,0,0,0,0,0,0,0,0,0,no mains / natural or DC,0
0,0,10,400,-1.4763634144108402,-0.31891842402417064,-0.32557145908993806,13.428571428571429,0.14285714285714285,-37.93142857142857,0,0,0,0,0,0,0,0,0,0,0,no mains / natural or DC,0
0,0,10,410,-1.3897518845179602,-0.29706717123935666,-0.2977996154667806,13.462857142857143,2.5828571428571427,-21.21142857142857,0,0,0,0,0,0,0,0,0,0,0,no mains / natural or DC,0
0,0,10,420,-1.3897518845179602,-0.29706717123935666,-0.2977996154667806,13.462857142857143,2.5828571428571427,-21.21142857142857,0,0,0,0,0,0,0,0,0,0,0,no mains / natural or DC,0
0,0,10,430,-1.3021637623218483,-0.2633136997589038,-0.26642658772545547,13.028571428571428,4.062857142857143,-5.7942857142857145,0,0,0,0,0,0,0,0,0,0,0,no mains / natural or DC,0
0,0,10,440,-1.3021637623218483,-0.2633136997589038,-0.26642658772545547,13.028571428571428,4.062857142857143,-5.7942857142857145,0,0,0,0,0,0,0,0,0,0,0,no mains / natural or DC,0
0,0,10,450,-1.1550035096285898,-0.2324900051881466,-0.2346263008514664,11.8,4.822857142857143,6.88,0,0,0,0,0,0,0,0,0,0,0,no mains / natural or DC,0
0,0,10,460,-1.1550035096285898,-0.2324900051881466,-0.2346263008514664,11.8,4.822857142857143,6.88,0,0,0,0,0,0,0,0,0,0,0,no mains / natural or DC,0
0,0,10,470,-0.9856868190557573,-0.19202246162297434,-0.2119815668202765,9.96,4.251428571428572,16.217142857142857,0,0,0,0,0,0,0,0,0,0,0,no mains / natural or DC,0
0,0,10,480,-0.9856868190557573,-0.19202246162297434,-0.2119815668202765,9.96,4.251428571428572,16.217142857142857,0,0,0,0,0,0,0,0,0,0,0,no mains / natural or DC,0
0,0,10,490,-0.7997070223090305,-0.1575365459150975,-0.1816461684011353,7.96,3.2457142857142856,22.537142857142857,0,0,0,0,0,0,0,0,0,0,0,no mains / natural or DC,0
0,0,10,500,-0.7997070223090305,-0.1575365459150975,-0.1816461684011353,7.96,3.2457142857142856,22.537142857142857,0,0,0,0,0,0,0,0,0,0,0,no mains / natural or DC,0
0,0,10,510,-0.587115085299234,-0.11926633503219702,-0.16162602618488114,6.085714285714285,2.537142857142857,26.805714285714284,0,0,0,0,0,0,0,0,0,0,0,no mains / natural or DC,0
0,0,10,520,-0.587115085299234,-0.11926633503219702,-0.16162602618488114,6.085714285714285,2.537142857142857,29.731428571428573,0,0,0,0,0,0,0,0,0,0,0,no mains / natural or DC,0
0,0,10,530,-0.38630329294717247,-0.09228797265541551,-0.13977477340006714,4.72,0.5942857142857143,29.731428571428573,0,0,0,0,0,0,0,0,0,0,0,no mains / natural or DC,0
0,0,10,540,-0.25598925748466445,-0.06427198095645009,-0.1249427777947325,3.662857142857143,-2.2,32.354285714285716,0,0,0,0,0,0,0,0,0,0,0,no mains / natural or DC,0
0,0,10,550,-0.25598925748466445,-0.06427198095645009,-0.1249427777947325,3.662857142857143,-2.2,32.354285714285716,0,0,0,0,0,0,0,0,0,0,0,no mains / natural or DC,0
0,0,10,560,-0.22101504562517166,-0.02044740134891812,-0.11896114993743706,2.942857142857143,-5.297142857142857,35.222857142857144,0,0,0,0,0,0,0,0,0,0,0,no mains / natural or DC,0
0,0,10,570,-0.22101504562517166,-0.02044740134891812,-0.11896114993743706,2.942857142857143,-5.297142857142857,35.222857142857144,0,0,0,0,0,0,0,0,0,0,0,no mains / natural or DC,0
0,0,10,580,-0.2583086642048402,0.0271614734336375,-0.10498367259743034,2.7085714285714286,-7.617142857142857,38.42857142857143,0,0,0,0,0,0,0,0,0,0,0,no mains / natural or DC,0
0,0,10,590,-0.2583086642048402,0.0271614734336375,-0.10498367259743034,2.7085714285714286,-7.617142857142857,38.42857142857143,0,0,0,0,0,0,0,0,0,0,0,no mains / natural or DC,0
0,0,10,600,-0.30811487166966767,0.07287820062868129,-0.09320352793969543,2.72,-8.85142857142857,41.86857142857143,0,0,0,0,0,0,0,0,0,0,0,no mains / natural or DC,0
0,0,10,610,-0.30811487166966767,0.07287820062868129,-0.09320352793969543,2.72,-8.85142857142857,41.86857142857143,0,0,0,0,0,0,0,0,0,0,0,no mains / natural or DC,0
0,0,10,620,-0.3469344157231361,0.1108432264168218,-0.08020264290292062,2.942857142857143,-9.90857142857143,45.10285714285714,0,0,0,0,0,0,0,0,0,0,0,no mains / natural or DC,0
0,0,10,630,-0.3469344157231361,0.1108432264168218,-0.08020264290292062,2.942857142857143,-9.90857142857143,45.10285714285714,0,0,0,0,0,0,0,0,0,0,0,no mains / natural or DC,0
0,0,10,640,-0.38715781121250037,0.1480758079775384,-0.07147434919278542,2.9714285714285715,-10.977142857142857,48.31428571428572,0,0,0,0,0,0,0,0,0,0,0,no mains / natural or DC,0
0,0,10,650,-0.38715781121250037,0.1480758079775384,-0.07147434919278542,2.9714285714285715,-10.977142857142857,48.31428571428572,0,0,0,0,0,0,0,0,0,0,0,no mains / natural or DC,0
0,0,10,660,-0.48225348673970764,0.19556260872219,-0.07013153477584155,2.782857142857143,-12.377142857142857,51.10857142857143,0,0,0,0,0,0,0,0,0,0,0,no mains / natural or DC,0
0,0,10,670,-0.48225348673970764,0.19556260872219,-0.06732383190404981,2.6514285714285712,-12.85142857142857,53.325714285714284,0,0,0,0,0,0,0,0,0,0,0,no mains / natural or DC,0
0,0,10,680,-0.5918759727774896,0.24408703878902555,-0.06732383190404981,2.6514285714285712,-12.85142857142857,53.325714285714284,0,0,0,0,0,0,0,0,0,0,0,no mains / natural or DC,0
0,0,10,690,-0.6815393536179692,0.2879116183965575,-0.0750144962920011,2.6342857142857143,-12.685714285714285,54.15428571428571,0,0,0,0,0,0,0,0,0,0,0,no mains / natural or DC,0
0,0,10,700,-0.6815393536179692,0.2879116183965575,-0.0750144962920011,2.6342857142857143,-12.685714285714285,54.15428571428571,0,0,0,0,0,0,0,0,0,0,0,no mains / natural or DC,0
0,0,10,710,-0.7401959288308358,0.32319101535081024,-0.1077303384502701,3.1714285714285713,-11.56,52.34285714285714,0,0,0,0,0,0,0,0,0,0,0,no mains / natural or DC,0
0,0,10,720,-0.7401959288308358,0.32319101535081024,-0.1077303384502701,3.1714285714285713,-11.56,52.34285714285714,0,0,0,0,0,0,0,0,0,0,0,no mains / natural or DC,0
0,0,10,730,-0.8131962034974212,0.3501083407086398,-0.14746543778801843,4.771428571428571,-7.097142857142857,47.10857142857143,0,0,0,0,0,0,0,0,0,0,0,no mains / natural or DC,0
0,0,10,740,-0.8131962034974212,0.3501083407086398,-0.14746543778801843,4.771428571428571,-7.097142857142857,47.10857142857143,0,0,0,0,0,0,0,0,0,0,0,no mains / natural or DC,0
0,0,10,750,-0.8778954435865353,0.3848994415112766,-0.17365031891842403,7.1257142857142854,-0.9028571428571428,39.54857142857143,0,0,0,0,0,0,0,0,0,0,0,no mains / natural or DC,0
0,0,10,760,-0.8778954435865353,0.3848994415112766,-0.17365031891842403,7.1257142857142854,-0.9028571428571428,39.54857142857143,0,0,0,0,0,0,0,0,0,0,0,no mains / natural or DC,0
0,0,10,770,-0.8916898098696859,0.3905148472548601,-0.18329416791283915,9.4,2.857142857142857,31.78857142857143,0,0,0,0,0,0,0,0,0,0,0,no mains / natural or DC,0
0,0,10,780,-0.8916898098696859,0.3905148472548601,-0.18329416791283915,9.4,2.857142857142857,31.78857142857143,0,0,0,0,0,0,0,0,0,0,0,no mains / natural or DC,0
0,0,10,790,-0.8948026978362377,0.3782464064455092,-0.16821802423169652,10.85142857142857,1.7542857142857142,24.354285714285716,0,0,0,0,0,0,0,0,0,0,0,no mains / natural or DC,0
0,0,10,800,-0.8948026978362377,0.3782464064455092,-0.16821802423169652,11.531428571428572,-3.1942857142857144,17.114285714285714,0,0,0,0,0,0,0,0,0,0,0,no mains / natural or DC,0
0,0,10,810,-0.9874568926053652,0.37330240791039765,-0.17316202276680806,11.531428571428572,-3.1942857142857144,17.114285714285714,0,0,0,0,0,0,0,0,0,0,0,no mains / natural or DC,0
0,0,10,820,-1.0342112491225928,0.41706595049897766,-0.12073122348704489,12.251428571428571,-7.8,11.348571428571429,0,0,0,0,0,0,0,0,0,0,0,no mains / natural or DC,0
0,0,10,830,-1.0342112491225928,0.41706595049897766,-0.12073122348704489,12.251428571428571,-7.8,11.348571428571429,0,0,0,0,0,0,0,0,0,0,0,no mains / natural or DC,0
0,0,10,840,-0.6474806970427565,0.2638019959105197,-0.07495345927304911,12.8,-6.365714285714286,7.948571428571428,0,0,0,0,0,0,0,0,0,0,0,no mains / natural or DC,0
0,0,10,850,-0.6474806970427565,0.2638019959105197,-0.07495345927304911,12.8,-6.365714285714286,7.948571428571428,0,0,0,0,0,0,0,0,0,0,0,no mains / natural or DC,0
0,0,10,860,-0.6164738914151433,0.217169713431196,-0.023316141239661855,10.82857142857143,-11.457142857142857,-0.6285714285714286,0,0,0,0,0,0,0,0,0,0,0,no mains / natural or DC,0
0,0,10,870,-0.6164738914151433,0.217169713431196,-0.023316141239661855,10.82857142857143,-11.457142857142857,-0.6285714285714286,0,0,0,0,0,0,0,0,0,0,0,no mains / natural or DC,0
0,0,10,880,-0.7423322244941557,0.23285622730185856,0.07708975493636891,7.857142857142857,-16.697142857142858,-10.485714285714286,0,0,0,0,0,0,0,0,0,0,0,no mains / natural or DC,0
0,0,10,890,-0.7423322244941557,0.23285622730185856,0.07708975493636891,7.857142857142857,-16.697142857142858,-10.485714285714286,0,0,0,0,0,0,0,0,0,0,0,no mains / natural or DC,0
0,0,10,900,-0.8496963408307139,0.21808526871547593,0.15503402813806574,5.325714285714286,-26.2,-21.394285714285715,0,0,0,0,0,0,0,0,0,0,0,no mains / natural or DC,0
0,0,10,910,-0.8496963408307139,0.21808526871547593,0.15503402813806574,5.325714285714286,-26.2,-21.394285714285715,0,0,0,0,0,0,0,0,0,0,0,no mains / natural or DC,0
0,0,10,920,-1.1354716635639515,0.2326120792260506,0.2326731162450026,4.417142857142857,-40.85142857142857,-36.02857142857143,0,0,0,0,0,0,0,0,0,0,0,no mains / natural or DC,0
0,0,10,930,-1.1354716635639515,0.2326120792260506,0.2326731162450026,4.417142857142857,-40.85142857142857,-36.02857142857143,0,0,0,0,0,0,0,0,0,0,0,no mains / natural or DC,0
0,0,10,940,-1.3887752922147283,0.21350749229407637,0.3053682058168279,5.674285714285714,-47.005714285714284,-50.28,0,0,0,0,0,0,0,0,0,0,0,no mains / natural or DC,0
0,0,10,950,-1.5381939146092105,0.15796380504776147,0.3347270119327372,8.497142857142856,-41.85142857142857,-63.61142857142857,0,0,0,0,0,0,0,0,0,0,0,no mains / natural or DC,0
0,0,10,960,-1.5381939146092105,0.15796380504776147,0.3347270119327372,8.497142857142856,-41.85142857142857,-63.61142857142857,0,0,0,0,0,0,0,0,0,0,0,no mains / natural or DC,0
0,0,10,970,-1.6117435224463637,0.05316324350718711,0.3945432905056917,10.782857142857143,-30.81714285714286,-73.4,0,0,0,0,0,0,0,0,0,0,0,no mains / natural or DC,0
0,0,10,980,-1.6117435224463637,0.05316324350718711,0.3945432905056917,10.782857142857143,-30.81714285714286,-73.4,0,0,0,0,0,0,0,0,0,0,0,no mains / natural or DC,0
0,0,10,990,-1.4750205999938963,-0.0838038270210883,0.4330576494644002,9.462857142857143,-19.382857142857144,-75.01714285714286,0,0,0,0,0,0,0,0,0,0,0,no mains / natural or DC,0
0,0,11,0,-1.4750205999938963,-0.0838038270210883,0.4330576494644002,9.462857142857143,-19.382857142857144,-75.01714285714286,0,0,0,0,0,0,0,0,0,0,0,no mains / natural or DC,0
0,0,11,10,-1.4438306833094272,-0.1543015839106418,0.4153569139683218,5.057142857142857,-17.417142857142856,-69.27428571428571,0,0,0,0,0,0,0,0,0,0,0,no mains / natural or DC,0
0,0,11,20,-1.4438306833094272,-0.1543015839106418,0.4153569139683218,5.057142857142857,-17.417142857142856,-69.27428571428571,0,0,0,0,0,0,0,0,0,0,0,no mains / natural or DC,0
0,0,11,30,-1.6152836695455794,-0.18427076021607106,0.4216437269203772,0.5942857142857143,-18.914285714285715,-55.33714285714286,0,0,0,0,0,0,0,0,0,0,0,no mains / natural or DC,0
0,0,11,40,-1.6152836695455794,-0.18427076021607106,0.4216437269203772,0.5942857142857143,-18.914285714285715,-55.33714285714286,0,0,0,0,0,0,0,0,0,0,0,no mains / natural or DC,0
0,0,11,50,-1.7206946012756736,-0.1696218756675924,0.40907010101626634,-1.7942857142857143,-11.92,-35.371428571428574,0,0,0,0,0,0,0,0,0,0,0,no mains / natural or DC,0
0,0,11,60,-1.7206946012756736,-0.1696218756675924,0.40907010101626634,-1.7942857142857143,-11.92,-35.371428571428574,0,0,0,0,0,0,0,0,0,0,0,no mains / natural or DC,0
0,0,11,70,-1.6838282418286692,-0.13446455275124364,0.37049470503860593,-1.76,-0.28,-16.78857142857143,0,0,0,0,0,0,0,0,0,0,0,no mains / natural or DC,0
0,0,11,80,-1.6838282418286692,-0.13446455275124364,0.37049470503860593,-0.18857142857142858,8.262857142857143,-3.4971428571428573,0,0,0,0,0,0,0,0,0,0,0,no mains / natural or DC,0
0,0,11,90,-1.6586199530014953,-0.08398693807794427,0.34095278786584066,-0.18857142857142858,8.262857142857143,-3.4971428571428573,0,0,0,0,0,0,0,0,0,0,0,no mains / natural or DC,0
0,0,11,100,-1.5840327158421583,-0.0249641407513657,0.3001800592059084,2.0628571428571427,16.297142857142855,5.862857142857143,0,0,0,0,0,0,0,0,0,0,0,no mains / natural or DC,0
0,0,11,110,-1.5840327158421583,-0.0249641407513657,0.3001800592059084,2.0628571428571427,16.297142857142855,5.862857142857143,0,0,0,0,0,0,0,0,0,0,0,no mains / natural or DC,0
0,0,11,120,-1.4615314188055055,0.024292733542893765,0.2544022949919126,3.994285714285714,21.32,12.577142857142857,0,0,0,0,0,0,0,0,0,0,0,no mains / natural or DC,0
0,0,11,130,-1.4615314188055055,0.024292733542893765,0.2544022949919126,3.994285714285714,21.32,12.577142857142857,0,0,0,0,0,0,0,0,0,0,0,no mains / natural or DC,0
0,0,11,140,-1.3117465742973113,0.06152531510361034,0.20612201300088503,5.434285714285714,23.64,17.965714285714284,0,0,0,0,0,0,0,0,0,0,0,no mains / natural or DC,0
0,0,11,150,-1.3117465742973113,0.06152531510361034,0.20612201300088503,5.434285714285714,23.64,17.965714285714284,0,0,0,0,0,0,0,0,0,0,0,no mains / natural or DC,0
0,0,11,160,-1.185583056123539,0.0946073793755913,0.1599780266731773,6.64,23.81714285714286,22.16,0,0,0,0,0,0,0,0,0,0,0,no mains / natural or DC,0
0,0,11,170,-1.185583056123539,0.0946073793755913,0.1599780266731773,6.64,23.81714285714286,22.16,0,0,0,0,0,0,0,0,0,0,0,no mains / natural or DC,0
0,0,11,180,-1.0622882778405103,0.11078218939786981,0.1281167027802362,7.868571428571428,23.554285714285715,25.217142857142857,0,0,0,0,0,0,0,0,0,0,0,no mains / natural or DC,0
0,0,11,190,-1.0622882778405103,0.11078218939786981,0.1281167027802362,7.868571428571428,23.554285714285715,25.217142857142857,0,0,0,0,0,0,0,0,0,0,0,no mains / natural or DC,0
0,0,11,200,-0.9275185399945066,0.11291848506118961,0.09924619281594287,8.948571428571428,23.542857142857144,26.714285714285715,0,0,0,0,0,0,0,0,0,0,0,no mains / natural or DC,0
0,0,11,210,-0.9275185399945066,0.11291848506118961,0.09924619281594287,8.948571428571428,22.937142857142856,26.56,0,0,0,0,0,0,0,0,0,0,0,no mains / natural or DC,0
0,0,11,220,-0.8037965025788141,0.10419019135105441,0.07965330973235267,9.525714285714285,22.937142857142856,26.56,0,0,0,0,0,0,0,0,0,0,0,no mains / natural or DC,0
0,0,11,230,-0.684591204565569,0.09704886013367107,0.06390575884273812,9.222857142857142,22.30857142857143,25.34285714285714,0,0,0,0,0,0,0,0,0,0,0,no mains / natural or DC,0
0,0,11,240,-0.684591204565569,0.09704886013367107,0.06390575884273812,9.222857142857142,22.30857142857143,25.34285714285714,0,0,0,0,0,0,0,0,0,0,0,no mains / natural or DC,0
0,0,11,250,-0.6051210058900723,0.09546189764091922,0.04327524643696402,8.274285714285714,21.422857142857143,23.514285714285716,0,0,0,0,0,0,0,0,0,0,0,no mains / natural or DC,0
0,0,11,260,-0.6051210058900723,0.09546189764091922,0.04327524643696402,8.274285714285714,21.422857142857143,23.514285714285716,0,0,0,0,0,0,0,0,0,0,0,no mains / natural or DC,0
0,0,11,270,-0.5671559801019318,0.09924619281594287,0.023316141239661855,6.977142857142857,20.605714285714285,21.291428571428572,0,0,0,0,0,0,0,0,0,0,0,no mains / natural or DC,0
0,0,11,280,-0.5671559801019318,0.09924619281594287,0.023316141239661855,6.977142857142857,20.605714285714285,21.291428571428572,0,0,0,0,0,0,0,0,0,0,0,no mains / natural or DC,0
0,0,11,290,-0.5618457594531083,0.11493270668660542,0.004577776421399579,5.6571428571428575,21.017142857142858,19.01142857142857,0,0,0,0,0,0,0,0,0,0,0,no mains / natural or DC,0
0,0,11,300,-0.5618457594531083,0.11493270668660542,0.004577776421399579,5.6571428571428575,21.017142857142858,19.01142857142857,0,0,0,0,0,0,0,0,0,0,0,no mains / natural or DC,0
0,0,11,310,-0.5232093264564959,0.12225714896084475,-0.0015259254737998596,4.285714285714286,22.394285714285715,17.257142857142856,0,0,0,0,0,0,0,0,0,0,0,no mains / natural or DC,0
0,0,11,320,-0.5232093264564959,0.12225714896084475,-0.0015259254737998596,4.285714285714286,22.394285714285715,17.257142857142856,0,0,0,0,0,0,0,0,0,0,0,no mains / natural or DC,0
0,0,11,330,-0.4489272743919187,0.12073122348704489,-0.01586962492751854,2.662857142857143,23.56,16.005714285714287,0,0,0,0,0,0,0,0,0,0,0,no mains / natural or DC,0
0,0,11,340,-0.4489272743919187,0.12073122348704489,-0.01586962492751854,2.662857142857143,23.56,16.005714285714287,0,0,0,0,0,0,0,0,0,0,0,no mains / natural or DC,0
0,0,11,350,-0.4104739524521622,0.12768944364757226,-0.026673177282021544,0.6457142857142857,22.451428571428572,14.137142857142857,0,0,0,0,0,0,0,0,0,0,0,no mains / natural or DC,0
0,0,11,360,-0.4104739524521622,0.14331492049928282,-0.03827021088290048,-1.2285714285714286,21.01142857142857,12.06857142857143,0,0,0,0,0,0,0,0,0,0,0,no mains / natural or DC,0
0,0,11,370,-0.39643543809320353,0.141056550798059,-0.03827021088290048,-1.2285714285714286,21.01142857142857,12.06857142857143,0,0,0,0,0,0,0,0,0,0,0,no mains / natural or DC,0
0,0,11,380,-0.43195898312326425,0.17053743095187232,-0.050721762749107335,-2.7485714285714287,19.434285714285714,9.497142857142856,0,0,0,0,0,0,0,0,0,0,0,no mains / natural or DC,0
0,0,11,390,-0.43195898312326425,0.17053743095187232,-0.050721762749107335,-2.7485714285714287,19.434285714285714,9.497142857142856,0,0,0,0,0,0,0,0,0,0,0,no mains / natural or DC,0
0,0,11,400,-0.4750511185033723,0.19580675679799797,-0.05572679830317087,-3.817142857142857,17.714285714285715,7.0,0,0,0,0,0,0,0,0,0,0,0,no mains / natural or DC,0
0,0,11,410,-0.4750511185033723,0.19580675679799797,-0.05572679830317087,-3.817142857142857,17.714285714285715,7.0,0,0,0,0,0,0,0,0,0,0,0,no mains / natural or DC,0
0,0,11,420,-0.5182042909024324,0.22132023071993165,-0.05078279976805933,-4.8914285714285715,15.571428571428571,5.411428571428571,0,0,0,0,0,0,0,0,0,0,0,no mains / natural or DC,0
0,0,11,430,-0.5182042909024324,0.22132023071993165,-0.05078279976805933,-4.8914285714285715,15.571428571428571,5.411428571428571,0,0,0,0,0,0,0,0,0,0,0,no mains / natural or DC,0
0,0,11,440,-0.5357829523606067,0.2335886715292825,-0.04370250556962798,-6.005714285714285,13.302857142857142,4.7542857142857144,0,0,0,0,0,0,0,0,0,0,0,no mains / natural or DC,0
0,0,11,450,-0.5357829523606067,0.2335886715292825,-0.04370250556962798,-6.005714285714285,13.302857142857142,4.7542857142857144,0,0,0,0,0,0,0,0,0,0,0,no mains / natural or DC,0
0,0,11,460,-0.5257118442335277,0.2371288186284982,-0.053529465620899074,-7.177142857142857,11.057142857142857,3.857142857142857,0,0,0,0,0,0,0,0,0,0,0,no mains / natural or DC,0
0,0,11,470,-0.5257118442335277,0.2371288186284982,-0.053529465620899074,-7.177142857142857,11.057142857142857,3.857142857142857,0,0,0,0,0,0,0,0,0,0,0,no mains / natural or DC,0
0,0,11,480,-0.4978789635914182,0.2370067445905942,-0.06732383190404981,-8.434285714285714,9.417142857142856,2.045714285714286,0,0,0,0,0,0,0,0,0,0,0,no mains / natural or DC,0
0,0,11,490,-0.4978789635914182,0.2370067445905942,-0.06732383190404981,-9.01142857142857,8.102857142857143,0.24571428571428572,0,0,0,0,0,0,0,0,0,0,0,no mains / natural or DC,0
0,0,11,500,-0.7898800622577593,0.3183080538346507,-0.1249427777947325,-9.01142857142857,8.102857142857143,0.24571428571428572,0,0,0,0,0,0,0,0,0,0,0,no mains / natural or DC,0
0,0,11,510,-0.4819483016449477,0.2666707358012635,-0.11859492782372509,-8.045714285714286,11.148571428571428,3.5485714285714285,0,0,0,0,0,0,0,0,0,0,0,no mains / natural or DC,0
0,0,11,520,-0.4819483016449477,0.2666707358012635,-0.11859492782372509,-8.045714285714286,11.148571428571428,3.5485714285714285,0,0,0,0,0,0,0,0,0,0,0,no mains / natural or DC,0
0,0,11,530,-0.36921292764061403,0.29200109866634116,-0.21533860286263617,-6.7371428571428575,10.297142857142857,5.1085714285714285,0,0,0,0,0,0,0,0,0,0,0,no mains / natural or DC,0
0,0,11,540,-0.36921292764061403,0.29200109866634116,-0.21533860286263617,-6.7371428571428575,10.297142857142857,5.1085714285714285,0,0,0,0,0,0,0,0,0,0,0,no mains / natural or DC,0
0,0,11,550,-0.879726554155095,0.3681142612994781,-0.2695394756920072,-3.474285714285714,2.7542857142857144,7.514285714285714,0,0,0,0,0,0,0,0,0,0,0,no mains / natural or DC,0
0,0,11,560,-0.879726554155095,0.3681142612994781,-0.2695394756920072,-3.474285714285714,2.7542857142857144,7.514285714285714,0,0,0,0,0,0,0,0,0,0,0,no mains / natural or DC,0
0,0,11,570,-1.2338023010956145,0.31116672261726736,-0.2783898434400464,2.4971428571428573,5.131428571428572,5.965714285714285,0,0,0,0,0,0,0,0,0,0,0,no mains / natural or DC,0
0,0,11,580,-1.2338023010956145,0.31116672261726736,-0.2783898434400464,2.4971428571428573,5.131428571428572,5.965714285714285,0,0,0,0,0,0,0,0,0,0,0,no mains / natural or DC,0
0,0,11,590,-1.2852565080721459,0.1597949156163213,-0.30481887264625995,6.9714285714285715,4.868571428571428,-7.462857142857143,0,0,0,0,0,0,0,0,0,0,0,no mains / natural or DC,0
0,0,11,600,-1.2852565080721459,0.1597949156163213,-0.30481887264625995,6.9714285714285715,4.868571428571428,-7.462857142857143,0,0,0,0,0,0,0,0,0,0,0,no mains / natural or DC,0
0,0,11,610,-1.2189703054902798,0.0018311105685598315,-0.3323465681936094,8.0,-3.5828571428571427,-29.634285714285713,0,0,0,0,0,0,0,0,0,0,0,no mains / natural or DC,0
0,0,11,620,-1.2189703054902798,0.0018311105685598315,-0.3323465681936094,8.0,-3.5828571428571427,-51.57714285714286,0,0,0,0,0,0,0,0,0,0,0,no mains / natural or DC,0
0,0,11,630,-1.1609241004669333,-0.11505478072450942,-0.37183751945554977,6.102857142857143,-13.862857142857143,-52.628571428571426,0,0,0,0,0,0,0,0,0,0,0,no mains / natural or DC,0
0,0,11,640,-1.217078157902768,-0.12585833307901242,-0.4119998779259621,3.388571428571429,-22.76,-68.84,0,0,0,0,0,0,0,0,0,0,0,no mains / natural or DC,0
0,0,11,650,-1.217078157902768,-0.12585833307901242,-0.4119998779259621,3.388571428571429,-22.76,-68.84,0,0,0,0,0,0,0,0,0,0,0,no mains / natural or DC,0
0,0,11,660,-1.457869197668386,-0.08496353038117618,-0.412610248115482,2.617142857142857,-31.622857142857143,-71.97142857142858,0,0,0,0,0,0,0,0,0,0,0,no mains / natural or DC,0
0,0,11,670,-1.457869197668386,-0.08496353038117618,-0.412610248115482,2.617142857142857,-31.622857142857143,-71.97142857142858,0,0,0,0,0,0,0,0,0,0,0,no mains / natural or DC,0
0,0,11,680,-1.6265144810327463,-0.2077089754936369,-0.3485824152348399,3.3771428571428572,-33.885714285714286,-62.76571428571429,0,0,0,0,0,0,0,0,0,0,0,no mains / natural or DC,0
0,0,11,690,-1.6265144810327463,-0.2077089754936369,-0.3485824152348399,3.3771428571428572,-33.885714285714286,-62.76571428571429,0,0,0,0,0,0,0,0,0,0,0,no mains / natural or DC,0
0,0,11,700,-1.6395764030884732,-0.315683462019715,-0.32007812738425856,1.9657142857142857,-30.457142857142856,-53.714285714285715,0,0,0,0,0,0,0,0,0,0,0,no mains / natural or DC,0
0,0,11,710,-1.6395764030884732,-0.315683462019715,-0.32007812738425856,1.9657142857142857,-30.457142857142856,-53.714285714285715,0,0,0,0,0,0,0,0,0,0,0,no mains / natural or DC,0
0,0,11,720,-1.6259651478621784,-0.4050416577654347,-0.27771843623157444,-0.6171428571428571,-30.057142857142857,-49.33714285714286,0,0,0,0,0,0,0,0,0,0,0,no mains / natural or DC,0
0,0,11,730,-1.6259651478621784,-0.4050416577654347,-0.27771843623157444,-0.6171428571428571,-30.057142857142857,-49.33714285714286,0,0,0,0,0,0,0,0,0,0,0,no mains / natural or DC,0
0,0,11,740,-1.640369884334849,-0.42555009613330486,-0.23242896816919462,-2.657142857142857,-27.6,-40.15428571428571,0,0,0,0,0,0,0,0,0,0,0,no mains / natural or DC,0
0,0,11,750,-1.640369884334849,-0.42555009613330486,-0.23242896816919462,-2.657142857142857,-27.6,-40.15428571428571,0,0,0,0,0,0,0,0,0,0,0,no mains / natural or DC,0
0,0,11,760,-1.6750999481185338,-0.38941618091372415,-0.18726157414471878,-3.645714285714286,-22.611428571428572,-23.845714285714287,0,0,0,0,0,0,0,0,0,0,0,no mains / natural or DC,0
0,0,11,770,-1.6750999481185338,-0.38941618091372415,-0.15601062044129765,-3.8857142857142857,-16.394285714285715,-6.3028571428571425,0,0,0,0,0,0,0,0,0,0,0,no mains / natural or DC,0
0,0,11,780,-1.6169316690572832,-0.31153294473097937,-0.15448469496749778,-3.8857142857142857,-16.394285714285715,-6.3028571428571425,0,0,0,0,0,0,0,0,0,0,0,no mains / natural or DC,0
0,0,11,790,-1.47788933988464,-0.22504348887600328,-0.12677388836329234,-4.297142857142857,-10.085714285714285,10.93142857142857,0,0,0,0,0,0,0,0,0,0,0,no mains / natural or DC,0
0,0,11,800,-1.47788933988464,-0.22504348887600328,-0.12677388836329234,-4.297142857142857,-10.085714285714285,10.93142857142857,0,0,0,0,0,0,0,0,0,0,0,no mains / natural or DC,0
0,0,11,810,-1.3084505752739035,-0.14331492049928282,-0.09820856349375896,-4.84,-5.382857142857143,24.46857142857143,0,0,0,0,0,0,0,0,0,0,0,no mains / natural or DC,0
0,0,11,820,-1.3084505752739035,-0.14331492049928282,-0.09820856349375896,-4.84,-5.382857142857143,24.46857142857143,0,0,0,0,0,0,0,0,0,0,0,no mains / natural or DC,0
0,0,11,830,-1.1261329996642964,-0.07196264534440137,-0.08337656788842433,-5.102857142857143,-1.68,32.88,0,0,0,0,0,0,0,0,0,0,0,no mains / natural or DC,0
0,0,11,840,-1.1261329996642964,-0.07196264534440137,-0.08337656788842433,-5.102857142857143,-1.68,32.88,0,0,0,0,0,0,0,0,0,0,0,no mains / natural or DC,0
0,0,11,850,-0.8752098147526475,-0.032593768120365005,-0.0684224982451857,-4.948571428571428,1.52,36.142857142857146,0,0,0,0,0,0,0,0,0,0,0,no mains / natural or DC,0
0,0,11,860,-0.8752098147526475,-0.032593768120365005,-0.0684224982451857,-4.948571428571428,1.52,36.142857142857146,0,0,0,0,0,0,0,0,0,0,0,no mains / natural or DC,0
0,0,11,870,-0.6400341807306131,0.030579546494949185,-0.07544175542466505,-4.622857142857143,2.1885714285714286,37.13142857142857,0,0,0,0,0,0,0,0,0,0,0,no mains / natural or DC,0
0,0,11,880,-0.6400341807306131,0.030579546494949185,-0.07544175542466505,-4.622857142857143,2.1885714285714286,37.13142857142857,0,0,0,0,0,0,0,0,0,0,0,no mains / natural or DC,0
0,0,11,890,-0.478408154545732,0.06476027710806605,-0.06060975981933042,-3.8457142857142856,0.07428571428571429,39.04571428571428,0,0,0,0,0,0,0,0,0,0,0,no mains / natural or DC,0
0,0,11,900,-0.478408154545732,0.06476027710806605,-0.06060975981933042,-3.8457142857142856,-3.257142857142857,41.53142857142857,0,0,0,0,0,0,0,0,0,0,0,no mains / natural or DC,0
0,0,11,910,-0.4149296548356578,0.11621448408459731,-0.05627613147373882,-2.9771428571428573,-3.257142857142857,41.53142857142857,0,0,0,0,0,0,0,0,0,0,0,no mains / natural or DC,0
0,0,11,920,-0.4066286202581866,0.15472884304330575,-0.048097170934171575,-1.7885714285714285,-6.714285714285714,43.10285714285714,0,0,0,0,0,0,0,0,0,0,0,no mains / natural or DC,0
0,0,11,930,-0.4066286202581866,0.15472884304330575,-0.048097170934171575,-1.7885714285714285,-6.714285714285714,43.10285714285714,0,0,0,0,0,0,0,0,0,0,0,no mains / natural or DC,0
0,0,11,940,-0.4293954283272805,0.17584765160069582,-0.05011139255958739,0.2571428571428571,-8.702857142857143,41.51428571428571,0,0,0,0,0,0,0,0,0,0,0,no mains / natural or DC,0
0,0,11,950,-0.4293954283272805,0.17584765160069582,-0.05011139255958739,0.2571428571428571,-8.702857142857143,41.51428571428571,0,0,0,0,0,0,0,0,0,0,0,no mains / natural or DC,0
0,0,11,960,-0.45826593829157386,0.1967223120822779,-0.04364146855067599,2.8857142857142857,-8.428571428571429,35.85142857142857,0,0,0,0,0,0,0,0,0,0,0,no mains / natural or DC,0
0,0,11,970,-0.45826593829157386,0.1967223120822779,-0.04364146855067599,2.8857142857142857,-8.428571428571429,35.85142857142857,0,0,0,0,0,0,0,0,0,0,0,no mains / natural or DC,0
0,0,11,980,-0.4293954283272805,0.21918393505661182,-0.06366161076693014,5.691428571428571,-6.291428571428572,31.194285714285716,0,0,0,0,0,0,0,0,0,0,0,no mains / natural or DC,0
0,0,11,990,-0.4293954283272805,0.21918393505661182,-0.06366161076693014,5.691428571428571,-6.291428571428572,31.194285714285716,0,0,0,0,0,0,0,0,0,0,0,no mains / natural or DC,0
0,0,12,0,-0.4184698019348735,0.2021546067690054,-0.06476027710806605,8.148571428571428,-5.234285714285714,26.257142857142856,0,0,0,0,0,0,0,0,0,0,0,no mains / natural or DC,0
0,0,12,10,-0.4184698019348735,0.2021546067690054,-0.06476027710806605,8.148571428571428,-5.234285714285714,26.257142857142856,0,0,0,0,0,0,0,0,0,0,0,no mains / natural or DC,0
0,0,12,20,-0.42768639179662465,0.2119815668202765,-0.07788323618274484,10.125714285714286,-4.365714285714286,20.96,0,0,0,0,0,0,0,0,0,0,0,no mains / natural or DC,0
0,0,12,30,-0.42768639179662465,0.2119815668202765,-0.07788323618274484,10.125714285714286,-4.365714285714286,20.96,0,0,0,0,0,0,0,0,0,0,0,no mains / natural or DC,0
0,0,12,40,-0.4534440137943663,0.21680349131748405,-0.09271523178807947,11.902857142857142,-4.331428571428572,15.84,0,0,0,0,0,0,0,0,0,0,0,no mains / natural or DC,0
0,0,12,50,-0.500320444349498,0.2228461561937315,-0.10254219183935057,13.428571428571429,-4.6571428571428575,10.514285714285714,0,0,0,0,0,0,0,0,0,0,0,no mains / natural or DC,0
0,0,12,60,-0.5039826654866176,0.2228461561937315,-0.10254219183935057,13.428571428571429,-4.6571428571428575,10.514285714285714,0,0,0,0,0,0,0,0,0,0,0,no mains / natural or DC,0
0,0,12,70,-0.5695364238410596,0.23511459700308238,-0.11505478072450942,14.182857142857143,-4.937142857142857,5.422857142857143,0,0,0,0,0,0,0,0,0,0,0,no mains / natural or DC,0
0,0,12,80,-0.5695364238410596,0.23511459700308238,-0.11505478072450942,14.182857142857143,-4.937142857142857,5.422857142857143,0,0,0,0,0,0,0,0,0,0,0,no mains / natural or DC,0
0,0,12,90,-0.6259346293527024,0.2688070314645833,-0.13110751670888393,13.902857142857142,-5.091428571428572,3.2742857142857145,0,0,0,0,0,0,0,0,0,0,0,no mains / natural or DC,0
0,0,12,100,-0.6259346293527024,0.2688070314645833,-0.13110751670888393,13.902857142857142,-5.091428571428572,3.2742857142857145,0,0,0,0,0,0,0,0,0,0,0,no mains / natural or DC,0
0,0,12,110,-0.6487014374217963,0.2666707358012635,-0.1553392132328257,13.708571428571428,-4.577142857142857,4.862857142857143,0,0,0,0,0,0,0,0,0,0,0,no mains / natural or DC,0
0,0,12,120,-0.6487014374217963,0.2666707358012635,-0.1553392132328257,13.708571428571428,-4.577142857142857,4.862857142857143,0,0,0,0,0,0,0,0,0,0,0,no mains / natural or DC,0
0,0,12,130,-1.0581987975707265,0.34095278786584066,-0.21002838221381268,14.137142857142857,-4.645714285714286,5.177142857142857,0,0,0,0,0,0,0,0,0,0,0,no mains / natural or DC,0
0,0,12,140,-1.0581987975707265,0.34095278786584066,-0.21002838221381268,14.137142857142857,-4.645714285714286,5.177142857142857,0,0,0,0,0,0,0,0,0,0,0,no mains / natural or DC,0
0,0,12,150,-1.064058351390118,0.34626300851466413,-0.1553392132328257,14.697142857142858,-0.33714285714285713,10.302857142857142,0,0,0,0,0,0,0,0,0,0,0,no mains / natural or DC,0
0,0,12,160,-1.064058351390118,0.34626300851466413,-0.1553392132328257,14.697142857142858,-0.33714285714285713,10.302857142857142,0,0,0,0,0,0,0,0,0,0,0,no mains / natural or DC,0
0,0,12,170,-0.576494644001587,0.1913510544145024,-0.1706595049897763,13.817142857142857,8.822857142857142,9.794285714285714,0,0,0,0,0,0,0,0,0,0,0,no mains / natural or DC,0
0,0,12,180,-0.576494644001587,0.1913510544145024,-0.1706595049897763,10.531428571428572,2.822857142857143,5.977142857142857,0,0,0,0,0,0,0,0,0,0,0,no mains / natural or DC,0
0,0,12,190,-0.9865413373210853,0.2905362102114933,-0.16168706320383314,10.531428571428572,2.822857142857143,5.977142857142857,0,0,0,0,0,0,0,0,0,0,0,no mains / natural or DC,0
0,0,12,200,-1.0204168828394422,0.18060853907895139,-0.0347300637836848,7.765714285714286,0.7314285714285714,2.4628571428571426,0,0,0,0,0,0,0,0,0,0,0,no mains / natural or DC,0
0,0,12,210,-1.0204168828394422,0.18060853907895139,-0.0347300637836848,7.765714285714286,0.7314285714285714,2.4628571428571426,0,0,0,0,0,0,0,0,0,0,0,no mains / natural or DC,0
0,0,12,220,-0.8200933866389966,0.0957060457167272,0.023438215277565844,4.3428571428571425,-10.382857142857143,-14.005714285714285,0,0,0,0,0,0,0,0,0,0,0,no mains / natural or DC,0
0,0,12,230,-0.8200933866389966,0.0957060457167272,0.023438215277565844,4.3428571428571425,-10.382857142857143,-14.005714285714285,0,0,0,0,0,0,0,0,0,0,0,no mains / natural or DC,0
0,0,12,240,-1.0339060640278328,0.1348918118839076,0.07965330973235267,1.9428571428571428,-27.65714285714286,-33.434285714285714,0,0,0,0,0,0,0,0,0,0,0,no mains / natural or DC,0
0,0,12,250,-1.0339060640278328,0.1348918118839076,0.07965330973235267,1.9428571428571428,-27.65714285714286,-33.434285714285714,0,0,0,0,0,0,0,0,0,0,0,no mains / natural or DC,0
0,0,12,260,-1.2314218573564868,0.13727225562303538,0.12482070375682852,1.262857142857143,-29.942857142857143,-41.06285714285714,0,0,0,0,0,0,0,0,0,0,0,no mains / natural or DC,0
0,0,12,270,-1.2314218573564868,0.13727225562303538,0.12482070375682852,1.262857142857143,-29.942857142857143,-41.06285714285714,0,0,0,0,0,0,0,0,0,0,0,no mains / natural or DC,0
0,0,12,280,-1.3755912961210974,0.09747611926633504,0.17438276314584797,1.0571428571428572,-28.017142857142858,-46.16571428571429,0,0,0,0,0,0,0,0,0,0,0,no mains / natural or DC,0
0,0,12,290,-1.3755912961210974,0.09747611926633504,0.17438276314584797,1.0571428571428572,-28.017142857142858,-46.16571428571429,0,0,0,0,0,0,0,0,0,0,0,no mains / natural or DC,0
0,0,12,300,-1.3649708548234505,-0.017090365306558428,0.2561723685415204,-0.2742857142857143,-29.485714285714284,-51.62285714285714,0,0,0,0,0,0,0,0,0,0,0,no mains / natural or DC,0
0,0,12,310,-1.3649708548234505,-0.017090365306558428,0.2561723685415204,-0.2742857142857143,-29.485714285714284,-56.857142857142854,0,0,0,0,0,0,0,0,0,0,0,no mains / natural or DC,0
0,0,12,320,-1.2875148777733696,-0.13293862727744377,0.31336405529953915,-3.6,-30.582857142857144,-56.857142857142854,0,0,0,0,0,0,0,0,0,0,0,no mains / natural or DC,0
0,0,12,330,-1.3971373638111515,-0.1392864772484512,0.34186834315012055,-8.314285714285715,-32.76571428571429,-58.09142857142857,0,0,0,0,0,0,0,0,0,0,0,no mains / natural or DC,0
0,0,12,340,-1.3971373638111515,-0.1392864772484512,0.34186834315012055,-8.314285714285715,-32.76571428571429,-58.09142857142857,0,0,0,0,0,0,0,0,0,0,0,no mains / natural or DC,0
0,0,12,350,-1.5592516861476486,-0.11938840907010101,0.369335001678518,-11.537142857142857,-30.068571428571428,-51.63428571428572,0,0,0,0,0,0,0,0,0,0,0,no mains / natural or DC,0
0,0,12,360,-1.5592516861476486,-0.11938840907010101,0.369335001678518,-11.537142857142857,-30.068571428571428,-51.63428571428572,0,0,0,0,0,0,0,0,0,0,0,no mains / natural or DC,0
0,0,12,370,-1.683462019714957,-0.13715018158513137,0.4054689168980987,-12.131428571428572,-20.925714285714285,-40.857142857142854,0,0,0,0,0,0,0,0,0,0,0,no mains / natural or DC,0
0,0,12,380,-1.683462019714957,-0.13715018158513137,0.4054689168980987,-12.131428571428572,-20.925714285714285,-40.857142857142854,0,0,0,0,0,0,0,0,0,0,0,no mains / natural or DC,0
0,0,12,390,-1.6779686880092777,-0.13879818109683523,0.37965025788140505,-11.097142857142858,-7.131428571428572,-28.365714285714287,0,0,0,0,0,0,0,0,0,0,0,no mains / natural or DC,0
0,0,12,400,-1.6779686880092777,-0.13879818109683523,0.37965025788140505,-11.097142857142858,-7.131428571428572,-28.365714285714287,0,0,0,0,0,0,0,0,0,0,0,no mains / natural or DC,0
0,0,12,410,-1.6878566850795007,-0.13879818109683523,0.33094271675771353,-9.051428571428572,6.011428571428572,-16.685714285714287,0,0,0,0,0,0,0,0,0,0,0,no mains / natural or DC,0
0,0,12,420,-1.6878566850795007,-0.13879818109683523,0.33094271675771353,-9.051428571428572,6.011428571428572,-16.685714285714287,0,0,0,0,0,0,0,0,0,0,0,no mains / natural or DC,0
0,0,12,430,-1.6788232062746056,-0.10840174565874203,0.25879696035645616,-6.537142857142857,18.64,-6.674285714285714,0,0,0,0,0,0,0,0,0,0,0,no mains / natural or DC,0
0,0,12,440,-1.6788232062746056,-0.10840174565874203,0.25879696035645616,-6.537142857142857,18.64,-6.674285714285714,0,0,0,0,0,0,0,0,0,0,0,no mains / natural or DC,0
0,0,12,450,-1.5686513870662557,-0.06622516556291391,0.1791436506241035,-3.9828571428571427,29.754285714285714,1.88,0,0,0,0,0,0,0,0,0,0,0,no mains / natural or DC,0
0,0,12,460,-1.5686513870662557,-0.06622516556291391,0.09283730582598346,-1.4457142857142857,36.182857142857145,9.394285714285715,0,0,0,0,0,0,0,0,0,0,0,no mains / natural or DC,0
0,0,12,470,-1.4479812005981627,-0.014526810510574664,0.09283730582598346,-1.4457142857142857,36.182857142857145,9.394285714285715,0,0,0,0,0,0,0,0,0,0,0,no mains / natural or DC,0
0,0,12,480,-1.3061922055726798,0.01794488357188635,0.030274361400189215,1.2914285714285714,37.89142857142857,15.245714285714286,0,0,0,0,0,0,0,0,0,0,0,no mains / natural or DC,0
0,0,12,490,-1.3061922055726798,0.01794488357188635,0.030274361400189215,1.2914285714285714,37.89142857142857,15.245714285714286,0,0,0,0,0,0,0,0,0,0,0,no mains / natural or DC,0
0,0,12,500,-1.1451155125583667,0.050355540635395366,-0.03607287820062868,3.9771428571428573,36.582857142857144,19.611428571428572,0,0,0,0,0,0,0,0,0,0,0,no mains / natural or DC,0
0,0,12,510,-1.1451155125583667,0.050355540635395366,-0.03607287820062868,3.9771428571428573,36.582857142857144,19.611428571428572,0,0,0,0,0,0,0,0,0,0,0,no mains / natural or DC,0
0,0,12,520,-1.0256050294503616,0.06958220160527359,-0.08728293710135197,6.8,31.994285714285713,21.965714285714284,0,0,0,0,0,0,0,0,0,0,0,no mains / natural or DC,0
0,0,12,530,-1.0256050294503616,0.06958220160527359,-0.08728293710135197,6.8,31.994285714285713,21.965714285714284,0,0,0,0,0,0,0,0,0,0,0,no mains / natural or DC,0
0,0,12,540,-0.9215979491561632,0.0728171636097293,-0.11505478072450942,9.708571428571428,27.405714285714286,22.662857142857142,0,0,0,0,0,0,0,0,0,0,0,no mains / natural or DC,0
0,0,12,550,-0.9215979491561632,0.0728171636097293,-0.11505478072450942,9.708571428571428,27.405714285714286,22.662857142857142,0,0,0,0,0,0,0,0,0,0,0,no mains / natural or DC,0
0,0,12,560,-0.7952513199255349,0.06219672231208228,-0.12518692587054048,12.108571428571429,23.21142857142857,22.18285714285714,0,0,0,0,0,0,0,0,0,0,0,no mains / natural or DC,0
0,0,12,570,-0.7952513199255349,0.06219672231208228,-0.12518692587054048,12.108571428571429,23.21142857142857,22.18285714285714,0,0,0,0,0,0,0,0,0,0,0,no mains / natural or DC,0
0,0,12,580,-0.6584673604541155,0.04370250556962798,-0.12311166722617267,13.428571428571429,18.748571428571427,20.708571428571428,0,0,0,0,0,0,0,0,0,0,0,no mains / natural or DC,0
0,0,12,590,-0.6584673604541155,0.04370250556962798,-0.12311166722617267,13.491428571428571,14.251428571428571,18.66857142857143,0,0,0,0,0,0,0,0,0,0,0,no mains / natural or DC,0
0,0,12,600,-0.5170445875423444,0.02594073305459761,-0.11102633747367778,13.491428571428571,14.251428571428571,18.66857142857143,0,0,0,0,0,0,0,0,0,0,0,no mains / natural or DC,0
0,0,12,610,-0.38666951506088443,0.012695699942014832,-0.09210486159855953,12.314285714285715,10.045714285714286,16.6,0,0,0,0,0,0,0,0,0,0,0,no mains / natural or DC,0
0,0,12,620,-0.38666951506088443,0.012695699942014832,-0.09210486159855953,12.314285714285715,10.045714285714286,16.6,0,0,0,0,0,0,0,0,0,0,0,no mains / natural or DC,0
0,0,12,630,-0.3031098361156041,0.02105777153843806,-0.07336649678029725,10.06857142857143,6.222857142857142,14.72,0,0,0,0,0,0,0,0,0,0,0,no mains / natural or DC,0
0,0,12,640,-0.3031098361156041,0.02105777153843806,-0.07336649678029725,10.06857142857143,6.222857142857142,14.72,0,0,0,0,0,0,0,0,0,0,0,no mains / natural or DC,0
0,0,12,650,-0.29938657795953244,0.05694753868221076,-0.05896176030762658,7.308571428571429,4.04,14.125714285714286,0,0,0,0,0,0,0,0,0,0,0,no mains / natural or DC,0
0,0,12,660,-0.29938657795953244,0.05694753868221076,-0.05896176030762658,7.308571428571429,4.04,14.125714285714286,0,0,0,0,0,0,0,0,0,0,0,no mains / natural or DC,0
0,0,12,670,-0.31678212836085085,0.09515671254615925,-0.05194250312814722,4.662857142857143,5.32,15.428571428571429,0,0,0,0,0,0,0,0,0,0,0,no mains / natural or DC,0
0,0,12,680,-0.31678212836085085,0.09515671254615925,-0.05194250312814722,4.662857142857143,5.32,15.428571428571429,0,0,0,0,0,0,0,0,0,0,0,no mains / natural or DC,0
0,0,12,690,-0.35242774742881555,0.13983581041901913,-0.05047761467329936,2.2457142857142856,8.36,18.114285714285714,0,0,0,0,0,0,0,0,0,0,0,no mains / natural or DC,0
0,0,12,700,-0.35242774742881555,0.13983581041901913,-0.05047761467329936,2.2457142857142856,8.36,18.114285714285714,0,0,0,0,0,0,0,0,0,0,0,no mains / natural or DC,0
0,0,12,710,-0.37739188818018127,0.17920468764305553,-0.04541154210028382,0.05714285714285714,10.994285714285715,22.262857142857143,0,0,0,0,0,0,0,0,0,0,0,no mains / natural or DC,0
0,0,12,720,-0.37739188818018127,0.17920468764305553,-0.04541154210028382,0.05714285714285714,10.994285714285715,22.262857142857143,0,0,0,0,0,0,0,0,0,0,0,no mains / natural or DC,0
0,0,12,730,-0.3860591448713645,0.20624408703878902,-0.03497421185949278,-2.2114285714285713,11.405714285714286,26.86857142857143,0,0,0,0,0,0,0,0,0,0,0,no mains / natural or DC,0
0,0,12,740,-0.42841883602404857,0.23273415326395458,-0.031250953703421125,-4.565714285714286,9.245714285714286,29.96,0,0,0,0,0,0,0,0,0,0,0,no mains / natural or DC,0
0,0,12,750,-0.42841883602404857,0.23273415326395458,-0.031250953703421125,-4.565714285714286,9.245714285714286,29.96,0,0,0,0,0,0,0,0,0,0,0,no mains / natural or DC,0
0,0,12,760,-0.4739524521622364,0.2445142979216895,-0.03827021088290048,-6.548571428571429,7.171428571428572,30.731428571428573,0,0,0,0,0,0,0,0,0,0,0,no mains / natural or DC,0
0,0,12,770,-0.4739524521622364,0.2445142979216895,-0.03827021088290048,-6.548571428571429,7.171428571428572,30.731428571428573,0,0,0,0,0,0,0,0,0,0,0,no mains / natural or DC,0
0,0,12,780,-0.6529740287484359,0.26136051515243997,-0.09637745292519913,-7.765714285714286,6.417142857142857,27.982857142857142,0,0,0,0,0,0,0,0,0,0,0,no mains / natural or DC,0
0,0,12,790,-0.6529740287484359,0.26136051515243997,-0.09637745292519913,-7.765714285714286,6.417142857142857,27.982857142857142,0,0,0,0,0,0,0,0,0,0,0,no mains / natural or DC,0
0,0,12,800,-1.184606463820307,0.45295571764275033,-0.14215521713919493,-7.2628571428571425,7.937142857142857,25.965714285714284,0,0,0,0,0,0,0,0,0,0,0,no mains / natural or DC,0
0,0,12,810,-1.184606463820307,0.45295571764275033,-0.14215521713919493,-7.2628571428571425,7.937142857142857,25.965714285714284,0,0,0,0,0,0,0,0,0,0,0,no mains / natural or DC,0
0,0,12,820,-0.4652851954710532,0.2981658375804926,-0.20245979186376536,-3.9828571428571427,23.777142857142856,29.291428571428572,0,0,0,0,0,0,0,0,0,0,0,no mains / natural or DC,0
0,0,12,830,-0.4652851954710532,0.2981658375804926,-0.20245979186376536,-3.9828571428571427,23.777142857142856,29.291428571428572,0,0,0,0,0,0,0,0,0,0,0,no mains / natural or DC,0
0,0,12,840,-0.6357005523850215,0.3630481887264626,-0.3121433149204993,-0.35428571428571426,17.697142857142858,24.82857142857143,0,0,0,0,0,0,0,0,0,0,0,no mains / natural or DC,0
0,0,12,850,-0.6357005523850215,0.3630481887264626,-0.3121433149204993,-0.35428571428571426,17.697142857142858,24.82857142857143,0,0,0,0,0,0,0,0,0,0,0,no mains / natural or DC,0
0,0,12,860,-1.1780755027924437,0.2996917630542924,-0.18097476119266334,3.92,-0.15428571428571428,14.611428571428572,0,0,0,0,0,0,0,0,0,0,0,no mains / natural or DC,0
0,0,12,870,-1.1780755027924437,0.2996917630542924,-0.18097476119266334,6.6971428571428575,1.3714285714285714,-1.4857142857142858,0,0,0,0,0,0,0,0,0,0,0,no mains / natural or DC,0
0,0,12,880,-1.3741264076662496,0.282601397747734,-0.24274422437208168,6.6971428571428575,1.3714285714285714,-1.4857142857142858,0,0,0,0,0,0,0,0,0,0,0,no mains / natural or DC,0
0,0,12,890,-1.4515823847163305,0.29627368999298076,-0.22772911770989104,9.56,-0.5028571428571429,-19.274285714285714,0,0,0,0,0,0,0,0,0,0,0,no mains / natural or DC,0
0,0,12,900,-1.4515823847163305,0.29627368999298076,-0.22772911770989104,9.56,-0.5028571428571429,-19.274285714285714,0,0,0,0,0,0,0,0,0,0,0,no mains / natural or DC,0
0,0,12,910,-1.2527848139896847,0.21143223364970853,-0.19873653370769373,11.205714285714286,-3.7485714285714287,-27.982857142857142,0,0,0,0,0,0,0,0,0,0,0,no mains / natural or DC,0
0,0,12,920,-1.2527848139896847,0.21143223364970853,-0.19873653370769373,11.205714285714286,-3.7485714285714287,-27.982857142857142,0,0,0,0,0,0,0,0,0,0,0,no mains / natural or DC,0
0,0,12,930,-1.347270119327372,0.15796380504776147,-0.16742454298532058,10.062857142857142,-17.65142857142857,-32.794285714285714,0,0,0,0,0,0,0,0,0,0,0,no mains / natural or DC,0
0,0,12,940,-1.347270119327372,0.15796380504776147,-0.16742454298532058,10.062857142857142,-17.65142857142857,-32.794285714285714,0,0,0,0,0,0,0,0,0,0,0,no mains / natural or DC,0
0,0,12,950,-1.5790276802880947,0.1021149327066866,-0.15399639881588184,8.468571428571428,-26.222857142857144,-36.31428571428572,0,0,0,0,0,0,0,0,0,0,0,no mains / natural or DC,0
0,0,12,960,-1.5790276802880947,0.1021149327066866,-0.15399639881588184,8.468571428571428,-26.222857142857144,-36.31428571428572,0,0,0,0,0,0,0,0,0,0,0,no mains / natural or DC,0
0,0,12,970,-1.6900540177617724,0.032227546006653035,-0.1480147709585864,7.565714285714286,-23.125714285714285,-41.902857142857144,0,0,0,0,0,0,0,0,0,0,0,no mains / natural or DC,0
0,0,12,980,-1.6900540177617724,0.032227546006653035,-0.1480147709585864,7.565714285714286,-23.125714285714285,-41.902857142857144,0,0,0,0,0,0,0,0,0,0,0,no mains / natural or DC,0
0,0,12,990,-1.6576433606982635,-0.031189916684469132,-0.14825891903439437,6.788571428571428,-15.394285714285715,-47.94857142857143,0,0,0,0,0,0,0,0,0,0,0,no mains / natural or DC,0
0,0,13,0,-1.6576433606982635,-0.031189916684469132,-0.14825891903439437,6.788571428571428,-12.611428571428572,-51.17142857142857,0,0,0,0,0,0,0,0,0,0,0,no mains / natural or DC,0
0,0,13,10,-1.5509506515701774,-0.08825952940458388,-0.12567522202215645,5.377142857142857,-12.611428571428572,-51.17142857142857,0,0,0,0,0,0,0,0,0,0,0,no mains / natural or DC,0
0,0,13,20,-1.4566484572893459,-0.11450544755394146,-0.11395611438337351,2.942857142857143,-15.491428571428571,-48.41142857142857,0,0,0,0,0,0,0,0,0,0,0,no mains / natural or DC,0
0,0,13,30,-1.4566484572893459,-0.11450544755394146,-0.11395611438337351,2.942857142857143,-15.491428571428571,-48.41142857142857,0,0,0,0,0,0,0,0,0,0,0,no mains / natural or DC,0
0,0,13,40,-1.4188665425580615,-0.0988189336832789,-0.09814752647480697,0.5828571428571429,-19.68,-41.034285714285716,0,0,0,0,0,0,0,0,0,0,0,no mains / natural or DC,0
0,0,13,50,-1.4188665425580615,-0.0988189336832789,-0.09814752647480697,0.5828571428571429,-19.68,-41.034285714285716,0,0,0,0,0,0,0,0,0,0,0,no mains / natural or DC,0
0,0,13,60,-1.3613696707052827,-0.056825464644306774,-0.08221686452833643,-0.7828571428571428,-20.514285714285716,-31.548571428571428,0,0,0,0,0,0,0,0,0,0,0,no mains / natural or DC,0
0,0,13,70,-1.3613696707052827,-0.056825464644306774,-0.08221686452833643,-0.7828571428571428,-20.514285714285716,-31.548571428571428,0,0,0,0,0,0,0,0,0,0,0,no mains / natural or DC,0
0,0,13,80,-1.2534562211981566,-0.020386364329966124,-0.06817835016937773,-1.177142857142857,-18.194285714285716,-22.274285714285714,0,0,0,0,0,0,0,0,0,0,0,no mains / natural or DC,0
0,0,13,90,-1.2534562211981566,-0.020386364329966124,-0.06817835016937773,-1.177142857142857,-18.194285714285716,-22.274285714285714,0,0,0,0,0,0,0,0,0,0,0,no mains / natural or DC,0
0,0,13,100,-1.1015350810266427,-0.0057985168004394665,-0.048768578142643515,-1.0971428571428572,-13.937142857142858,-14.508571428571429,0,0,0,0,0,0,0,0,0,0,0,no mains / natural or DC,0
0,0,13,110,-1.1015350810266427,-0.0057985168004394665,-0.048768578142643515,-1.0971428571428572,-13.937142857142858,-14.508571428571429,0,0,0,0,0,0,0,0,0,0,0,no mains / natural or DC,0
0,0,13,120,-0.9189733573412274,-0.011169774468214972,-0.031922360911893065,-1.1257142857142857,-9.594285714285714,-8.948571428571428,0,0,0,0,0,0,0,0,0,0,0,no mains / natural or DC,0
0,0,13,130,-0.9189733573412274,-0.011169774468214972,-0.031922360911893065,-1.1257142857142857,-9.594285714285714,-8.948571428571428,0,0,0,0,0,0,0,0,0,0,0,no mains / natural or DC,0
0,0,13,140,-0.7471541489913632,-0.012512588885158849,-0.023560289315469832,-1.7142857142857142,-7.011428571428572,-5.188571428571429,0,0,0,0,0,0,0,0,0,0,0,no mains / natural or DC,0
0,0,13,150,-0.7471541489913632,0.0031128879665517136,-0.02008117923520615,-2.6514285714285712,-6.914285714285715,-1.4742857142857142,0,0,0,0,0,0,0,0,0,0,0,no mains / natural or DC,0
0,0,13,160,-0.6397900326548052,0.003906369212927641,-0.02008117923520615,-2.6514285714285712,-6.914285714285715,-1.4742857142857142,0,0,0,0,0,0,0,0,0,0,0,no mains / natural or DC,0
0,0,13,170,-0.6263008514664143,0.038087099826044496,-0.029541917172765282,-3.1885714285714286,-7.6,2.88,0,0,0,0,0,0,0,0,0,0,0,no mains / natural or DC,0
0,0,13,180,-0.6263008514664143,0.038087099826044496,-0.029541917172765282,-3.1885714285714286,-7.6,2.88,0,0,0,0,0,0,0,0,0,0,0,no mains / natural or DC,0
0,0,13,190,-0.5971251564073611,0.05456709494308298,-0.033570360423596915,-2.777142857142857,-6.742857142857143,7.228571428571429,0,0,0,0,0,0,0,0,0,0,0,no mains / natural or DC,0
0,0,13,200,-0.5971251564073611,0.05456709494308298,-0.033570360423596915,-2.777142857142857,-6.742857142857143,7.228571428571429,0,0,0,0,0,0,0,0,0,0,0,no mains / natural or DC,0
0,0,13,210,-0.5194860683004242,0.062013611255226295,-0.03985717337565233,-1.6514285714285715,-4.731428571428571,10.731428571428571,0,0,0,0,0,0,0,0,0,0,0,no mains / natural or DC,0
0,0,13,220,-0.5194860683004242,0.062013611255226295,-0.03985717337565233,-1.6514285714285715,-4.731428571428571,10.731428571428571,0,0,0,0,0,0,0,0,0,0,0,no mains / natural or DC,0
0,0,13,230,-0.4735251930295724,0.0707419049653615,-0.05554368724631489,-0.08571428571428572,-3.8,13.102857142857143,0,0,0,0,0,0,0,0,0,0,0,no mains / natural or DC,0
0,0,13,240,-0.4735251930295724,0.0707419049653615,-0.05554368724631489,-0.08571428571428572,-3.8,13.102857142857143,0,0,0,0,0,0,0,0,0,0,0,no mains / natural or DC,0
0,0,13,250,-0.45789971617786185,0.06402783288064211,-0.06414990691854609,1.96,-3.1485714285714286,14.245714285714286,0,0,0,0,0,0,0,0,0,0,0,no mains / natural or DC,0
0,0,13,260,-0.4631488998077334,0.05609302041688284,-0.08093508713034456,4.314285714285714,-2.8,12.085714285714285,0,0,0,0,0,0,0,0,0,0,0,no mains / natural or DC,0
0,0,13,270,-0.4631488998077334,0.05609302041688284,-0.08093508713034456,4.314285714285714,-2.8,12.085714285714285,0,0,0,0,0,0,0,0,0,0,0,no mains / natural or DC,0
0,0,13,280,-0.4631488998077334,0.05609302041688284,-0.08093508713034456,6.594285714285714,-3.56,8.782857142857143,0,0,0,0,0,0,0,0,0,0,0,no mains / natural or DC,0
0,0,13,290,-0.4575945310831019,0.0748924222540971,-0.09155552842799158,6.594285714285714,-3.56,8.782857142857143,0,0,0,0,0,0,0,0,0,0,0,no mains / natural or DC,0
0,0,13,300,-0.47676015503402813,0.07702871791741692,-0.10242011780144658,8.8,-4.057142857142857,6.9714285714285715,0,0,0,0,0,0,0,0,0,0,0,no mains / natural or DC,0
0,0,13,310,-0.47676015503402813,0.07702871791741692,-0.10242011780144658,8.8,-4.057142857142857,6.9714285714285715,0,0,0,0,0,0,0,0,0,0,0,no mains / natural or DC,0
0,0,13,320,-0.5066072573015534,0.07934812463759269,-0.10516678365428632,10.422857142857143,-5.44,5.702857142857143,0,0,0,0,0,0,0,0,0,0,0,no mains / natural or DC,0
0,0,13,330,-0.5066072573015534,0.07934812463759269,-0.10516678365428632,10.422857142857143,-5.44,5.702857142857143,0,0,0,0,0,0,0,0,0,0,0,no mains / natural or DC,0
0,0,13,340,-0.45796075319681384,0.07910397656178472,-0.10370189519943845,11.417142857142856,-5.868571428571428,6.56,0,0,0,0,0,0,0,0,0,0,0,no mains / natural or DC,0
0,0,13,350,-0.45796075319681384,0.07910397656178472,-0.10370189519943845,11.417142857142856,-5.868571428571428,6.56,0,0,0,0,0,0,0,0,0,0,0,no mains / natural or DC,0
0,0,13,360,-0.48994415112765893,0.08642841883602405,-0.10724204229865414,11.428571428571429,-5.64,8.634285714285713,0,0,0,0,0,0,0,0,0,0,0,no mains / natural or DC,0
0,0,13,370,-0.48994415112765893,0.08642841883602405,-0.10724204229865414,11.428571428571429,-5.64,8.634285714285713,0,0,0,0,0,0,0,0,0,0,0,no mains / natural or DC,0
0,0,13,380,-0.46357615894039733,0.12695699942014832,-0.11535996581926938,10.777142857142858,-4.057142857142857,14.93142857142857,0,0,0,0,0,0,0,0,0,0,0,no mains / natural or DC,0
0,0,13,390,-0.46357615894039733,0.12695699942014832,-0.11535996581926938,10.777142857142858,-4.057142857142857,14.93142857142857,0,0,0,0,0,0,0,0,0,0,0,no mains / natural or DC,0
0,0,13,400,-0.5774101992858669,0.13422040467543564,-0.13666188543351543,10.154285714285715,-0.9942857142857143,23.56,0,0,0,0,0,0,0,0,0,0,0,no mains / natural or DC,0
0,0,13,410,-0.5774101992858669,0.13422040467543564,-0.13666188543351543,10.154285714285715,-0.9942857142857143,30.874285714285715,0,0,0,0,0,0,0,0,0,0,0,no mains / natural or DC,0
0,0,13,420,-1.1147190771202735,0.30701620532853174,-0.09424115726187933,10.142857142857142,1.0457142857142858,31.325714285714287,0,0,0,0,0,0,0,0,0,0,0,no mains / natural or DC,0
0,0,13,430,-0.5236976226081118,0.11865596484267708,-0.0488906521805475,9.708571428571428,11.331428571428571,40.245714285714286,0,0,0,0,0,0,0,0,0,0,0,no mains / natural or DC,0
0,0,13,440,-0.5236976226081118,0.11865596484267708,-0.0488906521805475,9.708571428571428,11.331428571428571,40.245714285714286,0,0,0,0,0,0,0,0,0,0,0,no mains / natural or DC,0
0,0,13,450,-0.4272591326639607,0.0879543443098239,-0.059694204535050505,5.7942857142857145,9.491428571428571,35.777142857142856,0,0,0,0,0,0,0,0,0,0,0,no mains / natural or DC,0
0,0,13,460,-0.4272591326639607,0.0879543443098239,-0.059694204535050505,5.7942857142857145,9.491428571428571,35.777142857142856,0,0,0,0,0,0,0,0,0,0,0,no mains / natural or DC,0
0,0,13,470,-0.8534195989867854,0.14648884548478652,0.02368236335337382,1.1142857142857143,-3.1714285714285713,25.21142857142857,0,0,0,0,0,0,0,0,0,0,0,no mains / natural or DC,0
0,0,13,480,-0.8534195989867854,0.14648884548478652,0.02368236335337382,1.1142857142857143,-3.1714285714285713,25.21142857142857,0,0,0,0,0,0,0,0,0,0,0,no mains / natural or DC,0
0,0,13,490,-1.099093600268563,0.1586352122562334,0.09277626880703146,-2.9085714285714284,-11.28,10.428571428571429,0,0,0,0,0,0,0,0,0,0,0,no mains / natural or DC,0
0,0,13,500,-1.099093600268563,0.1586352122562334,0.09277626880703146,-2.9085714285714284,-11.28,10.428571428571429,0,0,0,0,0,0,0,0,0,0,0,no mains / natural or DC,0
0,0,13,510,-1.3876766258735924,0.24085207678456985,0.15039521469771416,-4.571428571428571,-26.125714285714285,-10.68,0,0,0,0,0,0,0,0,0,0,0,no mains / natural or DC,0
0,0,13,520,-1.3876766258735924,0.24085207678456985,0.15039521469771416,-4.571428571428571,-26.125714285714285,-10.68,0,0,0,0,0,0,0,0,0,0,0,no mains / natural or DC,0
0,0,13,530,-1.467635120700705,0.2217474898525956,0.1976989043855098,-3.1314285714285712,-31.097142857142856,-28.4,0,0,0,0,0,0,0,0,0,0,0,no mains / natural or DC,0
0,0,13,540,-1.467635120700705,0.2217474898525956,0.1976989043855098,-3.1314285714285712,-31.097142857142856,-28.4,0,0,0,0,0,0,0,0,0,0,0,no mains / natural or DC,0
0,0,13,550,-1.490279854731895,0.1750541703543199,0.22846156193731498,-0.7542857142857143,-25.18285714285714,-40.674285714285716,0,0,0,0,0,0,0,0,0,0,0,no mains / natural or DC,0
0,0,13,560,-1.490279854731895,0.1750541703543199,0.3378398998992889,0.22857142857142856,-21.462857142857143,-47.54857142857143,0,0,0,0,0,0,0,0,0,0,0,no mains / natural or DC,0
0,0,13,570,-1.5143894772179327,0.07782219916379284,0.3296609393597217,0.22857142857142856,-21.462857142857143,-47.54857142857143,0,0,0,0,0,0,0,0,0,0,0,no mains / natural or DC,0
0,0,13,580,-1.5391705069124424,-0.06414990691854609,0.4250007629627369,-1.6114285714285714,-22.16,-47.325714285714284,0,0,0,0,0,0,0,0,0,0,0,no mains / natural or DC,0
0,0,13,590,-1.5391705069124424,-0.06414990691854609,0.4250007629627369,-1.6114285714285714,-22.16,-47.325714285714284,0,0,0,0,0,0,0,0,0,0,0,no mains / natural or DC,0
0,0,13,600,-1.6710715048677023,-0.1676076540421766,0.48854029969176305,-5.434285714285714,-28.017142857142858,-43.68571428571428,0,0,0,0,0,0,0,0,0,0,0,no mains / natural or DC,0
0,0,13,610,-1.6710715048677023,-0.1676076540421766,0.48854029969176305,-5.434285714285714,-28.017142857142858,-43.68571428571428,0,0,0,0,0,0,0,0,0,0,0,no mains / natural or DC,0
0,0,13,620,-1.8610187078463087,-0.19934690389721366,0.5230262153996399,-8.062857142857142,-29.594285714285714,-38.89142857142857,0,0,0,0,0,0,0,0,0,0,0,no mains / natural or DC,0
0,0,13,630,-1.8610187078463087,-0.19934690389721366,0.5230262153996399,-8.062857142857142,-29.594285714285714,-38.89142857142857,0,0,0,0,0,0,0,0,0,0,0,no mains / natural or DC,0
0,0,13,640,-1.955198828089236,-0.19190038758507033,0.5280922879726554,-6.634285714285714,-17.662857142857142,-31.697142857142858,0,0,0,0,0,0,0,0,0,0,0,no mains / natural or DC,0
0,0,13,650,-1.955198828089236,-0.19190038758507033,0.5280922879726554,-6.634285714285714,-17.662857142857142,-31.697142857142858,0,0,0,0,0,0,0,0,0,0,0,no mains / natural or DC,0
0,0,13,660,-1.8881801812799464,-0.17328409680471205,0.47535630359813225,-2.0,0.9428571428571428,-20.634285714285713,0,0,0,0,0,0,0,0,0,0,0,no mains / natural or DC,0
0,0,13,670,-1.8881801812799464,-0.17328409680471205,0.47535630359813225,-2.0,0.9428571428571428,-20.634285714285713,0,0,0,0,0,0,0,0,0,0,0,no mains / natural or DC,0
0,0,13,680,-1.8107852412488175,-0.14648884548478652,0.41016876735740226,3.565714285714286,15.577142857142857,-8.382857142857143,0,0,0,0,0,0,0,0,0,0,0,no mains / natural or DC,0
0,0,13,690,-1.8107852412488175,-0.14648884548478652,0.41016876735740226,7.954285714285715,26.428571428571427,2.874285714285714,0,0,0,0,0,0,0,0,0,0,0,no mains / natural or DC,0
0,0,13,700,-1.6765648365733818,-0.09961241492965484,0.3238624225592822,8.28,26.428571428571427,2.874285714285714,0,0,0,0,0,0,0,0,0,0,0,no mains / natural or DC,0
0,0,13,710,-1.5077974791711173,-0.03595080416272469,0.23279519028290657,11.628571428571428,32.93142857142857,12.062857142857142,0,0,0,0,0,0,0,0,0,0,0,no mains / natural or DC,0
0,0,13,720,-1.5077974791711173,-0.03595080416272469,0.23279519028290657,11.628571428571428,32.93142857142857,12.062857142857142,0,0,0,0,0,0,0,0,0,0,0,no mains / natural or DC,0
0,0,13,730,-1.3297524948881496,0.021546067690054016,0.16119876705221717,13.725714285714286,34.42857142857143,19.34857142857143,0,0,0,0,0,0,0,0,0,0,0,no mains / natural or DC,0
0,0,13,740,-1.3297524948881496,0.021546067690054016,0.16119876705221717,13.725714285714286,34.42857142857143,19.34857142857143,0,0,0,0,0,0,0,0,0,0,0,no mains / natural or DC,0
0,0,13,750,-1.1683095797601246,0.056886501663258766,0.10266426587725455,14.98857142857143,32.48571428571429,24.394285714285715,0,0,0,0,0,0,0,0,0,0,0,no mains / natural or DC,0
0,0,13,760,-1.1683095797601246,0.056886501663258766,0.10266426587725455,14.98857142857143,32.48571428571429,24.394285714285715,0,0,0,0,0,0,0,0,0,0,0,no mains / natural or DC,0
0,0,13,770,-1.0366527298806727,0.0858790856654561,0.0706808679464095,15.76,29.154285714285713,26.645714285714284,0,0,0,0,0,0,0,0,0,0,0,no mains / natural or DC,0
0,0,13,780,-1.0366527298806727,0.0858790856654561,0.0706808679464095,15.76,29.154285714285713,26.645714285714284,0,0,0,0,0,0,0,0,0,0,0,no mains / natural or DC,0
0,0,13,790,-0.8822290719321269,0.10480056154057436,0.042542802209540084,15.942857142857143,26.965714285714284,27.222857142857144,0,0,0,0,0,0,0,0,0,0,0,no mains / natural or DC,0
0,0,13,800,-0.8822290719321269,0.10480056154057436,0.042542802209540084,15.942857142857143,26.965714285714284,27.222857142857144,0,0,0,0,0,0,0,0,0,0,0,no mains / natural or DC,0
0,0,13,810,-0.750022888882107,0.11780144657734916,0.020630512405774102,15.777142857142858,24.805714285714284,26.21142857142857,0,0,0,0,0,0,0,0,0,0,0,no mains / natural or DC,0
0,0,13,820,-0.750022888882107,0.11780144657734916,0.020630512405774102,15.777142857142858,24.805714285714284,26.21142857142857,0,0,0,0,0,0,0,0,0,0,0,no mains / natural or DC,0
0,0,13,830,-0.6749473555711539,0.13104647968993194,0.0042115543076876125,15.411428571428571,22.822857142857142,24.10857142857143,0,0,0,0,0,0,0,0,0,0,0,no mains / natural or DC,0
0,0,13,840,-0.6124454481643117,0.1348307748649556,-0.006775109103671377,15.0,21.542857142857144,21.34285714285714,0,0,0,0,0,0,0,0,0,0,0,no mains / natural or DC,0
0,0,13,850,-0.6162297433393353,0.1348307748649556,-0.006775109103671377,15.0,21.542857142857144,21.34285714285714,0,0,0,0,0,0,0,0,0,0,0,no mains / natural or DC,0
0,0,13,860,-0.5301065095980713,0.12683492538224433,-0.016663106173894465,14.251428571428571,20.228571428571428,17.925714285714285,0,0,0,0,0,0,0,0,0,0,0,no mains / natural or DC,0
0,0,13,870,-0.5301065095980713,0.12683492538224433,-0.016663106173894465,14.251428571428571,20.228571428571428,17.925714285714285,0,0,0,0,0,0,0,0,0,0,0,no mains / natural or DC,0
0,0,13,880,-0.47315897091586046,0.13122959074678792,-0.03131199072237312,13.137142857142857,17.65714285714286,14.314285714285715,0,0,0,0,0,0,0,0,0,0,0,no mains / natural or DC,0
0,0,13,890,-0.47315897091586046,0.13122959074678792,-0.03131199072237312,13.137142857142857,17.65714285714286,14.314285714285715,0,0,0,0,0,0,0,0,0,0,0,no mains / natural or DC,0
0,0,13,900,-0.43861201818903167,0.13428144169438766,-0.039368877224036376,12.097142857142858,15.24,11.702857142857143,0,0,0,0,0,0,0,0,0,0,0,no mains / natural or DC,0
0,0,13,910,-0.43861201818903167,0.13428144169438766,-0.039368877224036376,12.097142857142858,15.24,11.702857142857143,0,0,0,0,0,0,0,0,0,0,0,no mains / natural or DC,0
0,0,13,920,-0.402294991912595,0.13452558977019563,-0.04602191228980376,11.08,13.434285714285714,9.725714285714286,0,0,0,0,0,0,0,0,0,0,0,no mains / natural or DC,0
0,0,13,930,-0.402294991912595,0.13452558977019563,-0.04602191228980376,11.08,13.434285714285714,9.725714285714286,0,0,0,0,0,0,0,0,0,0,0,no mains / natural or DC,0
0,0,13,940,-0.3659779656361583,0.1316568498794519,-0.054933317056794946,9.942857142857143,11.731428571428571,8.234285714285715,0,0,0,0,0,0,0,0,0,0,0,no mains / natural or DC,0
0,0,13,950,-0.3659779656361583,0.1316568498794519,-0.054933317056794946,9.942857142857143,11.731428571428571,8.234285714285715,0,0,0,0,0,0,0,0,0,0,0,no mains / natural or DC,0
0,0,13,960,-0.36347544785912655,0.1389812921536912,-0.06787316507461776,8.765714285714285,10.01142857142857,7.565714285714286,0,0,0,0,0,0,0,0,0,0,0,no mains / natural or DC,0
0,0,13,970,-0.36347544785912655,0.1389812921536912,-0.06787316507461776,7.805714285714286,8.90857142857143,7.2628571428571425,0,0,0,0,0,0,0,0,0,0,0,no mains / natural or DC,0
0,0,13,980,-0.3986938077944273,0.14819788201544237,-0.07763908810693686,7.805714285714286,8.90857142857143,7.2628571428571425,0,0,0,0,0,0,0,0,0,0,0,no mains / natural or DC,0
0,0,13,990,-0.4393444624164556,0.1599169896542253,-0.08398693807794427,6.942857142857143,8.445714285714285,6.851428571428571,0,0,0,0,0,0,0,0,0,0,0,no mains / natural or DC,0
0,0,14,0,-0.4393444624164556,0.1599169896542253,-0.08398693807794427,6.942857142857143,8.445714285714285,6.851428571428571,0,0,0,0,0,0,0,0,0,0,0,no mains / natural or DC,0
0,0,14,10,-0.4638203070162053,0.17242957853938415,-0.08880886257515183,5.811428571428571,7.3428571428571425,6.828571428571428,0,0,0,0,0,0,0,0,0,0,0,no mains / natural or DC,0
0,0,14,20,-0.4638203070162053,0.17242957853938415,-0.08880886257515183,5.811428571428571,7.3428571428571425,6.828571428571428,0,0,0,0,0,0,0,0,0,0,0,no mains / natural or DC,0
0,0,14,30,-0.46247749259926146,0.1760917996765038,-0.08935819574571978,4.091428571428572,5.445714285714286,8.6,0,0,0,0,0,0,0,0,0,0,0,no mains / natural or DC,0
0,0,14,40,-0.46247749259926146,0.1760917996765038,-0.08935819574571978,4.091428571428572,5.445714285714286,8.6,0,0,0,0,0,0,0,0,0,0,0,no mains / natural or DC,0
0,0,14,50,-0.42481765190588094,0.15973387859736932,-0.0945463423566393,1.7714285714285714,3.3771428571428572,11.742857142857142,0,0,0,0,0,0,0,0,0,0,0,no mains / natural or DC,0
0,0,14,60,-0.42481765190588094,0.15973387859736932,-0.0945463423566393,1.7714285714285714,3.3771428571428572,11.742857142857142,0,0,0,0,0,0,0,0,0,0,0,no mains / natural or DC,0
0,0,14,70,-0.8417004913480025,0.2736289559617908,-0.12543107394634845,-0.4,-0.28,13.714285714285714,0,0,0,0,0,0,0,0,0,0,0,no mains / natural or DC,0
0,0,14,80,-0.8417004913480025,0.2736289559617908,-0.12543107394634845,-0.4,-0.28,13.714285714285714,0,0,0,0,0,0,0,0,0,0,0,no mains / natural or DC,0
0,0,14,90,-0.5970641193884091,0.2380443739127781,-0.10010071108127079,-1.3771428571428572,2.7885714285714287,19.611428571428572,0,0,0,0,0,0,0,0,0,0,0,no mains / natural or DC,0
0,0,14,100,-0.5970641193884091,0.2380443739127781,-0.10010071108127079,-1.3771428571428572,2.7885714285714287,19.82857142857143,0,0,0,0,0,0,0,0,0,0,0,no mains / natural or DC,0
0,0,14,110,-0.22315134128849146,0.17615283669545578,-0.16229743339335306,-2.2857142857142856,3.5542857142857143,19.82857142857143,0,0,0,0,0,0,0,0,0,0,0,no mains / natural or DC,0
0,0,14,120,-0.7637562181463058,0.31806390575884275,-0.21991637928403576,-1.8457142857142856,-12.108571428571429,13.474285714285715,0,0,0,0,0,0,0,0,0,0,0,no mains / natural or DC,0
0,0,14,130,-0.7637562181463058,0.31806390575884275,-0.21991637928403576,-1.8457142857142856,-12.108571428571429,13.474285714285715,0,0,0,0,0,0,0,0,0,0,0,no mains / natural or DC,0
0,0,14,140,-1.2985015411847285,0.2910245063631092,-0.16168706320383314,1.6685714285714286,-14.04,4.708571428571428,0,0,0,0,0,0,0,0,0,0,0,no mains / natural or DC,0
0,0,14,150,-1.2985015411847285,0.2910245063631092,-0.16168706320383314,1.6685714285714286,-14.04,4.708571428571428,0,0,0,0,0,0,0,0,0,0,0,no mains / natural or DC,0
0,0,14,160,-1.3077181310464796,0.2032532731101413,-0.22296823023163548,3.7657142857142856,-6.182857142857143,-15.72,0,0,0,0,0,0,0,0,0,0,0,no mains / natural or DC,0
0,0,14,170,-1.3077181310464796,0.2032532731101413,-0.22296823023163548,3.7657142857142856,-6.182857142857143,-15.72,0,0,0,0,0,0,0,0,0,0,0,no mains / natural or DC,0
0,0,14,180,-1.2524185918759727,0.21478926969206824,-0.3192846461378826,4.851428571428571,-9.56,-38.965714285714284,0,0,0,0,0,0,0,0,0,0,0,no mains / natural or DC,0
0,0,14,190,-1.2524185918759727,0.21478926969206824,-0.3192846461378826,4.851428571428571,-9.56,-38.965714285714284,0,0,0,0,0,0,0,0,0,0,0,no mains / natural or DC,0
0,0,14,200,-1.1275978881191442,0.15210425122837,-0.2905972472304453,6.822857142857143,-15.697142857142858,-57.14857142857143,0,0,0,0,0,0,0,0,0,0,0,no mains / natural or DC,0
0,0,14,210,-1.1275978881191442,0.15210425122837,-0.2905972472304453,6.822857142857143,-15.697142857142858,-57.14857142857143,0,0,0,0,0,0,0,0,0,0,0,no mains / natural or DC,0
0,0,14,220,-1.174108096560564,0.11621448408459731,-0.24835963011566514,7.297142857142857,-27.537142857142857,-68.51428571428572,0,0,0,0,0,0,0,0,0,0,0,no mains / natural or DC,0
0,0,14,230,-1.174108096560564,0.11621448408459731,-0.24835963011566514,7.297142857142857,-27.537142857142857,-68.51428571428572,0,0,0,0,0,0,0,0,0,0,0,no mains / natural or DC,0
0,0,14,240,-1.4743491927854244,0.03460798974578082,-0.20923490096743674,7.217142857142857,-43.222857142857144,-76.61714285714285,0,0,0,0,0,0,0,0,0,0,0,no mains / natural or DC,0
0,0,14,250,-1.4743491927854244,0.03460798974578082,-0.14734336375011445,6.902857142857143,-46.645714285714284,-88.13714285714286,0,0,0,0,0,0,0,0,0,0,0,no mains / natural or DC,0
0,0,14,260,-1.6713156529435103,-0.17371135593737602,-0.14734336375011445,6.902857142857143,-46.645714285714284,-88.13714285714286,0,0,0,0,0,0,0,0,0,0,0,no mains / natural or DC,0
0,0,14,270,-1.5339213232825708,-0.3660390026551103,-0.14636677144688254,6.297142857142857,-38.38285714285714,-98.22857142857143,0,0,0,0,0,0,0,0,0,0,0,no mains / natural or DC,0
0,0,14,280,-1.5339213232825708,-0.3660390026551103,-0.14636677144688254,6.297142857142857,-38.38285714285714,-98.22857142857143,0,0,0,0,0,0,0,0,0,0,0,no mains / natural or DC,0
0,0,14,290,-1.641285439619129,-0.4296395764030885,-0.16876735740226448,7.08,-29.68,-86.81142857142856,0,0,0,0,0,0,0,0,0,0,0,no mains / natural or DC,0
0,0,14,300,-1.641285439619129,-0.4296395764030885,-0.16876735740226448,7.08,-29.68,-86.81142857142856,0,0,0,0,0,0,0,0,0,0,0,no mains / natural or DC,0
0,0,14,310,-1.6752830591753898,-0.5669728690450758,-0.08886989959410382,8.234285714285715,-20.497142857142858,-59.49142857142857,0,0,0,0,0,0,0,0,0,0,0,no mains / natural or DC,0
0,0,14,320,-1.6752830591753898,-0.5669728690450758,-0.08886989959410382,8.234285714285715,-20.497142857142858,-59.49142857142857,0,0,0,0,0,0,0,0,0,0,0,no mains / natural or DC,0
0,0,14,330,-1.6699728385265664,-0.6047547837763604,-0.06109805597094638,7.382857142857143,-10.291428571428572,-29.874285714285715,0,0,0,0,0,0,0,0,0,0,0,no mains / natural or DC,0
0,0,14,340,-1.6699728385265664,-0.6047547837763604,-0.06109805597094638,7.382857142857143,-10.291428571428572,-29.874285714285715,0,0,0,0,0,0,0,0,0,0,0,no mains / natural or DC,0
0,0,14,350,-1.6335337382122257,-0.54353465376751,-0.025513473921933653,5.228571428571429,-5.925714285714285,-4.868571428571428,0,0,0,0,0,0,0,0,0,0,0,no mains / natural or DC,0
0,0,14,360,-1.6335337382122257,-0.54353465376751,-0.025513473921933653,5.228571428571429,-5.925714285714285,-4.868571428571428,0,0,0,0,0,0,0,0,0,0,0,no mains / natural or DC,0
0,0,14,370,-1.5207983642078922,-0.42841883602404857,-0.009949034089175085,3.005714285714286,-2.4914285714285715,13.691428571428572,0,0,0,0,0,0,0,0,0,0,0,no mains / natural or DC,0
0,0,14,380,-1.5207983642078922,-0.42841883602404857,-0.009949034089175085,1.6114285714285714,0.5942857142857143,27.16,0,0,0,0,0,0,0,0,0,0,0,no mains / natural or DC,0
0,0,14,390,-1.358745078890347,-0.28101443525498215,-0.003357036042359691,1.6114285714285714,0.5942857142857143,27.16,0,0,0,0,0,0,0,0,0,0,0,no mains / natural or DC,0
0,0,14,400,-1.131260109256264,-0.16711935789056062,-0.0018311105685598315,1.6342857142857143,4.514285714285714,36.371428571428574,0,0,0,0,0,0,0,0,0,0,0,no mains / natural or DC,0
0,0,14,410,-1.131260109256264,-0.16711935789056062,-0.0018311105685598315,1.6342857142857143,4.514285714285714,36.371428571428574,0,0,0,0,0,0,0,0,0,0,0,no mains / natural or DC,0
0,0,14,420,-0.8776512955107273,-0.07043671987060152,-0.009582811975463118,2.56,5.8742857142857146,39.78857142857143,0,0,0,0,0,0,0,0,0,0,0,no mains / natural or DC,0
0,0,14,430,-0.8776512955107273,-0.07043671987060152,-0.009582811975463118,2.56,5.8742857142857146,39.78857142857143,0,0,0,0,0,0,0,0,0,0,0,no mains / natural or DC,0
0,0,14,440,-0.6786706137272256,-0.015137180700094607,-0.015259254737998596,4.28,4.411428571428571,39.457142857142856,0,0,0,0,0,0,0,0,0,0,0,no mains / natural or DC,0
0,0,14,450,-0.6786706137272256,-0.015137180700094607,-0.015259254737998596,4.28,4.411428571428571,39.457142857142856,0,0,0,0,0,0,0,0,0,0,0,no mains / natural or DC,0
0,0,14,460,-0.5553147984252449,-0.0030518509475997192,-0.008667256691183203,6.565714285714286,1.3657142857142857,35.09142857142857,0,0,0,0,0,0,0,0,0,0,0,no mains / natural or DC,0
0,0,14,470,-0.5553147984252449,-0.0030518509475997192,-0.008667256691183203,6.565714285714286,1.3657142857142857,35.09142857142857,0,0,0,0,0,0,0,0,0,0,0,no mains / natural or DC,0
0,0,14,480,-0.5122226630451369,-0.00848414563432722,0.009033478804895169,8.605714285714285,-3.2,26.737142857142857,0,0,0,0,0,0,0,0,0,0,0,no mains / natural or DC,0
0,0,14,490,-0.5122226630451369,-0.00848414563432722,0.009033478804895169,8.605714285714285,-3.2,26.737142857142857,0,0,0,0,0,0,0,0,0,0,0,no mains / natural or DC,0
0,0,14,500,-0.47248756370738854,-0.014404736472670675,0.02587969603564562,9.765714285714285,-8.697142857142858,16.6,0,0,0,0,0,0,0,0,0,0,0,no mains / natural or DC,0
0,0,14,510,-0.47248756370738854,-0.014404736472670675,0.02587969603564562,9.765714285714285,-8.697142857142858,16.6,0,0,0,0,0,0,0,0,0,0,0,no mains / natural or DC,0
0,0,14,520,-0.4402600177007355,0.008667256691183203,0.024536881618701743,10.4,-12.537142857142857,9.005714285714285,0,0,0,0,0,0,0,0,0,0,0,no mains / natural or DC,0
0,0,14,530,-0.40388195440534685,0.02563554795983764,0.023438215277565844,11.222857142857142,-11.977142857142857,6.137142857142857,0,0,0,0,0,0,0,0,0,0,0,no mains / natural or DC,0
0,0,14,540,-0.40388195440534685,0.02563554795983764,0.023438215277565844,11.222857142857142,-11.977142857142857,6.137142857142857,0,0,0,0,0,0,0,0,0,0,0,no mains / natural or DC,0
0,0,14,550,-0.3762321848200934,0.053651539658803066,0.001281777397991882,12.217142857142857,-8.205714285714286,6.64,0,0,0,0,0,0,0,0,0,0,0,no mains / natural or DC,0
0,0,14,560,-0.3762321848200934,0.053651539658803066,0.001281777397991882,12.217142857142857,-8.205714285714286,6.64,0,0,0,0,0,0,0,0,0,0,0,no mains / natural or DC,0
0,0,14,570,-0.40375988036744287,0.07647938474684897,-0.008239997558519242,13.474285714285715,-3.5028571428571427,8.651428571428571,0,0,0,0,0,0,0,0,0,0,0,no mains / natural or DC,0
0,0,14,580,-0.40375988036744287,0.07647938474684897,-0.008239997558519242,13.474285714285715,-3.5028571428571427,8.651428571428571,0,0,0,0,0,0,0,0,0,0,0,no mains / natural or DC,0
0,0,14,590,-0.4041871395001068,0.10736411633655812,-0.03088473158970916,14.925714285714285,2.2857142857142856,11.885714285714286,0,0,0,0,0,0,0,0,0,0,0,no mains / natural or DC,0
0,0,14,600,-0.4041871395001068,0.10736411633655812,-0.03088473158970916,14.925714285714285,2.2857142857142856,11.885714285714286,0,0,0,0,0,0,0,0,0,0,0,no mains / natural or DC,0
0,0,14,610,-0.412793359172338,0.11322367015594959,-0.04119998779259621,16.251428571428573,6.805714285714286,14.76,0,0,0,0,0,0,0,0,0,0,0,no mains / natural or DC,0
0,0,14,620,-0.412793359172338,0.11322367015594959,-0.04119998779259621,16.251428571428573,6.805714285714286,14.76,0,0,0,0,0,0,0,0,0,0,0,no mains / natural or DC,0
0,0,14,630,-0.4274422437208167,0.12591937009796442,-0.05627613147373882,17.05142857142857,9.177142857142858,16.48,0,0,0,0,0,0,0,0,0,0,0,no mains / natural or DC,0
0,0,14,640,-0.4274422437208167,0.12591937009796442,-0.05627613147373882,17.05142857142857,9.177142857142858,16.48,0,0,0,0,0,0,0,0,0,0,0,no mains / natural or DC,0
0,0,14,650,-0.4695577867976928,0.11792352061525316,-0.09839167455061495,17.68,9.748571428571429,16.217142857142857,0,0,0,0,0,0,0,0,0,0,0,no mains / natural or DC,0
0,0,14,660,-0.4695577867976928,0.11792352061525316,-0.09839167455061495,21.577142857142857,5.514285714285714,18.05142857142857,0,0,0,0,0,0,0,0,0,0,0,no mains / natural or DC,0
0,0,14,670,-1.6478164006469924,0.4727317117831965,-0.20343638416699728,21.577142857142857,5.514285714285714,18.05142857142857,0,0,0,0,0,0,0,0,0,0,0,no mains / natural or DC,0
0,0,14,680,-1.0657063509018219,0.1619312112796411,0.018250068666646323,24.72,17.382857142857144,15.394285714285715,0,0,0,0,0,0,0,0,0,0,0,no mains / natural or DC,0
0,0,14,690,-1.0657063509018219,0.1619312112796411,0.018250068666646323,24.72,17.382857142857144,15.394285714285715,0,0,0,0,0,0,0,0,0,0,0,no mains / natural or DC,0
0,0,14,700,-0.6508987701040682,0.19312112796411024,-0.152165288247322,25.777142857142856,26.245714285714286,10.514285714285714,0,0,0,0,0,0,0,0,0,0,0,no mains / natural or DC,0
0,0,14,710,-0.6508987701040682,0.19312112796411024,-0.152165288247322,25.777142857142856,26.245714285714286,10.514285714285714,0,0,0,0,0,0,0,0,0,0,0,no mains / natural or DC,0
0,0,14,720,-1.1023895992919706,0.23828852198858608,-0.03271584215826899,25.622857142857143,-1.9142857142857144,6.577142857142857,0,0,0,0,0,0,0,0,0,0,0,no mains / natural or DC,0
0,0,14,730,-1.1023895992919706,0.23828852198858608,-0.03271584215826899,25.622857142857143,-1.9142857142857144,6.577142857142857,0,0,0,0,0,0,0,0,0,0,0,no mains / natural or DC,0
0,0,14,740,-1.2423474837488937,0.11871700186162908,0.1295815912350841,23.571428571428573,-8.651428571428571,6.965714285714285,0,0,0,0,0,0,0,0,0,0,0,no mains / natural or DC,0
0,0,14,750,-1.2423474837488937,0.11871700186162908,0.1295815912350841,23.571428571428573,-8.651428571428571,6.965714285714285,0,0,0,0,0,0,0,0,0,0,0,no mains / natural or DC,0
0,0,14,760,-1.4042786950285349,0.0609149449140904,0.16608172856837672,20.165714285714287,-15.428571428571429,-3.68,0,0,0,0,0,0,0,0,0,0,0,no mains / natural or DC,0
0,0,14,770,-1.4042786950285349,0.0609149449140904,0.16608172856837672,20.165714285714287,-15.428571428571429,-3.68,0,0,0,0,0,0,0,0,0,0,0,no mains / natural or DC,0
0,0,14,780,-1.532212286751915,-0.04119998779259621,0.27417828913235875,16.37142857142857,-27.085714285714285,-20.554285714285715,0,0,0,0,0,0,0,0,0,0,0,no mains / natural or DC,0
0,0,14,790,-1.532212286751915,-0.04119998779259621,0.27417828913235875,16.37142857142857,-23.48,-33.06285714285714,0,0,0,0,0,0,0,0,0,0,0,no mains / natural or DC,0
0,0,14,800,-1.6277962584307382,-0.0467543565172277,0.2598345896786401,14.348571428571429,-23.48,-33.06285714285714,0,0,0,0,0,0,0,0,0,0,0,no mains / natural or DC,0
0,0,14,810,-1.5881832331308938,-0.07196264534440137,0.24866481521042513,14.857142857142858,-12.348571428571429,-38.371428571428574,0,0,0,0,0,0,0,0,0,0,0,no mains / natural or DC,0
0,0,14,820,-1.5881832331308938,-0.07196264534440137,0.24866481521042513,14.857142857142858,-12.348571428571429,-38.371428571428574,0,0,0,0,0,0,0,0,0,0,0,no mains / natural or DC,0
0,0,14,830,-1.446455275124363,-0.11890011291848507,0.23169652394177068,16.085714285714285,-0.25142857142857145,-36.19428571428571,0,0,0,0,0,0,0,0,0,0,0,no mains / natural or DC,0
0,0,14,840,-1.446455275124363,-0.11890011291848507,0.23169652394177068,16.085714285714285,-0.25142857142857145,-36.19428571428571,0,0,0,0,0,0,0,0,0,0,0,no mains / natural or DC,0
0,0,14,850,-1.2779320657979065,-0.1565599536118656,0.20075075533310954,16.577142857142857,8.09142857142857,-30.297142857142855,0,0,0,0,0,0,0,0,0,0,0,no mains / natural or DC,0
0,0,14,860,-1.2779320657979065,-0.1565599536118656,0.20075075533310954,16.577142857142857,8.09142857142857,-30.297142857142855,0,0,0,0,0,0,0,0,0,0,0,no mains / natural or DC,0
0,0,14,870,-1.173497726371044,-0.16888943144016846,0.15356913968321786,16.262857142857143,12.582857142857144,-24.08,0,0,0,0,0,0,0,0,0,0,0,no mains / natural or DC,0
0,0,14,880,-1.173497726371044,-0.16888943144016846,0.15356913968321786,16.262857142857143,12.582857142857144,-24.08,0,0,0,0,0,0,0,0,0,0,0,no mains / natural or DC,0
0,0,14,890,-1.0814539017914364,-0.18329416791283915,0.11487166966765343,15.451428571428572,14.617142857142857,-19.954285714285714,0,0,0,0,0,0,0,0,0,0,0,no mains / natural or DC,0
0,0,14,900,-1.0814539017914364,-0.18329416791283915,0.11487166966765343,15.451428571428572,14.617142857142857,-19.954285714285714,0,0,0,0,0,0,0,0,0,0,0,no mains / natural or DC,0
0,0,14,910,-0.9687185277871029,-0.1965392010254219,0.07348857081820123,14.217142857142857,15.794285714285714,-17.48,0,0,0,0,0,0,0,0,0,0,0,no mains / natural or DC,0
0,0,14,920,-0.9687185277871029,-0.1965392010254219,0.07348857081820123,14.217142857142857,15.794285714285714,-17.48,0,0,0,0,0,0,0,0,0,0,0,no mains / natural or DC,0
0,0,14,930,-0.8767967772453993,-0.20484023560289316,0.044190801721243934,12.628571428571428,15.845714285714285,-15.457142857142857,0,0,0,0,0,0,0,0,0,0,0,no mains / natural or DC,0
0,0,14,940,-0.8767967772453993,-0.1892147587511826,0.017639698477126375,10.708571428571428,16.50857142857143,-12.285714285714286,0,0,0,0,0,0,0,0,0,0,0,no mains / natural or DC,0
0,0,14,950,-0.7914670247505112,-0.20044557023834955,0.017639698477126375,10.708571428571428,16.50857142857143,-12.285714285714286,0,0,0,0,0,0,0,0,0,0,0,no mains / natural or DC,0
0,0,14,960,-0.8399304177983947,-0.18323313089388715,0.024170659504989776,7.765714285714286,32.77142857142857,-5.2628571428571425,0,0,0,0,0,0,0,0,0,0,0,no mains / natural or DC,0
0,0,14,970,-0.8399304177983947,-0.18323313089388715,0.024170659504989776,7.765714285714286,32.77142857142857,-5.2628571428571425,0,0,0,0,0,0,0,0,0,0,0,no mains / natural or DC,0
0,0,14,980,-0.315683462019715,-0.15411847285378583,-0.12891018402661214,6.56,28.88,-5.022857142857143,0,0,0,0,0,0,0,0,0,0,0,no mains / natural or DC,0
0,0,14,990,-0.315683462019715,-0.15411847285378583,-0.12891018402661214,6.56,28.88,-5.022857142857143,0,0,0,0,0,0,0,0,0,0,0,no mains / natural or DC,0
0,0,15,0,-0.6342356639301736,-0.18335520493179114,0.07647938474684897,5.102857142857143,-9.897142857142857,-5.474285714285714,0,0,0,0,0,0,0,0,0,0,0,no mains / natural or DC,0
0,0,15,10,-0.6342356639301736,-0.18335520493179114,0.07647938474684897,5.102857142857143,-9.897142857142857,-5.474285714285714,0,0,0,0,0,0,0,0,0,0,0,no mains / natural or DC,0
0,0,15,20,-0.7314065981017487,-0.13769951475569933,-0.022095400860621967,2.354285714285714,-3.9885714285714284,2.4114285714285715,0,0,0,0,0,0,0,0,0,0,0,no mains / natural or DC,0
0,0,15,30,-0.7314065981017487,-0.13769951475569933,-0.022095400860621967,2.354285714285714,-3.9885714285714284,2.4114285714285715,0,0,0,0,0,0,0,0,0,0,0,no mains / natural or DC,0
0,0,15,40,-0.6991790520950957,-0.10345774712363048,-0.0053102206488235115,-0.18857142857142858,-0.5771428571428572,6.2457142857142856,0,0,0,0,0,0,0,0,0,0,0,no mains / natural or DC,0
0,0,15,50,-0.6991790520950957,-0.10345774712363048,-0.0053102206488235115,-0.18857142857142858,-0.5771428571428572,6.2457142857142856,0,0,0,0,0,0,0,0,0,0,0,no mains / natural or DC,0
0,0,15,60,-0.7765739921262246,-0.059389019440290534,0.004272591326639607,-1.1657142857142857,-2.6685714285714286,6.748571428571428,0,0,0,0,0,0,0,0,0,0,0,no mains / natural or DC,0
0,0,15,70,-0.7765739921262246,-0.059389019440290534,0.004272591326639607,-1.497142857142857,-4.1085714285714285,5.674285714285714,0,0,0,0,0,0,0,0,0,0,0,no mains / natural or DC,0
0,0,15,80,-0.826807458723716,-0.04382457960753197,0.016663106173894465,-1.497142857142857,-4.1085714285714285,5.674285714285714,0,0,0,0,0,0,0,0,0,0,0,no mains / natural or DC,0
0,0,15,90,-0.8372447889645069,-0.03955198828089236,0.01654103213599048,-2.005714285714286,-6.062857142857143,4.137142857142857,0,0,0,0,0,0,0,0,0,0,0,no mains / natural or DC,0
0,0,15,100,-0.8372447889645069,-0.03955198828089236,0.01654103213599048,-2.005714285714286,-6.062857142857143,4.137142857142857,0,0,0,0,0,0,0,0,0,0,0,no mains / natural or DC,0
0,0,15,110,-0.9198889126255073,-0.02270577105014191,0.015076143681142613,-2.64,-9.422857142857143,1.6,0,0,0,0,0,0,0,0,0,0,0,no mains / natural or DC,0
0,0,15,120,-0.9198889126255073,-0.02270577105014191,0.015076143681142613,-2.64,-9.422857142857143,1.6,0,0,0,0,0,0,0,0,0,0,0,no mains / natural or DC,0
0,0,15,130,-0.9895321512497329,-0.011047700430310984,0.025147251808221686,-3.1942857142857144,-11.228571428571428,-1.0285714285714285,0,0,0,0,0,0,0,0,0,0,0,no mains / natural or DC,0
0,0,15,140,-0.9895321512497329,-0.011047700430310984,0.025147251808221686,-3.1942857142857144,-11.228571428571428,-1.0285714285714285,0,0,0,0,0,0,0,0,0,0,0,no mains / natural or DC,0
0,0,15,150,-1.0133976256599628,0.0054322946867275,0.029236732078005312,-3.742857142857143,-10.657142857142857,-2.92,0,0,0,0,0,0,0,0,0,0,0,no mains / natural or DC,0
0,0,15,160,-1.0133976256599628,0.0054322946867275,0.029236732078005312,-3.742857142857143,-10.657142857142857,-2.92,0,0,0,0,0,0,0,0,0,0,0,no mains / natural or DC,0
0,0,15,170,-1.0512405774101994,0.010315256202887051,0.04864650410473952,-4.005714285714285,-9.662857142857144,-3.64,0,0,0,0,0,0,0,0,0,0,0,no mains / natural or DC,0
0,0,15,180,-1.0512405774101994,0.010315256202887051,0.04864650410473952,-4.005714285714285,-9.662857142857144,-3.64,0,0,0,0,0,0,0,0,0,0,0,no mains / natural or DC,0
0,0,15,190,-1.0401318399609363,0.007507553331095309,0.062318796349986265,-4.211428571428572,-7.6,-3.7714285714285714,0,0,0,0,0,0,0,0,0,0,0,no mains / natural or DC,0
0,0,15,200,-1.0401318399609363,0.007507553331095309,0.062318796349986265,-4.211428571428572,-7.6,-5.234285714285714,0,0,0,0,0,0,0,0,0,0,0,no mains / natural or DC,0
0,0,15,210,-1.0168156987212744,0.004028443250831629,0.06268501846369823,-4.662857142857143,-6.04,-4.468571428571429,0,0,0,0,0,0,0,0,0,0,0,no mains / natural or DC,0
0,0,15,220,-0.9916684469130528,0.015198217719046602,0.06787316507461776,-4.977142857142857,-0.14285714285714285,-3.4457142857142857,0,0,0,0,0,0,0,0,0,0,0,no mains / natural or DC,0
0,0,15,230,-0.9916684469130528,0.015198217719046602,0.06787316507461776,-4.977142857142857,-0.14285714285714285,-3.4457142857142857,0,0,0,0,0,0,0,0,0,0,0,no mains / natural or DC,0
0,0,15,240,-0.9714041566209907,-0.055848872341074864,0.07953123569444868,-4.862857142857143,6.08,1.6285714285714286,0,0,0,0,0,0,0,0,0,0,0,no mains / natural or DC,0
0,0,15,250,-0.9714041566209907,-0.055848872341074864,0.07953123569444868,-4.862857142857143,6.08,1.6285714285714286,0,0,0,0,0,0,0,0,0,0,0,no mains / natural or DC,0
0,0,15,260,-0.8614154484694968,0.008423108615375225,0.0004272591326639607,-4.897142857142857,7.308571428571429,-0.9771428571428571,0,0,0,0,0,0,0,0,0,0,0,no mains / natural or DC,0
0,0,15,270,-0.8614154484694968,0.008423108615375225,0.0004272591326639607,-4.897142857142857,7.308571428571429,-0.9771428571428571,0,0,0,0,0,0,0,0,0,0,0,no mains / natural or DC,0
0,0,15,280,-0.7159031952879421,0.10748619037446211,-0.12799462874233222,-3.4171428571428573,-4.388571428571429,-5.497142857142857,0,0,0,0,0,0,0,0,0,0,0,no mains / natural or DC,0
0,0,15,290,-0.7159031952879421,0.10748619037446211,-0.12799462874233222,-3.4171428571428573,-4.388571428571429,-5.497142857142857,0,0,0,0,0,0,0,0,0,0,0,no mains / natural or DC,0
