hh,mm,ss,sss,acc_x,acc_y,acc_z,gyro_x,gyro_y,gyro_z,f1,f2,f3,f4,f5,f6,f7,f8,clear,nir,mains_hz,mains_category,step_count
0,0,0,0,-0.9797051911984619,-0.08221686452833643,-0.028565324869533372,7.182857142857143,-3.4628571428571426,-1.8171428571428572,0,0,0,0,0,0,0,0,0,0,0,no mains / natural or DC,255
0,0,0,10,-0.9824518570513017,-0.08648945585497604,-0.02301095614490188,6.314285714285714,-2.88,-0.8742857142857143,0,0,0,0,0,0,0,0,0,0,0,no mains / natural or DC,255
0,0,0,20,-0.9824518570513017,-0.08648945585497604,-0.02301095614490188,6.314285714285714,-2.88,-0.8742857142857143,0,0,0,0,0,0,0,0,0,0,0,no mains / natural or DC,255
0,0,0,30,-0.978667561876278,-0.0781884212775048,-0.021179845576342053,5.045714285714285,-2.6285714285714286,0.44571428571428573,0,0,0,0,0,0,0,0,0,0,0,no mains / natural or DC,255
0,0,0,40,-0.978667561876278,-0.0781884212775048,-0.021179845576342053,5.045714285714285,-2.6285714285714286,0.44571428571428573,0,0,0,0,0,0,0,0,0,0,0,no mains / natural or DC,255
0,0,0,50,-0.9830011902218696,-0.06799523911252174,-0.02301095614490188,3.72,-2.2914285714285714,2.5028571428571427,0,0,0,0,0,0,0,0,0,0,0,no mains / natural or DC,255
0,0,0,60,-0.9830011902218696,-0.06799523911252174,-0.02301095614490188,3.72,-2.2914285714285714,2.5028571428571427,0,0,0,0,0,0,0,0,0,0,0,no mains / natural or DC,255
0,0,0,70,-0.999664296395764,-0.065248573259682,-0.02423169652394177,2.7485714285714287,-2.0285714285714285,4.005714285714285,0,0,0,0,0,0,0,0,0,0,0,no mains / natural or DC,255
0,0,0,80,-0.9983825189977722,-0.06250190740684225,-0.02533036286507767,1.8914285714285715,-1.0685714285714285,5.062857142857143,0,0,0,0,0,0,0,0,0,0,0,no mains / natural or DC,255
0,0,0,90,-0.9983825189977722,-0.06250190740684225,-0.02533036286507767,1.8914285714285715,-1.0685714285714285,5.062857142857143,0,0,0,0,0,0,0,0,0,0,0,no mains / natural or DC,255
0,0,0,100,-0.9831843012787256,-0.052003540147099216,-0.023499252296517836,1.2342857142857142,-0.2742857142857143,5.228571428571429,0,0,0,0,0,0,0,0,0,0,0,no mains / natural or DC,255
0,0,0,110,-0.9831843012787256,-0.052003540147099216,-0.023499252296517836,1.2342857142857142,-0.2742857142857143,5.228571428571429,0,0,0,0,0,0,0,0,0,0,0,no mains / natural or DC,255
0,0,0,120,-0.9725028229621265,-0.04052858058412427,-0.027344584490493484,0.84,-0.12571428571428572,5.365714285714286,0,0,0,0,0,0,0,0,0,0,0,no mains / natural or DC,255
0,0,0,130,-0.9725028229621265,-0.04052858058412427,-0.027344584490493484,0.84,-0.12571428571428572,5.365714285714286,0,0,0,0,0,0,0,0,0,0,0,no mains / natural or DC,255
0,0,0,140,-0.966521195104831,-0.03393658253730888,-0.026978362376781518,0.5485714285714286,-0.08,5.171428571428572,0,0,0,0,0,0,0,0,0,0,0,no mains / natural or DC,255
0,0,0,150,-0.966521195104831,-0.03393658253730888,-0.026978362376781518,0.5485714285714286,-0.08,5.171428571428572,0,0,0,0,0,0,0,0,0,0,0,no mains / natural or DC,255
0,0,0,160,-0.9658497878963591,-0.027100436414685507,-0.02783288064210944,0.5314285714285715,-0.5885714285714285,4.331428571428572,0,0,0,0,0,0,0,0,0,0,0,no mains / natural or DC,255
0,0,0,170,-0.9658497878963591,-0.027100436414685507,-0.02783288064210944,0.5314285714285715,-0.5885714285714285,4.331428571428572,0,0,0,0,0,0,0,0,0,0,0,no mains / natural or DC,255
0,0,0,180,-0.9483932004760888,-0.021240882595294046,-0.026673177282021544,0.52,-0.8857142857142857,3.9657142857142857,0,0,0,0,0,0,0,0,0,0,0,no mains / natural or DC,255
0,0,0,190,-0.9483932004760888,-0.021240882595294046,-0.026673177282021544,0.52,-0.8857142857142857,3.9657142857142857,0,0,0,0,0,0,0,0,0,0,0,no mains / natural or DC,255
0,0,0,200,-0.9475997192297129,-0.02423169652394177,-0.02368236335337382,0.6171428571428571,-2.137142857142857,2.6228571428571428,0,0,0,0,0,0,0,0,0,0,0,no mains / natural or DC,255
0,0,0,210,-0.9475997192297129,-0.02423169652394177,-0.02368236335337382,0.5028571428571429,-3.525714285714286,1.24,0,0,0,0,0,0,0,0,0,0,0,no mains / natural or DC,0
0,0,0,220,-0.9395428327280496,-0.028199102755821406,-0.02099673451948607,0.5028571428571429,-3.525714285714286,1.24,0,0,0,0,0,0,0,0,0,0,0,no mains / natural or DC,0
0,0,0,230,-0.9612720114749596,-0.03631702627643666,-0.021546067690054016,0.17714285714285713,-5.388571428571429,-1.2914285714285714,0,0,0,0,0,0,0,0,0,0,0,no mains / natural or DC,0
0,0,0,240,-0.9612720114749596,-0.03631702627643666,-0.021546067690054016,0.17714285714285713,-5.388571428571429,-1.2914285714285714,0,0,0,0,0,0,0,0,0,0,0,no mains / natural or DC,0
0,0,0,250,-0.9825128940702537,-0.039368877224036376,-0.020630512405774102,-0.6171428571428571,-6.531428571428571,-3.6914285714285713,0,0,0,0,0,0,0,0,0,0,0,no mains / natural or DC,0
0,0,0,260,-0.9825128940702537,-0.039368877224036376,-0.020630512405774102,-0.6171428571428571,-6.531428571428571,-3.6914285714285713,0,0,0,0,0,0,0,0,0,0,0,no mains / natural or DC,0
0,0,0,270,-0.9818414868617816,-0.044495986816003905,-0.014526810510574664,-1.6571428571428573,-6.7542857142857144,-5.582857142857143,0,0,0,0,0,0,0,0,0,0,0,no mains / natural or DC,0
0,0,0,280,-0.9818414868617816,-0.044495986816003905,-0.014526810510574664,-1.6571428571428573,-6.7542857142857144,-5.582857142857143,0,0,0,0,0,0,0,0,0,0,0,no mains / natural or DC,0
0,0,0,290,-0.9685964537491989,-0.047425763725699635,-0.007568590350047304,-2.76,-7.148571428571429,-7.24,0,0,0,0,0,0,0,0,0,0,0,no mains / natural or DC,0
0,0,0,300,-0.9685964537491989,-0.047425763725699635,-0.007568590350047304,-2.76,-7.148571428571429,-7.24,0,0,0,0,0,0,0,0,0,0,0,no mains / natural or DC,0
0,0,0,310,-0.956266975920896,-0.04943998535111545,0.0014648884548478652,-3.8857142857142857,-7.937142857142857,-8.308571428571428,0,0,0,0,0,0,0,0,0,0,0,no mains / natural or DC,0
0,0,0,320,-0.956266975920896,-0.04943998535111545,0.0014648884548478652,-3.8857142857142857,-7.937142857142857,-8.308571428571428,0,0,0,0,0,0,0,0,0,0,0,no mains / natural or DC,0
0,0,0,330,-0.9630420850245675,-0.0586565752128666,0.005554368724631489,-4.7371428571428575,-9.057142857142857,-9.177142857142858,0,0,0,0,0,0,0,0,0,0,0,no mains / natural or DC,0
0,0,0,340,-0.9630420850245675,-0.0586565752128666,0.005554368724631489,-4.7371428571428575,-10.017142857142858,-10.417142857142856,0,0,0,0,0,0,0,0,0,0,0,no mains / natural or DC,0
0,0,0,350,-0.9707937864314707,-0.0640888698995941,0.010620441297647023,-5.228571428571429,-10.017142857142858,-10.417142857142856,0,0,0,0,0,0,0,0,0,0,0,no mains / natural or DC,0
0,0,0,360,-0.9734794152653584,-0.06646931363872188,0.01293984801782281,-5.354285714285714,-10.697142857142858,-11.874285714285714,0,0,0,0,0,0,0,0,0,0,0,no mains / natural or DC,0
0,0,0,370,-0.9734794152653584,-0.06646931363872188,0.01293984801782281,-5.354285714285714,-10.697142857142858,-11.874285714285714,0,0,0,0,0,0,0,0,0,0,0,no mains / natural or DC,0
0,0,0,380,-0.9712210455641347,-0.07354960783715324,0.01715140232551042,-5.0285714285714285,-11.188571428571429,-13.805714285714286,0,0,0,0,0,0,0,0,0,0,0,no mains / natural or DC,0
0,0,0,390,-0.9712210455641347,-0.07354960783715324,0.01715140232551042,-5.0285714285714285,-11.188571428571429,-13.805714285714286,0,0,0,0,0,0,0,0,0,0,0,no mains / natural or DC,0
0,0,0,400,-0.9700003051850947,-0.08093508713034456,0.022217474898525956,-4.36,-11.514285714285714,-16.24,0,0,0,0,0,0,0,0,0,0,0,no mains / natural or DC,0
0,0,0,410,-0.9700003051850947,-0.08093508713034456,0.022217474898525956,-4.36,-11.514285714285714,-16.24,0,0,0,0,0,0,0,0,0,0,0,no mains / natural or DC,0
0,0,0,420,-0.9644459364604633,-0.09063997314371167,0.03009125034333323,-3.645714285714286,-11.485714285714286,-18.497142857142858,0,0,0,0,0,0,0,0,0,0,0,no mains / natural or DC,0
0,0,0,430,-0.9644459364604633,-0.09063997314371167,0.03009125034333323,-3.645714285714286,-11.485714285714286,-18.497142857142858,0,0,0,0,0,0,0,0,0,0,0,no mains / natural or DC,0
0,0,0,440,-0.9621875667592394,-0.09643848994415113,0.03277687917722098,-2.8457142857142856,-11.508571428571429,-21.18857142857143,0,0,0,0,0,0,0,0,0,0,0,no mains / natural or DC,0
0,0,0,450,-0.9621875667592394,-0.09643848994415113,0.03277687917722098,-2.8457142857142856,-11.508571428571429,-21.18857142857143,0,0,0,0,0,0,0,0,0,0,0,no mains / natural or DC,0
0,0,0,460,-0.9563890499588,-0.10522782067323833,0.03735465559862056,-2.0914285714285716,-11.617142857142857,-23.931428571428572,0,0,0,0,0,0,0,0,0,0,0,no mains / natural or DC,0
0,0,0,470,-0.9563890499588,-0.10522782067323833,0.03735465559862056,-2.0914285714285716,-11.617142857142857,-23.931428571428572,0,0,0,0,0,0,0,0,0,0,0,no mains / natural or DC,0
0,0,0,480,-0.9576097903378399,-0.1206091494491409,0.0424207281716361,-1.4285714285714286,-11.771428571428572,-27.034285714285716,0,0,0,0,0,0,0,0,0,0,0,no mains / natural or DC,0
0,0,0,490,-0.9576097903378399,-0.13623462630085148,0.045167394024475845,-0.6457142857142857,-12.611428571428572,-31.68,0,0,0,0,0,0,0,0,0,0,0,no mains / natural or DC,0
0,0,0,500,-0.9579149754325998,-0.13977477340006714,0.045167394024475845,-0.6457142857142857,-12.611428571428572,-31.68,0,0,0,0,0,0,0,0,0,0,0,no mains / natural or DC,0
0,0,0,510,-0.9574877162999359,-0.15247047334208197,0.045838801232947785,0.3942857142857143,-13.565714285714286,-37.89142857142857,0,0,0,0,0,0,0,0,0,0,0,no mains / natural or DC,0
0,0,0,520,-0.9574877162999359,-0.15247047334208197,0.045838801232947785,0.3942857142857143,-13.565714285714286,-37.89142857142857,0,0,0,0,0,0,0,0,0,0,0,no mains / natural or DC,0
0,0,0,530,-0.9501632740256966,-0.16638691366313668,0.05175939207129124,1.6114285714285714,-14.405714285714286,-45.09142857142857,0,0,0,0,0,0,0,0,0,0,0,no mains / natural or DC,0
0,0,0,540,-0.9501632740256966,-0.16638691366313668,0.05175939207129124,1.6114285714285714,-14.405714285714286,-45.09142857142857,0,0,0,0,0,0,0,0,0,0,0,no mains / natural or DC,0
0,0,0,550,-0.9288613544114506,-0.16882839442121647,0.060365611743522445,2.9657142857142857,-15.16,-52.371428571428574,0,0,0,0,0,0,0,0,0,0,0,no mains / natural or DC,0
0,0,0,560,-0.9288613544114506,-0.16882839442121647,0.060365611743522445,2.9657142857142857,-15.16,-52.371428571428574,0,0,0,0,0,0,0,0,0,0,0,no mains / natural or DC,0
0,0,0,570,-0.9416180913724174,-0.14545121616260262,0.052003540147099216,4.32,-16.731428571428573,-59.78857142857143,0,0,0,0,0,0,0,0,0,0,0,no mains / natural or DC,0
0,0,0,580,-0.9416180913724174,-0.14545121616260262,0.052003540147099216,4.32,-16.731428571428573,-59.78857142857143,0,0,0,0,0,0,0,0,0,0,0,no mains / natural or DC,0
0,0,0,590,-0.9516281624805445,-0.1685842463454085,0.05798516800439467,5.8,-18.04,-61.674285714285716,0,0,0,0,0,0,0,0,0,0,0,no mains / natural or DC,0
0,0,0,600,-0.9516281624805445,-0.1685842463454085,0.05798516800439467,5.8,-18.04,-61.674285714285716,0,0,0,0,0,0,0,0,0,0,0,no mains / natural or DC,0
0,0,0,610,-0.9380169072542497,-0.16461684011352887,0.05371257667775506,7.085714285714285,-16.634285714285713,-55.44,0,0,0,0,0,0,0,0,0,0,0,no mains / natural or DC,0
0,0,0,620,-0.9380169072542497,-0.16461684011352887,0.05371257667775506,8.382857142857143,-14.714285714285714,-47.82857142857143,0,0,0,0,0,0,0,0,0,0,0,no mains / natural or DC,0
0,0,0,630,-0.9612720114749596,-0.18066957609790338,0.056886501663258766,8.382857142857143,-14.714285714285714,-47.82857142857143,0,0,0,0,0,0,0,0,0,0,0,no mains / natural or DC,0
0,0,0,640,-1.0154118472853786,-0.21900082399975584,0.06433301797540208,9.897142857142857,-11.817142857142857,-38.64,0,0,0,0,0,0,0,0,0,0,0,no mains / natural or DC,0
0,0,0,650,-1.0154118472853786,-0.21900082399975584,0.06433301797540208,9.897142857142857,-11.817142857142857,-38.64,0,0,0,0,0,0,0,0,0,0,0,no mains / natural or DC,0
0,0,0,660,-1.021515549180578,-0.2694174016541032,0.06897183141575365,11.257142857142858,-7.2457142857142856,-26.794285714285714,0,0,0,0,0,0,0,0,0,0,0,no mains / natural or DC,0
0,0,0,670,-1.021515549180578,-0.2694174016541032,0.06897183141575365,11.257142857142858,-7.2457142857142856,-26.794285714285714,0,0,0,0,0,0,0,0,0,0,0,no mains / natural or DC,0
0,0,0,680,-0.9819635608996856,-0.2888882106997894,0.06781212805566576,12.594285714285714,-2.1085714285714285,-15.4,0,0,0,0,0,0,0,0,0,0,0,no mains / natural or DC,0
0,0,0,690,-0.9819635608996856,-0.2888882106997894,0.06781212805566576,12.594285714285714,-2.1085714285714285,-15.4,0,0,0,0,0,0,0,0,0,0,0,no mains / natural or DC,0
0,0,0,700,-0.9631031220435194,-0.3108615375225074,0.0640888698995941,14.211428571428572,1.1657142857142857,-7.982857142857143,0,0,0,0,0,0,0,0,0,0,0,no mains / natural or DC,0
0,0,0,710,-0.9631031220435194,-0.3108615375225074,0.0640888698995941,14.211428571428572,1.1657142857142857,-7.982857142857143,0,0,0,0,0,0,0,0,0,0,0,no mains / natural or DC,0
0,0,0,720,-0.966704306161687,-0.33558153019806514,0.06366161076693014,15.6,3.1714285714285713,-3.9714285714285715,0,0,0,0,0,0,0,0,0,0,0,no mains / natural or DC,0
0,0,0,730,-0.966704306161687,-0.33558153019806514,0.06366161076693014,15.6,3.1714285714285713,-3.9714285714285715,0,0,0,0,0,0,0,0,0,0,0,no mains / natural or DC,0
0,0,0,740,-0.9596240119632558,-0.34302804651020846,0.05835139011810663,16.62857142857143,4.7942857142857145,-2.9657142857142857,0,0,0,0,0,0,0,0,0,0,0,no mains / natural or DC,0
0,0,0,750,-0.9596240119632558,-0.34302804651020846,0.05835139011810663,16.62857142857143,4.7942857142857145,-3.5142857142857142,0,0,0,0,0,0,0,0,0,0,0,no mains / natural or DC,0
0,0,0,760,-0.9524826807458724,-0.3454695272682882,0.054811243018890954,17.388571428571428,5.937142857142857,-3.5142857142857142,0,0,0,0,0,0,0,0,0,0,0,no mains / natural or DC,0
0,0,0,770,-0.9444257942442091,-0.34962004455702383,0.05456709494308298,17.874285714285715,6.885714285714286,-3.645714285714286,0,0,0,0,0,0,0,0,0,0,0,no mains / natural or DC,0
0,0,0,780,-0.9444257942442091,-0.34962004455702383,0.05456709494308298,17.874285714285715,6.885714285714286,-3.645714285714286,0,0,0,0,0,0,0,0,0,0,0,no mains / natural or DC,0
0,0,0,790,-0.9291055024872585,-0.36225470748008665,0.05987731559190649,17.994285714285713,7.257142857142857,-2.874285714285714,0,0,0,0,0,0,0,0,0,0,0,no mains / natural or DC,0
0,0,0,800,-0.9291055024872585,-0.36225470748008665,0.05987731559190649,17.994285714285713,7.257142857142857,-2.874285714285714,0,0,0,0,0,0,0,0,0,0,0,no mains / natural or DC,0
0,0,0,810,-0.9094515823847164,-0.3758659627063814,0.0674459059419538,17.422857142857143,6.577142857142857,-1.84,0,0,0,0,0,0,0,0,0,0,0,no mains / natural or DC,0
0,0,0,820,-0.9094515823847164,-0.3758659627063814,0.0674459059419538,17.422857142857143,6.577142857142857,-1.84,0,0,0,0,0,0,0,0,0,0,0,no mains / natural or DC,0
0,0,0,830,-0.8952909939878536,-0.38435010834070865,0.07000946073793755,15.788571428571428,5.062857142857143,-0.8628571428571429,0,0,0,0,0,0,0,0,0,0,0,no mains / natural or DC,0
0,0,0,840,-0.8952909939878536,-0.38435010834070865,0.07000946073793755,15.788571428571428,5.062857142857143,-0.8628571428571429,0,0,0,0,0,0,0,0,0,0,0,no mains / natural or DC,0
0,0,0,850,-0.8998687704092532,-0.3860591448713645,0.0684224982451857,13.314285714285715,3.702857142857143,-0.13142857142857142,0,0,0,0,0,0,0,0,0,0,0,no mains / natural or DC,0
0,0,0,860,-0.8998687704092532,-0.3860591448713645,0.0684224982451857,13.314285714285715,3.702857142857143,-0.13142857142857142,0,0,0,0,0,0,0,0,0,0,0,no mains / natural or DC,0
0,0,0,870,-0.9064607684560686,-0.38080996124149297,0.06714072084719383,10.628571428571428,2.68,0.13142857142857142,0,0,0,0,0,0,0,0,0,0,0,no mains / natural or DC,0
0,0,0,880,-0.9064607684560686,-0.38080996124149297,0.06714072084719383,10.628571428571428,2.68,0.13142857142857142,0,0,0,0,0,0,0,0,0,0,0,no mains / natural or DC,0
0,0,0,890,-0.8992584002197332,-0.3596911526841029,0.059389019440290534,8.377142857142857,2.262857142857143,0.6457142857142857,0,0,0,0,0,0,0,0,0,0,0,no mains / natural or DC,0
0,0,0,900,-0.8992584002197332,-0.3596911526841029,0.059389019440290534,6.8742857142857146,2.2457142857142856,1.8,0,0,0,0,0,0,0,0,0,0,0,no mains / natural or DC,0
0,0,0,910,-0.8955961790826136,-0.3457136753440962,0.05700857570116276,6.8742857142857146,2.2457142857142856,1.8,0,0,0,0,0,0,0,0,0,0,0,no mains / natural or DC,0
0,0,0,920,-0.9147007660145878,-0.33088167973876154,0.05499435407574694,6.085714285714285,2.2685714285714287,3.0514285714285716,0,0,0,0,0,0,0,0,0,0,0,no mains / natural or DC,0
0,0,0,930,-0.9147007660145878,-0.33088167973876154,0.05499435407574694,6.085714285714285,2.2685714285714287,3.0514285714285716,0,0,0,0,0,0,0,0,0,0,0,no mains / natural or DC,0
0,0,0,940,-0.9621265297402875,-0.31134983367412333,0.042359691152684106,5.988571428571428,2.4285714285714284,4.508571428571429,0,0,0,0,0,0,0,0,0,0,0,no mains / natural or DC,0
0,0,0,950,-0.9621265297402875,-0.31134983367412333,0.042359691152684106,5.988571428571428,2.4285714285714284,4.508571428571429,0,0,0,0,0,0,0,0,0,0,0,no mains / natural or DC,0
0,0,0,960,-0.9855037079989013,-0.2967009491256447,0.03137302774132511,6.297142857142857,3.9257142857142857,6.228571428571429,0,0,0,0,0,0,0,0,0,0,0,no mains / natural or DC,0
0,0,0,970,-0.9855037079989013,-0.2967009491256447,0.03137302774132511,6.297142857142857,3.9257142857142857,6.228571428571429,0,0,0,0,0,0,0,0,0,0,0,no mains / natural or DC,0
0,0,0,980,-0.9701834162419507,-0.27887813959166236,0.020386364329966124,7.005714285714285,6.365714285714286,7.965714285714285,0,0,0,0,0,0,0,0,0,0,0,no mains / natural or DC,0
0,0,0,990,-0.9701834162419507,-0.27887813959166236,0.020386364329966124,7.005714285714285,6.365714285714286,7.965714285714285,0,0,0,0,0,0,0,0,0,0,0,no mains / natural or DC,0
0,0,1,0,-0.9630420850245675,-0.27674184392834256,0.016663106173894465,8.097142857142858,8.314285714285715,9.382857142857143,0,0,0,0,0,0,0,0,0,0,0,no mains / natural or DC,0
0,0,1,10,-0.9630420850245675,-0.27674184392834256,0.016663106173894465,8.097142857142858,8.314285714285715,9.382857142857143,0,0,0,0,0,0,0,0,0,0,0,no mains / natural or DC,0
0,0,1,20,-0.945890682699057,-0.26905117954039126,0.014038514358958708,9.417142857142856,9.577142857142857,10.485714285714286,0,0,0,0,0,0,0,0,0,0,0,no mains / natural or DC,0
0,0,1,30,-0.945890682699057,-0.26905117954039126,0.014038514358958708,10.88,9.434285714285714,11.394285714285715,0,0,0,0,0,0,0,0,0,0,0,no mains / natural or DC,0
0,0,1,40,-0.9272133548997467,-0.2561723685415204,0.010620441297647023,10.822857142857142,9.434285714285714,11.394285714285715,0,0,0,0,0,0,0,0,0,0,0,no mains / natural or DC,0
0,0,1,50,-0.9082308420056764,-0.228400524918363,0.0065919980468153935,12.165714285714285,8.925714285714285,13.622857142857143,0,0,0,0,0,0,0,0,0,0,0,no mains / natural or DC,0
0,0,1,60,-0.9082308420056764,-0.228400524918363,0.0065919980468153935,12.165714285714285,8.925714285714285,13.622857142857143,0,0,0,0,0,0,0,0,0,0,0,no mains / natural or DC,0
0,0,1,70,-0.8866237372966704,-0.20081179235206154,0.002685628833887753,13.354285714285714,8.537142857142857,18.428571428571427,0,0,0,0,0,0,0,0,0,0,0,no mains / natural or DC,0
0,0,1,80,-0.8866237372966704,-0.20081179235206154,0.002685628833887753,13.354285714285714,8.537142857142857,18.428571428571427,0,0,0,0,0,0,0,0,0,0,0,no mains / natural or DC,0
0,0,1,90,-0.8775292214728233,-0.18408764915921505,0.0009765923032319102,14.622857142857143,7.9314285714285715,23.66857142857143,0,0,0,0,0,0,0,0,0,0,0,no mains / natural or DC,0
0,0,1,100,-0.8775292214728233,-0.18408764915921505,0.0009765923032319102,14.622857142857143,7.9314285714285715,23.66857142857143,0,0,0,0,0,0,0,0,0,0,0,no mains / natural or DC,0
0,0,1,110,-0.8828394421216468,-0.18182927945799127,0.005615405743583483,15.617142857142857,7.211428571428572,27.21142857142857,0,0,0,0,0,0,0,0,0,0,0,no mains / natural or DC,0
0,0,1,120,-0.8828394421216468,-0.18182927945799127,0.005615405743583483,15.617142857142857,7.211428571428572,27.21142857142857,0,0,0,0,0,0,0,0,0,0,0,no mains / natural or DC,0
0,0,1,130,-0.8951078829309976,-0.17322305978576005,0.006530961027863399,16.12,6.1085714285714285,27.982857142857142,0,0,0,0,0,0,0,0,0,0,0,no mains / natural or DC,0
0,0,1,140,-0.8951078829309976,-0.17322305978576005,0.006530961027863399,16.12,6.1085714285714285,27.982857142857142,0,0,0,0,0,0,0,0,0,0,0,no mains / natural or DC,0
0,0,1,150,-0.9157383953367717,-0.15448469496749778,0.0029297769096957305,16.154285714285713,4.96,26.737142857142857,0,0,0,0,0,0,0,0,0,0,0,no mains / natural or DC,0
0,0,1,160,-0.9157383953367717,-0.15448469496749778,0.0029297769096957305,16.154285714285713,4.96,26.737142857142857,0,0,0,0,0,0,0,0,0,0,0,no mains / natural or DC,0
0,0,1,170,-0.9273964659566026,-0.1434980315561388,0.0032959990234076968,15.72,4.182857142857143,24.76,0,0,0,0,0,0,0,0,0,0,0,no mains / natural or DC,0
0,0,1,180,-0.9430219428083132,-0.12964262825403608,0.00018311105685598315,14.954285714285714,3.2742857142857145,21.97714285714286,0,0,0,0,0,0,0,0,0,0,0,no mains / natural or DC,0
0,0,1,190,-0.9400311288796656,-0.12964262825403608,0.00018311105685598315,14.954285714285714,3.2742857142857145,21.97714285714286,0,0,0,0,0,0,0,0,0,0,0,no mains / natural or DC,0
0,0,1,200,-0.9535813470870083,-0.12176885280922879,-0.001586962492751854,13.90857142857143,2.337142857142857,19.142857142857142,0,0,0,0,0,0,0,0,0,0,0,no mains / natural or DC,0
0,0,1,210,-0.9535813470870083,-0.12176885280922879,-0.001586962492751854,13.90857142857143,2.337142857142857,19.142857142857142,0,0,0,0,0,0,0,0,0,0,0,no mains / natural or DC,0
0,0,1,220,-0.9629810480056155,-0.11346781823175756,-0.004638813440351573,12.737142857142857,1.6857142857142857,15.942857142857143,0,0,0,0,0,0,0,0,0,0,0,no mains / natural or DC,0
0,0,1,230,-0.9629810480056155,-0.11346781823175756,-0.004638813440351573,12.737142857142857,1.6857142857142857,15.942857142857143,0,0,0,0,0,0,0,0,0,0,0,no mains / natural or DC,0
0,0,1,240,-0.956877346110416,-0.10357982116153447,-0.008423108615375225,11.525714285714285,1.5314285714285714,12.857142857142858,0,0,0,0,0,0,0,0,0,0,0,no mains / natural or DC,0
0,0,1,250,-0.956877346110416,-0.10357982116153447,-0.008423108615375225,11.525714285714285,1.5314285714285714,12.857142857142858,0,0,0,0,0,0,0,0,0,0,0,no mains / natural or DC,0
0,0,1,260,-0.9563890499588,-0.08819849238563189,-0.015564439832758568,10.405714285714286,1.6628571428571428,10.09142857142857,0,0,0,0,0,0,0,0,0,0,0,no mains / natural or DC,0
0,0,1,270,-0.9563890499588,-0.08819849238563189,-0.015564439832758568,10.405714285714286,1.6628571428571428,10.09142857142857,0,0,0,0,0,0,0,0,0,0,0,no mains / natural or DC,0
0,0,1,280,-0.9726248970000305,-0.07812738425855281,-0.024842066713461716,9.582857142857144,1.9314285714285715,7.748571428571428,0,0,0,0,0,0,0,0,0,0,0,no mains / natural or DC,0
0,0,1,290,-0.9726248970000305,-0.07812738425855281,-0.024842066713461716,9.582857142857144,1.9314285714285715,7.748571428571428,0,0,0,0,0,0,0,0,0,0,0,no mains / natural or DC,0
0,0,1,300,-0.9930112613299966,-0.065309610278634,-0.0358897671437727,9.137142857142857,3.422857142857143,5.977142857142857,0,0,0,0,0,0,0,0,0,0,0,no mains / natural or DC,0
0,0,1,310,-0.9930112613299966,-0.065309610278634,-0.0358897671437727,9.217142857142857,6.2,4.702857142857143,0,0,0,0,0,0,0,0,0,0,0,no mains / natural or DC,0
0,0,1,320,-1.0075380718405713,-0.05023346659749138,-0.04895168919949949,9.217142857142857,6.2,4.702857142857143,0,0,0,0,0,0,0,0,0,0,0,no mains / natural or DC,0
0,0,1,330,-1.0163884395886105,-0.040284432508316294,-0.06176946317941832,9.98857142857143,9.56,3.9257142857142857,0,0,0,0,0,0,0,0,0,0,0,no mains / natural or DC,0
0,0,1,340,-1.0163884395886105,-0.040284432508316294,-0.06176946317941832,9.98857142857143,9.56,3.9257142857142857,0,0,0,0,0,0,0,0,0,0,0,no mains / natural or DC,0
0,0,1,350,-1.02218695638905,-0.036805322428052616,-0.0694601275673696,11.251428571428571,13.205714285714286,3.4,0,0,0,0,0,0,0,0,0,0,0,no mains / natural or DC,0
0,0,1,360,-1.02218695638905,-0.036805322428052616,-0.0694601275673696,11.251428571428571,13.205714285714286,3.4,0,0,0,0,0,0,0,0,0,0,0,no mains / natural or DC,0
0,0,1,370,-1.0272530289620654,-0.032837916196172975,-0.0750144962920011,12.64,16.588571428571427,3.177142857142857,0,0,0,0,0,0,0,0,0,0,0,no mains / natural or DC,0
0,0,1,380,-1.0272530289620654,-0.032837916196172975,-0.0750144962920011,12.64,16.588571428571427,3.177142857142857,0,0,0,0,0,0,0,0,0,0,0,no mains / natural or DC,0
0,0,1,390,-1.0372631000701926,-0.034180730613116855,-0.07934812463759269,13.862857142857143,18.902857142857144,3.611428571428571,0,0,0,0,0,0,0,0,0,0,0,no mains / natural or DC,0
0,0,1,400,-1.0372631000701926,-0.034180730613116855,-0.07934812463759269,13.862857142857143,18.902857142857144,3.611428571428571,0,0,0,0,0,0,0,0,0,0,0,no mains / natural or DC,0
0,0,1,410,-1.042268135624256,-0.038453321939756466,-0.07977538377025666,14.817142857142857,19.874285714285715,4.64,0,0,0,0,0,0,0,0,0,0,0,no mains / natural or DC,0
0,0,1,420,-1.042268135624256,-0.038453321939756466,-0.07977538377025666,14.817142857142857,19.874285714285715,4.64,0,0,0,0,0,0,0,0,0,0,0,no mains / natural or DC,0
0,0,1,430,-1.0586260567033907,-0.0413220618305002,-0.08856471449934385,15.817142857142857,19.314285714285713,5.594285714285714,0,0,0,0,0,0,0,0,0,0,0,no mains / natural or DC,0
0,0,1,440,-1.0586260567033907,-0.0413220618305002,-0.08856471449934385,15.817142857142857,16.388571428571428,5.92,0,0,0,0,0,0,0,0,0,0,0,no mains / natural or DC,0
0,0,1,450,-1.1425519577623828,-0.0466933194982757,-0.1043733024079104,17.04,17.394285714285715,5.92,0,0,0,0,0,0,0,0,0,0,0,no mains / natural or DC,0
0,0,1,460,-1.2677999206518753,-0.06622516556291391,-0.12262337107455672,18.86285714285714,15.514285714285714,5.074285714285714,0,0,0,0,0,0,0,0,0,0,0,no mains / natural or DC,0
0,0,1,470,-1.2677999206518753,-0.06622516556291391,-0.12262337107455672,18.86285714285714,15.514285714285714,5.074285714285714,0,0,0,0,0,0,0,0,0,0,0,no mains / natural or DC,0
0,0,1,480,-1.1380962553788874,-0.07831049531540879,-0.09601123081148717,20.49142857142857,16.84,6.074285714285714,0,0,0,0,0,0,0,0,0,0,0,no mains / natural or DC,0
0,0,1,490,-1.1380962553788874,-0.07831049531540879,-0.09601123081148717,20.49142857142857,16.84,6.074285714285714,0,0,0,0,0,0,0,0,0,0,0,no mains / natural or DC,0
0,0,1,500,-1.0675374614703819,-0.08386486404004029,-0.07556382946256905,21.72,14.102857142857143,4.908571428571428,0,0,0,0,0,0,0,0,0,0,0,no mains / natural or DC,0
0,0,1,510,-1.0675374614703819,-0.08386486404004029,-0.07556382946256905,21.72,14.102857142857143,4.908571428571428,0,0,0,0,0,0,0,0,0,0,0,no mains / natural or DC,0
0,0,1,520,-1.119724112674337,-0.1368449964903714,-0.03558458204901273,22.794285714285714,6.725714285714286,0.45714285714285713,0,0,0,0,0,0,0,0,0,0,0,no mains / natural or DC,0
0,0,1,530,-1.119724112674337,-0.1368449964903714,-0.03558458204901273,22.794285714285714,6.725714285714286,0.45714285714285713,0,0,0,0,0,0,0,0,0,0,0,no mains / natural or DC,0
0,0,1,540,-1.053743095187231,-0.1500900296029542,0.010620441297647023,23.18285714285714,1.6628571428571428,-4.034285714285715,0,0,0,0,0,0,0,0,0,0,0,no mains / natural or DC,0
0,0,1,550,-1.053743095187231,-0.1500900296029542,0.010620441297647023,23.18285714285714,1.6628571428571428,-4.034285714285715,0,0,0,0,0,0,0,0,0,0,0,no mains / natural or DC,0
0,0,1,560,-0.97872859889523,-0.1477095858638264,0.0629902035584582,23.66857142857143,-4.668571428571428,-10.382857142857143,0,0,0,0,0,0,0,0,0,0,0,no mains / natural or DC,0
0,0,1,570,-0.97872859889523,-0.1477095858638264,0.0629902035584582,23.66857142857143,-4.668571428571428,-10.382857142857143,0,0,0,0,0,0,0,0,0,0,0,no mains / natural or DC,0
0,0,1,580,-0.9700003051850947,-0.14386425366985076,0.10522782067323833,24.165714285714287,-10.0,-16.12,0,0,0,0,0,0,0,0,0,0,0,no mains / natural or DC,0
0,0,1,590,-0.9700003051850947,-0.14386425366985076,0.14209418012024294,24.074285714285715,-11.885714285714286,-19.645714285714284,0,0,0,0,0,0,0,0,0,0,0,no mains / natural or DC,0
0,0,1,600,-0.9961851863155003,-0.15076143681142612,0.14209418012024294,24.074285714285715,-11.885714285714286,-19.645714285714284,0,0,0,0,0,0,0,0,0,0,0,no mains / natural or DC,0
0,0,1,610,-0.9916074098941008,-0.15485091708120977,0.1780449842829676,22.65142857142857,-10.765714285714285,-20.268571428571427,0,0,0,0,0,0,0,0,0,0,0,no mains / natural or DC,0
0,0,1,620,-0.9916074098941008,-0.15485091708120977,0.1780449842829676,22.65142857142857,-10.765714285714285,-20.268571428571427,0,0,0,0,0,0,0,0,0,0,0,no mains / natural or DC,0
0,0,1,630,-0.9550462355418561,-0.15698721274452956,0.21118808557390056,19.885714285714286,-8.125714285714286,-18.554285714285715,0,0,0,0,0,0,0,0,0,0,0,no mains / natural or DC,0
0,0,1,640,-0.9550462355418561,-0.15698721274452956,0.21118808557390056,19.885714285714286,-8.125714285714286,-18.554285714285715,0,0,0,0,0,0,0,0,0,0,0,no mains / natural or DC,0
0,0,1,650,-0.9309366130558183,-0.16162602618488114,0.2293160802026429,16.034285714285716,-5.908571428571428,-15.805714285714286,0,0,0,0,0,0,0,0,0,0,0,no mains / natural or DC,0
0,0,1,660,-0.9309366130558183,-0.16162602618488114,0.2293160802026429,16.034285714285716,-5.908571428571428,-15.805714285714286,0,0,0,0,0,0,0,0,0,0,0,no mains / natural or DC,0
0,0,1,670,-0.9218420972319712,-0.1610156559953612,0.23584704123050632,11.697142857142858,-4.217142857142857,-12.742857142857142,0,0,0,0,0,0,0,0,0,0,0,no mains / natural or DC,0
0,0,1,680,-0.9218420972319712,-0.1610156559953612,0.23584704123050632,11.697142857142858,-4.217142857142857,-12.742857142857142,0,0,0,0,0,0,0,0,0,0,0,no mains / natural or DC,1
0,0,1,690,-0.93557542649617,-0.16028321176793725,0.22968230231635486,8.0,-3.2742857142857145,-10.76,0,0,0,0,0,0,0,0,0,0,0,no mains / natural or DC,1
0,0,1,700,-0.93557542649617,-0.16028321176793725,0.22968230231635486,8.0,-3.2742857142857145,-10.76,0,0,0,0,0,0,0,0,0,0,0,no mains / natural or DC,1
0,0,1,710,-0.9523606067079684,-0.16669209875789667,0.2182073427533799,5.062857142857143,-2.137142857142857,-10.102857142857143,0,0,0,0,0,0,0,0,0,0,0,no mains / natural or DC,1
0,0,1,720,-0.9523606067079684,-0.16669209875789667,0.2182073427533799,2.914285714285714,-0.46285714285714286,-11.462857142857143,0,0,0,0,0,0,0,0,0,0,0,no mains / natural or DC,1
0,0,1,730,-0.9842219306009095,-0.17133091219824823,0.19623401593066195,2.914285714285714,-0.46285714285714286,-11.462857142857143,0,0,0,0,0,0,0,0,0,0,0,no mains / natural or DC,1
0,0,1,740,-0.978850672933134,-0.17102572710348826,0.1771904660176397,1.5657142857142856,2.874285714285714,-13.88,0,0,0,0,0,0,0,0,0,0,0,no mains / natural or DC,1
0,0,1,750,-0.978850672933134,-0.17102572710348826,0.1771904660176397,1.5657142857142856,2.874285714285714,-13.88,0,0,0,0,0,0,0,0,0,0,0,no mains / natural or DC,1
0,0,1,760,-0.9551072725608081,-0.16223639637440107,0.15796380504776147,1.262857142857143,7.085714285714285,-16.737142857142857,0,0,0,0,0,0,0,0,0,0,0,no mains / natural or DC,1
0,0,1,770,-0.9551072725608081,-0.16223639637440107,0.15796380504776147,1.262857142857143,7.085714285714285,-16.737142857142857,0,0,0,0,0,0,0,0,0,0,0,no mains / natural or DC,1
0,0,1,780,-0.9300820947904904,-0.15576647236548968,0.1390423291726432,2.0171428571428573,11.485714285714286,-19.057142857142857,0,0,0,0,0,0,0,0,0,0,0,no mains / natural or DC,1
0,0,1,790,-0.9300820947904904,-0.15576647236548968,0.1390423291726432,2.0171428571428573,11.485714285714286,-19.057142857142857,0,0,0,0,0,0,0,0,0,0,0,no mains / natural or DC,1
0,0,1,800,-0.9015167699209571,-0.15454573198644977,0.11780144657734916,3.6914285714285713,15.548571428571428,-20.48,0,0,0,0,0,0,0,0,0,0,0,no mains / natural or DC,1
0,0,1,810,-0.9015167699209571,-0.15454573198644977,0.11780144657734916,3.6914285714285713,15.548571428571428,-20.48,0,0,0,0,0,0,0,0,0,0,0,no mains / natural or DC,1
0,0,1,820,-0.8647114474929044,-0.15277565843684193,0.09039582506790368,6.085714285714285,19.034285714285716,-20.765714285714285,0,0,0,0,0,0,0,0,0,0,0,no mains / natural or DC,1
0,0,1,830,-0.8647114474929044,-0.15277565843684193,0.09039582506790368,6.085714285714285,19.034285714285716,-20.765714285714285,0,0,0,0,0,0,0,0,0,0,0,no mains / natural or DC,1
0,0,1,840,-0.8134403515732291,-0.1605883968626972,0.065248573259682,8.754285714285714,21.86285714285714,-19.46857142857143,0,0,0,0,0,0,0,0,0,0,0,no mains / natural or DC,1
0,0,1,850,-0.8134403515732291,-0.1605883968626972,0.065248573259682,8.754285714285714,21.86285714285714,-16.542857142857144,0,0,0,0,0,0,0,0,0,0,0,no mains / natural or DC,1
0,0,1,860,-0.7654652546769616,-0.17407757805108798,0.04065065462202826,11.045714285714286,23.33142857142857,-16.754285714285714,0,0,0,0,0,0,0,0,0,0,0,no mains / natural or DC,1
0,0,1,870,-0.7264015625476852,-0.19360942411572618,0.01879940183721427,12.588571428571429,23.02857142857143,-13.56,0,0,0,0,0,0,0,0,0,0,0,no mains / natural or DC,1
0,0,1,880,-0.7264015625476852,-0.19360942411572618,0.01879940183721427,12.588571428571429,23.02857142857143,-13.56,0,0,0,0,0,0,0,0,0,0,0,no mains / natural or DC,1
0,0,1,890,-0.6776940214239936,-0.21771904660176397,-0.0003051850947599719,13.0,19.92,-10.64,0,0,0,0,0,0,0,0,0,0,0,no mains / natural or DC,1
0,0,1,900,-0.6776940214239936,-0.21771904660176397,-0.0003051850947599719,13.0,19.92,-10.64,0,0,0,0,0,0,0,0,0,0,0,no mains / natural or DC,1
0,0,1,910,-0.6985076448866238,-0.2304147465437788,-0.03601184118167669,12.097142857142858,11.948571428571428,-9.885714285714286,0,0,0,0,0,0,0,0,0,0,0,no mains / natural or DC,1
0,0,1,920,-0.6985076448866238,-0.2304147465437788,-0.03601184118167669,12.097142857142858,11.948571428571428,-9.885714285714286,0,0,0,0,0,0,0,0,0,0,0,no mains / natural or DC,1
0,0,1,930,-0.7702871791741691,-0.23224585711233864,-0.05670339060640278,9.611428571428572,3.72,-9.342857142857143,0,0,0,0,0,0,0,0,0,0,0,no mains / natural or DC,1
0,0,1,940,-0.7702871791741691,-0.23224585711233864,-0.05670339060640278,9.611428571428572,3.72,-9.342857142857143,0,0,0,0,0,0,0,0,0,0,0,no mains / natural or DC,1
0,0,1,950,-0.8052613910336619,-0.22205267494735556,-0.05279702139347514,6.114285714285714,-0.9657142857142857,-7.331428571428572,0,0,0,0,0,0,0,0,0,0,0,no mains / natural or DC,1
0,0,1,960,-0.8052613910336619,-0.22205267494735556,-0.05279702139347514,6.114285714285714,-0.9657142857142857,-7.331428571428572,0,0,0,0,0,0,0,0,0,0,0,no mains / natural or DC,1
0,0,1,970,-0.8535416730246894,-0.2139957884456923,-0.03228858302560503,2.605714285714286,-4.948571428571428,-5.148571428571429,0,0,0,0,0,0,0,0,0,0,0,no mains / natural or DC,1
0,0,1,980,-0.8535416730246894,-0.2139957884456923,-0.03228858302560503,2.605714285714286,-4.948571428571428,-5.148571428571429,0,0,0,0,0,0,0,0,0,0,0,no mains / natural or DC,1
0,0,1,990,-0.9277016510513626,-0.20184942167424544,-0.012573625904110843,-0.4342857142857143,-7.531428571428571,-2.2914285714285714,0,0,0,0,0,0,0,0,0,0,0,no mains / natural or DC,1
0,0,2,0,-0.9277016510513626,-0.20184942167424544,0.0030518509475997192,-2.342857142857143,-6.8,0.9885714285714285,0,0,0,0,0,0,0,0,0,0,0,no mains / natural or DC,1
0,0,2,10,-0.9771416364024781,-0.1977599414044618,0.012146366771446883,-2.342857142857143,-6.8,0.9885714285714285,0,0,0,0,0,0,0,0,0,0,0,no mains / natural or DC,1
0,0,2,20,-1.0350047303689687,-0.18860438856166264,0.02533036286507767,-2.36,-4.92,2.88,0,0,0,0,0,0,0,0,0,0,0,no mains / natural or DC,1
0,0,2,30,-1.0350047303689687,-0.18860438856166264,0.02533036286507767,-2.36,-4.92,2.88,0,0,0,0,0,0,0,0,0,0,0,no mains / natural or DC,1
0,0,2,40,-1.1440778832361826,-0.18604083376567887,0.026795251319925537,-0.8114285714285714,-1.8628571428571428,4.371428571428571,0,0,0,0,0,0,0,0,0,0,0,no mains / natural or DC,1
0,0,2,50,-1.1440778832361826,-0.18604083376567887,0.026795251319925537,-0.8114285714285714,-1.8628571428571428,4.371428571428571,0,0,0,0,0,0,0,0,0,0,0,no mains / natural or DC,1
0,0,2,60,-1.2115848261970885,-0.195684682760094,0.025086214789269694,1.6057142857142856,2.8514285714285714,6.6,0,0,0,0,0,0,0,0,0,0,0,no mains / natural or DC,1
0,0,2,70,-1.2115848261970885,-0.195684682760094,0.025086214789269694,1.6057142857142856,2.8514285714285714,6.6,0,0,0,0,0,0,0,0,0,0,0,no mains / natural or DC,1
0,0,2,80,-1.217627491073336,-0.1902523880733665,0.006347849971007416,4.337142857142857,8.542857142857143,9.365714285714287,0,0,0,0,0,0,0,0,0,0,0,no mains / natural or DC,1
0,0,2,90,-1.217627491073336,-0.1902523880733665,0.006347849971007416,4.337142857142857,8.542857142857143,9.365714285714287,0,0,0,0,0,0,0,0,0,0,0,no mains / natural or DC,1
0,0,2,100,-1.1824701681569871,-0.19721060823389386,-0.010132145146031068,7.057142857142857,12.777142857142858,12.251428571428571,0,0,0,0,0,0,0,0,0,0,0,no mains / natural or DC,1
0,0,2,110,-1.1824701681569871,-0.19721060823389386,-0.010132145146031068,7.057142857142857,12.777142857142858,12.251428571428571,0,0,0,0,0,0,0,0,0,0,0,no mains / natural or DC,1
0,0,2,120,-1.1393780327768792,-0.22107608264412365,-0.030274361400189215,9.222857142857142,13.954285714285714,14.948571428571428,0,0,0,0,0,0,0,0,0,0,0,no mains / natural or DC,1
0,0,2,130,-1.1393780327768792,-0.22107608264412365,-0.030274361400189215,9.222857142857142,11.394285714285715,16.85142857142857,0,0,0,0,0,0,0,0,0,0,0,no mains / natural or DC,1
0,0,2,140,-1.0996429334391309,-0.2689291055024873,-0.04437391277809992,9.93142857142857,11.394285714285715,16.85142857142857,0,0,0,0,0,0,0,0,0,0,0,no mains / natural or DC,1
0,0,2,150,-1.1810663167210913,-0.30158391064180423,-0.060731833857234414,8.674285714285714,6.291428571428572,17.154285714285713,0,0,0,0,0,0,0,0,0,0,0,no mains / natural or DC,1
0,0,2,160,-1.1810663167210913,-0.30158391064180423,-0.060731833857234414,8.674285714285714,6.291428571428572,17.154285714285713,0,0,0,0,0,0,0,0,0,0,0,no mains / natural or DC,1
0,0,2,170,-1.1802728354747154,-0.3268532364879299,-0.07348857081820123,6.1257142857142854,3.0514285714285716,18.742857142857144,0,0,0,0,0,0,0,0,0,0,0,no mains / natural or DC,1
0,0,2,180,-1.1802728354747154,-0.3268532364879299,-0.07348857081820123,6.1257142857142854,3.0514285714285716,18.742857142857144,0,0,0,0,0,0,0,0,0,0,0,no mains / natural or DC,1
0,0,2,190,-1.172948393200476,-0.31183812982573933,-0.0967436750389111,2.737142857142857,2.4457142857142857,20.382857142857144,0,0,0,0,0,0,0,0,0,0,0,no mains / natural or DC,1
0,0,2,200,-1.172948393200476,-0.31183812982573933,-0.0967436750389111,2.737142857142857,2.4457142857142857,20.382857142857144,0,0,0,0,0,0,0,0,0,0,0,no mains / natural or DC,1
0,0,2,210,-1.1218604083376569,-0.2946256904812769,-0.11706900234992523,0.1657142857142857,2.5314285714285716,21.291428571428572,0,0,0,0,0,0,0,0,0,0,0,no mains / natural or DC,1
0,0,2,220,-1.1218604083376569,-0.2946256904812769,-0.11706900234992523,0.1657142857142857,2.5314285714285716,21.291428571428572,0,0,0,0,0,0,0,0,0,0,0,no mains / natural or DC,1
0,0,2,230,-1.075960570085757,-0.2638019959105197,-0.16235847041230506,-1.0971428571428572,4.725714285714286,21.725714285714286,0,0,0,0,0,0,0,0,0,0,0,no mains / natural or DC,1
0,0,2,240,-1.075960570085757,-0.2638019959105197,-0.16235847041230506,-1.0971428571428572,4.725714285714286,21.725714285714286,0,0,0,0,0,0,0,0,0,0,0,no mains / natural or DC,1
0,0,2,250,-1.0173650318918424,-0.26349681081575976,-0.19165623950926236,-0.7314285714285714,8.697142857142858,19.56,0,0,0,0,0,0,0,0,0,0,0,no mains / natural or DC,1
0,0,2,260,-1.0173650318918424,-0.26349681081575976,-0.19165623950926236,-0.7314285714285714,8.697142857142858,19.56,0,0,0,0,0,0,0,0,0,0,0,no mains / natural or DC,1
0,0,2,270,-1.0081484420300912,-0.26160466322824794,-0.22101504562517166,0.2857142857142857,12.942857142857143,14.28,0,0,0,0,0,0,0,0,0,0,0,no mains / natural or DC,1
0,0,2,280,-1.0081484420300912,-0.2653279213843196,-0.24158452101199376,1.1485714285714286,16.525714285714287,10.108571428571429,0,0,0,0,0,0,0,0,0,0,0,no mains / natural or DC,1
0,0,2,290,-0.9522995696890164,-0.2653279213843196,-0.24158452101199376,1.1485714285714286,16.525714285714287,10.108571428571429,0,0,0,0,0,0,0,0,0,0,0,no mains / natural or DC,1
0,0,2,300,-0.8496963408307139,-0.2704550309762871,-0.2576982940153203,0.8285714285714286,18.177142857142858,6.937142857142857,0,0,0,0,0,0,0,0,0,0,0,no mains / natural or DC,1
0,0,2,310,-0.8496963408307139,-0.2704550309762871,-0.2576982940153203,0.8285714285714286,18.177142857142858,6.937142857142857,0,0,0,0,0,0,0,0,0,0,0,no mains / natural or DC,1
0,0,2,320,-0.7744987334818567,-0.28034302804651023,-0.26154362620929594,-0.5942857142857143,14.862857142857143,3.4857142857142858,0,0,0,0,0,0,0,0,0,0,0,no mains / natural or DC,1
0,0,2,330,-0.7744987334818567,-0.28034302804651023,-0.26154362620929594,-0.5942857142857143,14.862857142857143,3.4857142857142858,0,0,0,0,0,0,0,0,0,0,0,no mains / natural or DC,1
0,0,2,340,-0.7669911801507614,-0.28522598956266976,-0.2514114810632649,-3.2685714285714287,7.3428571428571425,-0.19428571428571428,0,0,0,0,0,0,0,0,0,0,0,no mains / natural or DC,1
0,0,2,350,-0.7669911801507614,-0.28522598956266976,-0.2514114810632649,-3.2685714285714287,7.3428571428571425,-0.19428571428571428,0,0,0,0,0,0,0,0,0,0,0,no mains / natural or DC,1
0,0,2,360,-0.7680288094729454,-0.2802209540086062,-0.22858363597521897,-6.571428571428571,-1.64,-2.662857142857143,0,0,0,0,0,0,0,0,0,0,0,no mains / natural or DC,1
0,0,2,370,-0.7680288094729454,-0.2802209540086062,-0.22858363597521897,-6.571428571428571,-1.64,-2.662857142857143,0,0,0,0,0,0,0,0,0,0,0,no mains / natural or DC,1
0,0,2,380,-0.7621692556535539,-0.26557206946012757,-0.1990417188024537,-9.914285714285715,-10.725714285714286,-4.52,0,0,0,0,0,0,0,0,0,0,0,no mains / natural or DC,1
0,0,2,390,-0.7621692556535539,-0.26557206946012757,-0.1990417188024537,-9.914285714285715,-10.725714285714286,-4.52,0,0,0,0,0,0,0,0,0,0,0,no mains / natural or DC,1
0,0,2,400,-0.7660145878475295,-0.2489700003051851,-0.16345713675344095,-12.674285714285714,-19.62857142857143,-6.554285714285714,0,0,0,0,0,0,0,0,0,0,0,no mains / natural or DC,1
0,0,2,410,-0.7660145878475295,-0.2489700003051851,-0.16345713675344095,-14.531428571428572,-26.97714285714286,-8.285714285714286,0,0,0,0,0,0,0,0,0,0,0,no mains / natural or DC,1
0,0,2,420,-0.7739494003112888,-0.228278450880459,-0.12665181432538836,-14.531428571428572,-26.97714285714286,-8.285714285714286,0,0,0,0,0,0,0,0,0,0,0,no mains / natural or DC,1
0,0,2,430,-0.792931913205359,-0.21375164036988434,-0.08990752891628773,-15.32,-32.77142857142857,-9.805714285714286,0,0,0,0,0,0,0,0,0,0,0,no mains / natural or DC,1
0,0,2,440,-0.792931913205359,-0.21375164036988434,-0.08990752891628773,-15.32,-32.77142857142857,-9.805714285714286,0,0,0,0,0,0,0,0,0,0,0,no mains / natural or DC,1
0,0,2,450,-0.8055055391094699,-0.20044557023834955,-0.058534501174962617,-15.194285714285714,-36.24,-10.788571428571428,0,0,0,0,0,0,0,0,0,0,0,no mains / natural or DC,1
0,0,2,460,-0.8055055391094699,-0.20044557023834955,-0.058534501174962617,-15.194285714285714,-36.24,-10.788571428571428,0,0,0,0,0,0,0,0,0,0,0,no mains / natural or DC,1
0,0,2,470,-0.8136234626300851,-0.18402661214026306,-0.030396435438093204,-14.32,-37.83428571428571,-10.948571428571428,0,0,0,0,0,0,0,0,0,0,0,no mains / natural or DC,1
0,0,2,480,-0.8136234626300851,-0.18402661214026306,-0.030396435438093204,-14.32,-37.83428571428571,-10.948571428571428,0,0,0,0,0,0,0,0,0,0,0,no mains / natural or DC,1
0,0,2,490,-0.8291268654438917,-0.16779076509903257,-0.004882961516159551,-13.08,-37.857142857142854,-9.662857142857144,0,0,0,0,0,0,0,0,0,0,0,no mains / natural or DC,1
0,0,2,500,-0.8291268654438917,-0.16779076509903257,-0.004882961516159551,-13.08,-37.857142857142854,-9.662857142857144,0,0,0,0,0,0,0,0,0,0,0,no mains / natural or DC,1
0,0,2,510,-0.8560441908017212,-0.15253151036103396,0.018433179723502304,-11.72,-36.25142857142857,-6.577142857142857,0,0,0,0,0,0,0,0,0,0,0,no mains / natural or DC,1
0,0,2,520,-0.8560441908017212,-0.15253151036103396,0.018433179723502304,-11.72,-36.25142857142857,-6.577142857142857,0,0,0,0,0,0,0,0,0,0,0,no mains / natural or DC,1
0,0,2,530,-0.8740501113925596,-0.1378826258125553,0.03857539597766045,-10.137142857142857,-33.02857142857143,-2.217142857142857,0,0,0,0,0,0,0,0,0,0,0,no mains / natural or DC,1
0,0,2,540,-0.8740501113925596,-0.1378826258125553,0.03857539597766045,-10.137142857142857,-33.02857142857143,2.36,0,0,0,0,0,0,0,0,0,0,0,no mains / natural or DC,1
0,0,2,550,-0.8787499618518632,-0.12372203741569261,0.051332132938627276,-8.24,-28.72,2.36,0,0,0,0,0,0,0,0,0,0,0,no mains / natural or DC,1
0,0,2,560,-0.8940702536088138,-0.108767967772454,0.053956724753563036,-5.777142857142858,-24.097142857142856,5.805714285714286,0,0,0,0,0,0,0,0,0,0,0,no mains / natural or DC,1
0,0,2,570,-0.8940702536088138,-0.108767967772454,0.053956724753563036,-5.777142857142858,-24.097142857142856,5.805714285714286,0,0,0,0,0,0,0,0,0,0,0,no mains / natural or DC,1
0,0,2,580,-0.8930936613055819,-0.09942930387279886,0.04657124546037172,-2.8457142857142856,-18.85142857142857,8.062857142857142,0,0,0,0,0,0,0,0,0,0,0,no mains / natural or DC,1
0,0,2,590,-0.8930936613055819,-0.09942930387279886,0.04657124546037172,-2.8457142857142856,-18.85142857142857,8.062857142857142,0,0,0,0,0,0,0,0,0,0,0,no mains / natural or DC,1
0,0,2,600,-0.880520035401471,-0.0913113803521836,0.040955839716788234,0.017142857142857144,-13.411428571428571,8.98857142857143,0,0,0,0,0,0,0,0,0,0,0,no mains / natural or DC,1
0,0,2,610,-0.880520035401471,-0.0913113803521836,0.040955839716788234,0.017142857142857144,-13.411428571428571,8.98857142857143,0,0,0,0,0,0,0,0,0,0,0,no mains / natural or DC,1
0,0,2,620,-0.8883327738273262,-0.0923490096743675,0.033204138309884945,2.537142857142857,-9.462857142857143,8.508571428571429,0,0,0,0,0,0,0,0,0,0,0,no mains / natural or DC,1
0,0,2,630,-0.8883327738273262,-0.0923490096743675,0.033204138309884945,2.537142857142857,-9.462857142857143,8.508571428571429,0,0,0,0,0,0,0,0,0,0,0,no mains / natural or DC,1
0,0,2,640,-0.8995635853144932,-0.09277626880703146,0.02185125278481399,4.297142857142857,-6.52,7.9714285714285715,0,0,0,0,0,0,0,0,0,0,0,no mains / natural or DC,1
0,0,2,650,-0.8995635853144932,-0.09277626880703146,0.02185125278481399,4.297142857142857,-6.52,7.9714285714285715,0,0,0,0,0,0,0,0,0,0,0,no mains / natural or DC,1
0,0,2,660,-0.9209875789666433,-0.08844264046143986,0.005859553819391461,5.56,-4.2057142857142855,7.142857142857143,0,0,0,0,0,0,0,0,0,0,0,no mains / natural or DC,1
0,0,2,670,-0.9209875789666433,-0.08844264046143986,0.005859553819391461,5.56,-4.2057142857142855,7.142857142857143,0,0,0,0,0,0,0,0,0,0,0,no mains / natural or DC,1
0,0,2,680,-0.9519943845942564,-0.08734397412030397,-0.009216589861751152,6.731428571428571,-2.88,6.337142857142857,0,0,0,0,0,0,0,0,0,0,0,no mains / natural or DC,1
0,0,2,690,-0.9519943845942564,-0.08734397412030397,-0.0239265114291818,7.725714285714286,-1.4857142857142858,6.148571428571429,0,0,0,0,0,0,0,0,0,0,0,no mains / natural or DC,1
0,0,2,700,-0.9936216315195165,-0.08325449385052033,-0.0239265114291818,7.725714285714286,-1.4857142857142858,6.148571428571429,0,0,0,0,0,0,0,0,0,0,0,no mains / natural or DC,1
0,0,2,710,-1.0495925778984954,-0.08929715872676779,-0.03619495223853267,8.571428571428571,-0.42857142857142855,6.548571428571429,0,0,0,0,0,0,0,0,0,0,0,no mains / natural or DC,1
0,0,2,720,-1.0495925778984954,-0.08929715872676779,-0.03619495223853267,8.571428571428571,-0.42857142857142855,6.548571428571429,0,0,0,0,0,0,0,0,0,0,0,no mains / natural or DC,1
0,0,2,730,-1.086214789269692,-0.09601123081148717,-0.041932432020020144,9.217142857142857,0.3942857142857143,7.811428571428571,0,0,0,0,0,0,0,0,0,0,0,no mains / natural or DC,1
0,0,2,740,-1.086214789269692,-0.09601123081148717,-0.041932432020020144,9.217142857142857,0.3942857142857143,7.811428571428571,0,0,0,0,0,0,0,0,0,0,0,no mains / natural or DC,1
0,0,2,750,-1.096530045472579,-0.11810663167210914,-0.031250953703421125,9.468571428571428,-0.11428571428571428,9.297142857142857,0,0,0,0,0,0,0,0,0,0,0,no mains / natural or DC,1
0,0,2,760,-1.096530045472579,-0.11810663167210914,-0.031250953703421125,9.468571428571428,-0.11428571428571428,9.297142857142857,0,0,0,0,0,0,0,0,0,0,0,no mains / natural or DC,1
0,0,2,770,-1.128574480422376,-0.1392254402294992,-0.029297769096957305,9.56,-3.2,9.022857142857143,0,0,0,0,0,0,0,0,0,0,0,no mains / natural or DC,1
0,0,2,780,-1.128574480422376,-0.1392254402294992,-0.029297769096957305,9.56,-3.2,9.022857142857143,0,0,0,0,0,0,0,0,0,0,0,no mains / natural or DC,1
0,0,2,790,-1.096285897396771,-0.15387432477797786,-0.020508438367870113,9.777142857142858,-5.868571428571428,8.434285714285714,0,0,0,0,0,0,0,0,0,0,0,no mains / natural or DC,1
0,0,2,800,-1.096285897396771,-0.15387432477797786,-0.020508438367870113,9.777142857142858,-5.868571428571428,8.434285714285714,0,0,0,0,0,0,0,0,0,0,0,no mains / natural or DC,1
0,0,2,810,-1.1114841151158177,-0.16382335886715294,0.0014038514358958708,10.508571428571429,-8.56,6.308571428571429,0,0,0,0,0,0,0,0,0,0,0,no mains / natural or DC,1
0,0,2,820,-1.1114841151158177,-0.16382335886715294,0.0014038514358958708,12.76,-13.90857142857143,1.8342857142857143,0,0,0,0,0,0,0,0,0,0,0,no mains / natural or DC,1
0,0,2,830,-1.3431196020386365,-0.18768883327738273,0.00640888698995941,12.76,-13.90857142857143,1.8342857142857143,0,0,0,0,0,0,0,0,0,0,0,no mains / natural or DC,1
0,0,2,840,-1.2317880794701987,-0.18744468520157476,0.06097598193304239,14.52,-11.394285714285715,5.28,0,0,0,0,0,0,0,0,0,0,0,no mains / natural or DC,1
0,0,2,850,-1.2317880794701987,-0.18744468520157476,0.06097598193304239,14.52,-11.394285714285715,5.28,0,0,0,0,0,0,0,0,0,0,0,no mains / natural or DC,1
0,0,2,860,-1.239600817896054,-0.1782280953398236,0.07104709006012147,16.097142857142856,-9.965714285714286,7.417142857142857,0,0,0,0,0,0,0,0,0,0,0,no mains / natural or DC,1
0,0,2,870,-1.239600817896054,-0.1782280953398236,0.07104709006012147,16.097142857142856,-9.965714285714286,7.417142857142857,0,0,0,0,0,0,0,0,0,0,0,no mains / natural or DC,1
0,0,2,880,-1.0923795281838435,-0.21362956633198035,0.1554612872707297,17.02857142857143,-9.228571428571428,11.125714285714286,0,0,0,0,0,0,0,0,0,0,0,no mains / natural or DC,1
0,0,2,890,-1.0923795281838435,-0.21362956633198035,0.1554612872707297,17.02857142857143,-9.228571428571428,11.125714285714286,0,0,0,0,0,0,0,0,0,0,0,no mains / natural or DC,1
0,0,2,900,-0.9147007660145878,-0.22370067445905942,0.2118594927823725,16.16,-8.754285714285714,11.4,0,0,0,0,0,0,0,0,0,0,0,no mains / natural or DC,1
0,0,2,910,-0.9147007660145878,-0.22370067445905942,0.2118594927823725,16.16,-8.754285714285714,11.4,0,0,0,0,0,0,0,0,0,0,0,no mains / natural or DC,1
0,0,2,920,-0.9319132053590503,-0.2447584459974975,0.26648762474440746,14.508571428571429,-16.725714285714286,7.268571428571429,0,0,0,0,0,0,0,0,0,0,0,no mains / natural or DC,1
0,0,2,930,-0.9319132053590503,-0.2447584459974975,0.26648762474440746,14.508571428571429,-16.725714285714286,7.268571428571429,0,0,0,0,0,0,0,0,0,0,0,no mains / natural or DC,1
0,0,2,940,-1.053743095187231,-0.21906186101870784,0.26154362620929594,11.742857142857142,-21.291428571428572,4.24,0,0,0,0,0,0,0,0,0,0,0,no mains / natural or DC,1
0,0,2,950,-1.053743095187231,-0.21906186101870784,0.26154362620929594,11.742857142857142,-21.291428571428572,4.24,0,0,0,0,0,0,0,0,0,0,0,no mains / natural or DC,1
0,0,2,960,-1.1395001068147832,-0.1749320963164159,0.24073000274666584,9.491428571428571,-18.64,3.7657142857142856,0,0,0,0,0,0,0,0,0,0,0,no mains / natural or DC,1
0,0,2,970,-1.0262153996398815,-0.13080233161412397,0.23841059602649006,8.371428571428572,-10.17142857142857,5.88,0,0,0,0,0,0,0,0,0,0,0,no mains / natural or DC,1
0,0,2,980,-1.0262153996398815,-0.13080233161412397,0.23841059602649006,8.371428571428572,-10.17142857142857,5.88,0,0,0,0,0,0,0,0,0,0,0,no mains / natural or DC,1
0,0,2,990,-0.9537644581438642,-0.10638752403332621,0.21173741874446853,9.074285714285715,-4.457142857142857,5.308571428571429,0,0,0,0,0,0,0,0,0,0,0,no mains / natural or DC,1
0,0,3,0,-0.9537644581438642,-0.10638752403332621,0.21173741874446853,9.074285714285715,-4.457142857142857,5.308571428571429,0,0,0,0,0,0,0,0,0,0,0,no mains / natural or DC,1
0,0,3,10,-0.977935117648854,-0.11993774224066897,0.19434186834315012,10.09142857142857,-0.5257142857142857,1.7485714285714287,0,0,0,0,0,0,0,0,0,0,0,no mains / natural or DC,1
0,0,3,20,-0.977935117648854,-0.11993774224066897,0.19434186834315012,10.09142857142857,-0.5257142857142857,1.7485714285714287,0,0,0,0,0,0,0,0,0,0,0,no mains / natural or DC,1
0,0,3,30,-0.9506515701773125,-0.12469862971892452,0.16711935789056062,10.462857142857143,5.434285714285714,-1.8742857142857143,0,0,0,0,0,0,0,0,0,0,0,no mains / natural or DC,1
0,0,3,40,-0.9506515701773125,-0.12469862971892452,0.16711935789056062,10.462857142857143,5.434285714285714,-1.8742857142857143,0,0,0,0,0,0,0,0,0,0,0,no mains / natural or DC,1
0,0,3,50,-0.9034089175084689,-0.13434247871333965,0.1369670705282754,10.102857142857143,10.748571428571429,-6.257142857142857,0,0,0,0,0,0,0,0,0,0,0,no mains / natural or DC,1
0,0,3,60,-0.9034089175084689,-0.13434247871333965,0.1369670705282754,10.102857142857143,10.748571428571429,-6.257142857142857,0,0,0,0,0,0,0,0,0,0,0,no mains / natural or DC,1
0,0,3,70,-0.8601947080904568,-0.15247047334208197,0.11676381725516526,8.674285714285714,15.251428571428571,-10.817142857142857,0,0,0,0,0,0,0,0,0,0,0,no mains / natural or DC,1
0,0,3,80,-0.8601947080904568,-0.15247047334208197,0.11676381725516526,8.674285714285714,15.251428571428571,-10.817142857142857,0,0,0,0,0,0,0,0,0,0,0,no mains / natural or DC,2
0,0,3,90,-0.8299813837092196,-0.16321298867763298,0.09808648945585498,6.08,18.86285714285714,-14.662857142857144,0,0,0,0,0,0,0,0,0,0,0,no mains / natural or DC,2
0,0,3,100,-0.8299813837092196,-0.16321298867763298,0.09808648945585498,2.7085714285714286,20.30857142857143,-17.045714285714286,0,0,0,0,0,0,0,0,0,0,0,no mains / natural or DC,2
0,0,3,110,-0.8141117587817011,-0.1696218756675924,0.0803247169408246,2.7085714285714286,20.30857142857143,-17.045714285714286,0,0,0,0,0,0,0,0,0,0,0,no mains / natural or DC,2
0,0,3,120,-0.8007446516312143,-0.1641285439619129,0.05890072328867458,-1.0114285714285713,20.291428571428572,-17.337142857142858,0,0,0,0,0,0,0,0,0,0,0,no mains / natural or DC,2
0,0,3,130,-0.8007446516312143,-0.1641285439619129,0.05890072328867458,-1.0114285714285713,20.291428571428572,-17.337142857142858,0,0,0,0,0,0,0,0,0,0,0,no mains / natural or DC,2
0,0,3,140,-0.7781609546189764,-0.15283669545579393,0.03625598925748466,-4.76,19.70285714285714,-15.714285714285714,0,0,0,0,0,0,0,0,0,0,0,no mains / natural or DC,2
0,0,3,150,-0.7781609546189764,-0.15283669545579393,0.03625598925748466,-4.76,19.70285714285714,-15.714285714285714,0,0,0,0,0,0,0,0,0,0,0,no mains / natural or DC,2
0,0,3,160,-0.7735221411786248,-0.14758751182592242,0.018860438856166263,-8.017142857142858,18.422857142857143,-13.548571428571428,0,0,0,0,0,0,0,0,0,0,0,no mains / natural or DC,2
0,0,3,170,-0.7735221411786248,-0.14758751182592242,0.018860438856166263,-8.017142857142858,18.422857142857143,-13.548571428571428,0,0,0,0,0,0,0,0,0,0,0,no mains / natural or DC,2
0,0,3,180,-0.7795037690359203,-0.1510666219061861,0.006469924008911405,-10.708571428571428,16.34285714285714,-11.782857142857143,0,0,0,0,0,0,0,0,0,0,0,no mains / natural or DC,2
0,0,3,190,-0.7795037690359203,-0.1510666219061861,0.006469924008911405,-10.708571428571428,16.34285714285714,-11.782857142857143,0,0,0,0,0,0,0,0,0,0,0,no mains / natural or DC,2
0,0,3,200,-0.7890255439924314,-0.1500900296029542,-0.00445570238349559,-12.93142857142857,13.788571428571428,-10.942857142857143,0,0,0,0,0,0,0,0,0,0,0,no mains / natural or DC,2
0,0,3,210,-0.7890255439924314,-0.1500900296029542,-0.00445570238349559,-12.93142857142857,13.788571428571428,-10.942857142857143,0,0,0,0,0,0,0,0,0,0,0,no mains / natural or DC,2
0,0,3,220,-0.7992187261574145,-0.1389812921536912,-0.01391644032105472,-14.531428571428572,10.388571428571428,-10.742857142857142,0,0,0,0,0,0,0,0,0,0,0,no mains / natural or DC,2
0,0,3,230,-0.7992187261574145,-0.1389812921536912,-0.01391644032105472,-14.531428571428572,6.651428571428571,-10.268571428571429,0,0,0,0,0,0,0,0,0,0,0,no mains / natural or DC,2
0,0,3,240,-0.8338877529221472,-0.1250038148136845,-0.02142399365215003,-15.177142857142858,6.651428571428571,-10.268571428571429,0,0,0,0,0,0,0,0,0,0,0,no mains / natural or DC,2
0,0,3,250,-0.8527481917783135,-0.12140263069551684,-0.01617481002227851,-14.994285714285715,3.434285714285714,-9.228571428571428,0,0,0,0,0,0,0,0,0,0,0,no mains / natural or DC,2
0,0,3,260,-0.8527481917783135,-0.12140263069551684,-0.01617481002227851,-14.994285714285715,3.434285714285714,-9.228571428571428,0,0,0,0,0,0,0,0,0,0,0,no mains / natural or DC,2
0,0,3,270,-0.8334604937894833,-0.11548203985717337,-0.000793481246375927,-14.44,0.5714285714285714,-7.868571428571428,0,0,0,0,0,0,0,0,0,0,0,no mains / natural or DC,2
0,0,3,280,-0.8334604937894833,-0.11548203985717337,-0.000793481246375927,-14.44,0.5714285714285714,-7.868571428571428,0,0,0,0,0,0,0,0,0,0,0,no mains / natural or DC,2
0,0,3,290,-0.8405407879879147,-0.11816766869106113,0.019226660969878233,-13.874285714285714,-2.9314285714285715,-7.051428571428572,0,0,0,0,0,0,0,0,0,0,0,no mains / natural or DC,2
0,0,3,300,-0.8405407879879147,-0.11816766869106113,0.019226660969878233,-13.874285714285714,-2.9314285714285715,-7.051428571428572,0,0,0,0,0,0,0,0,0,0,0,no mains / natural or DC,2
0,0,3,310,-0.8971221045564135,-0.1229285561693167,0.03405865657521287,-13.611428571428572,-6.222857142857142,-6.474285714285714,0,0,0,0,0,0,0,0,0,0,0,no mains / natural or DC,2
0,0,3,320,-0.8971221045564135,-0.1229285561693167,0.03405865657521287,-13.611428571428572,-6.222857142857142,-6.474285714285714,0,0,0,0,0,0,0,0,0,0,0,no mains / natural or DC,2
0,0,3,330,-0.9863582262642292,-0.1327555162205878,0.05090487380596331,-13.742857142857142,-8.371428571428572,-5.845714285714286,0,0,0,0,0,0,0,0,0,0,0,no mains / natural or DC,2
0,0,3,340,-0.9863582262642292,-0.1327555162205878,0.05090487380596331,-13.742857142857142,-8.371428571428572,-5.845714285714286,0,0,0,0,0,0,0,0,0,0,0,no mains / natural or DC,2
0,0,3,350,-1.076693014313181,-0.13879818109683523,0.06054872280037843,-14.04,-9.142857142857142,-4.9314285714285715,0,0,0,0,0,0,0,0,0,0,0,no mains / natural or DC,2
0,0,3,360,-1.076693014313181,-0.13879818109683523,0.06054872280037843,-14.04,-9.142857142857142,-4.9314285714285715,0,0,0,0,0,0,0,0,0,0,0,no mains / natural or DC,2
0,0,3,370,-1.1355327005829035,-0.13647877437665945,0.0640888698995941,-14.371428571428572,-7.822857142857143,-3.3085714285714287,0,0,0,0,0,0,0,0,0,0,0,no mains / natural or DC,2
0,0,3,380,-1.1355327005829035,-0.12085329752494889,0.06146427808465835,-14.457142857142857,-4.9314285714285715,-0.6,0,0,0,0,0,0,0,0,0,0,0,no mains / natural or DC,2
0,0,3,390,-1.15286721396527,-0.1250038148136845,0.06146427808465835,-14.457142857142857,-4.9314285714285715,-0.6,0,0,0,0,0,0,0,0,0,0,0,no mains / natural or DC,2
0,0,3,400,-1.128269295327616,-0.11127048554948576,0.05914487136448256,-14.114285714285714,-1.0342857142857143,3.0628571428571427,0,0,0,0,0,0,0,0,0,0,0,no mains / natural or DC,2
0,0,3,410,-1.128269295327616,-0.11127048554948576,0.05914487136448256,-14.114285714285714,-1.0342857142857143,3.0628571428571427,0,0,0,0,0,0,0,0,0,0,0,no mains / natural or DC,2
0,0,3,420,-1.1037324137089144,-0.11053804132206183,0.052674947355571156,-13.074285714285715,2.0,6.588571428571429,0,0,0,0,0,0,0,0,0,0,0,no mains / natural or DC,2
0,0,3,430,-1.1037324137089144,-0.11053804132206183,0.052674947355571156,-13.074285714285715,2.0,6.588571428571429,0,0,0,0,0,0,0,0,0,0,0,no mains / natural or DC,2
0,0,3,440,-1.1668446913052766,-0.1315347758415479,0.04205450605792413,-11.497142857142856,3.2114285714285713,8.405714285714286,0,0,0,0,0,0,0,0,0,0,0,no mains / natural or DC,2
0,0,3,450,-1.1668446913052766,-0.1315347758415479,0.04205450605792413,-11.497142857142856,3.2114285714285713,8.405714285714286,0,0,0,0,0,0,0,0,0,0,0,no mains / natural or DC,2
0,0,3,460,-1.2996612445448164,-0.17340617084261606,0.030823694570757162,-9.93142857142857,2.777142857142857,8.468571428571428,0,0,0,0,0,0,0,0,0,0,0,no mains / natural or DC,2
0,0,3,470,-1.2996612445448164,-0.17340617084261606,0.030823694570757162,-9.93142857142857,2.777142857142857,8.468571428571428,0,0,0,0,0,0,0,0,0,0,0,no mains / natural or DC,2
0,0,3,480,-1.1387676625873593,-0.173955504013184,0.01672414319284646,-9.051428571428572,3.4114285714285715,12.588571428571429,0,0,0,0,0,0,0,0,0,0,0,no mains / natural or DC,2
0,0,3,490,-1.1387676625873593,-0.173955504013184,0.01672414319284646,-9.051428571428572,3.4114285714285715,12.588571428571429,0,0,0,0,0,0,0,0,0,0,0,no mains / natural or DC,2
0,0,3,500,-1.0481276894436475,-0.1782891323587756,-0.031006805627613147,-8.685714285714285,0.2057142857142857,15.685714285714285,0,0,0,0,0,0,0,0,0,0,0,no mains / natural or DC,2
0,0,3,510,-1.0481276894436475,-0.1782891323587756,-0.031006805627613147,-8.834285714285715,-4.92,15.01142857142857,0,0,0,0,0,0,0,0,0,0,0,no mains / natural or DC,2
0,0,3,520,-1.086214789269692,-0.23993652150028993,-0.05993835261085849,-8.834285714285715,-4.92,15.01142857142857,0,0,0,0,0,0,0,0,0,0,0,no mains / natural or DC,2
0,0,3,530,-1.1255836664937284,-0.2479934080019532,-0.10516678365428632,-9.4,-6.32,11.502857142857144,0,0,0,0,0,0,0,0,0,0,0,no mains / natural or DC,2
0,0,3,540,-1.1255836664937284,-0.2479934080019532,-0.10516678365428632,-9.4,-6.32,11.502857142857144,0,0,0,0,0,0,0,0,0,0,0,no mains / natural or DC,2
0,0,3,550,-1.1493270668660542,-0.26245918149357583,-0.130191961424604,-9.891428571428571,-5.211428571428572,6.851428571428571,0,0,0,0,0,0,0,0,0,0,0,no mains / natural or DC,2
0,0,3,560,-1.1493270668660542,-0.26245918149357583,-0.130191961424604,-9.891428571428571,-5.211428571428572,6.851428571428571,0,0,0,0,0,0,0,0,0,0,0,no mains / natural or DC,2
0,0,3,570,-1.0610065004425184,-0.25043488876003295,-0.14380321665089876,-10.554285714285715,-1.4685714285714286,3.9771428571428573,0,0,0,0,0,0,0,0,0,0,0,no mains / natural or DC,2
0,0,3,580,-1.0610065004425184,-0.25043488876003295,-0.14380321665089876,-10.554285714285715,-1.4685714285714286,3.9771428571428573,0,0,0,0,0,0,0,0,0,0,0,no mains / natural or DC,2
0,0,3,590,-1.022431104464858,-0.24768822290719322,-0.15234839930417798,-11.297142857142857,-0.6,0.8514285714285714,0,0,0,0,0,0,0,0,0,0,0,no mains / natural or DC,2
0,0,3,600,-1.022431104464858,-0.24768822290719322,-0.15234839930417798,-11.297142857142857,-0.6,0.8514285714285714,0,0,0,0,0,0,0,0,0,0,0,no mains / natural or DC,2
0,0,3,610,-0.9627979369487594,-0.23664052247688222,-0.16345713675344095,-12.291428571428572,-0.37142857142857144,0.4742857142857143,0,0,0,0,0,0,0,0,0,0,0,no mains / natural or DC,2
0,0,3,620,-0.9627979369487594,-0.23664052247688222,-0.16345713675344095,-12.291428571428572,-0.37142857142857144,0.4742857142857143,0,0,0,0,0,0,0,0,0,0,0,no mains / natural or DC,2
0,0,3,630,-0.9479659413434248,-0.23541978209784234,-0.1780449842829676,-13.4,-0.8971428571428571,-0.09142857142857143,0,0,0,0,0,0,0,0,0,0,0,no mains / natural or DC,2
0,0,3,640,-0.9479659413434248,-0.23541978209784234,-0.1780449842829676,-13.4,-0.8971428571428571,-0.09142857142857143,0,0,0,0,0,0,0,0,0,0,0,no mains / natural or DC,2
0,0,3,650,-0.9269692068239387,-0.2347483748893704,-0.17865535447248757,-14.662857142857144,-0.9657142857142857,-0.9828571428571429,0,0,0,0,0,0,0,0,0,0,0,no mains / natural or DC,2
0,0,3,660,-0.8988921781060213,-0.2251655629139073,-0.17755668813135167,-15.628571428571428,-1.3828571428571428,-2.6228571428571428,0,0,0,0,0,0,0,0,0,0,0,no mains / natural or DC,2
0,0,3,670,-0.8988921781060213,-0.2251655629139073,-0.17755668813135167,-15.628571428571428,-1.3828571428571428,-2.6228571428571428,0,0,0,0,0,0,0,0,0,0,0,no mains / natural or DC,2
0,0,3,680,-0.8547624134037294,-0.21271401104770044,-0.16492202520828883,-16.18285714285714,-3.3485714285714288,-4.445714285714286,0,0,0,0,0,0,0,0,0,0,0,no mains / natural or DC,3
0,0,3,690,-0.8547624134037294,-0.21271401104770044,-0.16492202520828883,-16.18285714285714,-3.3485714285714288,-4.445714285714286,0,0,0,0,0,0,0,0,0,0,0,no mains / natural or DC,3
0,0,3,700,-0.7874996185186316,-0.1891537217322306,-0.14081240272225104,-16.514285714285716,-5.942857142857143,-5.605714285714286,0,0,0,0,0,0,0,0,0,0,0,no mains / natural or DC,3
0,0,3,710,-0.7874996185186316,-0.1891537217322306,-0.14081240272225104,-16.514285714285716,-5.942857142857143,-5.605714285714286,0,0,0,0,0,0,0,0,0,0,0,no mains / natural or DC,3
0,0,3,720,-0.7445905941953795,-0.16980498672444838,-0.1098055970946379,-16.302857142857142,-9.98857142857143,-6.92,0,0,0,0,0,0,0,0,0,0,0,no mains / natural or DC,3
0,0,3,730,-0.7445905941953795,-0.16980498672444838,-0.1098055970946379,-16.302857142857142,-9.98857142857143,-6.92,0,0,0,0,0,0,0,0,0,0,0,no mains / natural or DC,3
0,0,3,740,-0.7358623004852443,-0.15790276802880948,-0.07867671742912076,-15.685714285714285,-14.914285714285715,-7.965714285714285,0,0,0,0,0,0,0,0,0,0,0,no mains / natural or DC,3
0,0,3,750,-0.7358623004852443,-0.15790276802880948,-0.07867671742912076,-15.685714285714285,-14.914285714285715,-7.965714285714285,0,0,0,0,0,0,0,0,0,0,0,no mains / natural or DC,3
0,0,3,760,-0.7395245216223639,-0.14374217963194677,-0.052003540147099216,-14.8,-19.411428571428573,-8.382857142857143,0,0,0,0,0,0,0,0,0,0,0,no mains / natural or DC,3
0,0,3,770,-0.7395245216223639,-0.14374217963194677,-0.052003540147099216,-14.8,-19.411428571428573,-8.382857142857143,0,0,0,0,0,0,0,0,0,0,0,no mains / natural or DC,3
0,0,3,780,-0.7542954802087466,-0.1294595171971801,-0.029419843134861293,-13.628571428571428,-23.074285714285715,-8.434285714285714,0,0,0,0,0,0,0,0,0,0,0,no mains / natural or DC,3
0,0,3,790,-0.7542954802087466,-0.1294595171971801,-0.013794366283150731,-12.142857142857142,-25.6,-8.01142857142857,0,0,0,0,0,0,0,0,0,0,0,no mains / natural or DC,3
0,0,3,800,-0.7684560686056093,-0.11822870571001312,-0.005127109591967528,-12.142857142857142,-25.6,-8.01142857142857,0,0,0,0,0,0,0,0,0,0,0,no mains / natural or DC,3
0,0,3,810,-0.7968993194372387,-0.11041596728415784,0.01617481002227851,-10.565714285714286,-27.28,-7.291428571428572,0,0,0,0,0,0,0,0,0,0,0,no mains / natural or DC,3
0,0,3,820,-0.7968993194372387,-0.11041596728415784,0.01617481002227851,-10.565714285714286,-27.28,-7.291428571428572,0,0,0,0,0,0,0,0,0,0,0,no mains / natural or DC,3
0,0,3,830,-0.8391369365520188,-0.10913418988616597,0.0347300637836848,-9.102857142857143,-27.82857142857143,-6.565714285714286,0,0,0,0,0,0,0,0,0,0,0,no mains / natural or DC,3
0,0,3,840,-0.8391369365520188,-0.10913418988616597,0.0347300637836848,-9.102857142857143,-27.82857142857143,-6.565714285714286,0,0,0,0,0,0,0,0,0,0,0,no mains / natural or DC,3
0,0,3,850,-0.8644672994170964,-0.10596026490066225,0.05175939207129124,-7.777142857142858,-26.49142857142857,-5.777142857142858,0,0,0,0,0,0,0,0,0,0,0,no mains / natural or DC,3
0,0,3,860,-0.8644672994170964,-0.10596026490066225,0.05175939207129124,-7.777142857142858,-26.49142857142857,-5.777142857142858,0,0,0,0,0,0,0,0,0,0,0,no mains / natural or DC,3
0,0,3,870,-0.8960844752342295,-0.10480056154057436,0.06445509201330607,-6.485714285714286,-24.10857142857143,-5.417142857142857,0,0,0,0,0,0,0,0,0,0,0,no mains / natural or DC,3
0,0,3,880,-0.8960844752342295,-0.10480056154057436,0.06445509201330607,-6.485714285714286,-24.10857142857143,-5.417142857142857,0,0,0,0,0,0,0,0,0,0,0,no mains / natural or DC,3
0,0,3,890,-0.9051789910580768,-0.10852381969664601,0.07080294198431349,-5.194285714285714,-20.354285714285716,-5.057142857142857,0,0,0,0,0,0,0,0,0,0,0,no mains / natural or DC,3
0,0,3,900,-0.9051789910580768,-0.10852381969664601,0.07080294198431349,-5.194285714285714,-20.354285714285716,-5.057142857142857,0,0,0,0,0,0,0,0,0,0,0,no mains / natural or DC,3
0,0,3,910,-0.8886379589220862,-0.11243018890957365,0.07245094149601733,-4.022857142857143,-15.548571428571428,-4.782857142857143,0,0,0,0,0,0,0,0,0,0,0,no mains / natural or DC,3
0,0,3,920,-0.8886379589220862,-0.11243018890957365,0.07245094149601733,-2.56,-11.12,-5.514285714285714,0,0,0,0,0,0,0,0,0,0,0,no mains / natural or DC,3
0,0,3,930,-0.9012726218451491,-0.1270180364391003,0.07318338572344127,-2.8057142857142856,-11.12,-5.514285714285714,0,0,0,0,0,0,0,0,0,0,0,no mains / natural or DC,3
0,0,3,940,-0.9298989837336344,-0.14612262337107457,0.06543168431653798,-1.6228571428571428,-7.097142857142857,-6.72,0,0,0,0,0,0,0,0,0,0,0,no mains / natural or DC,3
0,0,3,950,-0.9298989837336344,-0.14612262337107457,0.06543168431653798,-1.6228571428571428,-7.097142857142857,-6.72,0,0,0,0,0,0,0,0,0,0,0,no mains / natural or DC,3
0,0,3,960,-0.9627979369487594,-0.163029877620777,0.050355540635395366,-0.7257142857142858,-2.92,-7.748571428571428,0,0,0,0,0,0,0,0,0,0,0,no mains / natural or DC,3
0,0,3,970,-0.9627979369487594,-0.163029877620777,0.050355540635395366,-0.7257142857142858,-2.92,-7.748571428571428,0,0,0,0,0,0,0,0,0,0,0,no mains / natural or DC,3
0,0,3,980,-0.9899594103823969,-0.17413861507003997,0.0391247291482284,-0.2742857142857143,1.0457142857142858,-8.12,0,0,0,0,0,0,0,0,0,0,0,no mains / natural or DC,3
0,0,3,990,-0.9899594103823969,-0.17413861507003997,0.0391247291482284,-0.2742857142857143,1.0457142857142858,-8.12,0,0,0,0,0,0,0,0,0,0,0,no mains / natural or DC,3
0,0,4,0,-1.0311593981749931,-0.1759086886196478,0.026001770073549608,-0.18285714285714286,4.16,-6.88,0,0,0,0,0,0,0,0,0,0,0,no mains / natural or DC,3
0,0,4,10,-1.0311593981749931,-0.1759086886196478,0.026001770073549608,-0.18285714285714286,4.16,-6.88,0,0,0,0,0,0,0,0,0,0,0,no mains / natural or DC,3
0,0,4,20,-1.0812707907345804,-0.18451490829187903,0.0184942167424543,-0.84,5.742857142857143,-3.3257142857142856,0,0,0,0,0,0,0,0,0,0,0,no mains / natural or DC,3
0,0,4,30,-1.0812707907345804,-0.18451490829187903,0.0184942167424543,-0.84,5.742857142857143,-3.3257142857142856,0,0,0,0,0,0,0,0,0,0,0,no mains / natural or DC,3
0,0,4,40,-1.1266212958159123,-0.19806512649922178,0.022095400860621967,-2.64,6.4,2.1028571428571428,0,0,0,0,0,0,0,0,0,0,0,no mains / natural or DC,3
0,0,4,50,-1.1266212958159123,-0.19806512649922178,0.022095400860621967,-2.64,6.4,2.1028571428571428,0,0,0,0,0,0,0,0,0,0,0,no mains / natural or DC,3
0,0,4,60,-1.1880245368816187,-0.22089297158726767,0.02337717825861385,-4.7942857142857145,4.337142857142857,5.6971428571428575,0,0,0,0,0,0,0,0,0,0,0,no mains / natural or DC,3
0,0,4,70,-1.1723990600299081,-0.22846156193731498,0.018189031647694327,-6.417142857142857,1.3942857142857144,6.497142857142857,0,0,0,0,0,0,0,0,0,0,0,no mains / natural or DC,3
0,0,4,80,-1.183202612384411,-0.22846156193731498,0.018189031647694327,-6.417142857142857,1.3942857142857144,6.497142857142857,0,0,0,0,0,0,0,0,0,0,0,no mains / natural or DC,3
0,0,4,90,-1.2240363780632955,-0.23078096865749076,0.010010071108127079,-7.451428571428571,-0.8057142857142857,3.662857142857143,0,0,0,0,0,0,0,0,0,0,0,no mains / natural or DC,3
0,0,4,100,-1.2240363780632955,-0.23078096865749076,0.010010071108127079,-7.451428571428571,-0.8057142857142857,3.662857142857143,0,0,0,0,0,0,0,0,0,0,0,no mains / natural or DC,3
0,0,4,110,-1.3332926419873654,-0.24933622241889705,0.016052735984374525,-7.497142857142857,-2.388571428571429,-1.5542857142857143,0,0,0,0,0,0,0,0,0,0,0,no mains / natural or DC,3
0,0,4,120,-1.3332926419873654,-0.24933622241889705,0.016052735984374525,-7.497142857142857,-2.388571428571429,-1.5542857142857143,0,0,0,0,0,0,0,0,0,0,0,no mains / natural or DC,3
0,0,4,130,-1.1944334238715781,-0.217413861507004,0.04858546708578753,-7.508571428571429,1.8057142857142856,-2.2514285714285713,0,0,0,0,0,0,0,0,0,0,0,no mains / natural or DC,3
0,0,4,140,-1.1944334238715781,-0.217413861507004,0.04858546708578753,-7.508571428571429,1.8057142857142856,-2.2514285714285713,0,0,0,0,0,0,0,0,0,0,0,no mains / natural or DC,3
0,0,4,150,-1.2243415631580554,-0.2141178624835963,0.07702871791741692,-6.594285714285714,1.2,-4.788571428571428,0,0,0,0,0,0,0,0,0,0,0,no mains / natural or DC,3
0,0,4,160,-1.2243415631580554,-0.2141178624835963,0.07702871791741692,-6.594285714285714,1.2,-4.788571428571428,0,0,0,0,0,0,0,0,0,0,0,no mains / natural or DC,3
0,0,4,170,-1.0528275399029512,-0.1878719443342387,0.12195196386608478,-5.862857142857143,2.1028571428571428,-1.5771428571428572,0,0,0,0,0,0,0,0,0,0,0,no mains / natural or DC,3
0,0,4,180,-1.0528275399029512,-0.1878719443342387,0.12195196386608478,-5.862857142857143,2.1028571428571428,-1.5771428571428572,0,0,0,0,0,0,0,0,0,0,0,no mains / natural or DC,3
0,0,4,190,-0.8673360393078402,-0.1487472151860103,0.1391033661915952,-5.388571428571429,1.2457142857142858,2.6514285714285712,0,0,0,0,0,0,0,0,0,0,0,no mains / natural or DC,3
0,0,4,200,-0.8673360393078402,-0.1487472151860103,0.1391033661915952,-4.588571428571429,-4.445714285714286,4.354285714285714,0,0,0,0,0,0,0,0,0,0,0,no mains / natural or DC,3
0,0,4,210,-0.8719138157292398,-0.16925565355388042,0.1693166905728324,-4.588571428571429,-4.445714285714286,4.354285714285714,0,0,0,0,0,0,0,0,0,0,0,no mains / natural or DC,3
0,0,4,220,-0.9151280251472518,-0.16815698721274452,0.185064241462447,-3.862857142857143,-8.188571428571429,5.24,0,0,0,0,0,0,0,0,0,0,0,no mains / natural or DC,3
0,0,4,230,-0.9151280251472518,-0.16815698721274452,0.185064241462447,-3.862857142857143,-8.188571428571429,5.24,0,0,0,0,0,0,0,0,0,0,0,no mains / natural or DC,3
0,0,4,240,-0.9324015015106663,-0.1489913632618183,0.18933683278908658,-3.0228571428571427,-9.737142857142857,6.285714285714286,0,0,0,0,0,0,0,0,0,0,0,no mains / natural or DC,3
0,0,4,250,-0.9324015015106663,-0.1489913632618183,0.18933683278908658,-3.0228571428571427,-9.737142857142857,6.285714285714286,0,0,0,0,0,0,0,0,0,0,0,no mains / natural or DC,3
0,0,4,260,-0.9371623889889218,-0.12439344462416456,0.19159520249031037,-1.582857142857143,-9.874285714285714,7.577142857142857,0,0,0,0,0,0,0,0,0,0,0,no mains / natural or DC,3
0,0,4,270,-0.9371623889889218,-0.12439344462416456,0.19159520249031037,-1.582857142857143,-9.874285714285714,7.577142857142857,0,0,0,0,0,0,0,0,0,0,0,no mains / natural or DC,3
0,0,4,280,-0.9424115726187933,-0.1162755211035493,0.18878749961851862,0.6685714285714286,-7.857142857142857,7.811428571428571,0,0,0,0,0,0,0,0,0,0,0,no mains / natural or DC,3
0,0,4,290,-0.9424115726187933,-0.1162755211035493,0.18878749961851862,0.6685714285714286,-7.857142857142857,7.811428571428571,0,0,0,0,0,0,0,0,0,0,0,no mains / natural or DC,3
0,0,4,300,-0.9695120090334788,-0.1291543321024201,0.18512527848139898,3.737142857142857,-4.022857142857143,5.045714285714285,0,0,0,0,0,0,0,0,0,0,0,no mains / natural or DC,3
0,0,4,310,-0.9695120090334788,-0.1291543321024201,0.18512527848139898,3.737142857142857,-4.022857142857143,5.045714285714285,0,0,0,0,0,0,0,0,0,0,0,no mains / natural or DC,3
0,0,4,320,-1.0201727347636342,-0.16174810022278513,0.17340617084261606,7.617142857142857,-0.4742857142857143,-1.0114285714285713,0,0,0,0,0,0,0,0,0,0,0,no mains / natural or DC,3
0,0,4,330,-1.0201727347636342,-0.16174810022278513,0.17340617084261606,7.617142857142857,3.914285714285714,-7.371428571428571,0,0,0,0,0,0,0,0,0,0,0,no mains / natural or DC,3
0,0,4,340,-0.9819025238807336,-0.17340617084261606,0.15381328775902586,11.205714285714286,4.1657142857142855,-7.371428571428571,0,0,0,0,0,0,0,0,0,0,0,no mains / natural or DC,3
0,0,4,350,-0.9482100894192328,-0.195623645741142,0.12964262825403608,14.148571428571428,8.451428571428572,-14.965714285714286,0,0,0,0,0,0,0,0,0,0,0,no mains / natural or DC,3
0,0,4,360,-0.9482100894192328,-0.195623645741142,0.12964262825403608,14.148571428571428,8.451428571428572,-14.965714285714286,0,0,0,0,0,0,0,0,0,0,0,no mains / natural or DC,3
0,0,4,370,-0.913174840540788,-0.22186956389049958,0.10632648701437422,16.217142857142857,12.234285714285715,-22.748571428571427,0,0,0,0,0,0,0,0,0,0,0,no mains / natural or DC,4
0,0,4,380,-0.913174840540788,-0.22186956389049958,0.10632648701437422,16.217142857142857,12.234285714285715,-22.748571428571427,0,0,0,0,0,0,0,0,0,0,0,no mains / natural or DC,4
0,0,4,390,-0.8436536759544664,-0.24256111331522567,0.08508560441908017,16.81142857142857,15.98857142857143,-28.754285714285714,0,0,0,0,0,0,0,0,0,0,0,no mains / natural or DC,4
0,0,4,400,-0.8436536759544664,-0.24256111331522567,0.08508560441908017,16.81142857142857,15.98857142857143,-28.754285714285714,0,0,0,0,0,0,0,0,0,0,0,no mains / natural or DC,4
0,0,4,410,-0.7940916165654469,-0.26483962523270366,0.06994842371898556,15.982857142857142,17.2,-32.34285714285714,0,0,0,0,0,0,0,0,0,0,0,no mains / natural or DC,4
0,0,4,420,-0.7940916165654469,-0.26483962523270366,0.06994842371898556,15.982857142857142,17.2,-32.34285714285714,0,0,0,0,0,0,0,0,0,0,0,no mains / natural or DC,4
0,0,4,430,-0.7744987334818567,-0.28601947080904566,0.04541154210028382,13.417142857142856,16.44,-31.874285714285715,0,0,0,0,0,0,0,0,0,0,0,no mains / natural or DC,4
0,0,4,440,-0.7744987334818567,-0.28601947080904566,0.04541154210028382,13.417142857142856,16.44,-31.874285714285715,0,0,0,0,0,0,0,0,0,0,0,no mains / natural or DC,4
0,0,4,450,-0.7493514816736351,-0.2975554673909726,0.022339548936429945,9.314285714285715,15.84,-27.65142857142857,0,0,0,0,0,0,0,0,0,0,0,no mains / natural or DC,4
0,0,4,460,-0.7493514816736351,-0.2975554673909726,0.022339548936429945,9.314285714285715,15.84,-27.65142857142857,0,0,0,0,0,0,0,0,0,0,0,no mains / natural or DC,4
0,0,4,470,-0.7397686696981719,-0.29853205969420454,0.003357036042359691,4.6,15.137142857142857,-22.142857142857142,0,0,0,0,0,0,0,0,0,0,0,no mains / natural or DC,4
0,0,4,480,-0.7397686696981719,-0.29853205969420454,-0.007568590350047304,-0.03428571428571429,14.022857142857143,-16.302857142857142,0,0,0,0,0,0,0,0,0,0,0,no mains / natural or DC,4
0,0,4,490,-0.759788811914426,-0.29200109866634116,-0.007568590350047304,-0.03428571428571429,14.022857142857143,-16.302857142857142,0,0,0,0,0,0,0,0,0,0,0,no mains / natural or DC,4
0,0,4,500,-0.7799310281685843,-0.2780846583452864,-0.014709921567430647,-4.1085714285714285,12.725714285714286,-10.537142857142857,0,0,0,0,0,0,0,0,0,0,0,no mains / natural or DC,4
0,0,4,510,-0.7799310281685843,-0.2780846583452864,-0.014709921567430647,-4.1085714285714285,12.725714285714286,-10.537142857142857,0,0,0,0,0,0,0,0,0,0,0,no mains / natural or DC,4
0,0,4,520,-0.7940916165654469,-0.2598956266975921,-0.01489303262428663,-7.365714285714286,10.617142857142857,-5.565714285714286,0,0,0,0,0,0,0,0,0,0,0,no mains / natural or DC,4
0,0,4,530,-0.7940916165654469,-0.2598956266975921,-0.01489303262428663,-7.365714285714286,10.617142857142857,-5.565714285714286,0,0,0,0,0,0,0,0,0,0,0,no mains / natural or DC,4
0,0,4,540,-0.8018433179723502,-0.2325510422070986,-0.018982512894070255,-9.628571428571428,7.817142857142857,-1.1885714285714286,0,0,0,0,0,0,0,0,0,0,0,no mains / natural or DC,4
0,0,4,550,-0.8018433179723502,-0.2325510422070986,-0.018982512894070255,-9.628571428571428,7.817142857142857,-1.1885714285714286,0,0,0,0,0,0,0,0,0,0,0,no mains / natural or DC,4
0,0,4,560,-0.8149662770470291,-0.21662038026062808,-0.019653920102542192,-10.85142857142857,4.48,1.8171428571428572,0,0,0,0,0,0,0,0,0,0,0,no mains / natural or DC,4
0,0,4,570,-0.8149662770470291,-0.21662038026062808,-0.019653920102542192,-10.85142857142857,4.48,1.8171428571428572,0,0,0,0,0,0,0,0,0,0,0,no mains / natural or DC,4
0,0,4,580,-0.836939603869747,-0.21002838221381268,-0.011169774468214972,-11.262857142857143,1.3257142857142856,3.0742857142857143,0,0,0,0,0,0,0,0,0,0,0,no mains / natural or DC,4
0,0,4,590,-0.836939603869747,-0.21002838221381268,-0.011169774468214972,-11.262857142857143,1.3257142857142856,3.0742857142857143,0,0,0,0,0,0,0,0,0,0,0,no mains / natural or DC,4
0,0,4,600,-0.8850978118228706,-0.21442304757835629,0.004821924497207556,-11.074285714285715,-2.2114285714285713,2.057142857142857,0,0,0,0,0,0,0,0,0,0,0,no mains / natural or DC,4
0,0,4,610,-0.8850978118228706,-0.21442304757835629,0.004821924497207556,-10.554285714285715,-5.131428571428572,0.2057142857142857,0,0,0,0,0,0,0,0,0,0,0,no mains / natural or DC,4
0,0,4,620,-0.9450361644337291,-0.21106601153599658,0.01751762443922239,-10.554285714285715,-5.131428571428572,0.2057142857142857,0,0,0,0,0,0,0,0,0,0,0,no mains / natural or DC,4
0,0,4,630,-1.0058900723288675,-0.206549272133549,0.0336924344615009,-9.982857142857142,-6.748571428571428,-1.2114285714285715,0,0,0,0,0,0,0,0,0,0,0,no mains / natural or DC,4
0,0,4,640,-1.0058900723288675,-0.206549272133549,0.0336924344615009,-9.982857142857142,-6.748571428571428,-1.2114285714285715,0,0,0,0,0,0,0,0,0,0,0,no mains / natural or DC,4
0,0,4,650,-1.0718710898159733,-0.20624408703878902,0.0467543565172277,-9.548571428571428,-6.628571428571429,-0.9028571428571428,0,0,0,0,0,0,0,0,0,0,0,no mains / natural or DC,4
0,0,4,660,-1.0718710898159733,-0.20624408703878902,0.0467543565172277,-9.548571428571428,-6.628571428571429,-0.9028571428571428,0,0,0,0,0,0,0,0,0,0,0,no mains / natural or DC,4
0,0,4,670,-1.130283516953032,-0.21832941679128393,0.061403241065706354,-9.251428571428571,-5.571428571428571,0.4057142857142857,0,0,0,0,0,0,0,0,0,0,0,no mains / natural or DC,4
0,0,4,680,-1.130283516953032,-0.21832941679128393,0.061403241065706354,-9.251428571428571,-5.571428571428571,0.4057142857142857,0,0,0,0,0,0,0,0,0,0,0,no mains / natural or DC,4
0,0,4,690,-1.130100405896176,-0.22229682302316356,0.0684224982451857,-8.885714285714286,-3.4285714285714284,2.0914285714285716,0,0,0,0,0,0,0,0,0,0,0,no mains / natural or DC,4
0,0,4,700,-1.130100405896176,-0.22229682302316356,0.0684224982451857,-8.885714285714286,-3.4285714285714284,2.0914285714285716,0,0,0,0,0,0,0,0,0,0,0,no mains / natural or DC,4
0,0,4,710,-1.109347819452498,-0.24048585467085787,0.07190160832544938,-8.205714285714286,-1.9942857142857142,2.5942857142857143,0,0,0,0,0,0,0,0,0,0,0,no mains / natural or DC,4
0,0,4,720,-1.109347819452498,-0.24048585467085787,0.07190160832544938,-8.205714285714286,-1.9942857142857142,2.5942857142857143,0,0,0,0,0,0,0,0,0,0,0,no mains / natural or DC,4
0,0,4,730,-1.0682699056978058,-0.26899014252143927,0.06976531266212958,-7.451428571428571,-1.4285714285714286,1.8171428571428572,0,0,0,0,0,0,0,0,0,0,0,no mains / natural or DC,4
0,0,4,740,-1.0682699056978058,-0.26899014252143927,0.06976531266212958,-7.451428571428571,-1.4285714285714286,-1.1085714285714285,0,0,0,0,0,0,0,0,0,0,0,no mains / natural or DC,4
0,0,4,750,-1.1840571306497392,-0.3007904293954283,0.062013611255226295,-7.017142857142857,-2.337142857142857,-0.6914285714285714,0,0,0,0,0,0,0,0,0,0,0,no mains / natural or DC,4
0,0,4,760,-1.2742698446607867,-0.3450422681356243,0.06183050019837031,-6.885714285714286,-4.034285714285715,-2.2514285714285713,0,0,0,0,0,0,0,0,0,0,0,no mains / natural or DC,4
0,0,4,770,-1.2742698446607867,-0.3450422681356243,0.06183050019837031,-6.885714285714286,-4.034285714285715,-2.2514285714285713,0,0,0,0,0,0,0,0,0,0,0,no mains / natural or DC,4
0,0,4,780,-1.1427961058381908,-0.28730124820703756,0.032837916196172975,-8.228571428571428,-0.7885714285714286,5.72,0,0,0,0,0,0,0,0,0,0,0,no mains / natural or DC,4
0,0,4,790,-1.1427961058381908,-0.28730124820703756,0.032837916196172975,-8.228571428571428,-0.7885714285714286,5.72,0,0,0,0,0,0,0,0,0,0,0,no mains / natural or DC,4
0,0,4,800,-1.1252784813989685,-0.31055635242774743,0.002868739890743736,-8.394285714285715,-3.822857142857143,10.92,0,0,0,0,0,0,0,0,0,0,0,no mains / natural or DC,4
0,0,4,810,-1.1252784813989685,-0.31055635242774743,0.002868739890743736,-8.394285714285715,-3.822857142857143,10.92,0,0,0,0,0,0,0,0,0,0,0,no mains / natural or DC,4
0,0,4,820,-1.0789513840144047,-0.2707602160710471,-0.05017242957853939,-8.525714285714285,-3.08,16.53142857142857,0,0,0,0,0,0,0,0,0,0,0,no mains / natural or DC,4
0,0,4,830,-1.0789513840144047,-0.2707602160710471,-0.05017242957853939,-8.525714285714285,-3.08,16.53142857142857,0,0,0,0,0,0,0,0,0,0,0,no mains / natural or DC,4
0,0,4,840,-1.1292458876308482,-0.26282540360728784,-0.09619434186834315,-7.251428571428572,-2.0285714285714285,18.074285714285715,0,0,0,0,0,0,0,0,0,0,0,no mains / natural or DC,4
0,0,4,850,-1.1292458876308482,-0.26282540360728784,-0.09619434186834315,-7.251428571428572,-2.0285714285714285,18.074285714285715,0,0,0,0,0,0,0,0,0,0,0,no mains / natural or DC,4
0,0,4,860,-1.1156956694235054,-0.2446974089785455,-0.14050721762749108,-4.782857142857143,3.4685714285714284,18.514285714285716,0,0,0,0,0,0,0,0,0,0,0,no mains / natural or DC,4
0,0,4,870,-1.1156956694235054,-0.2446974089785455,-0.14050721762749108,-4.782857142857143,3.4685714285714284,18.514285714285716,0,0,0,0,0,0,0,0,0,0,0,no mains / natural or DC,4
0,0,4,880,-1.0266426587725455,-0.23718985564745018,-0.1619922482985931,-1.582857142857143,10.211428571428572,16.428571428571427,0,0,0,0,0,0,0,0,0,0,0,no mains / natural or DC,4
0,0,4,890,-1.0266426587725455,-0.23718985564745018,-0.1619922482985931,1.64,14.348571428571429,13.154285714285715,0,0,0,0,0,0,0,0,0,0,0,no mains / natural or DC,4
0,0,4,900,-0.8998077333903012,-0.23218482009338665,-0.17566454054383984,1.64,14.348571428571429,13.154285714285715,0,0,0,0,0,0,0,0,0,0,0,no mains / natural or DC,4
0,0,4,910,-0.8105105746635334,-0.2457350383007294,-0.17658009582811976,3.657142857142857,14.005714285714285,8.731428571428571,0,0,0,0,0,0,0,0,0,0,0,no mains / natural or DC,4
0,0,4,920,-0.8105105746635334,-0.2457350383007294,-0.17658009582811976,3.657142857142857,14.005714285714285,8.731428571428571,0,0,0,0,0,0,0,0,0,0,0,no mains / natural or DC,4
0,0,4,930,-0.7914670247505112,-0.2675862910855434,-0.17444380016479996,4.3428571428571425,9.748571428571429,3.6914285714285713,0,0,0,0,0,0,0,0,0,0,0,no mains / natural or DC,4
0,0,4,940,-0.7914670247505112,-0.2675862910855434,-0.17444380016479996,4.3428571428571425,9.748571428571429,3.6914285714285713,0,0,0,0,0,0,0,0,0,0,0,no mains / natural or DC,4
0,0,4,950,-0.8163701284829249,-0.29786065248573257,-0.15948973052156132,3.4628571428571426,3.76,-1.6285714285714286,0,0,0,0,0,0,0,0,0,0,0,no mains / natural or DC,4
0,0,4,960,-0.8163701284829249,-0.29786065248573257,-0.15948973052156132,3.4628571428571426,3.76,-1.6285714285714286,0,0,0,0,0,0,0,0,0,0,0,no mains / natural or DC,4
0,0,4,970,-0.8031861323892941,-0.3108615375225074,-0.1358073671681875,1.3428571428571427,-2.28,-5.771428571428571,0,0,0,0,0,0,0,0,0,0,0,no mains / natural or DC,4
0,0,4,980,-0.8031861323892941,-0.3108615375225074,-0.1358073671681875,1.3428571428571427,-2.28,-5.771428571428571,0,0,0,0,0,0,0,0,0,0,0,no mains / natural or DC,5
0,0,4,990,-0.7630237739188818,-0.3109225745414594,-0.10681478316599018,-1.3657142857142857,-9.462857142857143,-9.674285714285714,0,0,0,0,0,0,0,0,0,0,0,no mains / natural or DC,5
0,0,5,0,-0.7630237739188818,-0.3109225745414594,-0.10681478316599018,-1.3657142857142857,-9.462857142857143,-9.674285714285714,0,0,0,0,0,0,0,0,0,0,0,no mains / natural or DC,5
0,0,5,10,-0.7367778557695243,-0.30481887264625995,-0.07238990447706534,-4.2457142857142856,-16.86857142857143,-13.017142857142858,0,0,0,0,0,0,0,0,0,0,0,no mains / natural or DC,5
0,0,5,20,-0.7367778557695243,-0.30481887264625995,-0.07238990447706534,-4.2457142857142856,-24.2,-15.765714285714285,0,0,0,0,0,0,0,0,0,0,0,no mains / natural or DC,5
0,0,5,30,-0.7587511825922422,-0.29993591113010043,-0.03991821039460433,-6.788571428571428,-24.2,-15.765714285714285,0,0,0,0,0,0,0,0,0,0,0,no mains / natural or DC,5
0,0,5,40,-0.7666249580370494,-0.2946867275002289,-0.005371257667775506,-8.874285714285714,-29.02285714285714,-16.771428571428572,0,0,0,0,0,0,0,0,0,0,0,no mains / natural or DC,5
0,0,5,50,-0.7666249580370494,-0.2946867275002289,-0.005371257667775506,-8.874285714285714,-29.02285714285714,-16.771428571428572,0,0,0,0,0,0,0,0,0,0,0,no mains / natural or DC,5
0,0,5,60,-0.7676015503402813,-0.2781456953642384,0.01812799462874233,-10.194285714285714,-31.708571428571428,-16.554285714285715,0,0,0,0,0,0,0,0,0,0,0,no mains / natural or DC,5
0,0,5,70,-0.7676015503402813,-0.2781456953642384,0.01812799462874233,-10.194285714285714,-31.708571428571428,-16.554285714285715,0,0,0,0,0,0,0,0,0,0,0,no mains / natural or DC,5
0,0,5,80,-0.7908566545609912,-0.2661824396496475,0.04498428296761986,-10.68,-32.65714285714286,-15.331428571428571,0,0,0,0,0,0,0,0,0,0,0,no mains / natural or DC,5
0,0,5,90,-0.7908566545609912,-0.2661824396496475,0.04498428296761986,-10.68,-32.65714285714286,-15.331428571428571,0,0,0,0,0,0,0,0,0,0,0,no mains / natural or DC,5
0,0,5,100,-0.815576647236549,-0.25244911038544876,0.06176946317941832,-10.405714285714286,-31.68,-12.965714285714286,0,0,0,0,0,0,0,0,0,0,0,no mains / natural or DC,5
0,0,5,110,-0.815576647236549,-0.25244911038544876,0.06176946317941832,-10.405714285714286,-31.68,-12.965714285714286,0,0,0,0,0,0,0,0,0,0,0,no mains / natural or DC,5
0,0,5,120,-0.8295541245765556,-0.2360301522873623,0.08136234626300852,-9.651428571428571,-28.76,-9.731428571428571,0,0,0,0,0,0,0,0,0,0,0,no mains / natural or DC,5
0,0,5,130,-0.8295541245765556,-0.2360301522873623,0.08136234626300852,-9.651428571428571,-28.76,-9.731428571428571,0,0,0,0,0,0,0,0,0,0,0,no mains / natural or DC,5
0,0,5,140,-0.8570207831049531,-0.22919400616473892,0.09729300820947905,-8.497142857142856,-25.36,-6.645714285714286,0,0,0,0,0,0,0,0,0,0,0,no mains / natural or DC,5
0,0,5,150,-0.8570207831049531,-0.22919400616473892,0.09729300820947905,-8.497142857142856,-25.36,-6.645714285714286,0,0,0,0,0,0,0,0,0,0,0,no mains / natural or DC,5
0,0,5,160,-0.869716483046968,-0.2150334177678762,0.10168767357402264,-7.154285714285714,-21.394285714285715,-3.354285714285714,0,0,0,0,0,0,0,0,0,0,0,no mains / natural or DC,5
0,0,5,170,-0.869716483046968,-0.19818720053712577,0.10156559953611866,-5.765714285714286,-16.805714285714284,-0.2742857142857143,0,0,0,0,0,0,0,0,0,0,0,no mains / natural or DC,5
0,0,5,180,-0.8742332224494156,-0.19818720053712577,0.10156559953611866,-5.765714285714286,-16.805714285714284,-0.2742857142857143,0,0,0,0,0,0,0,0,0,0,0,no mains / natural or DC,5
0,0,5,190,-0.8753318887905515,-0.18073061311685537,0.09503463850825526,-4.051428571428572,-12.394285714285715,2.52,0,0,0,0,0,0,0,0,0,0,0,no mains / natural or DC,5
0,0,5,200,-0.8753318887905515,-0.18073061311685537,0.09503463850825526,-4.051428571428572,-12.394285714285715,2.52,0,0,0,0,0,0,0,0,0,0,0,no mains / natural or DC,5
0,0,5,210,-0.8935819574571978,-0.1706595049897763,0.08667256691183203,-2.0628571428571427,-8.514285714285714,4.634285714285714,0,0,0,0,0,0,0,0,0,0,0,no mains / natural or DC,5
0,0,5,220,-0.8935819574571978,-0.1706595049897763,0.08667256691183203,-2.0628571428571427,-8.514285714285714,4.634285714285714,0,0,0,0,0,0,0,0,0,0,0,no mains / natural or DC,5
0,0,5,230,-0.9300210577715384,-0.16467787713248086,0.07342753379924924,0.22285714285714286,-5.2457142857142856,5.9714285714285715,0,0,0,0,0,0,0,0,0,0,0,no mains / natural or DC,5
0,0,5,240,-0.9300210577715384,-0.16467787713248086,0.07342753379924924,0.22285714285714286,-5.2457142857142856,5.9714285714285715,0,0,0,0,0,0,0,0,0,0,0,no mains / natural or DC,5
0,0,5,250,-0.9618213446455275,-0.15710928678243355,0.06054872280037843,2.6857142857142855,-2.12,6.731428571428571,0,0,0,0,0,0,0,0,0,0,0,no mains / natural or DC,5
0,0,5,260,-0.9618213446455275,-0.15710928678243355,0.06054872280037843,2.6857142857142855,-2.12,6.731428571428571,0,0,0,0,0,0,0,0,0,0,0,no mains / natural or DC,5
0,0,5,270,-0.9947202978606525,-0.1543626209295938,0.04950102237006745,5.211428571428572,0.6971428571428572,7.268571428571429,0,0,0,0,0,0,0,0,0,0,0,no mains / natural or DC,5
0,0,5,280,-0.9947202978606525,-0.1543626209295938,0.04950102237006745,5.211428571428572,0.6971428571428572,7.268571428571429,0,0,0,0,0,0,0,0,0,0,0,no mains / natural or DC,5
0,0,5,290,-1.054597613452559,-0.16003906369212928,0.04406872768333994,7.6,2.5314285714285716,7.491428571428571,0,0,0,0,0,0,0,0,0,0,0,no mains / natural or DC,5
0,0,5,300,-1.054597613452559,-0.16003906369212928,0.04406872768333994,9.571428571428571,3.657142857142857,7.702857142857143,0,0,0,0,0,0,0,0,0,0,0,no mains / natural or DC,5
0,0,5,310,-1.1008026367992187,-0.17401654103213599,0.039979247413556324,9.571428571428571,3.657142857142857,7.702857142857143,0,0,0,0,0,0,0,0,0,0,0,no mains / natural or DC,5
0,0,5,320,-1.098849452192755,-0.18488113040559098,0.04297006134220405,10.565714285714286,4.491428571428571,8.542857142857143,0,0,0,0,0,0,0,0,0,0,0,no mains / natural or DC,5
0,0,5,330,-1.098849452192755,-0.18488113040559098,0.04297006134220405,10.565714285714286,4.491428571428571,8.542857142857143,0,0,0,0,0,0,0,0,0,0,0,no mains / natural or DC,5
0,0,5,340,-1.1069063386944182,-0.20831934568315683,0.04693746757408368,10.845714285714285,3.605714285714286,8.251428571428571,0,0,0,0,0,0,0,0,0,0,0,no mains / natural or DC,5
0,0,5,350,-1.1069063386944182,-0.20831934568315683,0.04693746757408368,10.845714285714285,3.605714285714286,8.251428571428571,0,0,0,0,0,0,0,0,0,0,0,no mains / natural or DC,5
0,0,5,360,-1.0800500503555406,-0.23004852443006685,0.0511490218817713,10.702857142857143,2.4857142857142858,6.56,0,0,0,0,0,0,0,0,0,0,0,no mains / natural or DC,5
0,0,5,370,-1.0800500503555406,-0.23004852443006685,0.0511490218817713,10.702857142857143,2.4857142857142858,6.56,0,0,0,0,0,0,0,0,0,0,0,no mains / natural or DC,5
0,0,5,380,-1.1031220435193945,-0.24115726187932982,0.06097598193304239,10.64,1.2,2.5942857142857143,0,0,0,0,0,0,0,0,0,0,0,no mains / natural or DC,5
0,0,5,390,-1.1031220435193945,-0.24115726187932982,0.06097598193304239,10.64,1.2,2.5942857142857143,0,0,0,0,0,0,0,0,0,0,0,no mains / natural or DC,5
0,0,5,400,-1.3006378368480482,-0.27210303048799095,0.07269508957182531,11.554285714285715,-2.0228571428571427,-3.4057142857142857,0,0,0,0,0,0,0,0,0,0,0,no mains / natural or DC,5
0,0,5,410,-1.3006378368480482,-0.27210303048799095,0.07269508957182531,11.554285714285715,-2.0228571428571427,-3.4057142857142857,0,0,0,0,0,0,0,0,0,0,0,no mains / natural or DC,5
0,0,5,420,-1.204809717093417,-0.25171666615802485,0.10406811731315042,12.245714285714286,0.0,-1.3257142857142856,0,0,0,0,0,0,0,0,0,0,0,no mains / natural or DC,5
0,0,5,430,-1.204809717093417,-0.25171666615802485,0.10406811731315042,12.245714285714286,0.0,3.0342857142857143,0,0,0,0,0,0,0,0,0,0,0,no mains / natural or DC,5
0,0,5,440,-1.2112796411023286,-0.2413403729361858,0.11035493026520585,12.708571428571428,0.022857142857142857,3.0342857142857143,0,0,0,0,0,0,0,0,0,0,0,no mains / natural or DC,5
0,0,5,450,-1.1073946348460342,-0.2509231849116489,0.1478316599017304,12.68,-0.8228571428571428,10.451428571428572,0,0,0,0,0,0,0,0,0,0,0,no mains / natural or DC,5
0,0,5,460,-1.1073946348460342,-0.2509231849116489,0.1478316599017304,12.68,-0.8228571428571428,10.451428571428572,0,0,0,0,0,0,0,0,0,0,0,no mains / natural or DC,5
0,0,5,470,-0.9421063875240333,-0.24152348399304177,0.18060853907895139,11.428571428571429,0.6285714285714286,15.4,0,0,0,0,0,0,0,0,0,0,0,no mains / natural or DC,5
0,0,5,480,-0.9421063875240333,-0.24152348399304177,0.18060853907895139,11.428571428571429,0.6285714285714286,15.4,0,0,0,0,0,0,0,0,0,0,0,no mains / natural or DC,5
0,0,5,490,-0.9190343943601794,-0.25733207190160834,0.21491134372997223,10.32,-3.085714285714286,14.108571428571429,0,0,0,0,0,0,0,0,0,0,0,no mains / natural or DC,5
0,0,5,500,-0.9190343943601794,-0.25733207190160834,0.21491134372997223,10.32,-3.085714285714286,14.108571428571429,0,0,0,0,0,0,0,0,0,0,0,no mains / natural or DC,5
0,0,5,510,-0.9654225287636952,-0.25025177770317697,0.21906186101870784,8.96,-5.274285714285714,10.302857142857142,0,0,0,0,0,0,0,0,0,0,0,no mains / natural or DC,5
0,0,5,520,-0.9654225287636952,-0.25025177770317697,0.21906186101870784,8.96,-5.274285714285714,10.302857142857142,0,0,0,0,0,0,0,0,0,0,0,no mains / natural or DC,5
0,0,5,530,-1.0046693319498277,-0.22241889706106754,0.21167638172551653,7.662857142857143,-3.8971428571428572,7.148571428571429,0,0,0,0,0,0,0,0,0,0,0,no mains / natural or DC,5
0,0,5,540,-1.0046693319498277,-0.22241889706106754,0.21167638172551653,7.662857142857143,-3.8971428571428572,7.148571428571429,0,0,0,0,0,0,0,0,0,0,0,no mains / natural or DC,5
0,0,5,550,-0.9989928891872921,-0.19507431257057406,0.20929593798638874,6.9714285714285715,-0.02857142857142857,5.2,0,0,0,0,0,0,0,0,0,0,0,no mains / natural or DC,5
0,0,5,560,-0.9989928891872921,-0.19507431257057406,0.20929593798638874,6.9714285714285715,-0.02857142857142857,5.2,0,0,0,0,0,0,0,0,0,0,0,no mains / natural or DC,5
0,0,5,570,-0.9420453505050813,-0.1749931333353679,0.20514542069765312,7.051428571428572,4.582857142857143,4.434285714285714,0,0,0,0,0,0,0,0,0,0,0,no mains / natural or DC,5
0,0,5,580,-0.9420453505050813,-0.1749931333353679,0.19708853419598987,7.88,6.948571428571428,1.6742857142857144,0,0,0,0,0,0,0,0,0,0,0,no mains / natural or DC,5
0,0,5,590,-0.9371623889889218,-0.18500320444349497,0.19708853419598987,7.88,6.948571428571428,1.6742857142857144,0,0,0,0,0,0,0,0,0,0,0,no mains / natural or DC,5
0,0,5,600,-0.9682912686544389,-0.22132023071993165,0.18457594531083102,8.462857142857143,8.142857142857142,-3.0514285714285716,0,0,0,0,0,0,0,0,0,0,0,no mains / natural or DC,5
0,0,5,610,-0.9682912686544389,-0.22132023071993165,0.18457594531083102,8.462857142857143,8.142857142857142,-3.0514285714285716,0,0,0,0,0,0,0,0,0,0,0,no mains / natural or DC,5
0,0,5,620,-0.9388714255195776,-0.2368236335337382,0.1599780266731773,8.24,9.32,-8.342857142857143,0,0,0,0,0,0,0,0,0,0,0,no mains / natural or DC,5
0,0,5,630,-0.9388714255195776,-0.2368236335337382,0.1599780266731773,8.24,9.32,-8.342857142857143,0,0,0,0,0,0,0,0,0,0,0,no mains / natural or DC,5
0,0,5,640,-0.9085970641193885,-0.25104525894955293,0.13122959074678792,7.588571428571429,10.84,-15.251428571428571,0,0,0,0,0,0,0,0,0,0,0,no mains / natural or DC,5
0,0,5,650,-0.9085970641193885,-0.25104525894955293,0.13122959074678792,7.588571428571429,10.84,-15.251428571428571,0,0,0,0,0,0,0,0,0,0,0,no mains / natural or DC,6
0,0,5,660,-0.8825952940458388,-0.26166570024719993,0.10461745048371837,6.788571428571428,12.822857142857142,-22.78857142857143,0,0,0,0,0,0,0,0,0,0,0,no mains / natural or DC,6
0,0,5,670,-0.8825952940458388,-0.26166570024719993,0.10461745048371837,6.788571428571428,12.822857142857142,-22.78857142857143,0,0,0,0,0,0,0,0,0,0,0,no mains / natural or DC,6
0,0,5,680,-0.8333994567705313,-0.25928525650807216,0.08410901211584826,5.885714285714286,15.194285714285714,-28.737142857142857,0,0,0,0,0,0,0,0,0,0,0,no mains / natural or DC,6
0,0,5,690,-0.8333994567705313,-0.25928525650807216,0.08410901211584826,5.885714285714286,15.194285714285714,-28.737142857142857,0,0,0,0,0,0,0,0,0,0,0,no mains / natural or DC,6
0,0,5,700,-0.7910397656178472,-0.2543412579729606,0.06414990691854609,5.1257142857142854,16.057142857142857,-31.50857142857143,0,0,0,0,0,0,0,0,0,0,0,no mains / natural or DC,6
0,0,5,710,-0.7910397656178472,-0.2543412579729606,0.06414990691854609,5.1257142857142854,15.177142857142858,-30.222857142857144,0,0,0,0,0,0,0,0,0,0,0,no mains / natural or DC,6
0,0,5,720,-0.7636951811273538,-0.2555619983520005,0.04589983825189978,4.445714285714286,15.177142857142858,-30.222857142857144,0,0,0,0,0,0,0,0,0,0,0,no mains / natural or DC,6
0,0,5,730,-0.7447126682332835,-0.260383922849208,0.03271584215826899,3.4914285714285715,13.937142857142858,-25.542857142857144,0,0,0,0,0,0,0,0,0,0,0,no mains / natural or DC,6
0,0,5,740,-0.7447126682332835,-0.260383922849208,0.03271584215826899,3.4914285714285715,13.937142857142858,-25.542857142857144,0,0,0,0,0,0,0,0,0,0,0,no mains / natural or DC,6
0,0,5,750,-0.7511825922421949,-0.2708212530899991,0.022766808069093904,2.3485714285714288,11.742857142857142,-19.885714285714286,0,0,0,0,0,0,0,0,0,0,0,no mains / natural or DC,6
0,0,5,760,-0.7511825922421949,-0.2708212530899991,0.022766808069093904,2.3485714285714288,11.742857142857142,-19.885714285714286,0,0,0,0,0,0,0,0,0,0,0,no mains / natural or DC,6
0,0,5,770,-0.7556993316446424,-0.27674184392834256,0.019043549913022248,0.9028571428571428,9.857142857142858,-14.531428571428572,0,0,0,0,0,0,0,0,0,0,0,no mains / natural or DC,6
0,0,5,780,-0.7556993316446424,-0.27674184392834256,0.019043549913022248,0.9028571428571428,9.857142857142858,-14.531428571428572,0,0,0,0,0,0,0,0,0,0,0,no mains / natural or DC,6
0,0,5,790,-0.7467268898586993,-0.2703329569383831,0.017212439344462416,-0.8,8.028571428571428,-10.125714285714286,0,0,0,0,0,0,0,0,0,0,0,no mains / natural or DC,6
0,0,5,800,-0.7467268898586993,-0.2703329569383831,0.017212439344462416,-0.8,8.028571428571428,-10.125714285714286,0,0,0,0,0,0,0,0,0,0,0,no mains / natural or DC,6
0,0,5,810,-0.7368999298074282,-0.25806451612903225,0.018189031647694327,-2.4914285714285715,5.977142857142857,-6.628571428571429,0,0,0,0,0,0,0,0,0,0,0,no mains / natural or DC,6
0,0,5,820,-0.7368999298074282,-0.25806451612903225,0.018189031647694327,-2.4914285714285715,5.977142857142857,-6.628571428571429,0,0,0,0,0,0,0,0,0,0,0,no mains / natural or DC,6
0,0,5,830,-0.7730338450270089,-0.24610126041444136,0.018250068666646323,-4.102857142857143,3.5428571428571427,-4.217142857142857,0,0,0,0,0,0,0,0,0,0,0,no mains / natural or DC,6
0,0,5,840,-0.7730338450270089,-0.24610126041444136,0.018250068666646323,-4.102857142857143,3.5428571428571427,-4.217142857142857,0,0,0,0,0,0,0,0,0,0,0,no mains / natural or DC,6
0,0,5,850,-0.8117313150425733,-0.23517563402203437,0.022888882106997896,-5.474285714285714,1.7885714285714285,-2.0114285714285716,0,0,0,0,0,0,0,0,0,0,0,no mains / natural or DC,6
0,0,5,860,-0.8429822687459945,-0.21552171391949218,0.026490066225165563,-6.577142857142857,0.7314285714285714,0.34285714285714286,0,0,0,0,0,0,0,0,0,0,0,no mains / natural or DC,6
0,0,5,870,-0.8356578264717551,-0.21552171391949218,0.026490066225165563,-6.577142857142857,0.7314285714285714,0.34285714285714286,0,0,0,0,0,0,0,0,0,0,0,no mains / natural or DC,6
0,0,5,880,-0.8719748527481918,-0.19727164525284585,0.030823694570757162,-7.2457142857142856,-0.36,2.84,0,0,0,0,0,0,0,0,0,0,0,no mains / natural or DC,6
0,0,5,890,-0.8719748527481918,-0.19727164525284585,0.030823694570757162,-7.2457142857142856,-0.36,2.84,0,0,0,0,0,0,0,0,0,0,0,no mains / natural or DC,6
0,0,5,900,-0.9176915799432356,-0.17773979918820765,0.0369273964659566,-7.44,-1.0457142857142858,5.782857142857143,0,0,0,0,0,0,0,0,0,0,0,no mains / natural or DC,6
0,0,5,910,-0.9176915799432356,-0.17773979918820765,0.0369273964659566,-7.44,-1.0457142857142858,5.782857142857143,0,0,0,0,0,0,0,0,0,0,0,no mains / natural or DC,6
0,0,5,920,-0.9897152623065889,-0.17902157658619952,0.04718161564989166,-6.988571428571428,-2.0742857142857143,8.177142857142858,0,0,0,0,0,0,0,0,0,0,0,no mains / natural or DC,6
0,0,5,930,-0.9897152623065889,-0.17902157658619952,0.04718161564989166,-6.988571428571428,-2.0742857142857143,8.177142857142858,0,0,0,0,0,0,0,0,0,0,0,no mains / natural or DC,6
0,0,5,940,-1.0502639851069673,-0.18866542558061464,0.054383983886227,-6.16,-3.1028571428571428,9.297142857142857,0,0,0,0,0,0,0,0,0,0,0,no mains / natural or DC,6
0,0,5,950,-1.0502639851069673,-0.18866542558061464,0.054383983886227,-6.16,-3.1028571428571428,9.297142857142857,0,0,0,0,0,0,0,0,0,0,0,no mains / natural or DC,6
0,0,5,960,-1.1134983367412337,-0.20056764427625354,0.05529953917050691,-5.297142857142857,-3.24,8.354285714285714,0,0,0,0,0,0,0,0,0,0,0,no mains / natural or DC,6
0,0,5,970,-1.1134983367412337,-0.20056764427625354,0.05529953917050691,-5.297142857142857,-3.24,8.354285714285714,0,0,0,0,0,0,0,0,0,0,0,no mains / natural or DC,6
0,0,5,980,-1.1661732840968047,-0.2241279335917234,0.06183050019837031,-4.36,-2.662857142857143,5.48,0,0,0,0,0,0,0,0,0,0,0,no mains / natural or DC,6
0,0,5,990,-1.1661732840968047,-0.2241279335917234,0.06183050019837031,-3.525714285714286,-1.2914285714285714,1.8,0,0,0,0,0,0,0,0,0,0,0,no mains / natural or DC,6
0,0,6,0,-1.1753898739585558,-0.249946592608417,0.06549272133548997,-3.525714285714286,-1.2914285714285714,1.8,0,0,0,0,0,0,0,0,0,0,0,no mains / natural or DC,6
0,0,6,10,-1.2836085085604418,-0.2847987304300058,0.06506546220282601,-2.9314285714285715,-1.4057142857142857,-2.8514285714285714,0,0,0,0,0,0,0,0,0,0,0,no mains / natural or DC,6
0,0,6,20,-1.2836085085604418,-0.2847987304300058,0.06506546220282601,-2.9314285714285715,-1.4057142857142857,-2.8514285714285714,0,0,0,0,0,0,0,0,0,0,0,no mains / natural or DC,6
0,0,6,30,-1.3227332377086702,-0.3253273110141301,0.06781212805566576,-2.5428571428571427,-2.342857142857143,-5.525714285714286,0,0,0,0,0,0,0,0,0,0,0,no mains / natural or DC,6
0,0,6,40,-1.3227332377086702,-0.3253273110141301,0.06781212805566576,-2.5428571428571427,-2.342857142857143,-5.525714285714286,0,0,0,0,0,0,0,0,0,0,0,no mains / natural or DC,6
0,0,6,50,-1.2228156376842556,-0.29151280251472517,0.03271584215826899,-2.88,0.04,-2.8114285714285714,0,0,0,0,0,0,0,0,0,0,0,no mains / natural or DC,6
0,0,6,60,-1.2228156376842556,-0.29151280251472517,0.03271584215826899,-2.88,0.04,-2.8114285714285714,0,0,0,0,0,0,0,0,0,0,0,no mains / natural or DC,6
0,0,6,70,-1.1560411389507737,-0.3106173894466994,0.004028443250831629,-2.8914285714285715,-0.2057142857142857,0.24571428571428572,0,0,0,0,0,0,0,0,0,0,0,no mains / natural or DC,6
0,0,6,80,-1.1560411389507737,-0.3106173894466994,0.004028443250831629,-2.8914285714285715,-0.2057142857142857,0.24571428571428572,0,0,0,0,0,0,0,0,0,0,0,no mains / natural or DC,6
0,0,6,90,-1.10940885647145,-0.32984405041657766,-0.04528946806237984,-2.782857142857143,0.9314285714285714,2.4171428571428573,0,0,0,0,0,0,0,0,0,0,0,no mains / natural or DC,6
0,0,6,100,-1.10940885647145,-0.32984405041657766,-0.04528946806237984,-2.782857142857143,0.9314285714285714,2.4171428571428573,0,0,0,0,0,0,0,0,0,0,0,no mains / natural or DC,6
0,0,6,110,-1.0696737571337016,-0.3485213782158879,-0.07519760734885708,-2.7885714285714287,1.9485714285714286,2.1314285714285712,0,0,0,0,0,0,0,0,0,0,0,no mains / natural or DC,6
0,0,6,120,-0.9504074221015045,-0.3338114566484573,-0.09814752647480697,-2.9371428571428573,2.28,2.9257142857142857,0,0,0,0,0,0,0,0,0,0,0,no mains / natural or DC,6
0,0,6,130,-0.9504074221015045,-0.3338114566484573,-0.09814752647480697,-2.9371428571428573,2.28,2.9257142857142857,0,0,0,0,0,0,0,0,0,0,0,no mains / natural or DC,6
0,0,6,140,-0.8705099642933439,-0.315256202887051,-0.1185338908047731,-3.3257142857142856,0.8914285714285715,4.742857142857143,0,0,0,0,0,0,0,0,0,0,0,no mains / natural or DC,6
0,0,6,150,-0.8705099642933439,-0.315256202887051,-0.1185338908047731,-3.3257142857142856,0.8914285714285715,4.742857142857143,0,0,0,0,0,0,0,0,0,0,0,no mains / natural or DC,6
0,0,6,160,-0.8533585619678334,-0.3206274605548265,-0.12317270424512466,-4.034285714285715,-2.92,5.417142857142857,0,0,0,0,0,0,0,0,0,0,0,no mains / natural or DC,6
0,0,6,170,-0.8533585619678334,-0.3206274605548265,-0.12317270424512466,-4.034285714285715,-2.92,5.417142857142857,0,0,0,0,0,0,0,0,0,0,0,no mains / natural or DC,6
0,0,6,180,-0.8249763481551561,-0.31043427838984344,-0.13440351573229165,-5.3428571428571425,-5.217142857142857,6.702857142857143,0,0,0,0,0,0,0,0,0,0,0,no mains / natural or DC,6
0,0,6,190,-0.8249763481551561,-0.31043427838984344,-0.13440351573229165,-5.3428571428571425,-5.217142857142857,6.702857142857143,0,0,0,0,0,0,0,0,0,0,0,no mains / natural or DC,6
0,0,6,200,-0.8319956053346355,-0.3073824274422437,-0.1369060335093234,-7.3028571428571425,-7.634285714285714,6.131428571428572,0,0,0,0,0,0,0,0,0,0,0,no mains / natural or DC,6
0,0,6,210,-0.8319956053346355,-0.3073824274422437,-0.1369060335093234,-7.3028571428571425,-7.634285714285714,6.131428571428572,0,0,0,0,0,0,0,0,0,0,0,no mains / natural or DC,6
0,0,6,220,-0.8331553086947233,-0.30188909573656425,-0.13422040467543564,-9.651428571428571,-8.937142857142858,5.017142857142857,0,0,0,0,0,0,0,0,0,0,0,no mains / natural or DC,6
0,0,6,230,-0.8331553086947233,-0.30188909573656425,-0.13422040467543564,-9.651428571428571,-8.937142857142858,5.017142857142857,0,0,0,0,0,0,0,0,0,0,0,no mains / natural or DC,6
0,0,6,240,-0.8435316019165624,-0.29413739432966096,-0.12353892635883663,-11.977142857142857,-10.285714285714286,2.1714285714285713,0,0,0,0,0,0,0,0,0,0,0,no mains / natural or DC,6
0,0,6,250,-0.8435316019165624,-0.29413739432966096,-0.12353892635883663,-11.977142857142857,-10.285714285714286,2.1714285714285713,0,0,0,0,0,0,0,0,0,0,0,no mains / natural or DC,6
0,0,6,260,-0.8300424207281716,-0.2900479140598773,-0.0999786370433668,-13.588571428571429,-12.611428571428572,-1.9142857142857144,0,0,0,0,0,0,0,0,0,0,0,no mains / natural or DC,6
0,0,6,270,-0.8300424207281716,-0.2900479140598773,-0.06805627613147373,-14.428571428571429,-16.251428571428573,-7.017142857142857,0,0,0,0,0,0,0,0,0,0,0,no mains / natural or DC,7
0,0,6,280,-0.7910397656178472,-0.2900479140598773,-0.06805627613147373,-14.428571428571429,-16.251428571428573,-7.017142857142857,0,0,0,0,0,0,0,0,0,0,0,no mains / natural or DC,7
0,0,6,290,-0.772484511856441,-0.29181798760948513,-0.03497421185949278,-14.771428571428572,-21.582857142857144,-13.16,0,0,0,0,0,0,0,0,0,0,0,no mains / natural or DC,7
0,0,6,300,-0.772484511856441,-0.29181798760948513,-0.03497421185949278,-14.771428571428572,-21.582857142857144,-13.16,0,0,0,0,0,0,0,0,0,0,0,no mains / natural or DC,7
0,0,6,310,-0.7863399151585436,-0.28852198858607747,-0.008301034577471236,-14.651428571428571,-27.091428571428573,-19.085714285714285,0,0,0,0,0,0,0,0,0,0,0,no mains / natural or DC,7
0,0,6,320,-0.7863399151585436,-0.28852198858607747,-0.008301034577471236,-14.651428571428571,-27.091428571428573,-19.085714285714285,0,0,0,0,0,0,0,0,0,0,0,no mains / natural or DC,7
0,0,6,330,-0.814294869838557,-0.2779625843073824,0.012268440809350871,-14.06857142857143,-30.125714285714285,-22.577142857142857,0,0,0,0,0,0,0,0,0,0,0,no mains / natural or DC,7
0,0,6,340,-0.814294869838557,-0.2779625843073824,0.012268440809350871,-14.06857142857143,-30.125714285714285,-22.577142857142857,0,0,0,0,0,0,0,0,0,0,0,no mains / natural or DC,7
0,0,6,350,-0.8457899716177862,-0.2784508804589984,0.03790398876918851,-13.022857142857143,-29.674285714285713,-22.4,0,0,0,0,0,0,0,0,0,0,0,no mains / natural or DC,7
0,0,6,360,-0.8457899716177862,-0.2784508804589984,0.03790398876918851,-13.022857142857143,-29.674285714285713,-22.4,0,0,0,0,0,0,0,0,0,0,0,no mains / natural or DC,7
0,0,6,370,-0.8496963408307139,-0.2765587328714866,0.059083834345530564,-11.451428571428572,-26.497142857142858,-19.32,0,0,0,0,0,0,0,0,0,0,0,no mains / natural or DC,7
0,0,6,380,-0.8496963408307139,-0.2765587328714866,0.059083834345530564,-11.451428571428572,-26.497142857142858,-19.32,0,0,0,0,0,0,0,0,0,0,0,no mains / natural or DC,7
0,0,6,390,-0.8406628620258186,-0.2704550309762871,0.07910397656178472,-9.462857142857143,-22.805714285714284,-15.057142857142857,0,0,0,0,0,0,0,0,0,0,0,no mains / natural or DC,7
0,0,6,400,-0.8406628620258186,-0.2704550309762871,0.07910397656178472,-7.085714285714285,-19.548571428571428,-10.217142857142857,0,0,0,0,0,0,0,0,0,0,0,no mains / natural or DC,7
0,0,6,410,-0.8376110110782189,-0.26001770073549607,0.09222693563646352,-7.085714285714285,-19.548571428571428,-10.217142857142857,0,0,0,0,0,0,0,0,0,0,0,no mains / natural or DC,7
0,0,6,420,-0.858607745597705,-0.2527542954802087,0.09656056398205512,-4.548571428571429,-16.66857142857143,-5.537142857142857,0,0,0,0,0,0,0,0,0,0,0,no mains / natural or DC,7
0,0,6,430,-0.858607745597705,-0.2527542954802087,0.09656056398205512,-4.548571428571429,-16.66857142857143,-5.537142857142857,0,0,0,0,0,0,0,0,0,0,0,no mains / natural or DC,7
0,0,6,440,-0.8793603320413831,-0.24378185369426558,0.08874782555619984,-1.822857142857143,-13.348571428571429,-1.6457142857142857,0,0,0,0,0,0,0,0,0,0,0,no mains / natural or DC,7
0,0,6,450,-0.8793603320413831,-0.24378185369426558,0.08874782555619984,-1.822857142857143,-13.348571428571429,-1.6457142857142857,0,0,0,0,0,0,0,0,0,0,0,no mains / natural or DC,7
0,0,6,460,-0.8633075960570086,-0.22754600665303507,0.07977538377025666,0.8628571428571429,-8.691428571428572,1.72,0,0,0,0,0,0,0,0,0,0,0,no mains / natural or DC,7
0,0,6,470,-0.8633075960570086,-0.22754600665303507,0.07977538377025666,0.8628571428571429,-8.691428571428572,1.72,0,0,0,0,0,0,0,0,0,0,0,no mains / natural or DC,7
0,0,6,480,-0.8446913052766503,-0.2154606769005402,0.07037568285164952,3.6342857142857143,-4.491428571428571,3.874285714285714,0,0,0,0,0,0,0,0,0,0,0,no mains / natural or DC,7
0,0,6,490,-0.8446913052766503,-0.2154606769005402,0.07037568285164952,3.6342857142857143,-4.491428571428571,3.874285714285714,0,0,0,0,0,0,0,0,0,0,0,no mains / natural or DC,7
0,0,6,500,-0.8636738181707205,-0.21277504806665243,0.05957213049714652,6.257142857142857,-1.5257142857142858,4.72,0,0,0,0,0,0,0,0,0,0,0,no mains / natural or DC,7
0,0,6,510,-0.8636738181707205,-0.21277504806665243,0.05957213049714652,6.257142857142857,-1.5257142857142858,4.72,0,0,0,0,0,0,0,0,0,0,0,no mains / natural or DC,7
0,0,6,520,-0.8793603320413831,-0.21008941923276467,0.0467543565172277,8.577142857142857,0.6171428571428571,5.011428571428572,0,0,0,0,0,0,0,0,0,0,0,no mains / natural or DC,7
0,0,6,530,-0.8793603320413831,-0.21008941923276467,0.0467543565172277,8.577142857142857,0.6171428571428571,5.011428571428572,0,0,0,0,0,0,0,0,0,0,0,no mains / natural or DC,7
0,0,6,540,-0.8892483291116062,-0.206366161076693,0.03460798974578082,10.531428571428572,2.3142857142857145,5.017142857142857,0,0,0,0,0,0,0,0,0,0,0,no mains / natural or DC,7
0,0,6,550,-0.9261146885586108,-0.21332438123722036,0.027771843623157447,12.154285714285715,3.3657142857142857,4.617142857142857,0,0,0,0,0,0,0,0,0,0,0,no mains / natural or DC,7
0,0,6,560,-0.9261146885586108,-0.21332438123722036,0.027771843623157447,12.154285714285715,3.3657142857142857,4.617142857142857,0,0,0,0,0,0,0,0,0,0,0,no mains / natural or DC,7
0,0,6,570,-0.9794610431226539,-0.23334452345347453,0.02893154698324534,13.291428571428572,3.72,3.7257142857142855,0,0,0,0,0,0,0,0,0,0,0,no mains / natural or DC,7
0,0,6,580,-0.9794610431226539,-0.23334452345347453,0.02893154698324534,13.291428571428572,3.72,3.7257142857142855,0,0,0,0,0,0,0,0,0,0,0,no mains / natural or DC,7
0,0,6,590,-1.0173650318918424,-0.25672170171208836,0.03656117435224464,13.657142857142857,3.1028571428571428,2.474285714285714,0,0,0,0,0,0,0,0,0,0,0,no mains / natural or DC,7
0,0,6,600,-1.0173650318918424,-0.25672170171208836,0.03656117435224464,13.657142857142857,3.1028571428571428,2.474285714285714,0,0,0,0,0,0,0,0,0,0,0,no mains / natural or DC,7
0,0,6,610,-1.0389110995818964,-0.2757042146061586,0.05151524399548326,12.971428571428572,1.3942857142857144,1.2571428571428571,0,0,0,0,0,0,0,0,0,0,0,no mains / natural or DC,7
0,0,6,620,-1.0389110995818964,-0.2757042146061586,0.05151524399548326,12.971428571428572,1.3942857142857144,1.2571428571428571,0,0,0,0,0,0,0,0,0,0,0,no mains / natural or DC,7
0,0,6,630,-1.0707113864558855,-0.31031220435193946,0.059450056459242534,11.634285714285713,-1.2285714285714286,-0.28,0,0,0,0,0,0,0,0,0,0,0,no mains / natural or DC,7
0,0,6,640,-1.0707113864558855,-0.31031220435193946,0.059450056459242534,11.634285714285713,-1.2285714285714286,-0.28,0,0,0,0,0,0,0,0,0,0,0,no mains / natural or DC,7
0,0,6,650,-1.1108127079073458,-0.3380230109561449,0.06280709250160223,10.125714285714286,-3.057142857142857,-3.4114285714285715,0,0,0,0,0,0,0,0,0,0,0,no mains / natural or DC,7
0,0,6,660,-1.1108127079073458,-0.3380230109561449,0.06280709250160223,10.125714285714286,-3.057142857142857,-3.4114285714285715,0,0,0,0,0,0,0,0,0,0,0,no mains / natural or DC,7
0,0,6,670,-1.28141117587817,-0.3640247810296945,0.06646931363872188,9.468571428571428,-3.32,-9.01142857142857,0,0,0,0,0,0,0,0,0,0,0,no mains / natural or DC,7
0,0,6,680,-1.28141117587817,-0.3640247810296945,0.09772026734214301,10.222857142857142,-1.1542857142857144,-12.01142857142857,0,0,0,0,0,0,0,0,0,0,0,no mains / natural or DC,7
0,0,6,690,-1.2692648091067231,-0.3883175145725883,0.09411908322397534,10.222857142857142,-1.1542857142857144,-12.01142857142857,0,0,0,0,0,0,0,0,0,0,0,no mains / natural or DC,7
0,0,6,700,-1.2138431958983122,-0.35706656086916716,0.0988799707022309,11.062857142857142,3.662857142857143,-10.097142857142858,0,0,0,0,0,0,0,0,0,0,0,no mains / natural or DC,7
0,0,6,710,-1.2138431958983122,-0.35706656086916716,0.0988799707022309,11.062857142857142,3.662857142857143,-10.097142857142858,0,0,0,0,0,0,0,0,0,0,0,no mains / natural or DC,7
0,0,6,720,-1.1469466231269265,-0.38734092226935635,0.13739432966093937,12.577142857142857,3.1085714285714285,-7.8,0,0,0,0,0,0,0,0,0,0,0,no mains / natural or DC,7
0,0,6,730,-1.1469466231269265,-0.38734092226935635,0.13739432966093937,12.577142857142857,3.1085714285714285,-7.8,0,0,0,0,0,0,0,0,0,0,0,no mains / natural or DC,7
0,0,6,740,-0.9875789666432692,-0.36970122379222997,0.15930661946470534,12.708571428571428,4.3428571428571425,-3.2,0,0,0,0,0,0,0,0,0,0,0,no mains / natural or DC,7
0,0,6,750,-0.9875789666432692,-0.36970122379222997,0.15930661946470534,12.708571428571428,4.3428571428571425,-3.2,0,0,0,0,0,0,0,0,0,0,0,no mains / natural or DC,7
0,0,6,760,-0.9058503982665487,-0.3756218146305734,0.19476912747581407,12.308571428571428,2.1142857142857143,-1.04,0,0,0,0,0,0,0,0,0,0,0,no mains / natural or DC,7
0,0,6,770,-0.9058503982665487,-0.3756218146305734,0.19476912747581407,12.308571428571428,2.1142857142857143,-1.04,0,0,0,0,0,0,0,0,0,0,0,no mains / natural or DC,7
0,0,6,780,-0.9324015015106663,-0.379894405957213,0.21393475142674032,11.342857142857143,-0.7371428571428571,-1.2285714285714286,0,0,0,0,0,0,0,0,0,0,0,no mains / natural or DC,7
0,0,6,790,-0.9324015015106663,-0.379894405957213,0.21393475142674032,11.342857142857143,-0.7371428571428571,-1.2285714285714286,0,0,0,0,0,0,0,0,0,0,0,no mains / natural or DC,7
0,0,6,800,-0.9477828302865688,-0.3542588579973754,0.21936704611346783,9.817142857142857,-1.2857142857142858,-0.08571428571428572,0,0,0,0,0,0,0,0,0,0,0,no mains / natural or DC,7
0,0,6,810,-0.9477828302865688,-0.3542588579973754,0.21936704611346783,8.354285714285714,0.10857142857142857,3.434285714285714,0,0,0,0,0,0,0,0,0,0,0,no mains / natural or DC,7
0,0,6,820,-0.9051789910580768,-0.31153294473097937,0.21918393505661182,8.028571428571428,0.10857142857142857,3.434285714285714,0,0,0,0,0,0,0,0,0,0,0,no mains / natural or DC,7
0,0,6,830,-0.881008331553087,-0.29096346934415723,0.22040467543565173,6.554285714285714,1.2685714285714285,6.457142857142857,0,0,0,0,0,0,0,0,0,0,0,no mains / natural or DC,7
0,0,6,840,-0.881008331553087,-0.29096346934415723,0.22040467543565173,6.554285714285714,1.2685714285714285,6.457142857142857,0,0,0,0,0,0,0,0,0,0,0,no mains / natural or DC,7
0,0,6,850,-0.8933378093813898,-0.2877285073397015,0.21887874996185186,5.605714285714286,1.737142857142857,6.577142857142857,0,0,0,0,0,0,0,0,0,0,0,no mains / natural or DC,7
0,0,6,860,-0.8933378093813898,-0.2877285073397015,0.21887874996185186,5.605714285714286,1.737142857142857,6.577142857142857,0,0,0,0,0,0,0,0,0,0,0,no mains / natural or DC,7
0,0,6,870,-0.9369792779320658,-0.2946256904812769,0.20911282692953276,5.285714285714286,2.1885714285714286,2.6685714285714286,0,0,0,0,0,0,0,0,0,0,0,no mains / natural or DC,7
0,0,6,880,-0.9369792779320658,-0.2946256904812769,0.20911282692953276,5.285714285714286,2.1885714285714286,2.6685714285714286,0,0,0,0,0,0,0,0,0,0,0,no mains / natural or DC,7
0,0,6,890,-0.9632862331003754,-0.3129367961668752,0.19525742362743004,5.348571428571429,3.388571428571429,-4.371428571428571,0,0,0,0,0,0,0,0,0,0,0,no mains / natural or DC,7
0,0,6,900,-0.9632862331003754,-0.3129367961668752,0.19525742362743004,5.348571428571429,3.388571428571429,-4.371428571428571,0,0,0,0,0,0,0,0,0,0,0,no mains / natural or DC,7
0,0,6,910,-0.9148228400524918,-0.3163548692281869,0.1749931333353679,5.365714285714286,5.811428571428571,-12.131428571428572,0,0,0,0,0,0,0,0,0,0,0,no mains / natural or DC,7
0,0,6,920,-0.9148228400524918,-0.3163548692281869,0.1749931333353679,5.365714285714286,5.811428571428571,-12.131428571428572,0,0,0,0,0,0,0,0,0,0,0,no mains / natural or DC,7
0,0,6,930,-0.8863795892208625,-0.33222449415570543,0.14954069643238624,5.217142857142857,7.851428571428571,-20.725714285714286,0,0,0,0,0,0,0,0,0,0,0,no mains / natural or DC,7
0,0,6,940,-0.8863795892208625,-0.33222449415570543,0.14954069643238624,5.217142857142857,7.851428571428571,-20.725714285714286,0,0,0,0,0,0,0,0,0,0,0,no mains / natural or DC,8
0,0,6,950,-0.8432874538407544,-0.3436994537186804,0.12695699942014832,4.582857142857143,10.588571428571429,-27.605714285714285,0,0,0,0,0,0,0,0,0,0,0,no mains / natural or DC,8
0,0,6,960,-0.7964110232856227,-0.3556627094332713,0.10693685720389416,3.645714285714286,13.131428571428572,-31.388571428571428,0,0,0,0,0,0,0,0,0,0,0,no mains / natural or DC,8
0,0,6,970,-0.7840205084383679,-0.3556627094332713,0.10693685720389416,3.645714285714286,13.131428571428572,-31.388571428571428,0,0,0,0,0,0,0,0,0,0,0,no mains / natural or DC,8
0,0,6,980,-0.76113162633137,-0.3714102603228858,0.08941923276467177,2.394285714285714,13.485714285714286,-31.165714285714287,0,0,0,0,0,0,0,0,0,0,0,no mains / natural or DC,8
0,0,6,990,-0.76113162633137,-0.3714102603228858,0.08941923276467177,2.394285714285714,13.485714285714286,-31.165714285714287,0,0,0,0,0,0,0,0,0,0,0,no mains / natural or DC,8
0,0,7,0,-0.7545396282845546,-0.380748924222541,0.07214575640125737,0.8342857142857143,12.845714285714285,-26.33142857142857,0,0,0,0,0,0,0,0,0,0,0,no mains / natural or DC,8
0,0,7,10,-0.7545396282845546,-0.380748924222541,0.07214575640125737,0.8342857142857143,12.845714285714285,-26.33142857142857,0,0,0,0,0,0,0,0,0,0,0,no mains / natural or DC,8
0,0,7,20,-0.7315897091586047,-0.38660847804193244,0.06030457472457045,-1.022857142857143,11.8,-19.045714285714286,0,0,0,0,0,0,0,0,0,0,0,no mains / natural or DC,8
0,0,7,30,-0.7315897091586047,-0.38660847804193244,0.06030457472457045,-1.022857142857143,11.8,-19.045714285714286,0,0,0,0,0,0,0,0,0,0,0,no mains / natural or DC,8
0,0,7,40,-0.7257301553392133,-0.38953825495162814,0.053651539658803066,-3.1885714285714286,9.674285714285714,-12.285714285714286,0,0,0,0,0,0,0,0,0,0,0,no mains / natural or DC,8
0,0,7,50,-0.7257301553392133,-0.38953825495162814,0.053651539658803066,-3.1885714285714286,9.674285714285714,-12.285714285714286,0,0,0,0,0,0,0,0,0,0,0,no mains / natural or DC,8
0,0,7,60,-0.738670003357036,-0.38581499679555653,0.04803613391521958,-5.548571428571429,7.114285714285714,-7.314285714285714,0,0,0,0,0,0,0,0,0,0,0,no mains / natural or DC,8
0,0,7,70,-0.738670003357036,-0.38581499679555653,0.04803613391521958,-5.548571428571429,7.114285714285714,-7.314285714285714,0,0,0,0,0,0,0,0,0,0,0,no mains / natural or DC,8
0,0,7,80,-0.7371440778832362,-0.3783074434644612,0.04852443006683554,-8.06857142857143,4.565714285714286,-4.382857142857143,0,0,0,0,0,0,0,0,0,0,0,no mains / natural or DC,8
0,0,7,90,-0.7371440778832362,-0.3783074434644612,0.04852443006683554,-10.44,1.3542857142857143,-4.417142857142857,0,0,0,0,0,0,0,0,0,0,0,no mains / natural or DC,8
0,0,7,100,-0.7309793389690847,-0.37000640888698993,0.04620502334665975,-10.44,1.3542857142857143,-4.417142857142857,0,0,0,0,0,0,0,0,0,0,0,no mains / natural or DC,8
0,0,7,110,-0.7804193243202002,-0.3603015228736228,0.04480117191076388,-12.542857142857143,-2.817142857142857,-8.131428571428572,0,0,0,0,0,0,0,0,0,0,0,no mains / natural or DC,8
0,0,7,120,-0.7804193243202002,-0.3603015228736228,0.04480117191076388,-12.542857142857143,-2.817142857142857,-8.131428571428572,0,0,0,0,0,0,0,0,0,0,0,no mains / natural or DC,8
0,0,7,130,-0.8431043427838985,-0.33558153019806514,0.04522843104342784,-14.0,-6.091428571428572,-13.114285714285714,0,0,0,0,0,0,0,0,0,0,0,no mains / natural or DC,8
0,0,7,140,-0.8431043427838985,-0.33558153019806514,0.04522843104342784,-14.0,-6.091428571428572,-13.114285714285714,0,0,0,0,0,0,0,0,0,0,0,no mains / natural or DC,8
0,0,7,150,-0.8572038941618091,-0.3051240577410199,0.04913480025635548,-14.057142857142857,-7.851428571428571,-15.82857142857143,0,0,0,0,0,0,0,0,0,0,0,no mains / natural or DC,8
0,0,7,160,-0.8572038941618091,-0.3051240577410199,0.04913480025635548,-14.057142857142857,-7.851428571428571,-15.82857142857143,0,0,0,0,0,0,0,0,0,0,0,no mains / natural or DC,8
0,0,7,170,-0.8839991454817346,-0.2841883602404859,0.05304116946928312,-12.925714285714285,-10.125714285714286,-16.36,0,0,0,0,0,0,0,0,0,0,0,no mains / natural or DC,8
0,0,7,180,-0.8839991454817346,-0.2841883602404859,0.05304116946928312,-12.925714285714285,-10.125714285714286,-16.36,0,0,0,0,0,0,0,0,0,0,0,no mains / natural or DC,8
0,0,7,190,-0.9223303933835871,-0.2883999145481735,0.0663472396008179,-11.765714285714285,-11.005714285714285,-11.68,0,0,0,0,0,0,0,0,0,0,0,no mains / natural or DC,8
0,0,7,200,-0.9223303933835871,-0.2883999145481735,0.0663472396008179,-11.765714285714285,-11.005714285714285,-11.68,0,0,0,0,0,0,0,0,0,0,0,no mains / natural or DC,8
0,0,7,210,-0.9493087557603687,-0.3275246436964019,0.08703878902554399,-11.125714285714286,-10.325714285714286,-4.131428571428572,0,0,0,0,0,0,0,0,0,0,0,no mains / natural or DC,8
0,0,7,220,-0.9493087557603687,-0.3275246436964019,0.08703878902554399,-11.125714285714286,-10.325714285714286,1.6514285714285715,0,0,0,0,0,0,0,0,0,0,0,no mains / natural or DC,8
0,0,7,230,-0.9884334849085971,-0.3640247810296945,0.10663167210913418,-11.062857142857142,-10.262857142857143,1.6514285714285715,0,0,0,0,0,0,0,0,0,0,0,no mains / natural or DC,8
0,0,7,240,-1.0053407391582996,-0.36835840937528613,0.11590929898983733,-11.188571428571429,-9.52,4.954285714285715,0,0,0,0,0,0,0,0,0,0,0,no mains / natural or DC,8
0,0,7,250,-1.0053407391582996,-0.36835840937528613,0.11590929898983733,-11.188571428571429,-9.52,4.954285714285715,0,0,0,0,0,0,0,0,0,0,0,no mains / natural or DC,8
0,0,7,260,-1.0160832544938505,-0.36793115024262213,0.11645863216040528,-11.142857142857142,-8.971428571428572,6.485714285714286,0,0,0,0,0,0,0,0,0,0,0,no mains / natural or DC,8
0,0,7,270,-1.0160832544938505,-0.36793115024262213,0.11645863216040528,-11.142857142857142,-8.971428571428572,6.485714285714286,0,0,0,0,0,0,0,0,0,0,0,no mains / natural or DC,8
0,0,7,280,-1.0159611804559465,-0.38428907132175666,0.10925626392406995,-11.085714285714285,-8.137142857142857,6.451428571428571,0,0,0,0,0,0,0,0,0,0,0,no mains / natural or DC,8
0,0,7,290,-1.0159611804559465,-0.38428907132175666,0.10925626392406995,-11.085714285714285,-8.137142857142857,6.451428571428571,0,0,0,0,0,0,0,0,0,0,0,no mains / natural or DC,8
0,0,7,300,-1.0014343699453718,-0.41511276589251384,0.10034485915707878,-10.965714285714286,-7.9314285714285715,4.034285714285715,0,0,0,0,0,0,0,0,0,0,0,no mains / natural or DC,8
0,0,7,310,-1.0014343699453718,-0.41511276589251384,0.10034485915707878,-10.965714285714286,-7.9314285714285715,4.034285714285715,0,0,0,0,0,0,0,0,0,0,0,no mains / natural or DC,8
0,0,7,320,-0.9634083071382794,-0.44953764458143863,0.08948026978362376,-11.2,-8.548571428571428,0.28,0,0,0,0,0,0,0,0,0,0,0,no mains / natural or DC,8
0,0,7,330,-0.9634083071382794,-0.44953764458143863,0.08948026978362376,-11.2,-8.548571428571428,0.28,0,0,0,0,0,0,0,0,0,0,0,no mains / natural or DC,8
0,0,7,340,-1.076204718161565,-0.49629200109866634,0.08545182653279214,-12.262857142857143,-11.308571428571428,-4.325714285714286,0,0,0,0,0,0,0,0,0,0,0,no mains / natural or DC,8
0,0,7,350,-1.076204718161565,-0.49629200109866634,0.08545182653279214,-12.262857142857143,-11.308571428571428,-4.325714285714286,0,0,0,0,0,0,0,0,0,0,0,no mains / natural or DC,8
0,0,7,360,-1.0502639851069673,-0.5288247322000793,0.10699789422284615,-14.16,-15.04,-5.2,0,0,0,0,0,0,0,0,0,0,0,no mains / natural or DC,8
0,0,7,370,-1.0502639851069673,-0.5288247322000793,0.08282723471785639,-17.542857142857144,-16.268571428571427,2.3485714285714288,0,0,0,0,0,0,0,0,0,0,0,no mains / natural or DC,8
0,0,7,380,-1.0152897732474746,-0.4979400006103702,0.08282723471785639,-17.542857142857144,-16.268571428571427,2.3485714285714288,0,0,0,0,0,0,0,0,0,0,0,no mains / natural or DC,8
0,0,7,390,-1.010834070863979,-0.521988586077456,0.08227790154728842,-20.697142857142858,-21.451428571428572,8.508571428571429,0,0,0,0,0,0,0,0,0,0,0,no mains / natural or DC,8
0,0,7,400,-1.010834070863979,-0.521988586077456,0.08227790154728842,-20.697142857142858,-21.451428571428572,8.508571428571429,0,0,0,0,0,0,0,0,0,0,0,no mains / natural or DC,8
0,0,7,410,-1.009857478560747,-0.4938505203405866,0.05224768822290719,-24.12,-22.222857142857144,13.857142857142858,0,0,0,0,0,0,0,0,0,0,0,no mains / natural or DC,8
0,0,7,420,-1.009857478560747,-0.4938505203405866,0.05224768822290719,-24.12,-22.222857142857144,13.857142857142858,0,0,0,0,0,0,0,0,0,0,0,no mains / natural or DC,8
0,0,7,430,-1.0563676870021668,-0.49177526169621877,0.04394665364543596,-26.177142857142858,-22.65714285714286,14.382857142857143,0,0,0,0,0,0,0,0,0,0,0,no mains / natural or DC,8
0,0,7,440,-1.0563676870021668,-0.49177526169621877,0.04394665364543596,-26.177142857142858,-22.65714285714286,14.382857142857143,0,0,0,0,0,0,0,0,0,0,0,no mains / natural or DC,8
0,0,7,450,-1.011810663167211,-0.4707785271767327,0.024292733542893765,-27.525714285714287,-20.50857142857143,13.017142857142858,0,0,0,0,0,0,0,0,0,0,0,no mains / natural or DC,8
0,0,7,460,-1.011810663167211,-0.4707785271767327,0.024292733542893765,-27.525714285714287,-20.50857142857143,13.017142857142858,0,0,0,0,0,0,0,0,0,0,0,no mains / natural or DC,8
0,0,7,470,-0.9612109744560076,-0.4477675710318308,-0.0076906643879512925,-28.097142857142856,-17.954285714285714,10.2,0,0,0,0,0,0,0,0,0,0,0,no mains / natural or DC,8
0,0,7,480,-0.9612109744560076,-0.4477675710318308,-0.0076906643879512925,-28.097142857142856,-17.954285714285714,10.2,0,0,0,0,0,0,0,0,0,0,0,no mains / natural or DC,8
0,0,7,490,-0.9006622516556292,-0.4317148350474563,-0.03405865657521287,-28.354285714285716,-15.165714285714285,5.742857142857143,0,0,0,0,0,0,0,0,0,0,0,no mains / natural or DC,8
0,0,7,500,-0.9006622516556292,-0.4317148350474563,-0.03405865657521287,-28.462857142857143,-11.234285714285715,3.0685714285714285,0,0,0,0,0,0,0,0,0,0,0,no mains / natural or DC,8
0,0,7,510,-0.8178960539567247,-0.4030884731589709,-0.054261909848323006,-28.462857142857143,-11.234285714285715,3.0685714285714285,0,0,0,0,0,0,0,0,0,0,0,no mains / natural or DC,8
0,0,7,520,-0.7776726584673604,-0.4091921750541704,-0.057435834833826714,-28.49142857142857,-10.342857142857143,-0.017142857142857144,0,0,0,0,0,0,0,0,0,0,0,no mains / natural or DC,8
0,0,7,530,-0.7776726584673604,-0.4091921750541704,-0.057435834833826714,-28.49142857142857,-10.342857142857143,-0.017142857142857144,0,0,0,0,0,0,0,0,0,0,0,no mains / natural or DC,8
0,0,7,540,-0.7538682210760826,-0.4280526139103366,-0.05261391033661916,-29.02285714285714,-12.36,-2.9314285714285715,0,0,0,0,0,0,0,0,0,0,0,no mains / natural or DC,8
0,0,7,550,-0.7538682210760826,-0.4280526139103366,-0.05261391033661916,-29.02285714285714,-12.36,-2.9314285714285715,0,0,0,0,0,0,0,0,0,0,0,no mains / natural or DC,8
0,0,7,560,-0.7221900082399976,-0.445631275368511,-0.0413220618305002,-30.52,-15.96,-6.428571428571429,0,0,0,0,0,0,0,0,0,0,0,no mains / natural or DC,9
0,0,7,570,-0.7221900082399976,-0.445631275368511,-0.0413220618305002,-30.52,-15.96,-6.428571428571429,0,0,0,0,0,0,0,0,0,0,0,no mains / natural or DC,9
0,0,7,580,-0.7085177159947508,-0.46687215796380505,-0.020569475386822106,-32.80571428571429,-21.36,-10.274285714285714,0,0,0,0,0,0,0,0,0,0,0,no mains / natural or DC,9
0,0,7,590,-0.7085177159947508,-0.46687215796380505,-0.020569475386822106,-32.80571428571429,-21.36,-10.274285714285714,0,0,0,0,0,0,0,0,0,0,0,no mains / natural or DC,9
0,0,7,600,-0.7300027466658529,-0.48719748527481915,0.0005493331705679495,-35.394285714285715,-27.53142857142857,-14.034285714285714,0,0,0,0,0,0,0,0,0,0,0,no mains / natural or DC,9
0,0,7,610,-0.7300027466658529,-0.48719748527481915,0.0005493331705679495,-35.394285714285715,-27.53142857142857,-14.034285714285714,0,0,0,0,0,0,0,0,0,0,0,no mains / natural or DC,9
0,0,7,620,-0.7437971129490035,-0.48927274391918696,0.024475844599749746,-37.925714285714285,-32.49142857142857,-16.937142857142856,0,0,0,0,0,0,0,0,0,0,0,no mains / natural or DC,9
0,0,7,630,-0.7437971129490035,-0.48927274391918696,0.024475844599749746,-37.925714285714285,-32.49142857142857,-16.937142857142856,0,0,0,0,0,0,0,0,0,0,0,no mains / natural or DC,9
0,0,7,640,-0.771813104647969,-0.4810937833796197,0.0478530228583636,-39.34285714285714,-35.49142857142857,-18.56,0,0,0,0,0,0,0,0,0,0,0,no mains / natural or DC,9
0,0,7,650,-0.8014770958586382,-0.47120578630939663,0.07129123813592944,-39.2,-36.68571428571428,-18.177142857142858,0,0,0,0,0,0,0,0,0,0,0,no mains / natural or DC,9
0,0,7,660,-0.8014770958586382,-0.47120578630939663,0.07129123813592944,-39.2,-36.68571428571428,-18.177142857142858,0,0,0,0,0,0,0,0,0,0,0,no mains / natural or DC,9
0,0,7,670,-0.8125858333079012,-0.4544206060975982,0.09161656544694358,-37.645714285714284,-36.01714285714286,-15.491428571428571,0,0,0,0,0,0,0,0,0,0,0,no mains / natural or DC,9
0,0,7,680,-0.8125858333079012,-0.4544206060975982,0.09161656544694358,-37.645714285714284,-36.01714285714286,-15.491428571428571,0,0,0,0,0,0,0,0,0,0,0,no mains / natural or DC,9
0,0,7,690,-0.8139896847437971,-0.4370250556962798,0.1077303384502701,-34.965714285714284,-34.72,-11.817142857142857,0,0,0,0,0,0,0,0,0,0,0,no mains / natural or DC,9
0,0,7,700,-0.8139896847437971,-0.4370250556962798,0.1077303384502701,-34.965714285714284,-34.72,-11.817142857142857,0,0,0,0,0,0,0,0,0,0,0,no mains / natural or DC,9
0,0,7,710,-0.8090456862086856,-0.4262215033417768,0.1183507797479171,-31.622857142857143,-32.994285714285716,-8.005714285714285,0,0,0,0,0,0,0,0,0,0,0,no mains / natural or DC,9
0,0,7,720,-0.8090456862086856,-0.4262215033417768,0.1183507797479171,-31.622857142857143,-32.994285714285716,-8.005714285714285,0,0,0,0,0,0,0,0,0,0,0,no mains / natural or DC,9
0,0,7,730,-0.815515610217597,-0.41999572740867336,0.12488174077578051,-28.251428571428573,-30.685714285714287,-5.2,0,0,0,0,0,0,0,0,0,0,0,no mains / natural or DC,9
0,0,7,740,-0.815515610217597,-0.41999572740867336,0.12488174077578051,-28.251428571428573,-30.685714285714287,-5.2,0,0,0,0,0,0,0,0,0,0,0,no mains / natural or DC,9
0,0,7,750,-0.8109378337961974,-0.41352580339976197,0.1312906277657399,-25.18285714285714,-27.874285714285715,-3.1542857142857144,0,0,0,0,0,0,0,0,0,0,0,no mains / natural or DC,9
0,0,7,760,-0.8109378337961974,-0.41352580339976197,0.1312906277657399,-25.18285714285714,-27.874285714285715,-3.1542857142857144,0,0,0,0,0,0,0,0,0,0,0,no mains / natural or DC,9
0,0,7,770,-0.8092287972655415,-0.4098025452436903,0.13727225562303538,-22.611428571428572,-25.405714285714286,-1.8171428571428572,0,0,0,0,0,0,0,0,0,0,0,no mains / natural or DC,9
0,0,7,780,-0.8092287972655415,-0.4098025452436903,0.13727225562303538,-20.428571428571427,-23.645714285714284,-0.7085714285714285,0,0,0,0,0,0,0,0,0,0,0,no mains / natural or DC,9
0,0,7,790,-0.8080080568865017,-0.40485854670857874,0.13702810754722738,-20.428571428571427,-23.645714285714284,-0.7085714285714285,0,0,0,0,0,0,0,0,0,0,0,no mains / natural or DC,9
0,0,7,800,-0.7990966521195105,-0.402111880855739,0.13611255226294747,-18.897142857142857,-21.605714285714285,0.56,0,0,0,0,0,0,0,0,0,0,0,no mains / natural or DC,9
0,0,7,810,-0.7990966521195105,-0.402111880855739,0.13611255226294747,-18.897142857142857,-21.605714285714285,0.56,0,0,0,0,0,0,0,0,0,0,0,no mains / natural or DC,9
0,0,7,820,-0.804528946806238,-0.39490951261940366,0.13464766380809962,-17.885714285714286,-19.537142857142857,1.5771428571428572,0,0,0,0,0,0,0,0,0,0,0,no mains / natural or DC,9
0,0,7,830,-0.804528946806238,-0.39490951261940366,0.13464766380809962,-17.885714285714286,-19.537142857142857,1.5771428571428572,0,0,0,0,0,0,0,0,0,0,0,no mains / natural or DC,9
0,0,7,840,-0.8321787163914914,-0.3883175145725883,0.130558183538316,-16.84,-17.965714285714284,2.4685714285714284,0,0,0,0,0,0,0,0,0,0,0,no mains / natural or DC,9
0,0,7,850,-0.8321787163914914,-0.3883175145725883,0.130558183538316,-16.84,-17.965714285714284,2.4685714285714284,0,0,0,0,0,0,0,0,0,0,0,no mains / natural or DC,9
0,0,7,860,-0.8230842005676443,-0.3989379558702353,0.12652974028748437,-15.554285714285715,-16.434285714285714,3.8057142857142856,0,0,0,0,0,0,0,0,0,0,0,no mains / natural or DC,9
0,0,7,870,-0.8230842005676443,-0.3989379558702353,0.12652974028748437,-15.554285714285715,-16.434285714285714,3.8057142857142856,0,0,0,0,0,0,0,0,0,0,0,no mains / natural or DC,9
0,0,7,880,-0.8236335337382122,-0.38630329294717247,0.12622455519272438,-14.057142857142857,-15.805714285714286,2.9085714285714284,0,0,0,0,0,0,0,0,0,0,0,no mains / natural or DC,9
0,0,7,890,-0.8236335337382122,-0.38630329294717247,0.12622455519272438,-14.057142857142857,-15.805714285714286,2.9085714285714284,0,0,0,0,0,0,0,0,0,0,0,no mains / natural or DC,9
0,0,7,900,-0.8568376720480971,-0.39283425397503585,0.12268440809350871,-11.925714285714285,-16.16,2.6,0,0,0,0,0,0,0,0,0,0,0,no mains / natural or DC,9
0,0,7,910,-0.8568376720480971,-0.39283425397503585,0.12268440809350871,-11.925714285714285,-15.051428571428572,3.88,0,0,0,0,0,0,0,0,0,0,0,no mains / natural or DC,9
0,0,7,920,-0.8692892239143041,-0.40589617603076267,0.11926633503219702,-10.0,-15.051428571428572,3.88,0,0,0,0,0,0,0,0,0,0,0,no mains / natural or DC,9
0,0,7,930,-0.8711813715018158,-0.4250007629627369,0.11804559465315714,-8.097142857142858,-14.085714285714285,4.64,0,0,0,0,0,0,0,0,0,0,0,no mains / natural or DC,9
0,0,7,940,-0.8711813715018158,-0.4250007629627369,0.11804559465315714,-8.097142857142858,-14.085714285714285,4.64,0,0,0,0,0,0,0,0,0,0,0,no mains / natural or DC,9
0,0,7,950,-0.8492690816980498,-0.4372081667531358,0.12207403790398877,-6.462857142857143,-13.457142857142857,4.68,0,0,0,0,0,0,0,0,0,0,0,no mains / natural or DC,9
0,0,7,960,-0.8492690816980498,-0.4372081667531358,0.12207403790398877,-6.462857142857143,-13.457142857142857,4.68,0,0,0,0,0,0,0,0,0,0,0,no mains / natural or DC,9
0,0,7,970,-0.8676412244026002,-0.46485793633838923,0.13495284890285958,-5.331428571428572,-13.714285714285714,4.451428571428571,0,0,0,0,0,0,0,0,0,0,0,no mains / natural or DC,9
0,0,7,980,-0.8676412244026002,-0.46485793633838923,0.13495284890285958,-5.331428571428572,-13.714285714285714,4.451428571428571,0,0,0,0,0,0,0,0,0,0,0,no mains / natural or DC,9
0,0,7,990,-0.9003570665608691,-0.4978789635914182,0.15186010315256204,-4.7542857142857144,-15.411428571428571,3.645714285714286,0,0,0,0,0,0,0,0,0,0,0,no mains / natural or DC,9
0,0,8,0,-0.9003570665608691,-0.4978789635914182,0.15186010315256204,-4.7542857142857144,-15.411428571428571,3.645714285714286,0,0,0,0,0,0,0,0,0,0,0,no mains / natural or DC,9
0,0,8,10,-0.880275887325663,-0.5061189611499375,0.16541032135990477,-5.171428571428572,-16.582857142857144,5.194285714285714,0,0,0,0,0,0,0,0,0,0,0,no mains / natural or DC,9
0,0,8,20,-0.880275887325663,-0.5061189611499375,0.16541032135990477,-5.171428571428572,-16.582857142857144,5.194285714285714,0,0,0,0,0,0,0,0,0,0,0,no mains / natural or DC,9
0,0,8,30,-0.8684347056489761,-0.5105136265144811,0.1804864650410474,-6.074285714285714,-17.234285714285715,8.857142857142858,0,0,0,0,0,0,0,0,0,0,0,no mains / natural or DC,9
0,0,8,40,-0.8684347056489761,-0.5105136265144811,0.1804864650410474,-6.074285714285714,-17.234285714285715,8.857142857142858,0,0,0,0,0,0,0,0,0,0,0,no mains / natural or DC,9
0,0,8,50,-0.9517502365184485,-0.531937620166631,0.21601001007110812,-7.137142857142857,-18.262857142857143,13.04,0,0,0,0,0,0,0,0,0,0,0,no mains / natural or DC,9
0,0,8,60,-0.9517502365184485,-0.5788140507217627,0.24195074312570575,-7.748571428571428,-21.754285714285714,15.462857142857143,0,0,0,0,0,0,0,0,0,0,0,no mains / natural or DC,9
0,0,8,70,-1.1297341837824642,-0.5821100497451704,0.24195074312570575,-7.748571428571428,-21.754285714285714,15.462857142857143,0,0,0,0,0,0,0,0,0,0,0,no mains / natural or DC,9
0,0,8,80,-1.1476180303353984,-0.5934018982512894,0.28101443525498215,-9.182857142857143,-21.925714285714285,19.554285714285715,0,0,0,0,0,0,0,0,0,0,0,no mains / natural or DC,9
0,0,8,90,-1.1476180303353984,-0.5934018982512894,0.28101443525498215,-9.182857142857143,-21.925714285714285,19.554285714285715,0,0,0,0,0,0,0,0,0,0,0,no mains / natural or DC,9
0,0,8,100,-1.152684102908414,-0.5781426435132908,0.27222510452589493,-11.034285714285714,-21.8,22.37142857142857,0,0,0,0,0,0,0,0,0,0,0,no mains / natural or DC,9
0,0,8,110,-1.152684102908414,-0.5781426435132908,0.27222510452589493,-11.034285714285714,-21.8,22.37142857142857,0,0,0,0,0,0,0,0,0,0,0,no mains / natural or DC,9
0,0,8,120,-1.0895718253120517,-0.5943174535355693,0.2946256904812769,-13.102857142857143,-20.497142857142858,24.942857142857143,0,0,0,0,0,0,0,0,0,0,0,no mains / natural or DC,9
0,0,8,130,-1.0895718253120517,-0.5943174535355693,0.2946256904812769,-13.102857142857143,-20.497142857142858,24.942857142857143,0,0,0,0,0,0,0,0,0,0,0,no mains / natural or DC,9
0,0,8,140,-0.859279152806177,-0.5709402752769555,0.2946867275002289,-15.92,-17.274285714285714,25.777142857142856,0,0,0,0,0,0,0,0,0,0,0,no mains / natural or DC,9
0,0,8,150,-0.859279152806177,-0.5709402752769555,0.2946867275002289,-15.92,-17.274285714285714,25.777142857142856,0,0,0,0,0,0,0,0,0,0,0,no mains / natural or DC,9
0,0,8,160,-0.6987517929624317,-0.5558641315958128,0.31806390575884275,-19.81142857142857,-17.68,23.777142857142856,0,0,0,0,0,0,0,0,0,0,0,no mains / natural or DC,9
0,0,8,170,-0.6987517929624317,-0.5558641315958128,0.31806390575884275,-19.81142857142857,-17.68,23.777142857142856,0,0,0,0,0,0,0,0,0,0,0,no mains / natural or DC,9
0,0,8,180,-0.7557603686635944,-0.5606860560930205,0.34754478591265603,-24.05142857142857,-22.68,21.33142857142857,0,0,0,0,0,0,0,0,0,0,0,no mains / natural or DC,9
0,0,8,190,-0.7557603686635944,-0.5606860560930205,0.34754478591265603,-28.068571428571428,-25.942857142857143,20.525714285714287,0,0,0,0,0,0,0,0,0,0,0,no mains / natural or DC,9
0,0,8,200,-0.8616595965453048,-0.5327921384319589,0.34302804651020846,-28.068571428571428,-25.942857142857143,20.525714285714287,0,0,0,0,0,0,0,0,0,0,0,no mains / natural or DC,9
0,0,8,210,-0.837000640888699,-0.47010711996826077,0.3322855311746574,-30.96,-22.577142857142857,22.434285714285714,0,0,0,0,0,0,0,0,0,0,0,no mains / natural or DC,9
0,0,8,220,-0.837000640888699,-0.47010711996826077,0.3322855311746574,-30.96,-22.577142857142857,22.434285714285714,0,0,0,0,0,0,0,0,0,0,0,no mains / natural or DC,9
0,0,8,230,-0.8504898220770898,-0.41706595049897766,0.31684316537980284,-31.965714285714284,-19.725714285714286,22.70285714285714,0,0,0,0,0,0,0,0,0,0,0,no mains / natural or DC,9
0,0,8,240,-0.8504898220770898,-0.41706595049897766,0.31684316537980284,-31.965714285714284,-19.725714285714286,22.70285714285714,0,0,0,0,0,0,0,0,0,0,0,no mains / natural or DC,9
0,0,8,250,-0.8444471572008423,-0.40479750968962674,0.30158391064180423,-31.96,-16.24,23.02857142857143,0,0,0,0,0,0,0,0,0,0,0,no mains / natural or DC,9
0,0,8,260,-0.8444471572008423,-0.40479750968962674,0.30158391064180423,-31.96,-16.24,23.02857142857143,0,0,0,0,0,0,0,0,0,0,0,no mains / natural or DC,9
0,0,8,270,-0.8316904202398755,-0.39924314096499525,0.2862636188848537,-31.78857142857143,-12.765714285714285,20.44,0,0,0,0,0,0,0,0,0,0,0,no mains / natural or DC,9
0,0,8,280,-0.8316904202398755,-0.39924314096499525,0.2862636188848537,-31.78857142857143,-12.765714285714285,20.44,0,0,0,0,0,0,0,0,0,0,0,no mains / natural or DC,9
0,0,8,290,-0.8263191625721,-0.40491958372753073,0.27625354777672656,-31.4,-10.285714285714286,15.84,0,0,0,0,0,0,0,0,0,0,0,no mains / natural or DC,9
0,0,8,300,-0.8263191625721,-0.40491958372753073,0.27625354777672656,-31.4,-10.285714285714286,15.84,0,0,0,0,0,0,0,0,0,0,0,no mains / natural or DC,9
0,0,8,310,-0.8336436048463393,-0.4156010620441298,0.2674642170476394,-31.10857142857143,-8.685714285714285,10.897142857142857,0,0,0,0,0,0,0,0,0,0,0,no mains / natural or DC,9
0,0,8,320,-0.8336436048463393,-0.4156010620441298,0.2674642170476394,-31.10857142857143,-8.685714285714285,6.508571428571429,0,0,0,0,0,0,0,0,0,0,0,no mains / natural or DC,9
0,0,8,330,-0.8216193121127964,-0.4270760216071047,0.2575762199774163,-31.262857142857143,-8.102857142857143,7.017142857142857,0,0,0,0,0,0,0,0,0,0,0,no mains / natural or DC,9
0,0,8,340,-0.7896969512009033,-0.42902920621356855,0.24756614886928924,-32.434285714285714,-7.508571428571429,5.411428571428571,0,0,0,0,0,0,0,0,0,0,0,no mains / natural or DC,10
0,0,8,350,-0.7896969512009033,-0.42902920621356855,0.24756614886928924,-32.434285714285714,-7.508571428571429,5.411428571428571,0,0,0,0,0,0,0,0,0,0,0,no mains / natural or DC,10
0,0,8,360,-0.7699209570604572,-0.44593646046327096,0.23950926236762596,-34.57714285714286,-7.56,5.634285714285714,0,0,0,0,0,0,0,0,0,0,0,no mains / natural or DC,10
0,0,8,370,-0.7699209570604572,-0.44593646046327096,0.23950926236762596,-34.57714285714286,-7.56,5.634285714285714,0,0,0,0,0,0,0,0,0,0,0,no mains / natural or DC,10
0,0,8,380,-0.772545548875393,-0.4620502334665975,0.2336497085482345,-38.08,-7.8914285714285715,6.68,0,0,0,0,0,0,0,0,0,0,0,no mains / natural or DC,10
0,0,8,390,-0.772545548875393,-0.4620502334665975,0.2336497085482345,-38.08,-7.8914285714285715,6.68,0,0,0,0,0,0,0,0,0,0,0,no mains / natural or DC,10
0,0,8,400,-0.7811517685476241,-0.47743156224250005,0.22785119174779503,-42.58857142857143,-8.93142857142857,7.731428571428571,0,0,0,0,0,0,0,0,0,0,0,no mains / natural or DC,10
0,0,8,410,-0.7811517685476241,-0.47743156224250005,0.22785119174779503,-42.58857142857143,-8.93142857142857,7.731428571428571,0,0,0,0,0,0,0,0,0,0,0,no mains / natural or DC,10
0,0,8,420,-0.7802972502822962,-0.48573259681997133,0.22528763695181128,-47.994285714285716,-10.342857142857143,8.857142857142858,0,0,0,0,0,0,0,0,0,0,0,no mains / natural or DC,10
0,0,8,430,-0.7802972502822962,-0.48573259681997133,0.22528763695181128,-47.994285714285716,-10.342857142857143,8.857142857142858,0,0,0,0,0,0,0,0,0,0,0,no mains / natural or DC,10
0,0,8,440,-0.7791985839411603,-0.48994415112765893,0.22852259895626698,-53.87428571428571,-12.662857142857144,9.651428571428571,0,0,0,0,0,0,0,0,0,0,0,no mains / natural or DC,10
0,0,8,450,-0.7791985839411603,-0.48994415112765893,0.22852259895626698,-53.87428571428571,-12.662857142857144,9.651428571428571,0,0,0,0,0,0,0,0,0,0,0,no mains / natural or DC,10
0,0,8,460,-0.7802362132633442,-0.48725852229377115,0.23303933835871457,-60.16,-15.82857142857143,10.72,0,0,0,0,0,0,0,0,0,0,0,no mains / natural or DC,10
0,0,8,470,-0.7802362132633442,-0.48725852229377115,0.24866481521042513,-66.48,-19.394285714285715,12.114285714285714,0,0,0,0,0,0,0,0,0,0,0,no mains / natural or DC,10
0,0,8,480,-0.7916501358073672,-0.48072756126590777,0.239143040253914,-66.48,-19.394285714285715,12.114285714285714,0,0,0,0,0,0,0,0,0,0,0,no mains / natural or DC,10
0,0,8,490,-0.7869502853480635,-0.467238380077517,0.24420911282692953,-72.36,-22.97714285714286,14.154285714285715,0,0,0,0,0,0,0,0,0,0,0,no mains / natural or DC,10
0,0,8,500,-0.7869502853480635,-0.467238380077517,0.24420911282692953,-72.36,-22.97714285714286,14.154285714285715,0,0,0,0,0,0,0,0,0,0,0,no mains / natural or DC,10
0,0,8,510,-0.7816400646992401,-0.4503311258278146,0.2519608142338328,-77.58857142857143,-26.908571428571427,16.12,0,0,0,0,0,0,0,0,0,0,0,no mains / natural or DC,10
0,0,8,520,-0.7816400646992401,-0.4503311258278146,0.2519608142338328,-77.58857142857143,-26.908571428571427,16.12,0,0,0,0,0,0,0,0,0,0,0,no mains / natural or DC,10
0,0,8,530,-0.7850581377605518,-0.4328745384075442,0.26160466322824794,-82.04571428571428,-31.222857142857144,17.88,0,0,0,0,0,0,0,0,0,0,0,no mains / natural or DC,10
0,0,8,540,-0.7850581377605518,-0.4328745384075442,0.26160466322824794,-82.04571428571428,-31.222857142857144,17.88,0,0,0,0,0,0,0,0,0,0,0,no mains / natural or DC,10
0,0,8,550,-0.7903683584093752,-0.4224982451857051,0.2772301400799585,-85.67428571428572,-35.63428571428572,19.46857142857143,0,0,0,0,0,0,0,0,0,0,0,no mains / natural or DC,10
0,0,8,560,-0.7903683584093752,-0.4224982451857051,0.2772301400799585,-85.67428571428572,-35.63428571428572,19.46857142857143,0,0,0,0,0,0,0,0,0,0,0,no mains / natural or DC,10
0,0,8,570,-0.7956785790581988,-0.4168828394421216,0.2979827265236366,-88.66857142857143,-39.87428571428571,20.634285714285713,0,0,0,0,0,0,0,0,0,0,0,no mains / natural or DC,10
0,0,8,580,-0.7956785790581988,-0.4168828394421216,0.2979827265236366,-88.66857142857143,-39.87428571428571,20.634285714285713,0,0,0,0,0,0,0,0,0,0,0,no mains / natural or DC,10
0,0,8,590,-0.7939695425275429,-0.41663869136631365,0.3225806451612903,-91.42285714285714,-44.177142857142854,21.66857142857143,0,0,0,0,0,0,0,0,0,0,0,no mains / natural or DC,10
0,0,8,600,-0.7939695425275429,-0.41663869136631365,0.3225806451612903,-94.34857142857143,-48.08571428571429,22.70285714285714,0,0,0,0,0,0,0,0,0,0,0,no mains / natural or DC,10
0,0,8,610,-0.7917722098452712,-0.41315958128605,0.3433332316049684,-94.41142857142857,-48.08571428571429,22.70285714285714,0,0,0,0,0,0,0,0,0,0,0,no mains / natural or DC,10
0,0,8,620,-0.8384655293435469,-0.4253059480574969,0.37134922330393383,-97.62857142857143,-52.16,23.30857142857143,0,0,0,0,0,0,0,0,0,0,0,no mains / natural or DC,10
0,0,8,630,-0.8384655293435469,-0.4253059480574969,0.37134922330393383,-97.62857142857143,-52.16,23.30857142857143,0,0,0,0,0,0,0,0,0,0,0,no mains / natural or DC,10
0,0,8,640,-0.8646504104739524,-0.42866298409985654,0.3965575121311075,-100.86857142857143,-55.371428571428574,24.165714285714287,0,0,0,0,0,0,0,0,0,0,0,no mains / natural or DC,10
0,0,8,650,-0.8646504104739524,-0.42866298409985654,0.3965575121311075,-100.86857142857143,-55.371428571428574,24.165714285714287,0,0,0,0,0,0,0,0,0,0,0,no mains / natural or DC,10
0,0,8,660,-0.8605609302041688,-0.4148686178167058,0.4156010620441298,-104.11428571428571,-57.371428571428574,25.32,0,0,0,0,0,0,0,0,0,0,0,no mains / natural or DC,10
0,0,8,670,-0.8605609302041688,-0.4148686178167058,0.4156010620441298,-104.11428571428571,-57.371428571428574,25.32,0,0,0,0,0,0,0,0,0,0,0,no mains / natural or DC,10
0,0,8,680,-0.8593401898251289,-0.4066286202581866,0.4287850581377606,-106.92571428571429,-59.142857142857146,26.565714285714286,0,0,0,0,0,0,0,0,0,0,0,no mains / natural or DC,10
0,0,8,690,-0.8593401898251289,-0.4066286202581866,0.4287850581377606,-106.92571428571429,-59.142857142857146,26.565714285714286,0,0,0,0,0,0,0,0,0,0,0,no mains / natural or DC,10
0,0,8,700,-0.8498794518875699,-0.3959471419415876,0.43128757591479233,-109.49142857142857,-59.8,27.94857142857143,0,0,0,0,0,0,0,0,0,0,0,no mains / natural or DC,10
0,0,8,710,-0.8498794518875699,-0.3959471419415876,0.43128757591479233,-109.49142857142857,-59.8,27.94857142857143,0,0,0,0,0,0,0,0,0,0,0,no mains / natural or DC,10
0,0,8,720,-0.825769829401532,-0.37977233191930904,0.42152165288247323,-111.66285714285715,-59.44571428571429,29.074285714285715,0,0,0,0,0,0,0,0,0,0,0,no mains / natural or DC,10
0,0,8,730,-0.825769829401532,-0.37977233191930904,0.42152165288247323,-111.66285714285715,-59.44571428571429,29.074285714285715,0,0,0,0,0,0,0,0,0,0,0,no mains / natural or DC,10
0,0,8,740,-0.8097170934171575,-0.3645130771813105,0.4118778038880581,-113.53142857142858,-57.497142857142855,30.24,0,0,0,0,0,0,0,0,0,0,0,no mains / natural or DC,10
0,0,8,750,-0.825342570268868,-0.3727530747398297,0.40247810296945097,-115.07428571428571,-56.42285714285714,30.28,0,0,0,0,0,0,0,0,0,0,0,no mains / natural or DC,10
0,0,8,760,-0.8238166447950682,-0.3727530747398297,0.40247810296945097,-115.07428571428571,-56.42285714285714,30.28,0,0,0,0,0,0,0,0,0,0,0,no mains / natural or DC,10
0,0,8,770,-0.7582628864406262,-0.3554795983764153,0.37867366557817317,-116.48,-54.05142857142857,31.37142857142857,0,0,0,0,0,0,0,0,0,0,0,no mains / natural or DC,10
0,0,8,780,-0.7582628864406262,-0.3554795983764153,0.37867366557817317,-116.48,-54.05142857142857,31.37142857142857,0,0,0,0,0,0,0,0,0,0,0,no mains / natural or DC,10
0,0,8,790,-0.8183843501083408,-0.3757438886684774,0.3892330698568682,-118.56571428571428,-52.09142857142857,30.245714285714286,0,0,0,0,0,0,0,0,0,0,0,no mains / natural or DC,10
0,0,8,800,-0.8183843501083408,-0.3757438886684774,0.3892330698568682,-118.56571428571428,-52.09142857142857,30.245714285714286,0,0,0,0,0,0,0,0,0,0,0,no mains / natural or DC,10
0,0,8,810,-0.9009674367503892,-0.4141361735892819,0.38862269966734825,-119.44571428571429,-54.24,26.925714285714285,0,0,0,0,0,0,0,0,0,0,0,no mains / natural or DC,10
0,0,8,820,-0.9009674367503892,-0.4141361735892819,0.38862269966734825,-119.44571428571429,-54.24,26.925714285714285,0,0,0,0,0,0,0,0,0,0,0,no mains / natural or DC,10
0,0,8,830,-0.859096041749321,-0.3968016602069155,0.3608508560441908,-120.38285714285715,-52.74857142857143,24.394285714285715,0,0,0,0,0,0,0,0,0,0,0,no mains / natural or DC,10
0,0,8,840,-0.859096041749321,-0.3968016602069155,0.3608508560441908,-120.38285714285715,-52.74857142857143,24.394285714285715,0,0,0,0,0,0,0,0,0,0,0,no mains / natural or DC,10
0,0,8,850,-0.8692892239143041,-0.3820307016205329,0.3318582720419935,-119.97142857142858,-51.114285714285714,20.885714285714286,0,0,0,0,0,0,0,0,0,0,0,no mains / natural or DC,10
0,0,8,860,-0.8692892239143041,-0.3820307016205329,0.3318582720419935,-119.97142857142858,-51.114285714285714,20.885714285714286,0,0,0,0,0,0,0,0,0,0,0,no mains / natural or DC,10
0,0,8,870,-0.9839777825251015,-0.3903317361980041,0.3058565019684439,-118.01714285714286,-48.10285714285714,17.72,0,0,0,0,0,0,0,0,0,0,0,no mains / natural or DC,10
0,0,8,880,-0.9839777825251015,-0.3903317361980041,0.3058565019684439,-114.36,-41.925714285714285,16.725714285714286,0,0,0,0,0,0,0,0,0,0,0,no mains / natural or DC,10
0,0,8,890,-1.0403759880367442,-0.38581499679555653,0.26447340311899165,-114.36,-41.925714285714285,16.725714285714286,0,0,0,0,0,0,0,0,0,0,0,no mains / natural or DC,10
0,0,8,900,-1.0062562944425795,-0.3743400372325816,0.22907193212683494,-110.18857142857142,-32.59428571428571,17.102857142857143,0,0,0,0,0,0,0,0,0,0,0,no mains / natural or DC,10
0,0,8,910,-1.0062562944425795,-0.3743400372325816,0.22907193212683494,-110.18857142857142,-32.59428571428571,17.102857142857143,0,0,0,0,0,0,0,0,0,0,0,no mains / natural or DC,10
0,0,8,920,-0.9501022370067446,-0.35084078493606374,0.20416882839442121,-105.53142857142858,-25.70285714285714,18.314285714285713,0,0,0,0,0,0,0,0,0,0,0,no mains / natural or DC,10
0,0,8,930,-0.9501022370067446,-0.35084078493606374,0.20416882839442121,-105.53142857142858,-25.70285714285714,18.314285714285713,0,0,0,0,0,0,0,0,0,0,0,no mains / natural or DC,10
0,0,8,940,-0.8889431440168463,-0.3211767937253944,0.173894466994232,-101.0,-21.445714285714285,21.81142857142857,0,0,0,0,0,0,0,0,0,0,0,no mains / natural or DC,10
0,0,8,950,-0.8889431440168463,-0.3211767937253944,0.173894466994232,-101.0,-21.445714285714285,21.81142857142857,0,0,0,0,0,0,0,0,0,0,0,no mains / natural or DC,10
0,0,8,960,-0.8825342570268868,-0.31049531540879544,0.14624469740897855,-96.70857142857143,-21.382857142857144,24.48,0,0,0,0,0,0,0,0,0,0,0,no mains / natural or DC,10
0,0,8,970,-0.8825342570268868,-0.31049531540879544,0.14624469740897855,-96.70857142857143,-21.382857142857144,24.48,0,0,0,0,0,0,0,0,0,0,0,no mains / natural or DC,10
0,0,8,980,-0.9030426953947569,-0.2952970976897488,0.11987670522171698,-92.86857142857143,-22.21142857142857,26.18857142857143,0,0,0,0,0,0,0,0,0,0,0,no mains / natural or DC,10
0,0,8,990,-0.9030426953947569,-0.2952970976897488,0.11987670522171698,-92.86857142857143,-22.21142857142857,26.18857142857143,0,0,0,0,0,0,0,0,0,0,0,no mains / natural or DC,10
0,0,9,0,-0.9223914304025391,-0.2728965117343669,0.10010071108127079,-89.22285714285714,-21.914285714285715,26.771428571428572,0,0,0,0,0,0,0,0,0,0,0,no mains / natural or DC,10
0,0,9,10,-0.9223914304025391,-0.2728965117343669,0.10010071108127079,-89.22285714285714,-21.914285714285715,26.662857142857142,0,0,0,0,0,0,0,0,0,0,0,no mains / natural or DC,10
0,0,9,20,-0.9399090548417616,-0.24878688924832912,0.07696768089846492,-85.21142857142857,-21.165714285714287,26.662857142857142,0,0,0,0,0,0,0,0,0,0,0,no mains / natural or DC,10
0,0,9,30,-0.9471724600970488,-0.22791222876674702,0.052308725241859186,-80.61142857142858,-19.451428571428572,26.165714285714287,0,0,0,0,0,0,0,0,0,0,0,no mains / natural or DC,10
0,0,9,40,-0.9471724600970488,-0.22791222876674702,0.052308725241859186,-80.61142857142858,-19.451428571428572,26.165714285714287,0,0,0,0,0,0,0,0,0,0,0,no mains / natural or DC,10
0,0,9,50,-0.9364299447614979,-0.21222571489608447,0.036805322428052616,-75.54285714285714,-17.05142857142857,25.457142857142856,0,0,0,0,0,0,0,0,0,0,0,no mains / natural or DC,10
0,0,9,60,-0.9364299447614979,-0.21222571489608447,0.036805322428052616,-75.54285714285714,-17.05142857142857,25.457142857142856,0,0,0,0,0,0,0,0,0,0,0,no mains / natural or DC,10
0,0,9,70,-0.9026764732810449,-0.20172734763634145,0.02948088015381329,-69.96571428571428,-15.982857142857142,24.622857142857143,0,0,0,0,0,0,0,0,0,0,0,no mains / natural or DC,10
0,0,9,80,-0.9026764732810449,-0.20172734763634145,0.02948088015381329,-69.96571428571428,-15.982857142857142,24.622857142857143,0,0,0,0,0,0,0,0,0,0,0,no mains / natural or DC,10
0,0,9,90,-0.8649555955687124,-0.19306009094515825,0.030152287362285226,-64.32,-17.017142857142858,23.69142857142857,0,0,0,0,0,0,0,0,0,0,0,no mains / natural or DC,10
0,0,9,100,-0.8649555955687124,-0.19306009094515825,0.030152287362285226,-64.32,-17.017142857142858,23.69142857142857,0,0,0,0,0,0,0,0,0,0,0,no mains / natural or DC,11
0,0,9,110,-0.880520035401471,-0.1903744621112705,0.039063692129276406,-58.86857142857143,-20.062857142857144,22.49142857142857,0,0,0,0,0,0,0,0,0,0,0,no mains / natural or DC,11
0,0,9,120,-0.880520035401471,-0.1903744621112705,0.039063692129276406,-58.86857142857143,-20.062857142857144,22.49142857142857,0,0,0,0,0,0,0,0,0,0,0,no mains / natural or DC,11
0,0,9,130,-0.9443647572252571,-0.19098483230079044,0.05188146610919522,-53.457142857142856,-23.34857142857143,21.32,0,0,0,0,0,0,0,0,0,0,0,no mains / natural or DC,11
0,0,9,140,-0.9443647572252571,-0.19098483230079044,0.05188146610919522,-53.457142857142856,-23.34857142857143,21.32,0,0,0,0,0,0,0,0,0,0,0,no mains / natural or DC,11
0,0,9,150,-1.0039979247413557,-0.1934263130588702,0.046143986327707755,-47.605714285714285,-24.97142857142857,20.02857142857143,0,0,0,0,0,0,0,0,0,0,0,no mains / natural or DC,11
0,0,9,160,-1.0039979247413557,-0.1934263130588702,0.030213324381237222,-41.434285714285714,-23.085714285714285,17.65714285714286,0,0,0,0,0,0,0,0,0,0,0,no mains / natural or DC,11
0,0,9,170,-1.0185247352519302,-0.2053895687734611,0.030213324381237222,-41.434285714285714,-23.085714285714285,17.65714285714286,0,0,0,0,0,0,0,0,0,0,0,no mains / natural or DC,11
0,0,9,180,-0.9978331858272041,-0.24304940946684164,0.030030213324381237,-35.56,-19.13714285714286,13.36,0,0,0,0,0,0,0,0,0,0,0,no mains / natural or DC,11
0,0,9,190,-0.9978331858272041,-0.24304940946684164,0.030030213324381237,-35.56,-19.13714285714286,13.36,0,0,0,0,0,0,0,0,0,0,0,no mains / natural or DC,11
0,0,9,200,-0.9640797143467513,-0.282906582842494,0.03601184118167669,-30.411428571428573,-15.914285714285715,7.6971428571428575,0,0,0,0,0,0,0,0,0,0,0,no mains / natural or DC,11
0,0,9,210,-0.9640797143467513,-0.282906582842494,0.03601184118167669,-30.411428571428573,-15.914285714285715,7.6971428571428575,0,0,0,0,0,0,0,0,0,0,0,no mains / natural or DC,11
0,0,9,220,-0.9313028351695303,-0.3186132389294107,0.04730368968779565,-26.2,-14.982857142857142,1.9485714285714286,0,0,0,0,0,0,0,0,0,0,0,no mains / natural or DC,11
0,0,9,230,-0.9313028351695303,-0.3186132389294107,0.04730368968779565,-26.2,-14.982857142857142,1.9485714285714286,0,0,0,0,0,0,0,0,0,0,0,no mains / natural or DC,11
0,0,9,240,-0.9004181035798211,-0.3325907162694174,0.0609149449140904,-23.2,-15.24,-2.4,0,0,0,0,0,0,0,0,0,0,0,no mains / natural or DC,11
0,0,9,250,-0.9004181035798211,-0.3325907162694174,0.0609149449140904,-23.2,-15.24,-2.4,0,0,0,0,0,0,0,0,0,0,0,no mains / natural or DC,11
0,0,9,260,-0.8979155858027894,-0.33906064027832883,0.0684224982451857,-20.725714285714286,-17.02857142857143,-5.1085714285714285,0,0,0,0,0,0,0,0,0,0,0,no mains / natural or DC,11
0,0,9,270,-0.8979155858027894,-0.33906064027832883,0.0684224982451857,-20.725714285714286,-17.02857142857143,-5.1085714285714285,0,0,0,0,0,0,0,0,0,0,0,no mains / natural or DC,11
0,0,9,280,-0.9087801751762444,-0.33106479079561757,0.06927701651051363,-18.62857142857143,-18.062857142857144,-5.525714285714286,0,0,0,0,0,0,0,0,0,0,0,no mains / natural or DC,11
0,0,9,290,-0.9087801751762444,-0.33106479079561757,0.06927701651051363,-16.64,-17.588571428571427,-3.7485714285714287,0,0,0,0,0,0,0,0,0,0,0,no mains / natural or DC,11
0,0,9,300,-0.9198889126255073,-0.32374034852137823,0.06970427564317759,-16.64,-17.588571428571427,-3.7485714285714287,0,0,0,0,0,0,0,0,0,0,0,no mains / natural or DC,11
0,0,9,310,-0.9270302438428907,-0.3241065706350902,0.07232886745811334,-14.777142857142858,-16.18857142857143,-1.0342857142857143,0,0,0,0,0,0,0,0,0,0,0,no mains / natural or DC,11
0,0,9,320,-0.9270302438428907,-0.3241065706350902,0.07232886745811334,-14.777142857142858,-16.18857142857143,-1.0342857142857143,0,0,0,0,0,0,0,0,0,0,0,no mains / natural or DC,11
0,0,9,330,-0.9368572038941618,-0.32422864467299417,0.07556382946256905,-13.177142857142858,-14.725714285714286,1.1371428571428572,0,0,0,0,0,0,0,0,0,0,0,no mains / natural or DC,11
0,0,9,340,-0.9368572038941618,-0.32422864467299417,0.07556382946256905,-13.177142857142858,-14.725714285714286,1.1371428571428572,0,0,0,0,0,0,0,0,0,0,0,no mains / natural or DC,11
0,0,9,350,-0.9471114230780968,-0.32135990478225046,0.07983642078920866,-11.902857142857142,-13.497142857142856,2.3771428571428572,0,0,0,0,0,0,0,0,0,0,0,no mains / natural or DC,11
0,0,9,360,-0.9471114230780968,-0.32135990478225046,0.07983642078920866,-11.902857142857142,-13.497142857142856,2.3771428571428572,0,0,0,0,0,0,0,0,0,0,0,no mains / natural or DC,11
0,0,9,370,-0.9481490524002808,-0.3191015350810266,0.08252204962309641,-10.92,-12.657142857142857,2.7542857142857144,0,0,0,0,0,0,0,0,0,0,0,no mains / natural or DC,11
0,0,9,380,-0.9481490524002808,-0.3191015350810266,0.08252204962309641,-10.92,-12.657142857142857,2.7542857142857144,0,0,0,0,0,0,0,0,0,0,0,no mains / natural or DC,11
0,0,9,390,-0.945707571642201,-0.315561387981811,0.08221686452833643,-10.182857142857143,-11.811428571428571,2.2685714285714287,0,0,0,0,0,0,0,0,0,0,0,no mains / natural or DC,11
0,0,9,400,-0.945707571642201,-0.315561387981811,0.08221686452833643,-10.182857142857143,-11.811428571428571,2.2685714285714287,0,0,0,0,0,0,0,0,0,0,0,no mains / natural or DC,11
0,0,9,410,-0.945158238471633,-0.3109836115604114,0.0825830866420484,-9.622857142857143,-10.84,1.0457142857142858,0,0,0,0,0,0,0,0,0,0,0,no mains / natural or DC,11
0,0,9,420,-0.945158238471633,-0.3109836115604114,0.0825830866420484,-9.622857142857143,-10.84,-0.41714285714285715,0,0,0,0,0,0,0,0,0,0,0,no mains / natural or DC,11
0,0,9,430,-0.9397869808038576,-0.3079317606128117,0.08392590105899228,-9.01142857142857,-9.628571428571428,-0.56,0,0,0,0,0,0,0,0,0,0,0,no mains / natural or DC,11
0,0,9,440,-0.9376506851405377,-0.3024384289071322,0.08343760490737633,-8.12,-8.451428571428572,-2.165714285714286,0,0,0,0,0,0,0,0,0,0,0,no mains / natural or DC,11
0,0,9,450,-0.9376506851405377,-0.3024384289071322,0.08343760490737633,-8.12,-8.451428571428572,-2.165714285714286,0,0,0,0,0,0,0,0,0,0,0,no mains / natural or DC,11
0,0,9,460,-0.9355143894772179,-0.29938657795953244,0.08203375347148045,-6.9714285714285715,-7.114285714285714,-3.1885714285714286,0,0,0,0,0,0,0,0,0,0,0,no mains / natural or DC,11
0,0,9,470,-0.9355143894772179,-0.29938657795953244,0.08203375347148045,-6.9714285714285715,-7.114285714285714,-3.1885714285714286,0,0,0,0,0,0,0,0,0,0,0,no mains / natural or DC,11
0,0,9,480,-0.9266640217291787,-0.2954191717276528,0.08191167943357647,-5.582857142857143,-5.777142857142858,-3.68,0,0,0,0,0,0,0,0,0,0,0,no mains / natural or DC,11
0,0,9,490,-0.9266640217291787,-0.2954191717276528,0.08191167943357647,-5.582857142857143,-5.777142857142858,-3.68,0,0,0,0,0,0,0,0,0,0,0,no mains / natural or DC,11
0,0,9,500,-0.9125034333323161,-0.29584643086031676,0.08685567796868801,-4.051428571428572,-5.142857142857143,-4.011428571428572,0,0,0,0,0,0,0,0,0,0,0,no mains / natural or DC,11
0,0,9,510,-0.9125034333323161,-0.29584643086031676,0.08685567796868801,-4.051428571428572,-5.142857142857143,-4.011428571428572,0,0,0,0,0,0,0,0,0,0,0,no mains / natural or DC,11
0,0,9,520,-0.91293069246498,-0.29712820825830866,0.086977752006592,-2.4971428571428573,-5.382857142857143,-4.428571428571429,0,0,0,0,0,0,0,0,0,0,0,no mains / natural or DC,11
0,0,9,530,-0.91293069246498,-0.29712820825830866,0.086977752006592,-2.4971428571428573,-5.382857142857143,-4.428571428571429,0,0,0,0,0,0,0,0,0,0,0,no mains / natural or DC,11
0,0,9,540,-0.9278847621082187,-0.3074434644611957,0.09161656544694358,-1.1428571428571428,-5.405714285714286,-5.1657142857142855,0,0,0,0,0,0,0,0,0,0,0,no mains / natural or DC,11
0,0,9,550,-0.9278847621082187,-0.3074434644611957,0.09161656544694358,-1.1428571428571428,-5.405714285714286,-5.1657142857142855,0,0,0,0,0,0,0,0,0,0,0,no mains / natural or DC,11
0,0,9,560,-0.9359416486098819,-0.30842005676442763,0.09082308420056764,0.2342857142857143,-4.96,-6.102857142857143,0,0,0,0,0,0,0,0,0,0,0,no mains / natural or DC,11
0,0,9,570,-0.9359416486098819,-0.30842005676442763,0.09082308420056764,1.6685714285714286,-3.874285714285714,-6.365714285714286,0,0,0,0,0,0,0,0,0,0,0,no mains / natural or DC,11
0,0,9,580,-0.9277016510513626,-0.30256050294503617,0.0891140476699118,1.6685714285714286,-3.874285714285714,-6.365714285714286,0,0,0,0,0,0,0,0,0,0,0,no mains / natural or DC,11
0,0,9,590,-0.9045686208685568,-0.29499191259498886,0.09216589861751152,3.257142857142857,-2.474285714285714,-5.388571428571429,0,0,0,0,0,0,0,0,0,0,0,no mains / natural or DC,11
0,0,9,600,-0.9045686208685568,-0.29499191259498886,0.09216589861751152,3.257142857142857,-2.474285714285714,-5.388571428571429,0,0,0,0,0,0,0,0,0,0,0,no mains / natural or DC,11
0,0,9,610,-0.8850978118228706,-0.29511398663289284,0.10162663655507065,4.851428571428571,-2.0514285714285716,-3.434285714285714,0,0,0,0,0,0,0,0,0,0,0,no mains / natural or DC,11
0,0,9,620,-0.8850978118228706,-0.29511398663289284,0.10162663655507065,4.851428571428571,-2.0514285714285716,-3.434285714285714,0,0,0,0,0,0,0,0,0,0,0,no mains / natural or DC,11
0,0,9,630,-0.8855250709555346,-0.3051240577410199,0.10901211584826197,6.4,-3.3085714285714287,-1.7028571428571428,0,0,0,0,0,0,0,0,0,0,0,no mains / natural or DC,11
0,0,9,640,-0.8855250709555346,-0.3051240577410199,0.10901211584826197,6.4,-3.3085714285714287,-1.7028571428571428,0,0,0,0,0,0,0,0,0,0,0,no mains / natural or DC,11
0,0,9,650,-0.8899807733390301,-0.3109225745414594,0.10840174565874203,7.457142857142857,-4.8914285714285715,-0.36,0,0,0,0,0,0,0,0,0,0,0,no mains / natural or DC,11
0,0,9,660,-0.8899807733390301,-0.3109225745414594,0.10840174565874203,7.457142857142857,-4.8914285714285715,-0.36,0,0,0,0,0,0,0,0,0,0,0,no mains / natural or DC,11
0,0,9,670,-0.8993804742576372,-0.31800286873989075,0.10919522690511796,7.988571428571428,-5.674285714285714,0.32,0,0,0,0,0,0,0,0,0,0,0,no mains / natural or DC,11
0,0,9,680,-0.8993804742576372,-0.31800286873989075,0.10919522690511796,7.988571428571428,-5.674285714285714,0.32,0,0,0,0,0,0,0,0,0,0,0,no mains / natural or DC,11
0,0,9,690,-0.9060335093234047,-0.326059755241554,0.108706930753502,8.257142857142858,-5.457142857142857,0.5257142857142857,0,0,0,0,0,0,0,0,0,0,0,no mains / natural or DC,11
0,0,9,700,-0.9060335093234047,-0.326059755241554,0.108706930753502,8.257142857142858,-4.182857142857143,0.6285714285714286,0,0,0,0,0,0,0,0,0,0,0,no mains / natural or DC,11
0,0,9,710,-0.9009063997314372,-0.3315530869472335,0.1119418927579577,8.2,-4.182857142857143,0.6285714285714286,0,0,0,0,0,0,0,0,0,0,0,no mains / natural or DC,11
0,0,9,720,-0.8945585497604297,-0.3346049378948332,0.11224707785271767,8.114285714285714,-2.52,1.16,0,0,0,0,0,0,0,0,0,0,0,no mains / natural or DC,11
0,0,9,730,-0.8945585497604297,-0.3346049378948332,0.11224707785271767,8.114285714285714,-2.52,1.16,0,0,0,0,0,0,0,0,0,0,0,no mains / natural or DC,11
0,0,9,740,-0.8864406262398145,-0.34040345469527267,0.11114841151158178,8.274285714285714,-0.3485714285714286,2.32,0,0,0,0,0,0,0,0,0,0,0,no mains / natural or DC,11
0,0,9,750,-0.8864406262398145,-0.34040345469527267,0.11114841151158178,8.274285714285714,-0.3485714285714286,2.32,0,0,0,0,0,0,0,0,0,0,0,no mains / natural or DC,11
0,0,9,760,-0.8767357402264473,-0.35291604358043155,0.11560411389507737,8.942857142857143,2.64,4.308571428571429,0,0,0,0,0,0,0,0,0,0,0,no mains / natural or DC,11
0,0,9,770,-0.8767357402264473,-0.35291604358043155,0.11560411389507737,8.942857142857143,2.64,4.308571428571429,0,0,0,0,0,0,0,0,0,0,0,no mains / natural or DC,11
0,0,9,780,-0.9150059511093478,-0.3778801843317972,0.14844203009125034,10.222857142857142,5.925714285714285,6.84,0,0,0,0,0,0,0,0,0,0,0,no mains / natural or DC,11
0,0,9,790,-0.9150059511093478,-0.3778801843317972,0.14844203009125034,10.222857142857142,5.925714285714285,6.84,0,0,0,0,0,0,0,0,0,0,0,no mains / natural or DC,11
0,0,9,800,-1.1820429090243232,-0.4218268379772332,0.16943876461073643,11.965714285714286,5.788571428571428,9.308571428571428,0,0,0,0,0,0,0,0,0,0,0,no mains / natural or DC,11
0,0,9,810,-1.1820429090243232,-0.4218268379772332,0.16943876461073643,11.965714285714286,5.788571428571428,9.308571428571428,0,0,0,0,0,0,0,0,0,0,0,no mains / natural or DC,11
0,0,9,820,-1.099581896420179,-0.4992217780083621,0.2022156437879574,13.485714285714286,9.90857142857143,17.422857142857143,0,0,0,0,0,0,0,0,0,0,0,no mains / natural or DC,11
0,0,9,830,-1.099581896420179,-0.4992217780083621,0.2022156437879574,13.485714285714286,9.90857142857143,17.422857142857143,0,0,0,0,0,0,0,0,0,0,0,no mains / natural or DC,11
0,0,9,840,-0.9794000061037019,-0.4695577867976928,0.2305368205816828,12.4,17.302857142857142,21.21142857142857,0,0,0,0,0,0,0,0,0,0,0,no mains / natural or DC,11
0,0,9,850,-0.9794000061037019,-0.5304116946928312,0.27564317758720663,11.571428571428571,10.937142857142858,20.34857142857143,0,0,0,0,0,0,0,0,0,0,0,no mains / natural or DC,11
0,0,9,860,-1.0527054658650472,-0.5304116946928312,0.27564317758720663,11.571428571428571,10.937142857142858,20.34857142857143,0,0,0,0,0,0,0,0,0,0,0,no mains / natural or DC,11
0,0,9,870,-0.9829401532029176,-0.5440229499191259,0.3191015350810266,8.537142857142857,9.817142857142857,19.942857142857143,0,0,0,0,0,0,0,0,0,0,0,no mains / natural or DC,11
0,0,9,880,-0.9829401532029176,-0.5440229499191259,0.3191015350810266,8.537142857142857,9.817142857142857,19.942857142857143,0,0,0,0,0,0,0,0,0,0,0,no mains / natural or DC,11
0,0,9,890,-0.9905697805719169,-0.5260780663472396,0.3114719077120273,5.9314285714285715,4.491428571428571,15.131428571428572,0,0,0,0,0,0,0,0,0,0,0,no mains / natural or DC,11
0,0,9,900,-0.9905697805719169,-0.5260780663472396,0.3114719077120273,5.9314285714285715,4.491428571428571,15.131428571428572,0,0,0,0,0,0,0,0,0,0,0,no mains / natural or DC,11
0,0,9,910,-0.9801934873500778,-0.5071565904721214,0.3182470168156987,4.497142857142857,0.49714285714285716,11.662857142857144,0,0,0,0,0,0,0,0,0,0,0,no mains / natural or DC,11
0,0,9,920,-0.9801934873500778,-0.5071565904721214,0.3182470168156987,4.497142857142857,0.49714285714285716,11.662857142857144,0,0,0,0,0,0,0,0,0,0,0,no mains / natural or DC,11
0,0,9,930,-0.9072542497024445,-0.45612964262825406,0.3029877620777001,4.114285714285714,2.834285714285714,11.405714285714286,0,0,0,0,0,0,0,0,0,0,0,no mains / natural or DC,11
0,0,9,940,-0.9072542497024445,-0.45612964262825406,0.3029877620777001,4.114285714285714,2.834285714285714,11.405714285714286,0,0,0,0,0,0,0,0,0,0,0,no mains / natural or DC,11
0,0,9,950,-0.8572649311807611,-0.40595721304971466,0.28864406262398146,4.565714285714286,6.217142857142857,14.108571428571429,0,0,0,0,0,0,0,0,0,0,0,no mains / natural or DC,11
0,0,9,960,-0.8572649311807611,-0.40595721304971466,0.28864406262398146,4.565714285714286,6.217142857142857,14.108571428571429,0,0,0,0,0,0,0,0,0,0,0,no mains / natural or DC,11
0,0,9,970,-0.8294320505386517,-0.36274300363170264,0.27204199346903896,5.291428571428572,10.205714285714286,19.748571428571427,0,0,0,0,0,0,0,0,0,0,0,no mains / natural or DC,11
0,0,9,980,-0.8294320505386517,-0.36274300363170264,0.27204199346903896,5.674285714285714,14.822857142857142,26.405714285714286,0,0,0,0,0,0,0,0,0,0,0,no mains / natural or DC,11
0,0,9,990,-0.80397961363567,-0.3114108706930753,0.2447584459974975,5.674285714285714,14.822857142857142,26.405714285714286,0,0,0,0,0,0,0,0,0,0,0,no mains / natural or DC,11
0,0,10,0,-0.7938474684896389,-0.2591631824701682,0.21369060335093235,6.074285714285714,17.04,30.217142857142857,0,0,0,0,0,0,0,0,0,0,0,no mains / natural or DC,11
0,0,10,10,-0.7938474684896389,-0.2591631824701682,0.21369060335093235,6.074285714285714,17.04,30.217142857142857,0,0,0,0,0,0,0,0,0,0,0,no mains / natural or DC,11
0,0,10,20,-0.7983642078920865,-0.22211371196630755,0.19806512649922178,6.468571428571429,17.068571428571428,31.337142857142858,0,0,0,0,0,0,0,0,0,0,0,no mains / natural or DC,11
0,0,10,30,-0.7983642078920865,-0.22211371196630755,0.19806512649922178,6.468571428571429,17.068571428571428,31.337142857142858,0,0,0,0,0,0,0,0,0,0,0,no mains / natural or DC,11
0,0,10,40,-0.8301644947660757,-0.19067964720603045,0.19208349864192634,6.622857142857143,15.462857142857143,31.017142857142858,0,0,0,0,0,0,0,0,0,0,0,no mains / natural or DC,11
0,0,10,50,-0.8301644947660757,-0.19067964720603045,0.19208349864192634,6.622857142857143,15.462857142857143,31.017142857142858,0,0,0,0,0,0,0,0,0,0,0,no mains / natural or DC,11
0,0,10,60,-0.8790551469466231,-0.18884853663747062,0.19067964720603045,6.514285714285714,12.257142857142858,29.97714285714286,0,0,0,0,0,0,0,0,0,0,0,no mains / natural or DC,11
0,0,10,70,-0.8790551469466231,-0.18884853663747062,0.19067964720603045,6.514285714285714,12.257142857142858,29.97714285714286,0,0,0,0,0,0,0,0,0,0,0,no mains / natural or DC,11
0,0,10,80,-0.9007232886745812,-0.17456587420270395,0.18488113040559098,6.131428571428572,10.262857142857143,28.388571428571428,0,0,0,0,0,0,0,0,0,0,0,no mains / natural or DC,11
0,0,10,90,-0.9007232886745812,-0.17456587420270395,0.18488113040559098,6.131428571428572,10.262857142857143,28.388571428571428,0,0,0,0,0,0,0,0,0,0,0,no mains / natural or DC,11
0,0,10,100,-0.9477217932676169,-0.17017120883816034,0.17450483718375195,5.8342857142857145,8.554285714285715,24.268571428571427,0,0,0,0,0,0,0,0,0,0,0,no mains / natural or DC,11
0,0,10,110,-0.9477217932676169,-0.17017120883816034,0.17450483718375195,5.8342857142857145,8.554285714285715,19.08,0,0,0,0,0,0,0,0,0,0,0,no mains / natural or DC,11
0,0,10,120,-0.9661549729911191,-0.17407757805108798,0.17322305978576005,5.731428571428571,7.948571428571428,19.08,0,0,0,0,0,0,0,0,0,0,0,no mains / natural or DC,11
0,0,10,130,-0.945341349528489,-0.1706595049897763,0.1675466170232246,5.782857142857143,8.445714285714285,13.457142857142857,0,0,0,0,0,0,0,0,0,0,0,no mains / natural or DC,11
0,0,10,140,-0.945341349528489,-0.1706595049897763,0.1675466170232246,5.782857142857143,8.445714285714285,13.457142857142857,0,0,0,0,0,0,0,0,0,0,0,no mains / natural or DC,11
0,0,10,150,-0.9186071352275155,-0.17658009582811976,0.17035431989501632,6.022857142857143,7.685714285714286,7.491428571428571,0,0,0,0,0,0,0,0,0,0,0,no mains / natural or DC,11
0,0,10,160,-0.9186071352275155,-0.17658009582811976,0.17035431989501632,6.022857142857143,7.685714285714286,7.491428571428571,0,0,0,0,0,0,0,0,0,0,0,no mains / natural or DC,11
0,0,10,170,-0.9096957304605243,-0.1760307626575518,0.16138187810907315,6.3028571428571425,5.908571428571428,2.0914285714285716,0,0,0,0,0,0,0,0,0,0,0,no mains / natural or DC,11
0,0,10,180,-0.9096957304605243,-0.1760307626575518,0.16138187810907315,6.3028571428571425,5.908571428571428,2.0914285714285716,0,0,0,0,0,0,0,0,0,0,0,no mains / natural or DC,11
0,0,10,190,-0.9042023987548448,-0.18384350108340708,0.1577196569719535,6.211428571428572,4.16,-2.257142857142857,0,0,0,0,0,0,0,0,0,0,0,no mains / natural or DC,11
0,0,10,200,-0.9042023987548448,-0.18384350108340708,0.1577196569719535,6.211428571428572,4.16,-2.257142857142857,0,0,0,0,0,0,0,0,0,0,0,no mains / natural or DC,11
0,0,10,210,-0.8902249214148381,-0.1771904660176397,0.15137180700094607,5.611428571428571,3.4114285714285715,-4.9714285714285715,0,0,0,0,0,0,0,0,0,0,0,no mains / natural or DC,11
0,0,10,220,-0.8902249214148381,-0.1771904660176397,0.15137180700094607,5.611428571428571,3.4114285714285715,-4.9714285714285715,0,0,0,0,0,0,0,0,0,0,0,no mains / natural or DC,11
0,0,10,230,-0.8896145512253182,-0.1706595049897763,0.1455732902005066,4.84,3.137142857142857,-6.331428571428572,0,0,0,0,0,0,0,0,0,0,0,no mains / natural or DC,11
0,0,10,240,-0.8896145512253182,-0.1706595049897763,0.1455732902005066,4.84,3.137142857142857,-6.331428571428572,0,0,0,0,0,0,0,0,0,0,0,no mains / natural or DC,11
0,0,10,250,-0.9000518814661091,-0.16675313577684867,0.14380321665089876,3.994285714285714,3.2685714285714287,-6.777142857142858,0,0,0,0,0,0,0,0,0,0,0,no mains / natural or DC,11
0,0,10,260,-0.9000518814661091,-0.16675313577684867,0.1423993652150029,3.177142857142857,3.257142857142857,-6.531428571428571,0,0,0,0,0,0,0,0,0,0,0,no mains / natural or DC,11
0,0,10,270,-0.9065828424939726,-0.15918454542680135,0.1423993652150029,3.177142857142857,3.257142857142857,-6.531428571428571,0,0,0,0,0,0,0,0,0,0,0,no mains / natural or DC,11
0,0,10,280,-0.9063386944181646,-0.15057832575457014,0.1402630695516831,2.4857142857142858,3.0114285714285716,-5.577142857142857,0,0,0,0,0,0,0,0,0,0,0,no mains / natural or DC,11
0,0,10,290,-0.9063386944181646,-0.15057832575457014,0.1402630695516831,2.4857142857142858,3.0114285714285716,-5.577142857142857,0,0,0,0,0,0,0,0,0,0,0,no mains / natural or DC,11
0,0,10,300,-0.9125034333323161,-0.14697714163640246,0.13538010803552356,1.9542857142857142,2.474285714285714,-4.32,0,0,0,0,0,0,0,0,0,0,0,no mains / natural or DC,11
0,0,10,310,-0.9125034333323161,-0.14697714163640246,0.13538010803552356,1.9542857142857142,2.474285714285714,-4.32,0,0,0,0,0,0,0,0,0,0,0,no mains / natural or DC,11
0,0,10,320,-0.9317300943021943,-0.14630573442793054,0.12982573931089206,1.4742857142857142,1.9314285714285715,-3.5485714285714285,0,0,0,0,0,0,0,0,0,0,0,no mains / natural or DC,11
0,0,10,330,-0.9317300943021943,-0.14630573442793054,0.12982573931089206,1.4742857142857142,1.9314285714285715,-3.5485714285714285,0,0,0,0,0,0,0,0,0,0,0,no mains / natural or DC,11
0,0,10,340,-0.9414349803155614,-0.14642780846583453,0.12414929654835657,1.0685714285714285,1.6628571428571428,-3.645714285714286,0,0,0,0,0,0,0,0,0,0,0,no mains / natural or DC,11
0,0,10,350,-0.9414349803155614,-0.14642780846583453,0.12414929654835657,1.0685714285714285,1.6628571428571428,-3.645714285714286,0,0,0,0,0,0,0,0,0,0,0,no mains / natural or DC,11
0,0,10,360,-0.9386272774437696,-0.13745536667989136,0.11621448408459731,0.7714285714285715,2.0228571428571427,-3.8857142857142857,0,0,0,0,0,0,0,0,0,0,0,no mains / natural or DC,11
0,0,10,370,-0.9386272774437696,-0.13745536667989136,0.11621448408459731,0.7714285714285715,2.0228571428571427,-3.8857142857142857,0,0,0,0,0,0,0,0,0,0,0,no mains / natural or DC,11
0,0,10,380,-0.9353923154393139,-0.13214514603106783,0.1076082644123661,0.5942857142857143,2.337142857142857,-4.0685714285714285,0,0,0,0,0,0,0,0,0,0,0,no mains / natural or DC,11
0,0,10,390,-0.9353923154393139,-0.13214514603106783,0.1076082644123661,0.5942857142857143,2.9371428571428573,-3.817142857142857,0,0,0,0,0,0,0,0,0,0,0,no mains / natural or DC,11
0,0,10,400,-0.9269081698049867,-0.1281777397991882,0.10065004425183874,0.38857142857142857,2.9371428571428573,-3.817142857142857,0,0,0,0,0,0,0,0,0,0,0,no mains / natural or DC,11
0,0,10,410,-0.9210486159855953,-0.12732322153386028,0.09698782311471908,0.05714285714285714,3.0342857142857143,-3.6228571428571428,0,0,0,0,0,0,0,0,0,0,0,no mains / natural or DC,11
0,0,10,420,-0.9210486159855953,-0.12732322153386028,0.09698782311471908,0.05714285714285714,3.0342857142857143,-3.6228571428571428,0,0,0,0,0,0,0,0,0,0,0,no mains / natural or DC,11
0,0,10,430,-0.9183019501327555,-0.12964262825403608,0.09393597216711935,-0.4,2.3771428571428572,-3.394285714285714,0,0,0,0,0,0,0,0,0,0,0,no mains / natural or DC,11
0,0,10,440,-0.9183019501327555,-0.12964262825403608,0.09393597216711935,-0.4,2.3771428571428572,-3.394285714285714,0,0,0,0,0,0,0,0,0,0,0,no mains / natural or DC,11
0,0,10,450,-0.9214148380993072,-0.12872707296975616,0.08728293710135197,-1.0514285714285714,1.44,-3.2114285714285713,0,0,0,0,0,0,0,0,0,0,0,no mains / natural or DC,11
0,0,10,460,-0.9214148380993072,-0.12872707296975616,0.08728293710135197,-1.0514285714285714,1.44,-3.2114285714285713,0,0,0,0,0,0,0,0,0,0,0,no mains / natural or DC,11
0,0,10,470,-0.923612170781579,-0.13080233161412397,0.08471938230536821,-1.76,0.6171428571428571,-3.4285714285714284,0,0,0,0,0,0,0,0,0,0,0,no mains / natural or DC,11
0,0,10,480,-0.923612170781579,-0.13080233161412397,0.08471938230536821,-1.76,0.6171428571428571,-3.4285714285714284,0,0,0,0,0,0,0,0,0,0,0,no mains / natural or DC,11
0,0,10,490,-0.9321573534348583,-0.13104647968993194,0.07916501358073672,-2.3771428571428572,0.05142857142857143,-3.857142857142857,0,0,0,0,0,0,0,0,0,0,0,no mains / natural or DC,11
0,0,10,500,-0.9321573534348583,-0.13104647968993194,0.07916501358073672,-2.3771428571428572,0.05142857142857143,-3.857142857142857,0,0,0,0,0,0,0,0,0,0,0,no mains / natural or DC,11
0,0,10,510,-0.9424115726187933,-0.1315347758415479,0.07660145878475295,-2.7257142857142855,0.10285714285714286,-4.1657142857142855,0,0,0,0,0,0,0,0,0,0,0,no mains / natural or DC,11
0,0,10,520,-0.9424115726187933,-0.1315347758415479,0.07660145878475295,-2.7257142857142855,0.10285714285714286,-4.1657142857142855,0,0,0,0,0,0,0,0,0,0,0,no mains / natural or DC,11
0,0,10,530,-0.967741935483871,-0.141422772911771,0.07910397656178472,-2.8114285714285714,0.30857142857142855,-4.4,0,0,0,0,0,0,0,0,0,0,0,no mains / natural or DC,11
0,0,10,540,-0.9833674123355816,-0.15076143681142612,0.08398693807794427,-2.525714285714286,-0.011428571428571429,-4.72,0,0,0,0,0,0,0,0,0,0,0,no mains / natural or DC,11
0,0,10,550,-0.97750785851619,-0.15076143681142612,0.08398693807794427,-2.525714285714286,-0.011428571428571429,-4.72,0,0,0,0,0,0,0,0,0,0,0,no mains / natural or DC,11
0,0,10,560,-0.9842829676198614,-0.15198217719046603,0.08899197363200781,-2.12,-0.9085714285714286,-4.88,0,0,0,0,0,0,0,0,0,0,0,no mains / natural or DC,11
0,0,10,570,-0.9842829676198614,-0.15198217719046603,0.08899197363200781,-2.12,-0.9085714285714286,-4.88,0,0,0,0,0,0,0,0,0,0,0,no mains / natural or DC,11
0,0,10,580,-1.0086977752006592,-0.16290780358287302,0.09680471205786309,-1.822857142857143,-2.4285714285714284,-4.6,0,0,0,0,0,0,0,0,0,0,0,no mains / natural or DC,11
0,0,10,590,-1.0086977752006592,-0.16290780358287302,0.09680471205786309,-1.822857142857143,-2.4285714285714284,-4.6,0,0,0,0,0,0,0,0,0,0,0,no mains / natural or DC,11
0,0,10,600,-1.0367137668996247,-0.17316202276680806,0.10351878414258248,-1.8,-3.6857142857142855,-4.154285714285714,0,0,0,0,0,0,0,0,0,0,0,no mains / natural or DC,11
0,0,10,610,-1.0367137668996247,-0.17316202276680806,0.10351878414258248,-1.8,-3.6857142857142855,-4.154285714285714,0,0,0,0,0,0,0,0,0,0,0,no mains / natural or DC,11
0,0,10,620,-1.0497756889553513,-0.18280587176122318,0.11273537400433363,-2.2914285714285714,-3.6,-3.565714285714286,0,0,0,0,0,0,0,0,0,0,0,no mains / natural or DC,11
0,0,10,630,-1.0497756889553513,-0.18280587176122318,0.11273537400433363,-2.2914285714285714,-3.6,-3.565714285714286,0,0,0,0,0,0,0,0,0,0,0,no mains / natural or DC,11
0,0,10,640,-1.0362254707480087,-0.1870174260689108,0.12256233405560472,-3.1028571428571428,-2.7485714285714287,-2.857142857142857,0,0,0,0,0,0,0,0,0,0,0,no mains / natural or DC,11
0,0,10,650,-1.0362254707480087,-0.1870174260689108,0.12256233405560472,-3.1028571428571428,-2.7485714285714287,-2.857142857142857,0,0,0,0,0,0,0,0,0,0,0,no mains / natural or DC,11
0,0,10,660,-1.0233466597491379,-0.18964201788384655,0.13080233161412397,-4.085714285714285,-1.6571428571428573,-2.2685714285714287,0,0,0,0,0,0,0,0,0,0,0,no mains / natural or DC,11
0,0,10,670,-1.0233466597491379,-0.18964201788384655,0.13080233161412397,-5.114285714285714,-0.17714285714285713,-1.0571428571428572,0,0,0,0,0,0,0,0,0,0,0,no mains / natural or DC,11
0,0,10,680,-1.0089419232764671,-0.19385357219153415,0.1336710715048677,-5.114285714285714,-0.17714285714285713,-1.0571428571428572,0,0,0,0,0,0,0,0,0,0,0,no mains / natural or DC,11
0,0,10,690,-0.9925229651783807,-0.19098483230079044,0.13458662678914762,-6.005714285714285,2.0628571428571427,0.6742857142857143,0,0,0,0,0,0,0,0,0,0,0,no mains / natural or DC,11
0,0,10,700,-0.9925229651783807,-0.19098483230079044,0.13458662678914762,-6.005714285714285,2.0628571428571427,0.6742857142857143,0,0,0,0,0,0,0,0,0,0,0,no mains / natural or DC,11
0,0,10,710,-1.1222876674703208,-0.19647816400646992,0.141300698873867,-6.48,2.5714285714285716,1.8514285714285714,0,0,0,0,0,0,0,0,0,0,0,no mains / natural or DC,11
0,0,10,720,-1.1222876674703208,-0.19647816400646992,0.141300698873867,-6.48,2.5714285714285716,1.8514285714285714,0,0,0,0,0,0,0,0,0,0,0,no mains / natural or DC,11
0,0,10,730,-1.109775078585162,-0.22962126529740287,0.14288766136661885,-6.091428571428572,2.36,4.588571428571429,0,0,0,0,0,0,0,0,0,0,0,no mains / natural or DC,11
0,0,10,740,-1.109775078585162,-0.22962126529740287,0.14288766136661885,-6.091428571428572,2.36,4.588571428571429,0,0,0,0,0,0,0,0,0,0,0,no mains / natural or DC,11
0,0,10,750,-1.0190130314035462,-0.18878749961851862,0.11871700186162908,-6.102857142857143,4.742857142857143,9.102857142857143,0,0,0,0,0,0,0,0,0,0,0,no mains / natural or DC,11
0,0,10,760,-1.0190130314035462,-0.18878749961851862,0.11871700186162908,-6.102857142857143,4.742857142857143,9.102857142857143,0,0,0,0,0,0,0,0,0,0,0,no mains / natural or DC,11
0,0,10,770,-1.0925626392406995,-0.25391399884029664,0.10998870815149388,-5.92,0.28,9.897142857142857,0,0,0,0,0,0,0,0,0,0,0,no mains / natural or DC,11
0,0,10,780,-1.0925626392406995,-0.25391399884029664,0.10998870815149388,-5.92,0.28,9.897142857142857,0,0,0,0,0,0,0,0,0,0,0,no mains / natural or DC,11
0,0,10,790,-1.1296121097445602,-0.2709433271279031,0.08355967894528031,-6.394285714285714,-0.5885714285714285,10.474285714285715,0,0,0,0,0,0,0,0,0,0,0,no mains / natural or DC,11
0,0,10,800,-1.1296121097445602,-0.2709433271279031,0.08355967894528031,-6.394285714285714,-2.0514285714285716,8.611428571428572,0,0,0,0,0,0,0,0,0,0,0,no mains / natural or DC,11
0,0,10,810,-1.150852992339854,-0.2794885097811823,0.07025360881374554,-6.474285714285714,-2.057142857142857,8.611428571428572,0,0,0,0,0,0,0,0,0,0,0,no mains / natural or DC,11
0,0,10,820,-1.1251564073610645,-0.25495162816248057,0.05029450361644337,-6.08,-2.2857142857142856,8.411428571428571,0,0,0,0,0,0,0,0,0,0,0,no mains / natural or DC,11
0,0,10,830,-1.1251564073610645,-0.25495162816248057,0.05029450361644337,-6.08,-2.2857142857142856,8.411428571428571,0,0,0,0,0,0,0,0,0,0,0,no mains / natural or DC,11
0,0,10,840,-0.9961851863155003,-0.24945829645680104,0.0314951017792291,-5.188571428571429,-2.2285714285714286,10.531428571428572,0,0,0,0,0,0,0,0,0,0,0,no mains / natural or DC,11
0,0,10,850,-0.9961851863155003,-0.24945829645680104,0.0314951017792291,-5.188571428571429,-2.2285714285714286,10.531428571428572,0,0,0,0,0,0,0,0,0,0,0,no mains / natural or DC,11
0,0,10,860,-0.8725852229377117,-0.24109622486037782,0.011047700430310984,-4.428571428571429,-2.354285714285714,10.605714285714285,0,0,0,0,0,0,0,0,0,0,0,no mains / natural or DC,11
0,0,10,870,-0.8725852229377117,-0.24109622486037782,0.011047700430310984,-4.428571428571429,-2.354285714285714,10.605714285714285,0,0,0,0,0,0,0,0,0,0,0,no mains / natural or DC,11
0,0,10,880,-0.8360850856044191,-0.22229682302316356,-0.0018311105685598315,-3.64,-3.045714285714286,9.137142857142857,0,0,0,0,0,0,0,0,0,0,0,no mains / natural or DC,11
0,0,10,890,-0.8360850856044191,-0.22229682302316356,-0.0018311105685598315,-3.64,-3.045714285714286,9.137142857142857,0,0,0,0,0,0,0,0,0,0,0,no mains / natural or DC,11
0,0,10,900,-0.8418225653859066,-0.2150334177678762,-0.02197332682271798,-2.8457142857142856,-2.88,8.674285714285714,0,0,0,0,0,0,0,0,0,0,0,no mains / natural or DC,11
0,0,10,910,-0.8418225653859066,-0.2150334177678762,-0.02197332682271798,-2.8457142857142856,-2.88,8.674285714285714,0,0,0,0,0,0,0,0,0,0,0,no mains / natural or DC,11
0,0,10,920,-0.8287606433301797,-0.19910275582140569,-0.04187139500106815,-2.5142857142857142,-0.72,9.382857142857143,0,0,0,0,0,0,0,0,0,0,0,no mains / natural or DC,11
0,0,10,930,-0.8287606433301797,-0.19910275582140569,-0.04187139500106815,-2.5142857142857142,-0.72,9.382857142857143,0,0,0,0,0,0,0,0,0,0,0,no mains / natural or DC,11
0,0,10,940,-0.8378551591540269,-0.1867732779931028,-0.04968413342692343,-2.8057142857142856,1.3942857142857144,10.16,0,0,0,0,0,0,0,0,0,0,0,no mains / natural or DC,11
0,0,10,950,-0.8378551591540269,-0.1867732779931028,-0.049073763237403485,-3.474285714285714,2.125714285714286,10.297142857142857,0,0,0,0,0,0,0,0,0,0,0,no mains / natural or DC,11
0,0,10,960,-0.8680684835352641,-0.18536942655720695,-0.049073763237403485,-3.474285714285714,2.125714285714286,10.297142857142857,0,0,0,0,0,0,0,0,0,0,0,no mains / natural or DC,11
0,0,10,970,-0.9087801751762444,-0.1816461684011353,-0.04284798730430006,-4.091428571428572,1.3257142857142856,8.811428571428571,0,0,0,0,0,0,0,0,0,0,0,no mains / natural or DC,11
0,0,10,980,-0.9087801751762444,-0.1816461684011353,-0.04284798730430006,-4.091428571428572,1.3257142857142856,8.811428571428571,0,0,0,0,0,0,0,0,0,0,0,no mains / natural or DC,11
0,0,10,990,-0.9360637226477859,-0.1793267616809595,-0.03430280465102084,-4.188571428571429,-0.8171428571428572,5.56,0,0,0,0,0,0,0,0,0,0,0,no mains / natural or DC,11
0,0,11,0,-0.9360637226477859,-0.1793267616809595,-0.03430280465102084,-4.188571428571429,-0.8171428571428572,5.56,0,0,0,0,0,0,0,0,0,0,0,no mains / natural or DC,11
0,0,11,10,-0.9428998687704092,-0.17334513382366407,-0.01989806817835017,-3.645714285714286,-4.388571428571429,0.6628571428571428,0,0,0,0,0,0,0,0,0,0,0,no mains / natural or DC,11
0,0,11,20,-0.9428998687704092,-0.17334513382366407,-0.01989806817835017,-3.645714285714286,-4.388571428571429,0.6628571428571428,0,0,0,0,0,0,0,0,0,0,0,no mains / natural or DC,11
0,0,11,30,-0.9450361644337291,-0.1704153569139683,-0.0006714072084719382,-2.4685714285714284,-8.337142857142856,-4.731428571428571,0,0,0,0,0,0,0,0,0,0,0,no mains / natural or DC,11
0,0,11,40,-0.9450361644337291,-0.1704153569139683,-0.0006714072084719382,-2.4685714285714284,-8.337142857142856,-4.731428571428571,0,0,0,0,0,0,0,0,0,0,0,no mains / natural or DC,11
0,0,11,50,-0.945646534623249,-0.17310098574785607,0.026490066225165563,-1.0742857142857143,-11.44,-9.274285714285714,0,0,0,0,0,0,0,0,0,0,0,no mains / natural or DC,11
0,0,11,60,-0.945646534623249,-0.17310098574785607,0.026490066225165563,-1.0742857142857143,-11.44,-9.274285714285714,0,0,0,0,0,0,0,0,0,0,0,no mains / natural or DC,11
0,0,11,70,-0.9303262428662984,-0.18097476119266334,0.0511490218817713,0.25142857142857145,-13.6,-12.268571428571429,0,0,0,0,0,0,0,0,0,0,0,no mains / natural or DC,11
0,0,11,80,-0.9303262428662984,-0.18097476119266334,0.0511490218817713,1.3942857142857144,-14.622857142857143,-13.737142857142857,0,0,0,0,0,0,0,0,0,0,0,no mains / natural or DC,11
0,0,11,90,-0.8948637348551897,-0.17572557756279183,0.061647389141514325,1.3942857142857144,-14.622857142857143,-13.737142857142857,0,0,0,0,0,0,0,0,0,0,0,no mains / natural or DC,11
0,0,11,100,-0.8886379589220862,-0.1752983184301279,0.07318338572344127,2.3257142857142856,-14.857142857142858,-14.451428571428572,0,0,0,0,0,0,0,0,0,0,0,no mains / natural or DC,11
0,0,11,110,-0.8886379589220862,-0.1752983184301279,0.07318338572344127,2.3257142857142856,-14.857142857142858,-14.451428571428572,0,0,0,0,0,0,0,0,0,0,0,no mains / natural or DC,11
0,0,11,120,-0.8901638843958861,-0.17145298623615224,0.08081301309244057,3.1942857142857144,-14.314285714285715,-13.834285714285715,0,0,0,0,0,0,0,0,0,0,0,no mains / natural or DC,11
0,0,11,130,-0.8901638843958861,-0.17145298623615224,0.08081301309244057,3.1942857142857144,-14.314285714285715,-13.834285714285715,0,0,0,0,0,0,0,0,0,0,0,no mains / natural or DC,11
0,0,11,140,-0.8963896603289895,-0.16479995117038485,0.08429212317270425,3.9371428571428573,-12.942857142857143,-12.045714285714286,0,0,0,0,0,0,0,0,0,0,0,no mains / natural or DC,11
0,0,11,150,-0.8963896603289895,-0.16479995117038485,0.08429212317270425,3.9371428571428573,-12.942857142857143,-12.045714285714286,0,0,0,0,0,0,0,0,0,0,0,no mains / natural or DC,11
0,0,11,160,-0.8985869930112613,-0.1554002502517777,0.08142338328196051,4.708571428571428,-11.08,-9.457142857142857,0,0,0,0,0,0,0,0,0,0,0,no mains / natural or DC,11
0,0,11,170,-0.8985869930112613,-0.1554002502517777,0.08142338328196051,4.708571428571428,-11.08,-9.457142857142857,0,0,0,0,0,0,0,0,0,0,0,no mains / natural or DC,11
0,0,11,180,-0.9063997314371166,-0.14166692098757896,0.07538071840571306,5.565714285714286,-8.434285714285714,-6.571428571428571,0,0,0,0,0,0,0,0,0,0,0,no mains / natural or DC,11
0,0,11,190,-0.9063997314371166,-0.14166692098757896,0.07538071840571306,5.565714285714286,-8.434285714285714,-6.571428571428571,0,0,0,0,0,0,0,0,0,0,0,no mains / natural or DC,11
0,0,11,200,-0.9205603198339793,-0.13446455275124364,0.06933805352946562,6.497142857142857,-5.382857142857143,-3.56,0,0,0,0,0,0,0,0,0,0,0,no mains / natural or DC,11
0,0,11,210,-0.9205603198339793,-0.13446455275124364,0.06933805352946562,6.497142857142857,-5.382857142857143,-0.6342857142857142,0,0,0,0,0,0,0,0,0,0,0,no mains / natural or DC,11
0,0,11,220,-0.9249549851985229,-0.13434247871333965,0.058534501174962617,7.462857142857143,-2.1542857142857144,-0.9657142857142857,0,0,0,0,0,0,0,0,0,0,0,no mains / natural or DC,11
0,0,11,230,-0.9266640217291787,-0.13867610705893124,0.0488906521805475,8.251428571428571,0.5314285714285715,0.30857142857142855,0,0,0,0,0,0,0,0,0,0,0,no mains / natural or DC,11
0,0,11,240,-0.9266640217291787,-0.13867610705893124,0.0488906521805475,8.251428571428571,0.5314285714285715,0.30857142857142855,0,0,0,0,0,0,0,0,0,0,0,no mains / natural or DC,11
0,0,11,250,-0.923856318857387,-0.13812677388836328,0.04052858058412427,8.817142857142857,2.44,0.6,0,0,0,0,0,0,0,0,0,0,0,no mains / natural or DC,11
0,0,11,260,-0.923856318857387,-0.13812677388836328,0.04052858058412427,8.817142857142857,2.44,0.6,0,0,0,0,0,0,0,0,0,0,0,no mains / natural or DC,11
0,0,11,270,-0.9223303933835871,-0.13946958830530717,0.027405621509445477,9.2,3.64,0.5542857142857143,0,0,0,0,0,0,0,0,0,0,0,no mains / natural or DC,11
0,0,11,280,-0.9223303933835871,-0.13946958830530717,0.027405621509445477,9.2,3.64,0.5542857142857143,0,0,0,0,0,0,0,0,0,0,0,no mains / natural or DC,11
0,0,11,290,-0.923368022705771,-0.1392254402294992,0.015625476851710562,9.342857142857143,4.622857142857143,0.18857142857142858,0,0,0,0,0,0,0,0,0,0,0,no mains / natural or DC,11
0,0,11,300,-0.923368022705771,-0.1392254402294992,0.015625476851710562,9.342857142857143,4.622857142857143,0.18857142857142858,0,0,0,0,0,0,0,0,0,0,0,no mains / natural or DC,11
0,0,11,310,-0.9250770592364269,-0.14294869838557084,0.00640888698995941,9.491428571428571,5.011428571428572,-0.6857142857142857,0,0,0,0,0,0,0,0,0,0,0,no mains / natural or DC,11
0,0,11,320,-0.9250770592364269,-0.14294869838557084,0.00640888698995941,9.491428571428571,5.011428571428572,-0.6857142857142857,0,0,0,0,0,0,0,0,0,0,0,no mains / natural or DC,11
0,0,11,330,-0.8962675862910855,-0.1380046998504593,0.005127109591967528,9.645714285714286,4.674285714285714,-1.28,0,0,0,0,0,0,0,0,0,0,0,no mains / natural or DC,11
0,0,11,340,-0.8962675862910855,-0.1380046998504593,0.005127109591967528,9.645714285714286,4.674285714285714,-1.28,0,0,0,0,0,0,0,0,0,0,0,no mains / natural or DC,11
0,0,11,350,-0.8704489272743919,-0.12567522202215645,0.00598162785729545,9.691428571428572,3.4628571428571426,-0.6285714285714286,0,0,0,0,0,0,0,0,0,0,0,no mains / natural or DC,11
0,0,11,360,-0.8704489272743919,-0.12567522202215645,0.00598162785729545,9.582857142857144,1.3428571428571427,0.5314285714285715,0,0,0,0,0,0,0,0,0,0,0,no mains / natural or DC,11
0,0,11,370,-0.9056672872096927,-0.13415936765648365,0.011474959562974944,9.582857142857144,1.3428571428571427,0.5314285714285715,0,0,0,0,0,0,0,0,0,0,0,no mains / natural or DC,11
0,0,11,380,-0.9355143894772179,-0.13861507003997925,0.02227851191747795,9.205714285714286,0.6914285714285714,2.6,0,0,0,0,0,0,0,0,0,0,0,no mains / natural or DC,11
0,0,11,390,-0.9355143894772179,-0.13861507003997925,0.02227851191747795,9.205714285714286,0.6914285714285714,2.6,0,0,0,0,0,0,0,0,0,0,0,no mains / natural or DC,11
0,0,11,400,-0.9671926023133031,-0.13556321909237953,0.03167821283608509,8.92,0.8457142857142858,5.485714285714286,0,0,0,0,0,0,0,0,0,0,0,no mains / natural or DC,11
0,0,11,410,-0.9671926023133031,-0.13556321909237953,0.03167821283608509,8.92,0.8457142857142858,5.485714285714286,0,0,0,0,0,0,0,0,0,0,0,no mains / natural or DC,11
0,0,11,420,-1.0209662160100101,-0.1347697378460036,0.03759880367442854,9.154285714285715,0.6514285714285715,8.394285714285715,0,0,0,0,0,0,0,0,0,0,0,no mains / natural or DC,11
0,0,11,430,-1.0209662160100101,-0.1347697378460036,0.03759880367442854,9.154285714285715,0.6514285714285715,8.394285714285715,0,0,0,0,0,0,0,0,0,0,0,no mains / natural or DC,11
0,0,11,440,-1.0588702047791987,-0.13293862727744377,0.0391247291482284,10.04,0.8628571428571429,11.377142857142857,0,0,0,0,0,0,0,0,0,0,0,no mains / natural or DC,11
0,0,11,450,-1.0588702047791987,-0.13293862727744377,0.0391247291482284,10.04,0.8628571428571429,11.377142857142857,0,0,0,0,0,0,0,0,0,0,0,no mains / natural or DC,11
0,0,11,460,-1.0698568681905576,-0.1380657368694113,0.043214209418012024,11.537142857142857,1.4514285714285715,13.514285714285714,0,0,0,0,0,0,0,0,0,0,0,no mains / natural or DC,11
0,0,11,470,-1.0698568681905576,-0.1380657368694113,0.043214209418012024,11.537142857142857,1.4514285714285715,13.514285714285714,0,0,0,0,0,0,0,0,0,0,0,no mains / natural or DC,11
0,0,11,480,-1.0600909451582385,-0.14838099307229835,0.05511642811365093,13.331428571428571,0.92,13.891428571428571,0,0,0,0,0,0,0,0,0,0,0,no mains / natural or DC,11
0,0,11,490,-1.0600909451582385,-0.14838099307229835,0.05511642811365093,14.794285714285714,-0.7314285714285714,13.474285714285715,0,0,0,0,0,0,0,0,0,0,0,no mains / natural or DC,11
0,0,11,500,-1.0490432447279274,-0.16132084109012115,0.06347849971007416,14.651428571428571,-0.7314285714285714,13.474285714285715,0,0,0,0,0,0,0,0,0,0,0,no mains / natural or DC,11
0,0,11,510,-1.1227149266029848,-0.16052735984374522,0.07617419965208899,15.177142857142858,-3.1142857142857143,12.12,0,0,0,0,0,0,0,0,0,0,0,no mains / natural or DC,11
0,0,11,520,-1.1227149266029848,-0.16052735984374522,0.07617419965208899,15.177142857142858,-3.1142857142857143,12.12,0,0,0,0,0,0,0,0,0,0,0,no mains / natural or DC,11
0,0,11,530,-1.3115634632404554,-0.17682424390392773,0.08575701162755212,15.554285714285715,-6.76,10.582857142857144,0,0,0,0,0,0,0,0,0,0,0,no mains / natural or DC,11
0,0,11,540,-1.3115634632404554,-0.17682424390392773,0.08575701162755212,15.554285714285715,-6.76,10.582857142857144,0,0,0,0,0,0,0,0,0,0,0,no mains / natural or DC,11
0,0,11,550,-1.0848719748527482,-0.16290780358287302,0.130436109500412,15.034285714285714,-4.297142857142857,15.817142857142857,0,0,0,0,0,0,0,0,0,0,0,no mains / natural or DC,11
0,0,11,560,-1.0848719748527482,-0.16290780358287302,0.130436109500412,15.034285714285714,-4.297142857142857,15.817142857142857,0,0,0,0,0,0,0,0,0,0,0,no mains / natural or DC,11
0,0,11,570,-1.1031830805383465,-0.12878810998870815,0.12262337107455672,13.085714285714285,-6.451428571428571,18.285714285714285,0,0,0,0,0,0,0,0,0,0,0,no mains / natural or DC,11
0,0,11,580,-1.1031830805383465,-0.12878810998870815,0.12262337107455672,13.085714285714285,-6.451428571428571,18.285714285714285,0,0,0,0,0,0,0,0,0,0,0,no mains / natural or DC,11
0,0,11,590,-1.1077608569597461,-0.1878109073152867,0.19391460921048617,10.571428571428571,-11.36,20.525714285714287,0,0,0,0,0,0,0,0,0,0,0,no mains / natural or DC,11
0,0,11,600,-1.1077608569597461,-0.1878109073152867,0.19391460921048617,10.571428571428571,-11.36,20.525714285714287,0,0,0,0,0,0,0,0,0,0,0,no mains / natural or DC,11
0,0,11,610,-0.9715872676778466,-0.15100558488723412,0.20850245674001283,7.017142857142857,-10.822857142857142,21.34857142857143,0,0,0,0,0,0,0,0,0,0,0,no mains / natural or DC,11
0,0,11,620,-0.9715872676778466,-0.15100558488723412,0.20850245674001283,7.017142857142857,-10.822857142857142,21.34857142857143,0,0,0,0,0,0,0,0,0,0,0,no mains / natural or DC,11
0,0,11,630,-0.9510177922910245,-0.14825891903439437,0.24524674214911343,3.7485714285714287,-14.337142857142856,17.537142857142857,0,0,0,0,0,0,0,0,0,0,0,no mains / natural or DC,11
0,0,11,640,-0.9510177922910245,-0.1294595171971801,0.2632526627399518,0.9714285714285714,-14.314285714285715,13.72,0,0,0,0,0,0,0,0,0,0,0,no mains / natural or DC,11
0,0,11,650,-0.967436750389111,-0.1294595171971801,0.2632526627399518,0.9714285714285714,-14.314285714285715,13.72,0,0,0,0,0,0,0,0,0,0,0,no mains / natural or DC,11
0,0,11,660,-1.0521561326944793,-0.10821863460188605,0.2686849574266793,-0.8457142857142858,-12.0,9.525714285714285,0,0,0,0,0,0,0,0,0,0,0,no mains / natural or DC,11
0,0,11,670,-1.0521561326944793,-0.10821863460188605,0.2686849574266793,-0.8457142857142858,-12.0,9.525714285714285,0,0,0,0,0,0,0,0,0,0,0,no mains / natural or DC,11
0,0,11,680,-1.064668721579638,-0.09289834284493545,0.271858882412183,-1.6114285714285714,-6.605714285714286,7.7542857142857144,0,0,0,0,0,0,0,0,0,0,0,no mains / natural or DC,11
0,0,11,690,-1.064668721579638,-0.09289834284493545,0.271858882412183,-1.6114285714285714,-6.605714285714286,7.7542857142857144,0,0,0,0,0,0,0,0,0,0,0,no mains / natural or DC,11
0,0,11,700,-0.9862971892452772,-0.059389019440290534,0.25812555314798424,-1.3485714285714285,0.8457142857142858,8.034285714285714,0,0,0,0,0,0,0,0,0,0,0,no mains / natural or DC,11
0,0,11,710,-0.9862971892452772,-0.059389019440290534,0.25812555314798424,-1.3485714285714285,0.8457142857142858,8.034285714285714,0,0,0,0,0,0,0,0,0,0,0,no mains / natural or DC,11
0,0,11,720,-0.9530930509353923,-0.0478530228583636,0.24213385418256173,0.28,4.954285714285715,6.9314285714285715,0,0,0,0,0,0,0,0,0,0,0,no mains / natural or DC,11
0,0,11,730,-0.9530930509353923,-0.0478530228583636,0.24213385418256173,0.28,4.954285714285715,6.9314285714285715,0,0,0,0,0,0,0,0,0,0,0,no mains / natural or DC,11
0,0,11,740,-0.9601733451338237,-0.052674947355571156,0.22034363841669974,3.0285714285714285,7.2,4.805714285714286,0,0,0,0,0,0,0,0,0,0,0,no mains / natural or DC,11
0,0,11,750,-0.9601733451338237,-0.052674947355571156,0.22034363841669974,3.0285714285714285,7.2,4.805714285714286,0,0,0,0,0,0,0,0,0,0,0,no mains / natural or DC,12
0,0,11,760,-0.9671315652943511,-0.0598162785729545,0.1944639423810541,6.274285714285714,9.062857142857142,1.7542857142857142,0,0,0,0,0,0,0,0,0,0,0,no mains / natural or DC,12
0,0,11,770,-0.9671315652943511,-0.0598162785729545,0.1944639423810541,9.56,10.98857142857143,-2.097142857142857,0,0,0,0,0,0,0,0,0,0,0,no mains / natural or DC,12
0,0,11,780,-0.9753715628528703,-0.06805627613147373,0.17084261604663228,9.56,10.98857142857143,-2.097142857142857,0,0,0,0,0,0,0,0,0,0,0,no mains / natural or DC,12
0,0,11,790,-0.9472945341349528,-0.08581804864650411,0.15100558488723412,12.542857142857143,13.057142857142857,-5.994285714285715,0,0,0,0,0,0,0,0,0,0,0,no mains / natural or DC,12
0,0,11,800,-0.9472945341349528,-0.08581804864650411,0.15100558488723412,12.542857142857143,13.057142857142857,-5.994285714285715,0,0,0,0,0,0,0,0,0,0,0,no mains / natural or DC,12
0,0,11,810,-0.9042023987548448,-0.09277626880703146,0.12726218451490828,15.0,15.074285714285715,-10.314285714285715,0,0,0,0,0,0,0,0,0,0,0,no mains / natural or DC,12
0,0,11,820,-0.9042023987548448,-0.09277626880703146,0.12726218451490828,15.0,15.074285714285715,-10.314285714285715,0,0,0,0,0,0,0,0,0,0,0,no mains / natural or DC,12
0,0,11,830,-0.8791161839655751,-0.10534989471114231,0.11529892880031739,16.737142857142857,16.154285714285713,-14.394285714285715,0,0,0,0,0,0,0,0,0,0,0,no mains / natural or DC,12
0,0,11,840,-0.8791161839655751,-0.10534989471114231,0.11529892880031739,16.737142857142857,16.154285714285713,-14.394285714285715,0,0,0,0,0,0,0,0,0,0,0,no mains / natural or DC,12
0,0,11,850,-0.8737449262977997,-0.11078218939786981,0.10077211828974272,17.382857142857144,16.451428571428572,-16.754285714285714,0,0,0,0,0,0,0,0,0,0,0,no mains / natural or DC,12
0,0,11,860,-0.8737449262977997,-0.11078218939786981,0.10077211828974272,17.382857142857144,16.451428571428572,-16.754285714285714,0,0,0,0,0,0,0,0,0,0,0,no mains / natural or DC,12
0,0,11,870,-0.8756981109042634,-0.11358989226966155,0.08508560441908017,16.931428571428572,15.451428571428572,-16.428571428571427,0,0,0,0,0,0,0,0,0,0,0,no mains / natural or DC,12
0,0,11,880,-0.8756981109042634,-0.11358989226966155,0.08508560441908017,16.931428571428572,15.451428571428572,-16.428571428571427,0,0,0,0,0,0,0,0,0,0,0,no mains / natural or DC,12
0,0,11,890,-0.8555558946501053,-0.11639759514145329,0.06836146122623371,15.548571428571428,14.177142857142858,-13.771428571428572,0,0,0,0,0,0,0,0,0,0,0,no mains / natural or DC,12
0,0,11,900,-0.8555558946501053,-0.11639759514145329,0.06836146122623371,15.548571428571428,14.177142857142858,-10.24,0,0,0,0,0,0,0,0,0,0,0,no mains / natural or DC,12
0,0,11,910,-0.836878566850795,-0.11609241004669332,0.04962309640797143,13.52,12.32,-10.24,0,0,0,0,0,0,0,0,0,0,0,no mains / natural or DC,12
0,0,11,920,-0.8304696798608356,-0.11804559465315714,0.03924680318613239,10.948571428571428,10.68,-6.771428571428571,0,0,0,0,0,0,0,0,0,0,0,no mains / natural or DC,12
0,0,11,930,-0.8304696798608356,-0.11804559465315714,0.03924680318613239,10.948571428571428,10.68,-6.771428571428571,0,0,0,0,0,0,0,0,0,0,0,no mains / natural or DC,12
0,0,11,940,-0.8280281991027558,-0.11456648457289346,0.03436384166997284,8.062857142857142,8.708571428571428,-4.188571428571429,0,0,0,0,0,0,0,0,0,0,0,no mains / natural or DC,12
0,0,11,950,-0.8280281991027558,-0.11456648457289346,0.03436384166997284,8.062857142857142,8.708571428571428,-4.188571428571429,0,0,0,0,0,0,0,0,0,0,0,no mains / natural or DC,12
0,0,11,960,-0.8289437543870357,-0.10199285866878262,0.036439100314340646,4.937142857142857,6.491428571428571,-2.2057142857142855,0,0,0,0,0,0,0,0,0,0,0,no mains / natural or DC,12
0,0,11,970,-0.8289437543870357,-0.10199285866878262,0.036439100314340646,4.937142857142857,6.491428571428571,-2.2057142857142855,0,0,0,0,0,0,0,0,0,0,0,no mains / natural or DC,12
0,0,11,980,-0.8206427198095645,-0.08496353038117618,0.0413220618305002,1.8628571428571428,4.04,-0.4057142857142857,0,0,0,0,0,0,0,0,0,0,0,no mains / natural or DC,12
0,0,11,990,-0.8206427198095645,-0.08496353038117618,0.0413220618305002,1.8628571428571428,4.04,-0.4057142857142857,0,0,0,0,0,0,0,0,0,0,0,no mains / natural or DC,12
0,0,12,0,-0.8330332346568193,-0.05694753868221076,0.042359691152684106,-0.8514285714285714,1.4342857142857144,1.5142857142857142,0,0,0,0,0,0,0,0,0,0,0,no mains / natural or DC,12
0,0,12,10,-0.8330332346568193,-0.05694753868221076,0.042359691152684106,-0.8514285714285714,1.4342857142857144,1.5142857142857142,0,0,0,0,0,0,0,0,0,0,0,no mains / natural or DC,12
0,0,12,20,-0.8692281868953521,-0.03436384166997284,0.04400769066438795,-2.737142857142857,-0.8914285714285715,3.2,0,0,0,0,0,0,0,0,0,0,0,no mains / natural or DC,12
0,0,12,30,-0.8692281868953521,-0.03436384166997284,0.04400769066438795,-2.737142857142857,-0.8914285714285715,3.2,0,0,0,0,0,0,0,0,0,0,0,no mains / natural or DC,12
0,0,12,40,-0.8785058137760552,-0.009277626880703146,0.046449171422467725,-3.7085714285714286,-1.3714285714285714,5.051428571428572,0,0,0,0,0,0,0,0,0,0,0,no mains / natural or DC,12
0,0,12,50,-0.8785058137760552,-0.009277626880703146,0.057741019928586684,-4.045714285714285,-1.7714285714285714,6.097142857142857,0,0,0,0,0,0,0,0,0,0,0,no mains / natural or DC,12
0,0,12,60,-0.8786278878139592,-0.0010376293221839045,0.057741019928586684,-4.045714285714285,-1.7714285714285714,6.097142857142857,0,0,0,0,0,0,0,0,0,0,0,no mains / natural or DC,12
0,0,12,70,-0.9012726218451491,0.0016479995117038484,0.0740379039887692,-4.337142857142857,-3.165714285714286,5.8,0,0,0,0,0,0,0,0,0,0,0,no mains / natural or DC,12
0,0,12,80,-0.9012726218451491,0.0016479995117038484,0.0740379039887692,-4.337142857142857,-3.165714285714286,5.8,0,0,0,0,0,0,0,0,0,0,0,no mains / natural or DC,12
0,0,12,90,-0.9690847499008148,0.0009155552842799158,0.0859401226844081,-4.725714285714286,-5.16,4.3028571428571425,0,0,0,0,0,0,0,0,0,0,0,no mains / natural or DC,12
0,0,12,100,-0.9690847499008148,0.0009155552842799158,0.0859401226844081,-4.725714285714286,-5.16,4.3028571428571425,0,0,0,0,0,0,0,0,0,0,0,no mains / natural or DC,12
0,0,12,110,-1.0292672505874814,-0.0025025177770317698,0.09820856349375896,-5.251428571428572,-6.08,2.36,0,0,0,0,0,0,0,0,0,0,0,no mains / natural or DC,12
0,0,12,120,-1.0292672505874814,-0.0025025177770317698,0.09820856349375896,-5.251428571428572,-6.08,2.36,0,0,0,0,0,0,0,0,0,0,0,no mains / natural or DC,12
0,0,12,130,-1.0560014648884548,-0.000793481246375927,0.10473952452162236,-5.84,-5.462857142857143,0.49714285714285716,0,0,0,0,0,0,0,0,0,0,0,no mains / natural or DC,12
0,0,12,140,-1.0560014648884548,-0.000793481246375927,0.10473952452162236,-5.84,-5.462857142857143,0.49714285714285716,0,0,0,0,0,0,0,0,0,0,0,no mains / natural or DC,12
0,0,12,150,-1.0956755272072511,-0.004028443250831629,0.11078218939786981,-6.325714285714286,-4.92,-1.2971428571428572,0,0,0,0,0,0,0,0,0,0,0,no mains / natural or DC,12
0,0,12,160,-1.0956755272072511,-0.004028443250831629,0.11078218939786981,-6.325714285714286,-4.92,-1.2971428571428572,0,0,0,0,0,0,0,0,0,0,0,no mains / natural or DC,12
0,0,12,170,-1.1180761131626331,-0.009216589861751152,0.11334574419385357,-6.525714285714286,-3.742857142857143,-2.342857142857143,0,0,0,0,0,0,0,0,0,0,0,no mains / natural or DC,12
0,0,12,180,-1.1180761131626331,-0.009216589861751152,0.11334574419385357,-6.542857142857143,-2.045714285714286,-2.3314285714285714,0,0,0,0,0,0,0,0,0,0,0,no mains / natural or DC,12
0,0,12,190,-1.0907925656910917,-0.010925626392406995,0.11279641102328562,-6.542857142857143,-2.045714285714286,-2.3314285714285714,0,0,0,0,0,0,0,0,0,0,0,no mains / natural or DC,12
0,0,12,200,-1.0525833918271432,-0.017883846552934353,0.11127048554948576,-6.525714285714286,-1.48,-1.0857142857142856,0,0,0,0,0,0,0,0,0,0,0,no mains / natural or DC,12
0,0,12,210,-1.0525833918271432,-0.017883846552934353,0.11127048554948576,-6.525714285714286,-1.48,-1.0857142857142856,0,0,0,0,0,0,0,0,0,0,0,no mains / natural or DC,12
0,0,12,220,-1.044709616382336,-0.040284432508316294,0.10962248603778191,-6.748571428571428,-2.137142857142857,0.4114285714285714,0,0,0,0,0,0,0,0,0,0,0,no mains / natural or DC,12
0,0,12,230,-1.044709616382336,-0.040284432508316294,0.10962248603778191,-6.748571428571428,-2.137142857142857,0.4114285714285714,0,0,0,0,0,0,0,0,0,0,0,no mains / natural or DC,12
0,0,12,240,-1.1924192022461624,-0.04846339304788354,0.11029389324625385,-7.291428571428572,-3.942857142857143,0.7885714285714286,0,0,0,0,0,0,0,0,0,0,0,no mains / natural or DC,12
0,0,12,250,-1.1924192022461624,-0.04846339304788354,0.11029389324625385,-7.291428571428572,-3.942857142857143,0.7885714285714286,0,0,0,0,0,0,0,0,0,0,0,no mains / natural or DC,12
0,0,12,260,-1.2303842280343027,-0.08862575151829585,0.11816766869106113,-7.582857142857143,-5.04,3.3257142857142856,0,0,0,0,0,0,0,0,0,0,0,no mains / natural or DC,12
0,0,12,270,-1.2303842280343027,-0.08862575151829585,0.11816766869106113,-7.582857142857143,-5.04,3.3257142857142856,0,0,0,0,0,0,0,0,0,0,0,no mains / natural or DC,12
0,0,12,280,-1.163487655262917,-0.05011139255958739,0.08636738181707206,-7.714285714285714,-2.537142857142857,7.748571428571428,0,0,0,0,0,0,0,0,0,0,0,no mains / natural or DC,12
0,0,12,290,-1.163487655262917,-0.05011139255958739,0.08636738181707206,-7.714285714285714,-2.537142857142857,7.748571428571428,0,0,0,0,0,0,0,0,0,0,0,no mains / natural or DC,12
0,0,12,300,-1.1842402417065951,-0.11236915189062166,0.08673360393078403,-6.857142857142857,-3.92,7.857142857142857,0,0,0,0,0,0,0,0,0,0,0,no mains / natural or DC,12
0,0,12,310,-1.1842402417065951,-0.11236915189062166,0.08673360393078403,-6.857142857142857,-3.92,7.857142857142857,0,0,0,0,0,0,0,0,0,0,0,no mains / natural or DC,12
0,0,12,320,-1.131565294351024,-0.10766930143131809,0.05377361369670705,-5.531428571428571,-2.1542857142857144,7.9714285714285715,0,0,0,0,0,0,0,0,0,0,0,no mains / natural or DC,12
0,0,12,330,-1.1468855861079745,-0.12036500137333292,0.03564561906796472,-3.4914285714285715,-2.0342857142857143,6.525714285714286,0,0,0,0,0,0,0,0,0,0,0,no mains / natural or DC,12
0,0,12,340,-1.1468855861079745,-0.12036500137333292,0.03564561906796472,-3.4914285714285715,-2.0342857142857143,6.525714285714286,0,0,0,0,0,0,0,0,0,0,0,no mains / natural or DC,12
0,0,12,350,-1.1109958189642017,-0.13617358928189946,0.008728293710135197,-0.6685714285714286,-0.38857142857142857,5.577142857142857,0,0,0,0,0,0,0,0,0,0,0,no mains / natural or DC,12
0,0,12,360,-1.1109958189642017,-0.13617358928189946,0.008728293710135197,-0.6685714285714286,-0.38857142857142857,5.577142857142857,0,0,0,0,0,0,0,0,0,0,0,no mains / natural or DC,12
0,0,12,370,-1.0528275399029512,-0.14185003204443494,-0.0061037018951994385,2.257142857142857,2.5028571428571427,3.48,0,0,0,0,0,0,0,0,0,0,0,no mains / natural or DC,12
0,0,12,380,-1.0528275399029512,-0.14185003204443494,-0.0061037018951994385,2.257142857142857,2.5028571428571427,3.48,0,0,0,0,0,0,0,0,0,0,0,no mains / natural or DC,12
0,0,12,390,-0.967314676351207,-0.1599780266731773,-0.0053102206488235115,4.885714285714286,4.28,0.92,0,0,0,0,0,0,0,0,0,0,0,no mains / natural or DC,12
0,0,12,400,-0.967314676351207,-0.1599780266731773,-0.0053102206488235115,4.885714285714286,4.28,0.92,0,0,0,0,0,0,0,0,0,0,0,no mains / natural or DC,12
0,0,12,410,-0.8705710013122959,-0.16821802423169652,-0.004943998535111545,6.354285714285714,5.062857142857143,-0.7314285714285714,0,0,0,0,0,0,0,0,0,0,0,no mains / natural or DC,12
0,0,12,420,-0.8705710013122959,-0.16821802423169652,-0.004943998535111545,6.354285714285714,5.062857142857143,-0.7314285714285714,0,0,0,0,0,0,0,0,0,0,0,no mains / natural or DC,12
0,0,12,430,-0.8461561937314982,-0.17560350352488785,0.0005493331705679495,6.411428571428571,3.422857142857143,-2.5142857142857142,0,0,0,0,0,0,0,0,0,0,0,no mains / natural or DC,12
0,0,12,440,-0.8461561937314982,-0.17560350352488785,0.0005493331705679495,6.411428571428571,3.422857142857143,-2.5142857142857142,0,0,0,0,0,0,0,0,0,0,0,no mains / natural or DC,12
0,0,12,450,-0.8568987090670491,-0.17798394726401562,0.004028443250831629,5.16,1.8971428571428572,-2.697142857142857,0,0,0,0,0,0,0,0,0,0,0,no mains / natural or DC,12
0,0,12,460,-0.8568987090670491,-0.17798394726401562,0.004028443250831629,3.125714285714286,0.9657142857142857,-1.8057142857142856,0,0,0,0,0,0,0,0,0,0,0,no mains / natural or DC,12
0,0,12,470,-0.8767357402264473,-0.1697439497054964,0.005188146610919523,3.125714285714286,0.9657142857142857,-1.8057142857142856,0,0,0,0,0,0,0,0,0,0,0,no mains / natural or DC,12
0,0,12,480,-0.8764915921506393,-0.16132084109012115,0.009521774956511124,0.92,-0.06857142857142857,-0.92,0,0,0,0,0,0,0,0,0,0,0,no mains / natural or DC,12
0,0,12,490,-0.8764915921506393,-0.16132084109012115,0.009521774956511124,0.92,-0.06857142857142857,-0.92,0,0,0,0,0,0,0,0,0,0,0,no mains / natural or DC,12
0,0,12,500,-0.8425550096133305,-0.1477706228827784,0.016479995117038484,-0.96,-1.6057142857142856,-0.6857142857142857,0,0,0,0,0,0,0,0,0,0,0,no mains / natural or DC,12
0,0,12,510,-0.8425550096133305,-0.1477706228827784,0.016479995117038484,-0.96,-1.6057142857142856,-0.6857142857142857,0,0,0,0,0,0,0,0,0,0,0,no mains / natural or DC,12
0,0,12,520,-0.8282723471785638,-0.13525803399761954,0.02044740134891812,-2.2114285714285713,-4.857142857142857,-1.8457142857142856,0,0,0,0,0,0,0,0,0,0,0,no mains / natural or DC,12
0,0,12,530,-0.8282723471785638,-0.13525803399761954,0.02044740134891812,-2.2114285714285713,-4.857142857142857,-1.8457142857142856,0,0,0,0,0,0,0,0,0,0,0,no mains / natural or DC,12
0,0,12,540,-0.8557390057069613,-0.1250648518326365,0.022156437879573963,-2.9714285714285715,-8.742857142857142,-3.76,0,0,0,0,0,0,0,0,0,0,0,no mains / natural or DC,12
0,0,12,550,-0.8557390057069613,-0.1250648518326365,0.022156437879573963,-2.9714285714285715,-8.742857142857142,-3.76,0,0,0,0,0,0,0,0,0,0,0,no mains / natural or DC,12
0,0,12,560,-0.8665425580614643,-0.11059907834101382,0.024719992675557724,-3.3142857142857145,-11.314285714285715,-5.074285714285714,0,0,0,0,0,0,0,0,0,0,0,no mains / natural or DC,12
0,0,12,570,-0.8665425580614643,-0.11059907834101382,0.024719992675557724,-3.3142857142857145,-11.314285714285715,-5.074285714285714,0,0,0,0,0,0,0,0,0,0,0,no mains / natural or DC,12
0,0,12,580,-0.8611713003936887,-0.09680471205786309,0.03411969359416486,-3.2514285714285713,-13.331428571428571,-5.7942857142857145,0,0,0,0,0,0,0,0,0,0,0,no mains / natural or DC,12
0,0,12,590,-0.8611713003936887,-0.09680471205786309,0.03411969359416486,-3.2514285714285713,-14.674285714285714,-5.685714285714286,0,0,0,0,0,0,0,0,0,0,0,no mains / natural or DC,12
0,0,12,600,-0.8496353038117619,-0.08838160344248787,0.04339732047486801,-3.0114285714285716,-14.674285714285714,-5.685714285714286,0,0,0,0,0,0,0,0,0,0,0,no mains / natural or DC,12
0,0,12,610,-0.8414563432721945,-0.08252204962309641,0.05719168675801874,-2.8971428571428572,-15.52,-5.211428571428572,0,0,0,0,0,0,0,0,0,0,0,no mains / natural or DC,12
0,0,12,620,-0.8414563432721945,-0.08252204962309641,0.05719168675801874,-2.8971428571428572,-15.52,-5.211428571428572,0,0,0,0,0,0,0,0,0,0,0,no mains / natural or DC,12
0,0,12,630,-0.8536027100436415,-0.06830042420728172,0.06775109103671377,-2.777142857142857,-16.005714285714287,-4.36,0,0,0,0,0,0,0,0,0,0,0,no mains / natural or DC,12
0,0,12,640,-0.8536027100436415,-0.06830042420728172,0.06775109103671377,-2.777142857142857,-16.005714285714287,-4.36,0,0,0,0,0,0,0,0,0,0,0,no mains / natural or DC,12
0,0,12,650,-0.8709372234260079,-0.05456709494308298,0.07910397656178472,-2.565714285714286,-15.56,-2.76,0,0,0,0,0,0,0,0,0,0,0,no mains / natural or DC,12
0,0,12,660,-0.8709372234260079,-0.05456709494308298,0.07910397656178472,-2.565714285714286,-15.56,-2.76,0,0,0,0,0,0,0,0,0,0,0,no mains / natural or DC,12
0,0,12,670,-0.8950468459120456,-0.04986724448377941,0.08618427076021606,-2.302857142857143,-14.16,-1.2114285714285715,0,0,0,0,0,0,0,0,0,0,0,no mains / natural or DC,12
0,0,12,680,-0.8950468459120456,-0.04986724448377941,0.08618427076021606,-2.302857142857143,-14.16,-1.2114285714285715,0,0,0,0,0,0,0,0,0,0,0,no mains / natural or DC,12
0,0,12,690,-0.8930936613055819,-0.043336283455916016,0.08960234382152776,-1.92,-11.531428571428572,-0.26285714285714284,0,0,0,0,0,0,0,0,0,0,0,no mains / natural or DC,12
0,0,12,700,-0.8930936613055819,-0.043336283455916016,0.08960234382152776,-1.92,-11.531428571428572,-0.26285714285714284,0,0,0,0,0,0,0,0,0,0,0,no mains / natural or DC,12
0,0,12,710,-0.9010895107882931,-0.03375347148045289,0.08948026978362376,-1.36,-8.354285714285714,-0.24571428571428572,0,0,0,0,0,0,0,0,0,0,0,no mains / natural or DC,12
0,0,12,720,-0.9010895107882931,-0.03375347148045289,0.08948026978362376,-1.36,-8.354285714285714,-0.24571428571428572,0,0,0,0,0,0,0,0,0,0,0,no mains / natural or DC,12
0,0,12,730,-0.9198278756065553,-0.027405621509445477,0.08777123325296793,-0.32571428571428573,-5.457142857142857,-0.6971428571428572,0,0,0,0,0,0,0,0,0,0,0,no mains / natural or DC,12
0,0,12,740,-0.9198278756065553,-0.027405621509445477,0.07922605059968871,1.0514285714285714,-2.6514285714285712,-1.062857142857143,0,0,0,0,0,0,0,0,0,0,0,no mains / natural or DC,12
0,0,12,750,-0.9486983855708487,-0.021485030671102023,0.07922605059968871,1.0514285714285714,-2.6514285714285712,-1.062857142857143,0,0,0,0,0,0,0,0,0,0,0,no mains / natural or DC,12
0,0,12,760,-0.9710379345072787,-0.02008117923520615,0.07116916409802546,2.64,-0.18285714285714286,-1.2342857142857142,0,0,0,0,0,0,0,0,0,0,0,no mains / natural or DC,12
0,0,12,770,-0.9710379345072787,-0.02008117923520615,0.07116916409802546,2.64,-0.18285714285714286,-1.2342857142857142,0,0,0,0,0,0,0,0,0,0,0,no mains / natural or DC,12
0,0,12,780,-0.9761650440992462,-0.019409772026734214,0.06292916653950621,4.382857142857143,1.6914285714285715,-1.3485714285714285,0,0,0,0,0,0,0,0,0,0,0,no mains / natural or DC,12
0,0,12,790,-0.9761650440992462,-0.019409772026734214,0.06292916653950621,4.382857142857143,1.6914285714285715,-1.3485714285714285,0,0,0,0,0,0,0,0,0,0,0,no mains / natural or DC,12
0,0,12,800,-0.9911801507614368,-0.026978362376781518,0.05987731559190649,5.965714285714285,2.4571428571428573,-1.6742857142857144,0,0,0,0,0,0,0,0,0,0,0,no mains / natural or DC,12
0,0,12,810,-0.9911801507614368,-0.026978362376781518,0.05987731559190649,5.965714285714285,2.4571428571428573,-1.6742857142857144,0,0,0,0,0,0,0,0,0,0,0,no mains / natural or DC,12
0,0,12,820,-0.9966124454481643,-0.03228858302560503,0.06189153721732231,7.16,2.68,-1.6514285714285715,0,0,0,0,0,0,0,0,0,0,0,no mains / natural or DC,12
0,0,12,830,-0.9966124454481643,-0.03228858302560503,0.06189153721732231,7.16,2.68,-1.6514285714285715,0,0,0,0,0,0,0,0,0,0,0,no mains / natural or DC,12
0,0,12,840,-1.0144962920010987,-0.04217658009582812,0.06750694296090579,7.92,1.6857142857142857,-1.5657142857142856,0,0,0,0,0,0,0,0,0,0,0,no mains / natural or DC,12
0,0,12,850,-1.0144962920010987,-0.04217658009582812,0.06750694296090579,7.92,1.6857142857142857,-1.5657142857142856,0,0,0,0,0,0,0,0,0,0,0,no mains / natural or DC,12
0,0,12,860,-1.0368358409375287,-0.05291909543137913,0.07684560686056092,8.114285714285714,0.06285714285714286,-1.2457142857142858,0,0,0,0,0,0,0,0,0,0,0,no mains / natural or DC,12
0,0,12,870,-1.0368358409375287,-0.05291909543137913,0.07684560686056092,7.994285714285715,-1.9885714285714287,-1.3314285714285714,0,0,0,0,0,0,0,0,0,0,0,no mains / natural or DC,12
0,0,12,880,-1.0599078341013826,-0.06695760979033784,0.08899197363200781,7.994285714285715,-1.9885714285714287,-1.3314285714285714,0,0,0,0,0,0,0,0,0,0,0,no mains / natural or DC,12
0,0,12,890,-1.0746177556688132,-0.08441419721060824,0.0990020447401349,7.788571428571428,-4.2,-2.3142857142857145,0,0,0,0,0,0,0,0,0,0,0,no mains / natural or DC,12
0,0,12,900,-1.0746177556688132,-0.08441419721060824,0.0990020447401349,7.788571428571428,-4.2,-2.3142857142857145,0,0,0,0,0,0,0,0,0,0,0,no mains / natural or DC,12
0,0,12,910,-1.0613116855372784,-0.0879543443098239,0.10010071108127079,7.828571428571428,-5.3028571428571425,-3.742857142857143,0,0,0,0,0,0,0,0,0,0,0,no mains / natural or DC,12
0,0,12,920,-1.0613116855372784,-0.0879543443098239,0.10010071108127079,7.828571428571428,-5.3028571428571425,-3.742857142857143,0,0,0,0,0,0,0,0,0,0,0,no mains / natural or DC,12
0,0,12,930,-1.0199285866878263,-0.09167760246589557,0.10058900723288675,8.502857142857144,-5.468571428571429,-5.154285714285714,0,0,0,0,0,0,0,0,0,0,0,no mains / natural or DC,12
0,0,12,940,-1.0199285866878263,-0.09167760246589557,0.10058900723288675,8.502857142857144,-5.468571428571429,-5.154285714285714,0,0,0,0,0,0,0,0,0,0,0,no mains / natural or DC,12
0,0,12,950,-0.9803155613879818,-0.08746604815820795,0.10187078463087863,9.731428571428571,-4.731428571428571,-5.925714285714285,0,0,0,0,0,0,0,0,0,0,0,no mains / natural or DC,12
0,0,12,960,-0.9803155613879818,-0.08746604815820795,0.10187078463087863,9.731428571428571,-4.731428571428571,-5.925714285714285,0,0,0,0,0,0,0,0,0,0,0,no mains / natural or DC,12
0,0,12,970,-1.1787469100009156,-0.07104709006012147,0.10748619037446211,11.434285714285714,-4.88,-6.217142857142857,0,0,0,0,0,0,0,0,0,0,0,no mains / natural or DC,12
0,0,12,980,-1.1787469100009156,-0.07104709006012147,0.10748619037446211,11.434285714285714,-4.88,-6.217142857142857,0,0,0,0,0,0,0,0,0,0,0,no mains / natural or DC,12
0,0,12,990,-1.2793359172338024,-0.10919522690511796,0.11316263313699759,14.057142857142857,-4.0285714285714285,-1.88,0,0,0,0,0,0,0,0,0,0,0,no mains / natural or DC,12
0,0,13,0,-1.2793359172338024,-0.10919522690511796,0.11316263313699759,14.057142857142857,-4.0285714285714285,8.36,0,0,0,0,0,0,0,0,0,0,0,no mains / natural or DC,12
0,0,13,10,-1.1650135807367168,-0.03894161809137242,0.11865596484267708,15.125714285714286,5.228571428571429,8.765714285714285,0,0,0,0,0,0,0,0,0,0,0,no mains / natural or DC,12
0,0,13,20,-1.182897427289651,-0.08111819818720054,0.16174810022278513,16.565714285714286,4.234285714285714,15.097142857142858,0,0,0,0,0,0,0,0,0,0,0,no mains / natural or DC,12
0,0,13,30,-1.182897427289651,-0.08111819818720054,0.16174810022278513,16.565714285714286,4.234285714285714,15.097142857142858,0,0,0,0,0,0,0,0,0,0,0,no mains / natural or DC,12
0,0,13,40,-1.012054811243019,-0.06427198095645009,0.184820093386639,16.805714285714284,6.811428571428571,22.097142857142856,0,0,0,0,0,0,0,0,0,0,0,no mains / natural or DC,12
0,0,13,50,-1.012054811243019,-0.06427198095645009,0.184820093386639,16.805714285714284,6.811428571428571,22.097142857142856,0,0,0,0,0,0,0,0,0,0,0,no mains / natural or DC,12
0,0,13,60,-0.934415723136082,-0.04773094882045961,0.21607104709006011,16.24,4.32,23.32,0,0,0,0,0,0,0,0,0,0,0,no mains / natural or DC,12
0,0,13,70,-0.934415723136082,-0.04773094882045961,0.21607104709006011,16.24,4.32,23.32,0,0,0,0,0,0,0,0,0,0,0,no mains / natural or DC,12
0,0,13,80,-1.0210882900479141,-0.05633716849269082,0.23084200567644275,15.582857142857144,-0.37142857142857144,20.2,0,0,0,0,0,0,0,0,0,0,0,no mains / natural or DC,12
0,0,13,90,-1.0210882900479141,-0.05633716849269082,0.23084200567644275,15.582857142857144,-0.37142857142857144,20.2,0,0,0,0,0,0,0,0,0,0,0,no mains / natural or DC,12
0,0,13,100,-1.1039155247657704,-0.036133915219580676,0.22217474898525957,15.017142857142858,-0.7028571428571428,15.937142857142858,0,0,0,0,0,0,0,0,0,0,0,no mains / natural or DC,12
0,0,13,110,-1.1039155247657704,-0.036133915219580676,0.22217474898525957,15.017142857142858,-0.7028571428571428,15.937142857142858,0,0,0,0,0,0,0,0,0,0,0,no mains / natural or DC,12
0,0,13,120,-1.0895718253120517,-0.01599169896542253,0.20581682790612507,15.542857142857143,2.68,11.04,0,0,0,0,0,0,0,0,0,0,0,no mains / natural or DC,12
0,0,13,130,-1.0895718253120517,-0.01599169896542253,0.20581682790612507,15.542857142857143,2.68,11.04,0,0,0,0,0,0,0,0,0,0,0,no mains / natural or DC,12
0,0,13,140,-0.9400311288796656,0.004882961516159551,0.21100497451704459,16.69142857142857,8.268571428571429,7.3428571428571425,0,0,0,0,0,0,0,0,0,0,0,no mains / natural or DC,12
0,0,13,150,-0.9400311288796656,0.004882961516159551,0.21100497451704459,18.142857142857142,9.057142857142857,3.0742857142857143,0,0,0,0,0,0,0,0,0,0,0,no mains / natural or DC,12
0,0,13,160,-0.8794824060792871,0.0003662221137119663,0.21106601153599658,18.142857142857142,9.057142857142857,3.0742857142857143,0,0,0,0,0,0,0,0,0,0,0,no mains / natural or DC,12
0,0,13,170,-0.9096957304605243,-0.040345469527268286,0.21936704611346783,18.822857142857142,6.554285714285714,-0.9542857142857143,0,0,0,0,0,0,0,0,0,0,0,no mains / natural or DC,12
0,0,13,180,-0.9096957304605243,-0.040345469527268286,0.21936704611346783,18.822857142857142,6.554285714285714,-0.9542857142857143,0,0,0,0,0,0,0,0,0,0,0,no mains / natural or DC,12
0,0,13,190,-0.9313028351695303,-0.05511642811365093,0.2053895687734611,18.388571428571428,4.748571428571428,-4.005714285714285,0,0,0,0,0,0,0,0,0,0,0,no mains / natural or DC,12
0,0,13,200,-0.9313028351695303,-0.05511642811365093,0.2053895687734611,18.388571428571428,4.748571428571428,-4.005714285714285,0,0,0,0,0,0,0,0,0,0,0,no mains / natural or DC,12
0,0,13,210,-0.923917355876339,-0.06897183141575365,0.18445387127292703,17.428571428571427,4.091428571428572,-7.88,0,0,0,0,0,0,0,0,0,0,0,no mains / natural or DC,13
0,0,13,220,-0.923917355876339,-0.06897183141575365,0.18445387127292703,17.428571428571427,4.091428571428572,-7.88,0,0,0,0,0,0,0,0,0,0,0,no mains / natural or DC,13
0,0,13,230,-0.9010284737693411,-0.07910397656178472,0.16541032135990477,16.045714285714286,5.588571428571429,-12.508571428571429,0,0,0,0,0,0,0,0,0,0,0,no mains / natural or DC,13
0,0,13,240,-0.9010284737693411,-0.07910397656178472,0.16541032135990477,16.045714285714286,5.588571428571429,-12.508571428571429,0,0,0,0,0,0,0,0,0,0,0,no mains / natural or DC,13
0,0,13,250,-0.8752098147526475,-0.0805078279976806,0.14941862239448225,14.234285714285715,8.028571428571428,-16.731428571428573,0,0,0,0,0,0,0,0,0,0,0,no mains / natural or DC,13
0,0,13,260,-0.8752098147526475,-0.0805078279976806,0.14941862239448225,12.771428571428572,9.731428571428571,-19.725714285714286,0,0,0,0,0,0,0,0,0,0,0,no mains / natural or DC,13
0,0,13,270,-0.8670918912320322,-0.08233893856624043,0.14050721762749108,11.977142857142857,9.731428571428571,-19.725714285714286,0,0,0,0,0,0,0,0,0,0,0,no mains / natural or DC,13
0,0,13,280,-0.8670918912320322,-0.08233893856624043,0.14050721762749108,9.051428571428572,10.222857142857142,-20.497142857142858,0,0,0,0,0,0,0,0,0,0,0,no mains / natural or DC,13
0,0,13,290,-0.8680684835352641,-0.08215582750938444,0.12549211096530044,9.434285714285714,10.222857142857142,-20.497142857142858,0,0,0,0,0,0,0,0,0,0,0,no mains / natural or DC,13
0,0,13,300,-0.8433484908597064,-0.07232886745811334,0.11047700430310983,6.531428571428571,10.605714285714285,-19.068571428571428,0,0,0,0,0,0,0,0,0,0,0,no mains / natural or DC,13
0,0,13,310,-0.8433484908597064,-0.07232886745811334,0.11047700430310983,6.531428571428571,10.605714285714285,-19.068571428571428,0,0,0,0,0,0,0,0,0,0,0,no mains / natural or DC,13
0,0,13,320,-0.8238776818140202,-0.06097598193304239,0.09149449140903958,3.874285714285714,10.348571428571429,-16.485714285714284,0,0,0,0,0,0,0,0,0,0,0,no mains / natural or DC,13
0,0,13,330,-0.8238776818140202,-0.06097598193304239,0.09149449140903958,3.874285714285714,10.348571428571429,-16.485714285714284,0,0,0,0,0,0,0,0,0,0,0,no mains / natural or DC,13
0,0,13,340,-0.8274178289132359,-0.055787835322122864,0.07641834772789696,1.68,9.64,-13.754285714285714,0,0,0,0,0,0,0,0,0,0,0,no mains / natural or DC,13
0,0,13,350,-0.8274178289132359,-0.055787835322122864,0.07641834772789696,1.68,9.64,-13.754285714285714,0,0,0,0,0,0,0,0,0,0,0,no mains / natural or DC,13
0,0,13,360,-0.8302255317850277,-0.0511490218817713,0.06665242469557786,-0.12,9.422857142857143,-11.44,0,0,0,0,0,0,0,0,0,0,0,no mains / natural or DC,13
0,0,13,370,-0.8302255317850277,-0.0511490218817713,0.06665242469557786,-0.12,9.422857142857143,-11.44,0,0,0,0,0,0,0,0,0,0,0,no mains / natural or DC,13
0,0,13,380,-0.8342539750358593,-0.04541154210028382,0.0619525742362743,-1.4628571428571429,9.06857142857143,-9.697142857142858,0,0,0,0,0,0,0,0,0,0,0,no mains / natural or DC,13
0,0,13,390,-0.8342539750358593,-0.04541154210028382,0.0619525742362743,-1.4628571428571429,9.06857142857143,-9.697142857142858,0,0,0,0,0,0,0,0,0,0,0,no mains / natural or DC,13
0,0,13,400,-0.8288827173680837,-0.04394665364543596,0.061037018951994385,-2.4857142857142858,8.4,-8.377142857142857,0,0,0,0,0,0,0,0,0,0,0,no mains / natural or DC,13
0,0,13,410,-0.8288827173680837,-0.04394665364543596,0.061037018951994385,-2.4857142857142858,8.4,-8.377142857142857,0,0,0,0,0,0,0,0,0,0,0,no mains / natural or DC,13
0,0,13,420,-0.8398083437604907,-0.04083376567888424,0.06286812952055422,-3.3314285714285714,7.12,-7.48,0,0,0,0,0,0,0,0,0,0,0,no mains / natural or DC,13
0,0,13,430,-0.8398083437604907,-0.034485915707876826,0.06506546220282601,-4.005714285714285,5.308571428571429,-6.268571428571429,0,0,0,0,0,0,0,0,0,0,0,no mains / natural or DC,13
0,0,13,440,-0.8436536759544664,-0.034485915707876826,0.06506546220282601,-4.005714285714285,5.308571428571429,-6.268571428571429,0,0,0,0,0,0,0,0,0,0,0,no mains / natural or DC,13
0,0,13,450,-0.8491470076601458,-0.02227851191747795,0.06482131412701804,-4.537142857142857,3.4628571428571426,-4.405714285714286,0,0,0,0,0,0,0,0,0,0,0,no mains / natural or DC,13
0,0,13,460,-0.8491470076601458,-0.02227851191747795,0.06482131412701804,-4.537142857142857,3.4628571428571426,-4.405714285714286,0,0,0,0,0,0,0,0,0,0,0,no mains / natural or DC,13
0,0,13,470,-0.9036530655842768,-0.021485030671102023,0.0684224982451857,-4.937142857142857,1.7314285714285713,-2.6914285714285713,0,0,0,0,0,0,0,0,0,0,0,no mains / natural or DC,13
0,0,13,480,-0.9036530655842768,-0.021485030671102023,0.0684224982451857,-4.937142857142857,1.7314285714285713,-2.6914285714285713,0,0,0,0,0,0,0,0,0,0,0,no mains / natural or DC,13
0,0,13,490,-0.9505905331583605,-0.024048585467085788,0.07855464339121677,-5.4,1.4342857142857144,-0.88,0,0,0,0,0,0,0,0,0,0,0,no mains / natural or DC,13
0,0,13,500,-0.9505905331583605,-0.024048585467085788,0.07855464339121677,-5.4,1.4342857142857144,-0.88,0,0,0,0,0,0,0,0,0,0,0,no mains / natural or DC,13
0,0,13,510,-0.9898983733634449,-0.023316141239661855,0.08740501113925596,-5.805714285714286,1.4228571428571428,0.18857142857142858,0,0,0,0,0,0,0,0,0,0,0,no mains / natural or DC,13
0,0,13,520,-0.9898983733634449,-0.023316141239661855,0.08740501113925596,-5.805714285714286,1.4228571428571428,0.18857142857142858,0,0,0,0,0,0,0,0,0,0,0,no mains / natural or DC,13
0,0,13,530,-1.0524002807702872,-0.01947080904568621,0.08471938230536821,-5.948571428571428,0.9657142857142857,0.18285714285714286,0,0,0,0,0,0,0,0,0,0,0,no mains / natural or DC,13
0,0,13,540,-1.0524002807702872,-0.01947080904568621,0.08471938230536821,-5.948571428571428,0.9657142857142857,0.18285714285714286,0,0,0,0,0,0,0,0,0,0,0,no mains / natural or DC,13
0,0,13,550,-1.1053193762016662,-0.006653035065767388,0.07477034821619312,-5.371428571428571,1.8571428571428572,-0.25142857142857145,0,0,0,0,0,0,0,0,0,0,0,no mains / natural or DC,13
0,0,13,560,-1.1053193762016662,-0.006653035065767388,0.07477034821619312,-3.834285714285714,3.857142857142857,-0.6057142857142858,0,0,0,0,0,0,0,0,0,0,0,no mains / natural or DC,13
0,0,13,570,-1.1240577410199286,0.009826960051271096,0.060731833857234414,-3.834285714285714,3.857142857142857,-0.6057142857142858,0,0,0,0,0,0,0,0,0,0,0,no mains / natural or DC,13
0,0,13,580,-1.1361430707724234,0.021668141727958008,0.04895168919949949,-1.5485714285714285,5.925714285714285,0.08,0,0,0,0,0,0,0,0,0,0,0,no mains / natural or DC,13
0,0,13,590,-1.1361430707724234,0.021668141727958008,0.04895168919949949,-1.5485714285714285,5.925714285714285,0.08,0,0,0,0,0,0,0,0,0,0,0,no mains / natural or DC,13
0,0,13,600,-1.1366313669240393,0.005554368724631489,0.04211554307687612,1.0342857142857143,7.651428571428571,1.5942857142857143,0,0,0,0,0,0,0,0,0,0,0,no mains / natural or DC,13
0,0,13,610,-1.1366313669240393,0.005554368724631489,0.04211554307687612,1.0342857142857143,7.651428571428571,1.5942857142857143,0,0,0,0,0,0,0,0,0,0,0,no mains / natural or DC,13
0,0,13,620,-1.0898159733878596,-0.02655110324411756,0.03784295175023652,3.394285714285714,8.0,2.6742857142857144,0,0,0,0,0,0,0,0,0,0,0,no mains / natural or DC,13
0,0,13,630,-1.0898159733878596,-0.02655110324411756,0.03784295175023652,3.394285714285714,8.0,2.6742857142857144,0,0,0,0,0,0,0,0,0,0,0,no mains / natural or DC,13
0,0,13,640,-1.0724814600054933,-0.0662862025818659,0.04010132145146031,4.9314285714285715,6.1257142857142854,1.9142857142857144,0,0,0,0,0,0,0,0,0,0,0,no mains / natural or DC,13
0,0,13,650,-1.0724814600054933,-0.0662862025818659,0.04010132145146031,4.9314285714285715,6.1257142857142854,1.9142857142857144,0,0,0,0,0,0,0,0,0,0,0,no mains / natural or DC,13
0,0,13,660,-1.272072511978515,-0.10577715384380627,0.02911465804010132,5.251428571428572,1.04,-0.04,0,0,0,0,0,0,0,0,0,0,0,no mains / natural or DC,13
0,0,13,670,-1.272072511978515,-0.10577715384380627,0.02911465804010132,5.251428571428572,1.04,-0.04,0,0,0,0,0,0,0,0,0,0,0,no mains / natural or DC,13
0,0,13,680,-1.131382183294168,-0.14209418012024294,0.03540147099215674,4.462857142857143,0.29714285714285715,3.165714285714286,0,0,0,0,0,0,0,0,0,0,0,no mains / natural or DC,13
0,0,13,690,-1.131382183294168,-0.14209418012024294,0.03540147099215674,4.462857142857143,-1.1657142857142857,4.32,0,0,0,0,0,0,0,0,0,0,0,no mains / natural or DC,13
0,0,13,700,-1.1430402539139988,-0.1142002624591815,-0.013245033112582781,3.0685714285714285,-0.8914285714285715,4.32,0,0,0,0,0,0,0,0,0,0,0,no mains / natural or DC,13
0,0,13,710,-1.1010467848750267,-0.13721121860408336,-0.005920590838343455,1.7314285714285713,-1.36,7.64,0,0,0,0,0,0,0,0,0,0,0,no mains / natural or DC,13
0,0,13,720,-1.1010467848750267,-0.13721121860408336,-0.005920590838343455,1.7314285714285713,-1.36,7.64,0,0,0,0,0,0,0,0,0,0,0,no mains / natural or DC,13
0,0,13,730,-1.074129459517197,-0.12311166722617267,-0.046449171422467725,0.8171428571428572,-0.37142857142857144,9.754285714285714,0,0,0,0,0,0,0,0,0,0,0,no mains / natural or DC,13
0,0,13,740,-1.074129459517197,-0.12311166722617267,-0.046449171422467725,0.8171428571428572,-0.37142857142857144,9.754285714285714,0,0,0,0,0,0,0,0,0,0,0,no mains / natural or DC,13
0,0,13,750,-1.0751060518204292,-0.12549211096530044,-0.07415997802667318,0.8228571428571428,2.0,9.554285714285715,0,0,0,0,0,0,0,0,0,0,0,no mains / natural or DC,13
0,0,13,760,-1.0751060518204292,-0.12549211096530044,-0.07415997802667318,0.8228571428571428,2.0,9.554285714285715,0,0,0,0,0,0,0,0,0,0,0,no mains / natural or DC,13
0,0,13,770,-1.0749229407635732,-0.11804559465315714,-0.09448530533768731,1.7085714285714286,5.771428571428571,7.571428571428571,0,0,0,0,0,0,0,0,0,0,0,no mains / natural or DC,13
0,0,13,780,-1.0749229407635732,-0.11804559465315714,-0.09448530533768731,1.7085714285714286,5.771428571428571,7.571428571428571,0,0,0,0,0,0,0,0,0,0,0,no mains / natural or DC,13
0,0,13,790,-1.0189519943845942,-0.12262337107455672,-0.11053804132206183,3.3657142857142857,8.777142857142858,5.217142857142857,0,0,0,0,0,0,0,0,0,0,0,no mains / natural or DC,13
0,0,13,800,-1.0189519943845942,-0.12262337107455672,-0.11053804132206183,3.3657142857142857,8.777142857142858,5.217142857142857,0,0,0,0,0,0,0,0,0,0,0,no mains / natural or DC,13
0,0,13,810,-0.9278847621082187,-0.11761833552049318,-0.1239661854915006,4.6,10.554285714285715,3.0114285714285716,0,0,0,0,0,0,0,0,0,0,0,no mains / natural or DC,13
0,0,13,820,-0.9278847621082187,-0.11761833552049318,-0.1239661854915006,4.6,10.554285714285715,3.0114285714285716,0,0,0,0,0,0,0,0,0,0,0,no mains / natural or DC,13
0,0,13,830,-0.9071321756645405,-0.12567522202215645,-0.12738425855281227,5.2057142857142855,9.537142857142857,0.30857142857142855,0,0,0,0,0,0,0,0,0,0,0,no mains / natural or DC,13
0,0,13,840,-0.9071321756645405,-0.12567522202215645,-0.1261024811548204,5.154285714285714,6.84,-2.3771428571428572,0,0,0,0,0,0,0,0,0,0,0,no mains / natural or DC,13
0,0,13,850,-0.9080477309488204,-0.14380321665089876,-0.1261024811548204,5.154285714285714,6.84,-2.3771428571428572,0,0,0,0,0,0,0,0,0,0,0,no mains / natural or DC,13
0,0,13,860,-0.8996246223334452,-0.1563768425550096,-0.11597033600878934,4.508571428571429,2.8514285714285714,-5.68,0,0,0,0,0,0,0,0,0,0,0,no mains / natural or DC,13
0,0,13,870,-0.8996246223334452,-0.1563768425550096,-0.11597033600878934,4.508571428571429,2.8514285714285714,-5.68,0,0,0,0,0,0,0,0,0,0,0,no mains / natural or DC,13
0,0,13,880,-0.8760032959990234,-0.15820795312356944,-0.09710989715262307,3.6514285714285712,-2.5085714285714285,-9.434285714285714,0,0,0,0,0,0,0,0,0,0,0,no mains / natural or DC,14
0,0,13,890,-0.8760032959990234,-0.15820795312356944,-0.09710989715262307,3.6514285714285712,-2.5085714285714285,-9.434285714285714,0,0,0,0,0,0,0,0,0,0,0,no mains / natural or DC,14
0,0,13,900,-0.8348643452253792,-0.15399639881588184,-0.07232886745811334,2.9314285714285715,-8.788571428571428,-12.782857142857143,0,0,0,0,0,0,0,0,0,0,0,no mains / natural or DC,14
0,0,13,910,-0.8348643452253792,-0.15399639881588184,-0.07232886745811334,2.9314285714285715,-8.788571428571428,-12.782857142857143,0,0,0,0,0,0,0,0,0,0,0,no mains / natural or DC,14
0,0,13,920,-0.8191167943357647,-0.1488082522049623,-0.05059968871120334,2.4,-15.325714285714286,-15.48,0,0,0,0,0,0,0,0,0,0,0,no mains / natural or DC,14
0,0,13,930,-0.8191167943357647,-0.1488082522049623,-0.05059968871120334,2.4,-15.325714285714286,-15.48,0,0,0,0,0,0,0,0,0,0,0,no mains / natural or DC,14
0,0,13,940,-0.8242439039277322,-0.14709921567430648,-0.029053621021149327,2.0742857142857143,-20.708571428571428,-17.165714285714287,0,0,0,0,0,0,0,0,0,0,0,no mains / natural or DC,14
0,0,13,950,-0.8242439039277322,-0.14709921567430648,-0.029053621021149327,2.0742857142857143,-20.708571428571428,-17.165714285714287,0,0,0,0,0,0,0,0,0,0,0,no mains / natural or DC,14
0,0,13,960,-0.8287606433301797,-0.141056550798059,-0.006347849971007416,1.8171428571428572,-24.24,-18.217142857142857,0,0,0,0,0,0,0,0,0,0,0,no mains / natural or DC,14
0,0,13,970,-0.8287606433301797,-0.141056550798059,-0.006347849971007416,1.5885714285714285,-26.194285714285716,-18.08,0,0,0,0,0,0,0,0,0,0,0,no mains / natural or DC,14
0,0,13,980,-0.8374279000213629,-0.13037507248146002,0.014587847529526658,1.5885714285714285,-26.194285714285716,-18.08,0,0,0,0,0,0,0,0,0,0,0,no mains / natural or DC,14
0,0,13,990,-0.8306527909176916,-0.1227454451124607,0.03827021088290048,1.3542857142857143,-26.405714285714286,-16.742857142857144,0,0,0,0,0,0,0,0,0,0,0,no mains / natural or DC,14
0,0,14,0,-0.8306527909176916,-0.1227454451124607,0.03827021088290048,1.3542857142857143,-26.405714285714286,-16.742857142857144,0,0,0,0,0,0,0,0,0,0,0,no mains / natural or DC,14
0,0,14,10,-0.8401135288552507,-0.11566515091402936,0.059450056459242534,1.177142857142857,-25.937142857142856,-15.28,0,0,0,0,0,0,0,0,0,0,0,no mains / natural or DC,14
0,0,14,20,-0.8401135288552507,-0.11566515091402936,0.059450056459242534,1.177142857142857,-25.937142857142856,-15.28,0,0,0,0,0,0,0,0,0,0,0,no mains / natural or DC,14
0,0,14,30,-0.8642841883602405,-0.11096530045472579,0.07684560686056092,1.24,-24.942857142857143,-14.028571428571428,0,0,0,0,0,0,0,0,0,0,0,no mains / natural or DC,14
0,0,14,40,-0.8642841883602405,-0.11096530045472579,0.07684560686056092,1.24,-24.942857142857143,-14.028571428571428,0,0,0,0,0,0,0,0,0,0,0,no mains / natural or DC,14
0,0,14,50,-0.8753929258095035,-0.10083315530869472,0.0836817529831843,1.6114285714285714,-22.965714285714284,-12.708571428571428,0,0,0,0,0,0,0,0,0,0,0,no mains / natural or DC,14
0,0,14,60,-0.8753929258095035,-0.10083315530869472,0.0836817529831843,1.6114285714285714,-22.965714285714284,-12.708571428571428,0,0,0,0,0,0,0,0,0,0,0,no mains / natural or DC,14
0,0,14,70,-0.8860133671071505,-0.08954130680257576,0.08612323374126407,2.257142857142857,-20.297142857142855,-11.48,0,0,0,0,0,0,0,0,0,0,0,no mains / natural or DC,14
0,0,14,80,-0.8860133671071505,-0.08954130680257576,0.08612323374126407,2.257142857142857,-20.297142857142855,-11.48,0,0,0,0,0,0,0,0,0,0,0,no mains / natural or DC,14
0,0,14,90,-0.9031037324137089,-0.08227790154728842,0.0846583452864162,3.257142857142857,-16.86285714285714,-10.01142857142857,0,0,0,0,0,0,0,0,0,0,0,no mains / natural or DC,14
0,0,14,100,-0.9031037324137089,-0.08227790154728842,0.0846583452864162,3.257142857142857,-16.86285714285714,-10.01142857142857,0,0,0,0,0,0,0,0,0,0,0,no mains / natural or DC,14
0,0,14,110,-0.923856318857387,-0.08093508713034456,0.07849360637226478,4.594285714285714,-12.817142857142857,-8.64,0,0,0,0,0,0,0,0,0,0,0,no mains / natural or DC,14
0,0,14,120,-0.9381389812921537,-0.07849360637226478,0.07141331217383343,6.297142857142857,-8.537142857142857,-7.651428571428571,0,0,0,0,0,0,0,0,0,0,0,no mains / natural or DC,14
0,0,14,130,-0.9381389812921537,-0.07849360637226478,0.07141331217383343,6.297142857142857,-8.537142857142857,-7.651428571428571,0,0,0,0,0,0,0,0,0,0,0,no mains / natural or DC,14
0,0,14,140,-0.9541306802575762,-0.07812738425855281,0.05999938962981048,8.434285714285714,-4.525714285714286,-7.217142857142857,0,0,0,0,0,0,0,0,0,0,0,no mains / natural or DC,14
0,0,14,150,-0.9541306802575762,-0.07812738425855281,0.05999938962981048,8.434285714285714,-4.525714285714286,-7.217142857142857,0,0,0,0,0,0,0,0,0,0,0,no mains / natural or DC,14
0,0,14,160,-0.9621265297402875,-0.0836817529831843,0.05212561418500321,10.84,-0.9485714285714286,-7.142857142857143,0,0,0,0,0,0,0,0,0,0,0,no mains / natural or DC,14
0,0,14,170,-0.9621265297402875,-0.0836817529831843,0.05212561418500321,10.84,-0.9485714285714286,-7.142857142857143,0,0,0,0,0,0,0,0,0,0,0,no mains / natural or DC,14
0,0,14,180,-0.9630420850245675,-0.08954130680257576,0.04730368968779565,13.24,1.8114285714285714,-7.085714285714285,0,0,0,0,0,0,0,0,0,0,0,no mains / natural or DC,14
0,0,14,190,-0.9630420850245675,-0.08954130680257576,0.04730368968779565,13.24,1.8114285714285714,-7.085714285714285,0,0,0,0,0,0,0,0,0,0,0,no mains / natural or DC,14
0,0,14,200,-0.9658497878963591,-0.10016174810022278,0.04901272621845149,15.274285714285714,3.2057142857142855,-6.7371428571428575,0,0,0,0,0,0,0,0,0,0,0,no mains / natural or DC,14
0,0,14,210,-0.9658497878963591,-0.10016174810022278,0.04901272621845149,15.274285714285714,3.2057142857142855,-6.7371428571428575,0,0,0,0,0,0,0,0,0,0,0,no mains / natural or DC,14
0,0,14,220,-0.9824518570513017,-0.11365092928861355,0.05066072573015534,16.605714285714285,2.9828571428571427,-5.828571428571428,0,0,0,0,0,0,0,0,0,0,0,no mains / natural or DC,14
0,0,14,230,-0.9824518570513017,-0.11365092928861355,0.05066072573015534,16.605714285714285,2.9828571428571427,-5.828571428571428,0,0,0,0,0,0,0,0,0,0,0,no mains / natural or DC,14
0,0,14,240,-1.0165105136265145,-0.1327555162205878,0.05505539109469894,17.05142857142857,1.7942857142857143,-4.68,0,0,0,0,0,0,0,0,0,0,0,no mains / natural or DC,14
0,0,14,250,-1.0165105136265145,-0.1327555162205878,0.05505539109469894,16.594285714285714,0.11428571428571428,-3.6685714285714286,0,0,0,0,0,0,0,0,0,0,0,no mains / natural or DC,14
0,0,14,260,-1.0517288735618153,-0.15381328775902586,0.06146427808465835,16.594285714285714,0.11428571428571428,-3.6685714285714286,0,0,0,0,0,0,0,0,0,0,0,no mains / natural or DC,14
0,0,14,270,-1.0560014648884548,-0.16882839442121647,0.0684224982451857,15.468571428571428,-1.3657142857142857,-3.005714285714286,0,0,0,0,0,0,0,0,0,0,0,no mains / natural or DC,14
0,0,14,280,-1.0560014648884548,-0.16882839442121647,0.0684224982451857,15.468571428571428,-1.3657142857142857,-3.005714285714286,0,0,0,0,0,0,0,0,0,0,0,no mains / natural or DC,14
0,0,14,290,-1.0470290231025117,-0.1773735770744957,0.076052125614185,13.925714285714285,-3.0685714285714285,-2.9885714285714284,0,0,0,0,0,0,0,0,0,0,0,no mains / natural or DC,14
0,0,14,300,-1.0470290231025117,-0.1773735770744957,0.076052125614185,13.925714285714285,-3.0685714285714285,-2.9885714285714284,0,0,0,0,0,0,0,0,0,0,0,no mains / natural or DC,14
0,0,14,310,-1.032319101535081,-0.18347727896969512,0.08655049287392803,12.382857142857143,-4.571428571428571,-3.0914285714285716,0,0,0,0,0,0,0,0,0,0,0,no mains / natural or DC,14
0,0,14,320,-1.032319101535081,-0.18347727896969512,0.08655049287392803,12.382857142857143,-4.571428571428571,-3.0914285714285716,0,0,0,0,0,0,0,0,0,0,0,no mains / natural or DC,14
0,0,14,330,-0.9899594103823969,-0.1867732779931028,0.09680471205786309,11.257142857142858,-5.2057142857142855,-3.0171428571428573,0,0,0,0,0,0,0,0,0,0,0,no mains / natural or DC,14
0,0,14,340,-0.9899594103823969,-0.1867732779931028,0.09680471205786309,11.257142857142858,-5.2057142857142855,-3.0171428571428573,0,0,0,0,0,0,0,0,0,0,0,no mains / natural or DC,14
0,0,14,350,-1.0198065126499223,-0.1804864650410474,0.12347788933988464,10.737142857142857,-5.634285714285714,-3.7085714285714286,0,0,0,0,0,0,0,0,0,0,0,no mains / natural or DC,14
0,0,14,360,-1.0198065126499223,-0.1804864650410474,0.12347788933988464,10.737142857142857,-5.634285714285714,-3.7085714285714286,0,0,0,0,0,0,0,0,0,0,0,no mains / natural or DC,14
0,0,14,370,-1.2862331003753777,-0.20191045869319743,0.1183507797479171,11.16,-8.125714285714286,-4.742857142857143,0,0,0,0,0,0,0,0,0,0,0,no mains / natural or DC,14
0,0,14,380,-1.2862331003753777,-0.20191045869319743,0.1183507797479171,11.16,-2.56,0.6857142857142857,0,0,0,0,0,0,0,0,0,0,0,no mains / natural or DC,14
0,0,14,390,-1.141636402478103,-0.18878749961851862,0.16370128482924895,11.862857142857143,-2.56,0.6857142857142857,0,0,0,0,0,0,0,0,0,0,0,no mains / natural or DC,14
0,0,14,400,-1.152500991851558,-0.16766869106112858,0.15137180700094607,12.165714285714285,2.342857142857143,4.24,0,0,0,0,0,0,0,0,0,0,0,no mains / natural or DC,14
0,0,14,410,-1.152500991851558,-0.16766869106112858,0.15137180700094607,12.165714285714285,2.342857142857143,4.24,0,0,0,0,0,0,0,0,0,0,0,no mains / natural or DC,14
0,0,14,420,-1.1341288491470076,-0.22144230475783563,0.22083193456831568,12.691428571428572,1.3542857142857143,6.914285714285715,0,0,0,0,0,0,0,0,0,0,0,no mains / natural or DC,14
0,0,14,430,-1.1341288491470076,-0.22144230475783563,0.22083193456831568,12.691428571428572,1.3542857142857143,6.914285714285715,0,0,0,0,0,0,0,0,0,0,0,no mains / natural or DC,14
0,0,14,440,-0.9586474196600238,-0.1944029053621021,0.23889889217810603,12.245714285714286,2.8971428571428572,9.08,0,0,0,0,0,0,0,0,0,0,0,no mains / natural or DC,14
0,0,14,450,-0.9586474196600238,-0.1944029053621021,0.23889889217810603,12.245714285714286,2.8971428571428572,9.08,0,0,0,0,0,0,0,0,0,0,0,no mains / natural or DC,14
0,0,14,460,-0.934781945249794,-0.19574571977904598,0.261116367076632,11.468571428571428,-1.9485714285714286,8.028571428571428,0,0,0,0,0,0,0,0,0,0,0,no mains / natural or DC,14
0,0,14,470,-0.934781945249794,-0.19574571977904598,0.261116367076632,11.468571428571428,-1.9485714285714286,8.028571428571428,0,0,0,0,0,0,0,0,0,0,0,no mains / natural or DC,14
0,0,14,480,-1.0279244361705375,-0.20722067934202093,0.25598925748466445,10.605714285714285,-6.525714285714286,5.428571428571429,0,0,0,0,0,0,0,0,0,0,0,no mains / natural or DC,14
0,0,14,490,-1.0279244361705375,-0.20722067934202093,0.25598925748466445,10.605714285714285,-6.525714285714286,5.428571428571429,0,0,0,0,0,0,0,0,0,0,0,no mains / natural or DC,14
0,0,14,500,-1.1275978881191442,-0.20307016205328532,0.23010956144901884,10.234285714285715,-5.177142857142857,1.5371428571428571,0,0,0,0,0,0,0,0,0,0,0,no mains / natural or DC,14
0,0,14,510,-1.1275978881191442,-0.20307016205328532,0.23010956144901884,10.234285714285715,-5.177142857142857,1.5371428571428571,0,0,0,0,0,0,0,0,0,0,0,no mains / natural or DC,14
0,0,14,520,-1.0513016144291514,-0.2088076418347728,0.2305368205816828,10.90857142857143,0.7257142857142858,-2.7485714285714287,0,0,0,0,0,0,0,0,0,0,0,no mains / natural or DC,14
0,0,14,530,-1.0513016144291514,-0.17755668813135167,0.21735282448805202,12.057142857142857,6.371428571428571,-5.6,0,0,0,0,0,0,0,0,0,0,0,no mains / natural or DC,14
0,0,14,540,-0.9030426953947569,-0.1801812799462874,0.21735282448805202,12.057142857142857,6.371428571428571,-5.6,0,0,0,0,0,0,0,0,0,0,0,no mains / natural or DC,14
0,0,14,550,-0.8959013641773735,-0.19910275582140569,0.21771904660176397,13.371428571428572,5.777142857142858,-8.348571428571429,0,0,0,0,0,0,0,0,0,0,0,no mains / natural or DC,14
0,0,14,560,-0.8959013641773735,-0.19910275582140569,0.21771904660176397,13.371428571428572,5.777142857142858,-8.348571428571429,0,0,0,0,0,0,0,0,0,0,0,no mains / natural or DC,14
0,0,14,570,-0.9173863948484756,-0.21155430768761255,0.20093386638996552,14.371428571428572,5.611428571428571,-10.257142857142858,0,0,0,0,0,0,0,0,0,0,0,no mains / natural or DC,14
0,0,14,580,-0.9173863948484756,-0.21155430768761255,0.20093386638996552,14.371428571428572,5.611428571428571,-10.257142857142858,0,0,0,0,0,0,0,0,0,0,0,no mains / natural or DC,14
0,0,14,590,-0.9149449140903958,-0.21662038026062808,0.18384350108340708,15.405714285714286,5.7371428571428575,-12.862857142857143,0,0,0,0,0,0,0,0,0,0,0,no mains / natural or DC,15
0,0,14,600,-0.9149449140903958,-0.21662038026062808,0.18384350108340708,15.405714285714286,5.7371428571428575,-12.862857142857143,0,0,0,0,0,0,0,0,0,0,0,no mains / natural or DC,15
0,0,14,610,-0.8944364757225257,-0.21918393505661182,0.16486098818933684,16.53142857142857,6.354285714285714,-15.668571428571429,0,0,0,0,0,0,0,0,0,0,0,no mains / natural or DC,15
0,0,14,620,-0.8944364757225257,-0.21918393505661182,0.16486098818933684,16.53142857142857,6.354285714285714,-15.668571428571429,0,0,0,0,0,0,0,0,0,0,0,no mains / natural or DC,15
0,0,14,630,-0.8728293710135197,-0.22199163792840357,0.1477706228827784,17.462857142857143,7.851428571428571,-17.845714285714287,0,0,0,0,0,0,0,0,0,0,0,no mains / natural or DC,15
0,0,14,640,-0.8728293710135197,-0.22199163792840357,0.1477706228827784,17.462857142857143,7.851428571428571,-17.845714285714287,0,0,0,0,0,0,0,0,0,0,0,no mains / natural or DC,15
0,0,14,650,-0.8569597460860011,-0.22669148838770714,0.13599047822504348,18.02857142857143,9.502857142857144,-19.068571428571428,0,0,0,0,0,0,0,0,0,0,0,no mains / natural or DC,15
0,0,14,660,-0.8569597460860011,-0.22669148838770714,0.13599047822504348,18.165714285714287,10.822857142857142,-19.034285714285716,0,0,0,0,0,0,0,0,0,0,0,no mains / natural or DC,15
0,0,14,670,-0.8500015259254738,-0.23126926480910673,0.12549211096530044,18.165714285714287,10.822857142857142,-19.034285714285716,0,0,0,0,0,0,0,0,0,0,0,no mains / natural or DC,15
0,0,14,680,-0.8284554582354198,-0.22888882106997893,0.11395611438337351,17.754285714285714,11.777142857142858,-17.78857142857143,0,0,0,0,0,0,0,0,0,0,0,no mains / natural or DC,15
0,0,14,690,-0.8284554582354198,-0.22888882106997893,0.11395611438337351,17.754285714285714,11.777142857142858,-17.78857142857143,0,0,0,0,0,0,0,0,0,0,0,no mains / natural or DC,15
0,0,14,700,-0.8117923520615253,-0.22449415570543535,0.10345774712363048,17.0,11.971428571428572,-16.085714285714285,0,0,0,0,0,0,0,0,0,0,0,no mains / natural or DC,15
0,0,14,710,-0.8117923520615253,-0.22449415570543535,0.10345774712363048,17.0,11.971428571428572,-16.085714285714285,0,0,0,0,0,0,0,0,0,0,0,no mains / natural or DC,15
0,0,14,720,-0.8095950193792535,-0.21979430524613178,0.09527878658406323,16.01142857142857,11.697142857142858,-13.902857142857142,0,0,0,0,0,0,0,0,0,0,0,no mains / natural or DC,15
0,0,14,730,-0.8095950193792535,-0.21979430524613178,0.09527878658406323,16.01142857142857,11.697142857142858,-13.902857142857142,0,0,0,0,0,0,0,0,0,0,0,no mains / natural or DC,15
0,0,14,740,-0.8113650929288614,-0.20954008606219673,0.09070101016266366,14.817142857142857,11.028571428571428,-11.451428571428572,0,0,0,0,0,0,0,0,0,0,0,no mains / natural or DC,15
0,0,14,750,-0.8113650929288614,-0.20954008606219673,0.09070101016266366,14.817142857142857,11.028571428571428,-11.451428571428572,0,0,0,0,0,0,0,0,0,0,0,no mains / natural or DC,15
0,0,14,760,-0.815759758293405,-0.20148319956053345,0.08972441785943175,13.514285714285714,9.8,-8.702857142857143,0,0,0,0,0,0,0,0,0,0,0,no mains / natural or DC,15
0,0,14,770,-0.815759758293405,-0.20148319956053345,0.08972441785943175,13.514285714285714,9.8,-8.702857142857143,0,0,0,0,0,0,0,0,0,0,0,no mains / natural or DC,15
0,0,14,780,-0.8323007904293954,-0.18964201788384655,0.09112826929532762,12.108571428571429,8.148571428571428,-6.057142857142857,0,0,0,0,0,0,0,0,0,0,0,no mains / natural or DC,15
0,0,14,790,-0.8323007904293954,-0.18964201788384655,0.09112826929532762,12.108571428571429,8.148571428571428,-3.3485714285714288,0,0,0,0,0,0,0,0,0,0,0,no mains / natural or DC,15
0,0,14,800,-0.8339487899410992,-0.17896053956724753,0.0957060457167272,10.657142857142857,6.382857142857143,-3.3485714285714288,0,0,0,0,0,0,0,0,0,0,0,no mains / natural or DC,15
0,0,14,810,-0.8495132297738578,-0.16815698721274452,0.10065004425183874,9.028571428571428,4.2457142857142856,-1.0857142857142856,0,0,0,0,0,0,0,0,0,0,0,no mains / natural or DC,15
0,0,14,820,-0.8495132297738578,-0.16815698721274452,0.10065004425183874,9.028571428571428,4.2457142857142856,-1.0857142857142856,0,0,0,0,0,0,0,0,0,0,0,no mains / natural or DC,15
0,0,14,830,-0.8622089297158727,-0.16290780358287302,0.10821863460188605,7.211428571428572,1.9942857142857142,0.8,0,0,0,0,0,0,0,0,0,0,0,no mains / natural or DC,15
0,0,14,840,-0.8622089297158727,-0.16290780358287302,0.10821863460188605,7.211428571428572,1.9942857142857142,0.8,0,0,0,0,0,0,0,0,0,0,0,no mains / natural or DC,15
0,0,14,850,-0.8713644825586718,-0.1466719565416425,0.11035493026520585,5.297142857142857,-0.17142857142857143,2.388571428571429,0,0,0,0,0,0,0,0,0,0,0,no mains / natural or DC,15
0,0,14,860,-0.8713644825586718,-0.1466719565416425,0.11035493026520585,5.297142857142857,-0.17142857142857143,2.388571428571429,0,0,0,0,0,0,0,0,0,0,0,no mains / natural or DC,15
0,0,14,870,-0.9016998809778131,-0.1336710715048677,0.1142002624591815,3.4857142857142858,-2.3771428571428572,3.942857142857143,0,0,0,0,0,0,0,0,0,0,0,no mains / natural or DC,15
0,0,14,880,-0.9016998809778131,-0.1336710715048677,0.1142002624591815,3.4857142857142858,-2.3771428571428572,3.942857142857143,0,0,0,0,0,0,0,0,0,0,0,no mains / natural or DC,15
0,0,14,890,-0.9197668385876033,-0.12134159367656483,0.11316263313699759,2.0228571428571427,-3.4685714285714284,5.725714285714286,0,0,0,0,0,0,0,0,0,0,0,no mains / natural or DC,15
0,0,14,900,-0.9197668385876033,-0.12134159367656483,0.11316263313699759,2.0228571428571427,-3.4685714285714284,5.725714285714286,0,0,0,0,0,0,0,0,0,0,0,no mains / natural or DC,15
0,0,14,910,-0.9479049043244728,-0.1142002624591815,0.11719107638782922,0.8914285714285715,-4.005714285714285,6.6,0,0,0,0,0,0,0,0,0,0,0,no mains / natural or DC,15
0,0,14,920,-0.9479049043244728,-0.1142002624591815,0.11719107638782922,0.8914285714285715,-4.005714285714285,6.6,0,0,0,0,0,0,0,0,0,0,0,no mains / natural or DC,15
0,0,14,930,-0.9685354167302469,-0.10467848750267036,0.12579729606006043,0.05714285714285714,-3.9657142857142857,6.948571428571428,0,0,0,0,0,0,0,0,0,0,0,no mains / natural or DC,15
0,0,14,940,-0.9685354167302469,-0.10467848750267036,0.12579729606006043,-0.5485714285714286,-3.84,6.9314285714285715,0,0,0,0,0,0,0,0,0,0,0,no mains / natural or DC,15
0,0,14,950,-0.9922177800836207,-0.09625537888729514,0.13086336863307596,-0.5485714285714286,-3.84,6.9314285714285715,0,0,0,0,0,0,0,0,0,0,0,no mains / natural or DC,15
0,0,14,960,-1.009979552598651,-0.0805078279976806,0.13190099795525986,-0.8228571428571428,-3.2685714285714287,6.651428571428571,0,0,0,0,0,0,0,0,0,0,0,no mains / natural or DC,15
0,0,14,970,-1.009979552598651,-0.0805078279976806,0.13190099795525986,-0.8228571428571428,-3.2685714285714287,6.651428571428571,0,0,0,0,0,0,0,0,0,0,0,no mains / natural or DC,15
0,0,14,980,-1.0497756889553513,-0.06726279488509782,0.12469862971892452,-0.5028571428571429,-1.92,6.68,0,0,0,0,0,0,0,0,0,0,0,no mains / natural or DC,15
0,0,14,990,-1.0497756889553513,-0.06726279488509782,0.12469862971892452,-0.5028571428571429,-1.92,6.68,0,0,0,0,0,0,0,0,0,0,0,no mains / natural or DC,15
0,0,15,0,-1.0909146397289957,-0.06921597949156164,0.11908322397534105,0.6571428571428571,0.5942857142857143,6.565714285714286,0,0,0,0,0,0,0,0,0,0,0,no mains / natural or DC,15
0,0,15,10,-1.0909146397289957,-0.06921597949156164,0.11908322397534105,0.6571428571428571,0.5942857142857143,6.565714285714286,0,0,0,0,0,0,0,0,0,0,0,no mains / natural or DC,15
0,0,15,20,-1.1076387829218421,-0.07623523667104098,0.10968352305673391,2.617142857142857,3.8,5.588571428571429,0,0,0,0,0,0,0,0,0,0,0,no mains / natural or DC,15
0,0,15,30,-1.1076387829218421,-0.07623523667104098,0.10968352305673391,2.617142857142857,3.8,5.588571428571429,0,0,0,0,0,0,0,0,0,0,0,no mains / natural or DC,15
0,0,15,40,-1.0935392315439314,-0.0836817529831843,0.09466841639454329,5.2628571428571425,7.1085714285714285,3.9257142857142857,0,0,0,0,0,0,0,0,0,0,0,no mains / natural or DC,15
0,0,15,50,-1.0935392315439314,-0.0836817529831843,0.09466841639454329,5.2628571428571425,7.1085714285714285,3.9257142857142857,0,0,0,0,0,0,0,0,0,0,0,no mains / natural or DC,15
0,0,15,60,-1.0505691702017272,-0.09192175054170354,0.08331553086947234,8.148571428571428,10.285714285714286,2.7942857142857145,0,0,0,0,0,0,0,0,0,0,0,no mains / natural or DC,15
0,0,15,70,-1.0505691702017272,-0.09192175054170354,0.08331553086947234,11.074285714285715,12.577142857142857,3.44,0,0,0,0,0,0,0,0,0,0,0,no mains / natural or DC,15
0,0,15,80,-0.9931943723868526,-0.11230811487166967,0.07342753379924924,10.82857142857143,12.577142857142857,3.44,0,0,0,0,0,0,0,0,0,0,0,no mains / natural or DC,15
0,0,15,90,-1.044770653401288,-0.1357463301492355,0.08252204962309641,12.834285714285715,12.857142857142858,4.68,0,0,0,0,0,0,0,0,0,0,0,no mains / natural or DC,15
0,0,15,100,-1.044770653401288,-0.1357463301492355,0.08252204962309641,12.834285714285715,12.857142857142858,4.68,0,0,0,0,0,0,0,0,0,0,0,no mains / natural or DC,15
0,0,15,110,-1.2535172582171086,-0.19330423902096622,0.06683553575243385,14.605714285714285,9.337142857142856,6.131428571428572,0,0,0,0,0,0,0,0,0,0,0,no mains / natural or DC,15
0,0,15,120,-1.2535172582171086,-0.19330423902096622,0.06683553575243385,14.605714285714285,9.337142857142856,6.131428571428572,0,0,0,0,0,0,0,0,0,0,0,no mains / natural or DC,15
0,0,15,130,-1.0854213080233162,-0.163151951658681,0.0750144962920011,15.548571428571428,12.314285714285715,13.782857142857143,0,0,0,0,0,0,0,0,0,0,0,no mains / natural or DC,15
0,0,15,140,-1.0854213080233162,-0.163151951658681,0.0750144962920011,15.548571428571428,12.314285714285715,13.782857142857143,0,0,0,0,0,0,0,0,0,0,0,no mains / natural or DC,15
0,0,15,150,-1.17612231818598,-0.1790826136051515,0.04657124546037172,16.451428571428572,9.302857142857142,17.302857142857142,0,0,0,0,0,0,0,0,0,0,0,no mains / natural or DC,15
0,0,15,160,-1.17612231818598,-0.1790826136051515,0.04657124546037172,16.451428571428572,9.302857142857142,17.302857142857142,0,0,0,0,0,0,0,0,0,0,0,no mains / natural or DC,15
0,0,15,170,-1.1026337473677785,-0.16705832087160863,0.03534043397320475,17.78857142857143,9.885714285714286,23.81142857142857,0,0,0,0,0,0,0,0,0,0,0,no mains / natural or DC,15
0,0,15,180,-1.1026337473677785,-0.16705832087160863,0.03534043397320475,17.78857142857143,9.885714285714286,23.81142857142857,0,0,0,0,0,0,0,0,0,0,0,no mains / natural or DC,15
0,0,15,190,-1.1329691457869198,-0.1608935819574572,6.103701895199438e-05,19.942857142857143,9.788571428571428,25.154285714285713,0,0,0,0,0,0,0,0,0,0,0,no mains / natural or DC,15
0,0,15,200,-1.1329691457869198,-0.1608935819574572,6.103701895199438e-05,19.942857142857143,9.788571428571428,25.154285714285713,0,0,0,0,0,0,0,0,0,0,0,no mains / natural or DC,15
0,0,15,210,-1.218115787224952,-0.19745475630970183,-0.028870509964293342,22.765714285714285,12.388571428571428,23.617142857142856,0,0,0,0,0,0,0,0,0,0,0,no mains / natural or DC,15
0,0,15,220,-1.1556138798181097,-0.22559282204657125,-0.037476729636524556,25.49142857142857,17.737142857142857,18.748571428571427,0,0,0,0,0,0,0,0,0,0,0,no mains / natural or DC,15
0,0,15,230,-1.1451765495773187,-0.22559282204657125,-0.037476729636524556,25.49142857142857,17.737142857142857,18.748571428571427,0,0,0,0,0,0,0,0,0,0,0,no mains / natural or DC,15
0,0,15,240,-1.067049165318766,-0.24170659504989778,-0.04736472670674764,27.622857142857143,19.845714285714287,9.342857142857143,0,0,0,0,0,0,0,0,0,0,0,no mains / natural or DC,15
0,0,15,250,-1.067049165318766,-0.24170659504989778,-0.04736472670674764,27.622857142857143,19.845714285714287,9.342857142857143,0,0,0,0,0,0,0,0,0,0,0,no mains / natural or DC,15
0,0,15,260,-0.934537797173986,-0.260628070925016,-0.03894161809137242,28.514285714285716,18.96,1.3942857142857144,0,0,0,0,0,0,0,0,0,0,0,no mains / natural or DC,15
0,0,15,270,-0.934537797173986,-0.260628070925016,-0.03894161809137242,28.514285714285716,18.96,1.3942857142857144,0,0,0,0,0,0,0,0,0,0,0,no mains / natural or DC,15
0,0,15,280,-0.8485976744895779,-0.26502273628955964,-0.048097170934171575,28.097142857142856,15.217142857142857,-4.057142857142857,0,0,0,0,0,0,0,0,0,0,0,no mains / natural or DC,15
0,0,15,290,-0.8485976744895779,-0.26502273628955964,-0.048097170934171575,28.097142857142856,15.217142857142857,-4.057142857142857,0,0,0,0,0,0,0,0,0,0,0,no mains / natural or DC,15
0,0,15,300,-0.8389538254951628,-0.27484969634083073,-0.04229865413373211,26.571428571428573,10.062857142857142,-7.24,0,0,0,0,0,0,0,0,0,0,0,no mains / natural or DC,15
0,0,15,310,-0.8389538254951628,-0.27484969634083073,-0.04229865413373211,26.571428571428573,10.062857142857142,-7.24,0,0,0,0,0,0,0,0,0,0,0,no mains / natural or DC,15
0,0,15,320,-0.8670308542130802,-0.2710043641468551,-0.04144413586840419,24.777142857142856,6.714285714285714,-8.497142857142856,0,0,0,0,0,0,0,0,0,0,0,no mains / natural or DC,15
0,0,15,330,-0.8670308542130802,-0.2710043641468551,-0.04144413586840419,24.777142857142856,6.714285714285714,-8.497142857142856,0,0,0,0,0,0,0,0,0,0,0,no mains / natural or DC,15
0,0,15,340,-0.8528702658162175,-0.2654499954222236,-0.029297769096957305,23.314285714285713,4.428571428571429,-8.194285714285714,0,0,0,0,0,0,0,0,0,0,0,no mains / natural or DC,15
0,0,15,350,-0.8528702658162175,-0.2654499954222236,-0.029297769096957305,22.10857142857143,1.6685714285714286,-8.085714285714285,0,0,0,0,0,0,0,0,0,0,0,no mains / natural or DC,15
0,0,15,360,-0.8216803491317484,-0.250190740684225,-0.013489181188390759,22.10857142857143,1.6685714285714286,-8.085714285714285,0,0,0,0,0,0,0,0,0,0,0,no mains / natural or DC,15
0,0,15,370,-0.8037354655598621,-0.23108615375225075,-0.0026245918149357585,21.582857142857144,-2.32,-7.68,0,0,0,0,0,0,0,0,0,0,0,no mains / natural or DC,15
0,0,15,380,-0.8037354655598621,-0.23108615375225075,-0.0026245918149357585,21.582857142857144,-2.32,-7.68,0,0,0,0,0,0,0,0,0,0,0,no mains / natural or DC,15
0,0,15,390,-0.8296761986144596,-0.21155430768761255,0.0008545182653279214,21.902857142857144,-6.565714285714286,-7.725714285714286,0,0,0,0,0,0,0,0,0,0,0,no mains / natural or DC,15
0,0,15,400,-0.8296761986144596,-0.21155430768761255,0.0008545182653279214,21.902857142857144,-6.565714285714286,-7.725714285714286,0,0,0,0,0,0,0,0,0,0,0,no mains / natural or DC,15
0,0,15,410,-0.8632465590380566,-0.1815240943632313,0.0011597033600878933,23.485714285714284,-8.668571428571429,-7.8342857142857145,0,0,0,0,0,0,0,0,0,0,0,no mains / natural or DC,15
0,0,15,420,-0.8632465590380566,-0.1815240943632313,0.0011597033600878933,23.485714285714284,-8.668571428571429,-7.8342857142857145,0,0,0,0,0,0,0,0,0,0,0,no mains / natural or DC,16
0,0,15,430,-0.8741111484115116,-0.15448469496749778,0.005188146610919523,26.577142857142857,-8.948571428571428,-7.457142857142857,0,0,0,0,0,0,0,0,0,0,0,no mains / natural or DC,16
0,0,15,440,-0.8741111484115116,-0.15448469496749778,0.005188146610919523,26.577142857142857,-8.948571428571428,-7.457142857142857,0,0,0,0,0,0,0,0,0,0,0,no mains / natural or DC,16
0,0,15,450,-0.8766747032074953,-0.13611255226294747,0.014648884548478652,30.754285714285714,-8.577142857142857,-6.908571428571428,0,0,0,0,0,0,0,0,0,0,0,no mains / natural or DC,16
0,0,15,460,-0.8766747032074953,-0.13611255226294747,0.014648884548478652,30.754285714285714,-8.577142857142857,-6.908571428571428,0,0,0,0,0,0,0,0,0,0,0,no mains / natural or DC,16
0,0,15,470,-0.8829615161595508,-0.12103640858180487,0.02594073305459761,35.62285714285714,-8.045714285714286,-6.594285714285714,0,0,0,0,0,0,0,0,0,0,0,no mains / natural or DC,16
0,0,15,480,-0.8829615161595508,-0.12103640858180487,0.02594073305459761,35.62285714285714,-8.045714285714286,-6.617142857142857,0,0,0,0,0,0,0,0,0,0,0,no mains / natural or DC,16
0,0,15,490,-0.9049348429822688,-0.1131015961180456,0.035767693105868706,41.05142857142857,-7.577142857142857,-6.617142857142857,0,0,0,0,0,0,0,0,0,0,0,no mains / natural or DC,16
0,0,15,500,-0.9331949827570422,-0.10779137546922209,0.04638813440351573,47.16571428571429,-6.822857142857143,-7.274285714285714,0,0,0,0,0,0,0,0,0,0,0,no mains / natural or DC,16
0,0,15,510,-0.9331949827570422,-0.10779137546922209,0.04638813440351573,47.16571428571429,-6.822857142857143,-7.274285714285714,0,0,0,0,0,0,0,0,0,0,0,no mains / natural or DC,16
0,0,15,520,-0.9510788293099764,-0.10290841395306254,0.05566576128421888,53.78857142857143,-5.274285714285714,-8.531428571428572,0,0,0,0,0,0,0,0,0,0,0,no mains / natural or DC,16
0,0,15,530,-0.9510788293099764,-0.10290841395306254,0.05566576128421888,53.78857142857143,-5.274285714285714,-8.531428571428572,0,0,0,0,0,0,0,0,0,0,0,no mains / natural or DC,16
0,0,15,540,-0.9742118594927823,-0.0957060457167272,0.06158635212256233,60.53142857142857,-3.302857142857143,-9.497142857142856,0,0,0,0,0,0,0,0,0,0,0,no mains / natural or DC,16
0,0,15,550,-0.9742118594927823,-0.0957060457167272,0.06158635212256233,60.53142857142857,-3.302857142857143,-9.497142857142856,0,0,0,0,0,0,0,0,0,0,0,no mains / natural or DC,16
0,0,15,560,-0.9755546739097263,-0.0946073793755913,0.06537064729758599,67.0,-0.24,-8.805714285714286,0,0,0,0,0,0,0,0,0,0,0,no mains / natural or DC,16
0,0,15,570,-0.9755546739097263,-0.0946073793755913,0.06537064729758599,67.0,-0.24,-8.805714285714286,0,0,0,0,0,0,0,0,0,0,0,no mains / natural or DC,16
0,0,15,580,-0.9770805993835261,-0.10077211828974272,0.06726279488509782,73.11428571428571,3.297142857142857,-7.474285714285714,0,0,0,0,0,0,0,0,0,0,0,no mains / natural or DC,16
0,0,15,590,-0.9770805993835261,-0.10077211828974272,0.06726279488509782,73.11428571428571,3.297142857142857,-7.474285714285714,0,0,0,0,0,0,0,0,0,0,0,no mains / natural or DC,16
0,0,15,600,-0.9931943723868526,-0.12250129703665273,0.06836146122623371,79.03428571428572,6.788571428571428,-6.897142857142857,0,0,0,0,0,0,0,0,0,0,0,no mains / natural or DC,16
0,0,15,610,-0.9931943723868526,-0.12250129703665273,0.06836146122623371,79.03428571428572,6.788571428571428,-6.897142857142857,0,0,0,0,0,0,0,0,0,0,0,no mains / natural or DC,16
0,0,15,620,-1.012176885280923,-0.14325388348033083,0.06921597949156164,84.76,10.051428571428572,-7.6971428571428575,0,0,0,0,0,0,0,0,0,0,0,no mains / natural or DC,16
0,0,15,630,-1.012176885280923,-0.14325388348033083,0.0739768669698172,90.10285714285715,13.548571428571428,-9.148571428571428,0,0,0,0,0,0,0,0,0,0,0,no mains / natural or DC,16
0,0,15,640,-1.0067445905941954,-0.1585131382183294,0.0739768669698172,90.10285714285715,13.548571428571428,-9.148571428571428,0,0,0,0,0,0,0,0,0,0,0,no mains / natural or DC,16
0,0,15,650,-1.0068666646320994,-0.17096469008453627,0.08130130924405651,94.92,16.02857142857143,-10.92,0,0,0,0,0,0,0,0,0,0,0,no mains / natural or DC,16
0,0,15,660,-1.0068666646320994,-0.17096469008453627,0.08130130924405651,94.92,16.02857142857143,-10.92,0,0,0,0,0,0,0,0,0,0,0,no mains / natural or DC,16
0,0,15,670,-0.999786370433668,-0.19000823999755853,0.09698782311471908,98.85142857142857,17.14857142857143,-12.771428571428572,0,0,0,0,0,0,0,0,0,0,0,no mains / natural or DC,16
0,0,15,680,-0.999786370433668,-0.19000823999755853,0.09698782311471908,98.85142857142857,17.14857142857143,-12.771428571428572,0,0,0,0,0,0,0,0,0,0,0,no mains / natural or DC,16
0,0,15,690,-0.9610278633991516,-0.2021546067690054,0.11371196630756554,101.69142857142857,17.18857142857143,-14.251428571428571,0,0,0,0,0,0,0,0,0,0,0,no mains / natural or DC,16
0,0,15,700,-0.9610278633991516,-0.2021546067690054,0.11371196630756554,101.69142857142857,17.18857142857143,-14.251428571428571,0,0,0,0,0,0,0,0,0,0,0,no mains / natural or DC,16
0,0,15,710,-0.9324015015106663,-0.21875667592394787,0.1294595171971801,103.64,16.291428571428572,-15.85142857142857,0,0,0,0,0,0,0,0,0,0,0,no mains / natural or DC,16
0,0,15,720,-0.9324015015106663,-0.21875667592394787,0.1294595171971801,103.64,16.291428571428572,-15.85142857142857,0,0,0,0,0,0,0,0,0,0,0,no mains / natural or DC,16
0,0,15,730,-0.9076815088351085,-0.23133030182805872,0.14606158635212257,105.04,14.971428571428572,-17.908571428571427,0,0,0,0,0,0,0,0,0,0,0,no mains / natural or DC,16
0,0,15,740,-0.9076815088351085,-0.23133030182805872,0.14606158635212257,105.04,14.971428571428572,-17.908571428571427,0,0,0,0,0,0,0,0,0,0,0,no mains / natural or DC,16
0,0,15,750,-0.9080477309488204,-0.23065889461958677,0.1543626209295938,106.43428571428572,14.188571428571429,-19.914285714285715,0,0,0,0,0,0,0,0,0,0,0,no mains / natural or DC,16
0,0,15,760,-0.9080477309488204,-0.23065889461958677,0.1543626209295938,108.07428571428571,15.582857142857144,-20.81142857142857,0,0,0,0,0,0,0,0,0,0,0,no mains / natural or DC,16
0,0,15,770,-0.945402386547441,-0.2130802331614124,0.1651661732840968,108.07428571428571,15.582857142857144,-20.81142857142857,0,0,0,0,0,0,0,0,0,0,0,no mains / natural or DC,16
0,0,15,780,-1.1598864711447492,-0.21173741874446853,0.15271462141788994,110.28571428571429,18.16,-21.411428571428573,0,0,0,0,0,0,0,0,0,0,0,no mains / natural or DC,16
0,0,15,790,-1.1598864711447492,-0.21173741874446853,0.15271462141788994,110.28571428571429,18.16,-21.411428571428573,0,0,0,0,0,0,0,0,0,0,0,no mains / natural or DC,16
0,0,15,800,-1.2559587389751885,-0.2570268868068484,0.141300698873867,112.84571428571428,25.485714285714284,-20.937142857142856,0,0,0,0,0,0,0,0,0,0,0,no mains / natural or DC,16
0,0,15,810,-1.2559587389751885,-0.2570268868068484,0.141300698873867,112.84571428571428,25.485714285714284,-20.937142857142856,0,0,0,0,0,0,0,0,0,0,0,no mains / natural or DC,16
0,0,15,820,-0.9501022370067446,-0.27350688192388684,0.17157506027405622,114.53142857142858,38.53142857142857,-20.354285714285716,0,0,0,0,0,0,0,0,0,0,0,no mains / natural or DC,16
0,0,15,830,-0.9501022370067446,-0.27350688192388684,0.17157506027405622,114.53142857142858,38.53142857142857,-20.354285714285716,0,0,0,0,0,0,0,0,0,0,0,no mains / natural or DC,16
0,0,15,840,-0.815149388103885,-0.2758873256630146,0.18030335398419142,114.41714285714286,39.94857142857143,-22.777142857142856,0,0,0,0,0,0,0,0,0,0,0,no mains / natural or DC,16
0,0,15,850,-0.815149388103885,-0.2758873256630146,0.18030335398419142,114.41714285714286,39.94857142857143,-22.777142857142856,0,0,0,0,0,0,0,0,0,0,0,no mains / natural or DC,16
0,0,15,860,-0.8145390179143651,-0.3073824274422437,0.1914120914334544,112.39428571428572,32.76571428571429,-23.411428571428573,0,0,0,0,0,0,0,0,0,0,0,no mains / natural or DC,16
0,0,15,870,-0.8145390179143651,-0.3073824274422437,0.1914120914334544,112.39428571428572,32.76571428571429,-23.411428571428573,0,0,0,0,0,0,0,0,0,0,0,no mains / natural or DC,16
0,0,15,880,-0.771996215704825,-0.2912686544389172,0.17859431745353557,108.79428571428572,27.02857142857143,-20.66857142857143,0,0,0,0,0,0,0,0,0,0,0,no mains / natural or DC,16
0,0,15,890,-0.771996215704825,-0.2912686544389172,0.17859431745353557,108.79428571428572,27.02857142857143,-16.28,0,0,0,0,0,0,0,0,0,0,0,no mains / natural or DC,16
0,0,15,900,-0.8207037568285165,-0.28235724967192605,0.16876735740226448,104.46857142857142,19.08,-17.091428571428573,0,0,0,0,0,0,0,0,0,0,0,no mains / natural or DC,16
0,0,15,910,-0.8825342570268868,-0.27985473189489424,0.1533860286263619,99.82285714285715,13.554285714285715,-12.76,0,0,0,0,0,0,0,0,0,0,0,no mains / natural or DC,16
0,0,15,920,-0.8825342570268868,-0.27985473189489424,0.1533860286263619,99.82285714285715,13.554285714285715,-12.76,0,0,0,0,0,0,0,0,0,0,0,no mains / natural or DC,16
0,0,15,930,-0.8951689199499496,-0.2685628833887753,0.1480758079775384,94.96,11.76,-9.062857142857142,0,0,0,0,0,0,0,0,0,0,0,no mains / natural or DC,16
0,0,15,940,-0.8951689199499496,-0.2685628833887753,0.1480758079775384,94.96,11.76,-9.062857142857142,0,0,0,0,0,0,0,0,0,0,0,no mains / natural or DC,16
0,0,15,950,-0.91293069246498,-0.2653279213843196,0.16504409924619282,89.95428571428572,10.245714285714286,-7.131428571428572,0,0,0,0,0,0,0,0,0,0,0,no mains / natural or DC,16
0,0,15,960,-0.91293069246498,-0.2653279213843196,0.16504409924619282,89.95428571428572,10.245714285714286,-7.131428571428572,0,0,0,0,0,0,0,0,0,0,0,no mains / natural or DC,16
0,0,15,970,-0.9363078707235939,-0.2652668843653676,0.1948301644947661,84.74285714285715,7.051428571428572,-6.354285714285714,0,0,0,0,0,0,0,0,0,0,0,no mains / natural or DC,16
0,0,15,980,-0.9363078707235939,-0.2652668843653676,0.1948301644947661,84.74285714285715,7.051428571428572,-6.354285714285714,0,0,0,0,0,0,0,0,0,0,0,no mains / natural or DC,16
0,0,15,990,-0.966399121066927,-0.2574541459395123,0.21393475142674032,79.49142857142857,1.8171428571428572,-7.04,0,0,0,0,0,0,0,0,0,0,0,no mains / natural or DC,16
0,0,16,0,-0.966399121066927,-0.2574541459395123,0.21393475142674032,79.49142857142857,1.8171428571428572,-7.04,0,0,0,0,0,0,0,0,0,0,0,no mains / natural or DC,16
0,0,16,10,-0.9218420972319712,-0.23786126285592213,0.2217474898525956,74.88,-2.1142857142857143,-8.148571428571428,0,0,0,0,0,0,0,0,0,0,0,no mains / natural or DC,16
0,0,16,20,-0.9218420972319712,-0.23786126285592213,0.2217474898525956,74.88,-2.1142857142857143,-8.148571428571428,0,0,0,0,0,0,0,0,0,0,0,no mains / natural or DC,17
0,0,16,30,-0.8728293710135197,-0.20734275337992492,0.2262642292550432,71.28571428571429,-3.914285714285714,-9.85142857142857,0,0,0,0,0,0,0,0,0,0,0,no mains / natural or DC,17
0,0,16,40,-0.8728293710135197,-0.20734275337992492,0.24188970610675375,68.41142857142857,-5.074285714285714,-12.051428571428572,0,0,0,0,0,0,0,0,0,0,0,no mains / natural or DC,17
0,0,16,50,-0.8855250709555346,-0.21173741874446853,0.239265114291818,68.41142857142857,-5.074285714285714,-12.051428571428572,0,0,0,0,0,0,0,0,0,0,0,no mains / natural or DC,17
0,0,16,60,-0.858973967711417,-0.2154606769005402,0.2434156315805536,65.28571428571429,-3.777142857142857,-12.617142857142857,0,0,0,0,0,0,0,0,0,0,0,no mains / natural or DC,17
0,0,16,70,-0.858973967711417,-0.2154606769005402,0.2434156315805536,65.28571428571429,-3.777142857142857,-12.617142857142857,0,0,0,0,0,0,0,0,0,0,0,no mains / natural or DC,17
0,0,16,80,-0.8918118839075899,-0.23291726432081056,0.24805444502090518,60.91428571428571,-1.8914285714285715,-11.634285714285713,0,0,0,0,0,0,0,0,0,0,0,no mains / natural or DC,17
0,0,16,90,-0.8918118839075899,-0.23291726432081056,0.24805444502090518,60.91428571428571,-1.8914285714285715,-11.634285714285713,0,0,0,0,0,0,0,0,0,0,0,no mains / natural or DC,17
0,0,16,100,-0.858851893673513,-0.24726096377452925,0.2642292550431837,54.97142857142857,0.6457142857142857,-7.348571428571429,0,0,0,0,0,0,0,0,0,0,0,no mains / natural or DC,17
0,0,16,110,-0.858851893673513,-0.24726096377452925,0.2642292550431837,54.97142857142857,0.6457142857142857,-7.348571428571429,0,0,0,0,0,0,0,0,0,0,0,no mains / natural or DC,17
0,0,16,120,-0.9103671376689962,-0.2540971098971526,0.26355784783471176,47.78285714285714,0.44571428571428573,-2.1085714285714285,0,0,0,0,0,0,0,0,0,0,0,no mains / natural or DC,17
0,0,16,130,-0.9103671376689962,-0.2540971098971526,0.26355784783471176,47.78285714285714,0.44571428571428573,-2.1085714285714285,0,0,0,0,0,0,0,0,0,0,0,no mains / natural or DC,17
0,0,16,140,-0.7198095645008697,-0.24817651905880916,0.2975554673909726,39.69714285714286,-0.017142857142857144,6.222857142857142,0,0,0,0,0,0,0,0,0,0,0,no mains / natural or DC,17
0,0,16,150,-0.7198095645008697,-0.24817651905880916,0.2975554673909726,39.69714285714286,-0.017142857142857144,6.222857142857142,0,0,0,0,0,0,0,0,0,0,0,no mains / natural or DC,17
0,0,16,160,-1.13022247993408,-0.2042298654133732,0.24536881618701742,31.2,-6.868571428571428,9.211428571428572,0,0,0,0,0,0,0,0,0,0,0,no mains / natural or DC,17
0,0,16,170,-1.13022247993408,-0.2042298654133732,0.24536881618701742,31.2,-12.514285714285714,12.262857142857143,0,0,0,0,0,0,0,0,0,0,0,no mains / natural or DC,17
0,0,16,180,-1.2712179937131871,-0.3577379680776391,0.3170262764366588,23.69142857142857,-12.514285714285714,12.262857142857143,0,0,0,0,0,0,0,0,0,0,0,no mains / natural or DC,17
0,0,16,190,-0.9068880275887325,-0.19885860774559772,0.1892147587511826,17.66857142857143,-0.7085714285714285,12.937142857142858,0,0,0,0,0,0,0,0,0,0,0,no mains / natural or DC,17
0,0,16,200,-0.9068880275887325,-0.19885860774559772,0.1892147587511826,17.66857142857143,-0.7085714285714285,12.937142857142858,0,0,0,0,0,0,0,0,0,0,0,no mains / natural or DC,17
0,0,16,210,-1.0799279763176366,-0.2152165288247322,0.16003906369212928,16.194285714285716,-4.388571428571429,-3.2685714285714287,0,0,0,0,0,0,0,0,0,0,0,no mains / natural or DC,17
0,0,16,220,-1.0799279763176366,-0.2152165288247322,0.16003906369212928,16.194285714285716,-4.388571428571429,-3.2685714285714287,0,0,0,0,0,0,0,0,0,0,0,no mains / natural or DC,17
0,0,16,230,-1.077242347483749,-0.1598559526352733,0.2248603778191473,16.091428571428573,6.154285714285714,-12.885714285714286,0,0,0,0,0,0,0,0,0,0,0,no mains / natural or DC,17
0,0,16,240,-1.077242347483749,-0.1598559526352733,0.2248603778191473,16.091428571428573,6.154285714285714,-12.885714285714286,0,0,0,0,0,0,0,0,0,0,0,no mains / natural or DC,17
0,0,16,250,-0.979155858027894,-0.2672200689718314,0.04382457960753197,18.062857142857144,8.977142857142857,-21.97714285714286,0,0,0,0,0,0,0,0,0,0,0,no mains / natural or DC,17
0,0,16,260,-0.979155858027894,-0.2672200689718314,0.04382457960753197,18.062857142857144,8.977142857142857,-21.97714285714286,0,0,0,0,0,0,0,0,0,0,0,no mains / natural or DC,17
0,0,16,270,-0.8637958922086245,0.041261024811548204,0.13287759025849177,17.457142857142856,14.485714285714286,-22.525714285714287,0,0,0,0,0,0,0,0,0,0,0,no mains / natural or DC,17
0,0,16,280,-0.8637958922086245,0.041261024811548204,0.13287759025849177,17.457142857142856,14.485714285714286,-22.525714285714287,0,0,0,0,0,0,0,0,0,0,0,no mains / natural or DC,17
0,0,16,290,-1.1120944853053376,-0.11896114993743706,-0.06262398144474624,22.091428571428573,9.902857142857142,-20.497142857142858,0,0,0,0,0,0,0,0,0,0,0,no mains / natural or DC,17
0,0,16,300,-1.1120944853053376,-0.11896114993743706,-0.06262398144474624,22.091428571428573,9.902857142857142,-20.497142857142858,0,0,0,0,0,0,0,0,0,0,0,no mains / natural or DC,17
0,0,16,310,-0.977568895535142,-0.24817651905880916,0.08996856593523972,26.685714285714287,8.417142857142856,-6.177142857142857,0,0,0,0,0,0,0,0,0,0,0,no mains / natural or DC,17
0,0,16,320,-0.9835505233924375,0.043885616626483964,-0.03344828638569292,25.81142857142857,16.834285714285713,-7.965714285714285,0,0,0,0,0,0,0,0,0,0,0,no mains / natural or DC,17
0,0,16,330,-0.9835505233924375,0.043885616626483964,-0.03344828638569292,25.81142857142857,16.834285714285713,-7.965714285714285,0,0,0,0,0,0,0,0,0,0,0,no mains / natural or DC,17
0,0,16,340,-0.8825952940458388,0.11377300332651753,-0.02008117923520615,35.88,30.594285714285714,-7.102857142857143,0,0,0,0,0,0,0,0,0,0,0,no mains / natural or DC,17
0,0,16,350,-0.8825952940458388,0.11377300332651753,-0.02008117923520615,35.88,30.594285714285714,-7.102857142857143,0,0,0,0,0,0,0,0,0,0,0,no mains / natural or DC,17
0,0,16,360,-1.3548997466963713,-0.21375164036988434,0.6010315256202887,35.77142857142857,66.30285714285715,27.045714285714286,0,0,0,0,0,0,0,0,0,0,0,no mains / natural or DC,17
0,0,16,370,-1.3548997466963713,-0.21375164036988434,0.6010315256202887,35.77142857142857,66.30285714285715,27.045714285714286,0,0,0,0,0,0,0,0,0,0,0,no mains / natural or DC,17
0,0,16,380,-0.45826593829157386,-0.06109805597094638,-0.6384472182378612,20.822857142857142,68.04,3.0342857142857143,0,0,0,0,0,0,0,0,0,0,0,no mains / natural or DC,17
0,0,16,390,-0.45826593829157386,-0.06109805597094638,-0.6384472182378612,20.822857142857142,68.04,3.0342857142857143,0,0,0,0,0,0,0,0,0,0,0,no mains / natural or DC,17
0,0,16,400,-0.14722128971221046,-0.8500015259254738,0.6716513565477462,88.09714285714286,-59.74285714285714,-1.7942857142857143,0,0,0,0,0,0,0,0,0,0,0,no mains / natural or DC,17
0,0,16,410,-0.14722128971221046,-0.8500015259254738,0.6716513565477462,88.09714285714286,-59.74285714285714,-1.7942857142857143,0,0,0,0,0,0,0,0,0,0,0,no mains / natural or DC,17
0,0,16,420,-1.0813318277535324,-0.391003143406476,1.2067018646809289,83.80571428571429,-80.68571428571428,42.645714285714284,0,0,0,0,0,0,0,0,0,0,0,no mains / natural or DC,17
0,0,16,430,-1.0813318277535324,-0.391003143406476,1.2067018646809289,83.80571428571429,-80.68571428571428,42.645714285714284,0,0,0,0,0,0,0,0,0,0,0,no mains / natural or DC,17
0,0,16,440,-1.0013733329264198,-0.07428205206457716,-1.2644428846095157,20.228571428571428,-120.81142857142856,-18.502857142857142,0,0,0,0,0,0,0,0,0,0,0,no mains / natural or DC,17
0,0,16,450,-1.0013733329264198,-0.07428205206457716,-1.2644428846095157,35.434285714285714,-59.754285714285714,-40.32,0,0,0,0,0,0,0,0,0,0,0,no mains / natural or DC,17
0,0,16,460,-1.3113803521835994,-0.24604022339548937,0.3059175389873959,35.434285714285714,-59.754285714285714,-40.32,0,0,0,0,0,0,0,0,0,0,0,no mains / natural or DC,17
0,0,16,470,-1.294473097933897,-0.07934812463759269,0.7450788903469955,28.84,-26.748571428571427,-79.18857142857142,0,0,0,0,0,0,0,0,0,0,0,no mains / natural or DC,17
0,0,16,480,-1.294473097933897,-0.07934812463759269,0.7450788903469955,28.84,-26.748571428571427,-79.18857142857142,0,0,0,0,0,0,0,0,0,0,0,no mains / natural or DC,17
0,0,16,490,-0.5262001403851436,-0.23377178258613848,0.47444074831385236,4.645714285714286,42.47428571428571,-144.06857142857143,0,0,0,0,0,0,0,0,0,0,0,no mains / natural or DC,17
0,0,16,500,-0.5262001403851436,-0.23377178258613848,0.47444074831385236,4.645714285714286,42.47428571428571,-144.06857142857143,0,0,0,0,0,0,0,0,0,0,0,no mains / natural or DC,17
0,0,16,510,-0.15521713919492172,-0.6873378704184088,-0.013428144169438765,27.925714285714285,4.634285714285714,-139.55428571428573,0,0,0,0,0,0,0,0,0,0,0,no mains / natural or DC,17
0,0,16,520,-0.15521713919492172,-0.6873378704184088,-0.013428144169438765,27.925714285714285,4.634285714285714,-139.55428571428573,0,0,0,0,0,0,0,0,0,0,0,no mains / natural or DC,17
0,0,16,530,-0.7242652668843653,-1.1431012909329508,0.025818659016693626,43.62285714285714,19.125714285714285,-65.23428571428572,0,0,0,0,0,0,0,0,0,0,0,no mains / natural or DC,17
0,0,16,540,-0.7242652668843653,-1.1431012909329508,0.025818659016693626,43.62285714285714,19.125714285714285,-65.23428571428572,0,0,0,0,0,0,0,0,0,0,0,no mains / natural or DC,17
0,0,16,550,-0.8506729331339458,-0.9093905453657644,0.2877285073397015,21.81142857142857,41.36,-21.805714285714284,0,0,0,0,0,0,0,0,0,0,0,no mains / natural or DC,17
0,0,16,560,-0.8506729331339458,-0.9093905453657644,0.2877285073397015,21.81142857142857,41.36,-21.805714285714284,0,0,0,0,0,0,0,0,0,0,0,no mains / natural or DC,17
0,0,16,570,-0.891140476699118,-0.4802392651142918,-0.04431287575914793,5.497142857142857,115.03428571428572,-36.794285714285714,0,0,0,0,0,0,0,0,0,0,0,no mains / natural or DC,17
0,0,16,580,-0.891140476699118,-0.4802392651142918,-0.04431287575914793,5.497142857142857,115.03428571428572,-42.52571428571429,0,0,0,0,0,0,0,0,0,0,0,no mains / natural or DC,17
0,0,16,590,-0.7542954802087466,-0.163029877620777,0.1348918118839076,6.582857142857143,78.55428571428571,-42.52571428571429,0,0,0,0,0,0,0,0,0,0,0,no mains / natural or DC,17
0,0,16,600,-0.7740104373302408,-0.5376750999481186,0.119571520126957,13.90857142857143,16.142857142857142,-35.674285714285716,0,0,0,0,0,0,0,0,0,0,0,no mains / natural or DC,17
0,0,16,610,-0.7740104373302408,-0.5376750999481186,0.119571520126957,13.90857142857143,16.142857142857142,-35.674285714285716,0,0,0,0,0,0,0,0,0,0,0,no mains / natural or DC,17
0,0,16,620,-0.9167149876400037,-0.7753532517471846,0.16504409924619282,14.2,9.32,-35.40571428571428,0,0,0,0,0,0,0,0,0,0,0,no mains / natural or DC,17
0,0,16,630,-0.9167149876400037,-0.7753532517471846,0.16504409924619282,14.2,9.32,-35.40571428571428,0,0,0,0,0,0,0,0,0,0,0,no mains / natural or DC,17
0,0,16,640,-0.7418439283425398,-0.6651203955198828,0.14185003204443494,7.514285714285714,18.091428571428573,-23.92,0,0,0,0,0,0,0,0,0,0,0,no mains / natural or DC,17
0,0,16,650,-0.7418439283425398,-0.6651203955198828,0.14185003204443494,7.514285714285714,18.091428571428573,-23.92,0,0,0,0,0,0,0,0,0,0,0,no mains / natural or DC,17
0,0,16,660,-0.7038178655354472,-0.5236365855891598,0.20093386638996552,2.16,9.285714285714286,-14.697142857142858,0,0,0,0,0,0,0,0,0,0,0,no mains / natural or DC,17
0,0,16,670,-0.7038178655354472,-0.5236365855891598,0.20093386638996552,2.16,9.285714285714286,-14.697142857142858,0,0,0,0,0,0,0,0,0,0,0,no mains / natural or DC,17
0,0,16,680,-0.901760917996765,-0.40125736259041106,0.04083376567888424,3.422857142857143,1.8457142857142856,-16.82857142857143,0,0,0,0,0,0,0,0,0,0,0,no mains / natural or DC,17
0,0,16,690,-0.901760917996765,-0.40125736259041106,0.04083376567888424,3.422857142857143,1.8457142857142856,-16.82857142857143,0,0,0,0,0,0,0,0,0,0,0,no mains / natural or DC,18
0,0,16,700,-0.8682515945921201,-0.26081118198187203,0.02520828882717368,8.302857142857142,-1.88,-20.02285714285714,0,0,0,0,0,0,0,0,0,0,0,no mains / natural or DC,18
0,0,16,710,-0.8682515945921201,-0.26081118198187203,0.02520828882717368,8.302857142857142,-1.88,-20.02285714285714,0,0,0,0,0,0,0,0,0,0,0,no mains / natural or DC,18
0,0,16,720,-0.8563493758964812,-0.4000976592303232,0.054811243018890954,13.691428571428572,-16.462857142857143,-19.057142857142857,0,0,0,0,0,0,0,0,0,0,0,no mains / natural or DC,18
0,0,16,730,-0.8563493758964812,-0.4000976592303232,0.08575701162755212,14.045714285714286,-32.01714285714286,-20.725714285714286,0,0,0,0,0,0,0,0,0,0,0,no mains / natural or DC,18
0,0,16,740,-0.8130130924405652,-0.4327524643696402,0.08575701162755212,14.045714285714286,-32.01714285714286,-20.725714285714286,0,0,0,0,0,0,0,0,0,0,0,no mains / natural or DC,18
0,0,16,750,-0.8078859828485977,-0.4316537980285043,0.09918515579699087,13.76,-36.965714285714284,-24.897142857142857,0,0,0,0,0,0,0,0,0,0,0,no mains / natural or DC,18
0,0,16,760,-0.8078859828485977,-0.4316537980285043,0.09918515579699087,13.76,-36.965714285714284,-24.897142857142857,0,0,0,0,0,0,0,0,0,0,0,no mains / natural or DC,18
0,0,16,770,-0.8387096774193549,-0.4489883114108707,0.11322367015594959,14.251428571428571,-35.66285714285714,-29.782857142857143,0,0,0,0,0,0,0,0,0,0,0,no mains / natural or DC,18
0,0,16,780,-0.8387096774193549,-0.4489883114108707,0.11322367015594959,14.251428571428571,-35.66285714285714,-29.782857142857143,0,0,0,0,0,0,0,0,0,0,0,no mains / natural or DC,18
0,0,16,790,-0.7583239234595782,-0.6093935972167119,0.22125919370097966,15.474285714285715,-30.062857142857144,-34.49142857142857,0,0,0,0,0,0,0,0,0,0,0,no mains / natural or DC,18
0,0,16,800,-0.7583239234595782,-0.6093935972167119,0.22125919370097966,15.474285714285715,-30.062857142857144,-34.49142857142857,0,0,0,0,0,0,0,0,0,0,0,no mains / natural or DC,18
0,0,16,810,-0.8569597460860011,-0.6123844111453597,0.14935758537553026,15.891428571428571,-23.84,-31.194285714285716,0,0,0,0,0,0,0,0,0,0,0,no mains / natural or DC,18
0,0,16,820,-0.8569597460860011,-0.6123844111453597,0.14935758537553026,15.891428571428571,-23.84,-31.194285714285716,0,0,0,0,0,0,0,0,0,0,0,no mains / natural or DC,18
0,0,16,830,-0.870265816217536,-0.532120731223487,0.14380321665089876,11.622857142857143,-10.657142857142857,-24.434285714285714,0,0,0,0,0,0,0,0,0,0,0,no mains / natural or DC,18
0,0,16,840,-0.870265816217536,-0.532120731223487,0.14380321665089876,11.622857142857143,-10.657142857142857,-24.434285714285714,0,0,0,0,0,0,0,0,0,0,0,no mains / natural or DC,18
0,0,16,850,-0.7969603564561907,-0.5234534745323038,0.17792291024506363,8.502857142857144,-4.651428571428571,-26.634285714285713,0,0,0,0,0,0,0,0,0,0,0,no mains / natural or DC,18
0,0,16,860,-0.7969603564561907,-0.5234534745323038,0.17792291024506363,8.182857142857143,-5.12,-29.05142857142857,0,0,0,0,0,0,0,0,0,0,0,no mains / natural or DC,18
0,0,16,870,-0.7705923642689291,-0.49336222418897063,0.18030335398419142,8.182857142857143,-5.12,-29.05142857142857,0,0,0,0,0,0,0,0,0,0,0,no mains / natural or DC,18
0,0,16,880,-0.8210699789422284,-0.45142979216895046,0.2228461561937315,6.634285714285714,3.177142857142857,-27.462857142857143,0,0,0,0,0,0,0,0,0,0,0,no mains / natural or DC,18
0,0,16,890,-0.8210699789422284,-0.45142979216895046,0.2228461561937315,6.634285714285714,3.177142857142857,-27.462857142857143,0,0,0,0,0,0,0,0,0,0,0,no mains / natural or DC,18
0,0,16,900,-0.8025757621997741,-0.5471968749046296,0.2653889584032716,0.8514285714285714,9.971428571428572,-27.074285714285715,0,0,0,0,0,0,0,0,0,0,0,no mains / natural or DC,18
0,0,16,910,-0.8025757621997741,-0.5471968749046296,0.2653889584032716,0.8514285714285714,9.971428571428572,-27.074285714285715,0,0,0,0,0,0,0,0,0,0,0,no mains / natural or DC,18
0,0,16,920,-0.7568590350047304,-0.6042664876247444,0.250190740684225,-5.582857142857143,15.388571428571428,-24.937142857142856,0,0,0,0,0,0,0,0,0,0,0,no mains / natural or DC,18
0,0,16,930,-0.7568590350047304,-0.6042664876247444,0.250190740684225,-5.582857142857143,15.388571428571428,-24.937142857142856,0,0,0,0,0,0,0,0,0,0,0,no mains / natural or DC,18
0,0,16,940,-0.793053987243263,-0.5877254554887539,0.32013916440321055,-9.88,21.754285714285714,-26.674285714285713,0,0,0,0,0,0,0,0,0,0,0,no mains / natural or DC,18
0,0,16,950,-0.793053987243263,-0.5877254554887539,0.32013916440321055,-9.88,21.754285714285714,-26.674285714285713,0,0,0,0,0,0,0,0,0,0,0,no mains / natural or DC,18
0,0,16,960,-0.706198309274575,-0.6689657277138584,0.14435254982146672,-9.577142857142857,22.37142857142857,-31.062857142857144,0,0,0,0,0,0,0,0,0,0,0,no mains / natural or DC,18
0,0,16,970,-0.706198309274575,-0.6689657277138584,0.14435254982146672,-9.577142857142857,22.37142857142857,-31.062857142857144,0,0,0,0,0,0,0,0,0,0,0,no mains / natural or DC,18
0,0,16,980,-0.6032898953215124,-0.6660969878231148,0.14075136570329905,-4.2057142857142855,11.891428571428571,-34.85142857142857,0,0,0,0,0,0,0,0,0,0,0,no mains / natural or DC,18
0,0,16,990,-0.6032898953215124,-0.6660969878231148,0.14075136570329905,-4.2057142857142855,11.891428571428571,-34.85142857142857,0,0,0,0,0,0,0,0,0,0,0,no mains / natural or DC,18
0,0,17,0,-0.6502883999145481,-0.6346018860438856,0.271675771355327,-3.6685714285714286,10.2,-32.51428571428571,0,0,0,0,0,0,0,0,0,0,0,no mains / natural or DC,18
0,0,17,10,-0.5802789391766107,-0.6337473677785577,0.13312173833429974,-8.365714285714287,16.714285714285715,-30.777142857142856,0,0,0,0,0,0,0,0,0,0,0,no mains / natural or DC,18
0,0,17,20,-0.5802789391766107,-0.6337473677785577,0.13312173833429974,-8.365714285714287,16.714285714285715,-30.777142857142856,0,0,0,0,0,0,0,0,0,0,0,no mains / natural or DC,18
0,0,17,30,-0.5706961272011475,-0.7238990447706534,-0.108767967772454,-3.125714285714286,22.37142857142857,-17.08,0,0,0,0,0,0,0,0,0,0,0,no mains / natural or DC,18
0,0,17,40,-0.5706961272011475,-0.7238990447706534,-0.108767967772454,-3.125714285714286,22.37142857142857,-17.08,0,0,0,0,0,0,0,0,0,0,0,no mains / natural or DC,18
0,0,17,50,-0.783532212286752,-0.6997894222846156,0.07293923764763328,9.285714285714286,23.731428571428573,-3.1942857142857144,0,0,0,0,0,0,0,0,0,0,0,no mains / natural or DC,18
0,0,17,60,-0.783532212286752,-0.6997894222846156,0.07293923764763328,9.285714285714286,23.731428571428573,-3.1942857142857144,0,0,0,0,0,0,0,0,0,0,0,no mains / natural or DC,18
0,0,17,70,-0.8052613910336619,-0.685750907925657,0.2653889584032716,6.56,21.17142857142857,-2.0742857142857143,0,0,0,0,0,0,0,0,0,0,0,no mains / natural or DC,18
0,0,17,80,-0.8052613910336619,-0.685750907925657,0.2653889584032716,6.56,21.17142857142857,-2.0742857142857143,0,0,0,0,0,0,0,0,0,0,0,no mains / natural or DC,18
0,0,17,90,-0.8054445020905179,-0.7661976989043855,0.018311105685598315,-6.777142857142858,19.822857142857142,-3.8514285714285714,0,0,0,0,0,0,0,0,0,0,0,no mains / natural or DC,18
0,0,17,100,-0.8054445020905179,-0.7661976989043855,0.018311105685598315,-6.777142857142858,19.822857142857142,-3.8514285714285714,0,0,0,0,0,0,0,0,0,0,0,no mains / natural or DC,18
0,0,17,110,-0.9320352793969543,-0.7954954680013429,-0.23279519028290657,6.085714285714285,23.411428571428573,-11.942857142857143,0,0,0,0,0,0,0,0,0,0,0,no mains / natural or DC,18
0,0,17,120,-0.9320352793969543,-0.7954954680013429,-0.23279519028290657,6.085714285714285,23.411428571428573,-11.942857142857143,0,0,0,0,0,0,0,0,0,0,0,no mains / natural or DC,18
0,0,17,130,-0.8873561815240943,-0.7879879146702475,0.23639637440107425,26.771428571428572,23.554285714285715,-29.97714285714286,0,0,0,0,0,0,0,0,0,0,0,no mains / natural or DC,18
0,0,17,140,-0.8873561815240943,-0.7879879146702475,0.23639637440107425,12.52,21.125714285714285,-45.25714285714286,0,0,0,0,0,0,0,0,0,0,0,no mains / natural or DC,18
0,0,17,150,-0.7757805108798487,-0.7917111728263192,0.48542741172521137,12.52,21.125714285714285,-45.25714285714286,0,0,0,0,0,0,0,0,0,0,0,no mains / natural or DC,18
0,0,17,160,-0.5846125675222023,-0.8167363505966369,-0.02966399121066927,-13.268571428571429,18.02285714285714,-52.94857142857143,0,0,0,0,0,0,0,0,0,0,0,no mains / natural or DC,18
0,0,17,170,-0.5846125675222023,-0.8167363505966369,-0.02966399121066927,-13.268571428571429,18.02285714285714,-52.94857142857143,0,0,0,0,0,0,0,0,0,0,0,no mains / natural or DC,18
0,0,17,180,-0.5281533249916074,-0.8130130924405652,-0.11725211340678121,-4.377142857142857,19.937142857142856,-46.44,0,0,0,0,0,0,0,0,0,0,0,no mains / natural or DC,18
0,0,17,190,-0.5281533249916074,-0.8130130924405652,-0.11725211340678121,-4.377142857142857,19.937142857142856,-46.44,0,0,0,0,0,0,0,0,0,0,0,no mains / natural or DC,18
0,0,17,200,-0.4223761711478011,-0.8638569292275765,0.12335581530198066,5.525714285714286,23.434285714285714,-37.40571428571428,0,0,0,0,0,0,0,0,0,0,0,no mains / natural or DC,18
0,0,17,210,-0.4223761711478011,-0.8638569292275765,0.12335581530198066,5.525714285714286,23.434285714285714,-37.40571428571428,0,0,0,0,0,0,0,0,0,0,0,no mains / natural or DC,18
0,0,17,220,-0.3162327951902829,-0.9168980986968597,0.08014160588396863,3.76,24.714285714285715,-27.834285714285713,0,0,0,0,0,0,0,0,0,0,0,no mains / natural or DC,18
0,0,17,230,-0.3162327951902829,-0.9168980986968597,0.08014160588396863,3.76,24.714285714285715,-27.834285714285713,0,0,0,0,0,0,0,0,0,0,0,no mains / natural or DC,18
0,0,17,240,-0.3339335306863613,-0.956816309091464,0.06024353770561846,6.994285714285715,25.611428571428572,-16.417142857142856,0,0,0,0,0,0,0,0,0,0,0,no mains / natural or DC,18
0,0,17,250,-0.3339335306863613,-0.956816309091464,0.06024353770561846,6.994285714285715,25.611428571428572,-16.417142857142856,0,0,0,0,0,0,0,0,0,0,0,no mains / natural or DC,18
0,0,17,260,-0.3883785515915403,-0.9900204474013489,0.07702871791741692,11.04,22.765714285714285,-9.291428571428572,0,0,0,0,0,0,0,0,0,0,0,no mains / natural or DC,18
0,0,17,270,-0.3883785515915403,-0.9900204474013489,0.07702871791741692,11.04,15.451428571428572,-6.2057142857142855,0,0,0,0,0,0,0,0,0,0,0,no mains / natural or DC,18
0,0,17,280,-0.37049470503860593,-0.9770195623645741,0.14197210608233893,11.325714285714286,15.605714285714285,-6.2057142857142855,0,0,0,0,0,0,0,0,0,0,0,no mains / natural or DC,18
0,0,17,290,-0.3946043275246437,-0.8497573778496659,0.1727958006530961,3.2514285714285713,7.314285714285714,0.011428571428571429,0,0,0,0,0,0,0,0,0,0,0,no mains / natural or DC,18
0,0,17,300,-0.3946043275246437,-0.8497573778496659,0.1727958006530961,3.2514285714285713,7.314285714285714,0.011428571428571429,0,0,0,0,0,0,0,0,0,0,0,no mains / natural or DC,18
0,0,17,310,-0.5593432416760765,-0.869533371990112,0.020691549424726098,-13.36,5.114285714285714,13.508571428571429,0,0,0,0,0,0,0,0,0,0,0,no mains / natural or DC,18
0,0,17,320,-0.5593432416760765,-0.869533371990112,0.020691549424726098,-13.36,5.114285714285714,13.508571428571429,0,0,0,0,0,0,0,0,0,0,0,no mains / natural or DC,18
0,0,17,330,-0.9291055024872585,-1.1172215948973052,-0.3543809320352794,-21.302857142857142,15.337142857142856,18.405714285714286,0,0,0,0,0,0,0,0,0,0,0,no mains / natural or DC,18
0,0,17,340,-0.9291055024872585,-1.1172215948973052,-0.3543809320352794,-21.302857142857142,15.337142857142856,18.405714285714286,0,0,0,0,0,0,0,0,0,0,0,no mains / natural or DC,18
0,0,17,350,-0.6597491378521073,-0.7425153355510117,-0.1878109073152867,-11.565714285714286,24.30857142857143,-0.4342857142857143,0,0,0,0,0,0,0,0,0,0,0,no mains / natural or DC,18
0,0,17,360,-0.6597491378521073,-0.7425153355510117,-0.1878109073152867,-11.565714285714286,24.30857142857143,-0.4342857142857143,0,0,0,0,0,0,0,0,0,0,0,no mains / natural or DC,18
0,0,17,370,-0.49824518570513016,-0.8188726462599567,0.20197149571214942,-7.6571428571428575,20.382857142857144,-7.188571428571429,0,0,0,0,0,0,0,0,0,0,0,no mains / natural or DC,18
0,0,17,380,-0.49824518570513016,-0.8188726462599567,0.20197149571214942,-7.6571428571428575,20.382857142857144,-7.188571428571429,0,0,0,0,0,0,0,0,0,0,0,no mains / natural or DC,18
0,0,17,390,-0.4076662495803705,-0.8651387066255684,-0.1501510666219062,-22.102857142857143,10.902857142857142,-2.9371428571428573,0,0,0,0,0,0,0,0,0,0,0,no mains / natural or DC,18
0,0,17,400,-0.4076662495803705,-0.8651387066255684,-0.1501510666219062,-22.102857142857143,10.902857142857142,-2.9371428571428573,0,0,0,0,0,0,0,0,0,0,0,no mains / natural or DC,18
0,0,17,410,-0.37250892666402174,-0.8215582750938444,-0.1336100344859157,-14.868571428571428,7.36,9.097142857142858,0,0,0,0,0,0,0,0,0,0,0,no mains / natural or DC,18
0,0,17,420,-0.37250892666402174,-0.6809289834284493,-0.015808587908566547,-12.685714285714285,10.8,21.954285714285714,0,0,0,0,0,0,0,0,0,0,0,no mains / natural or DC,18
0,0,17,430,-0.5375530259102146,-0.6772057252723777,-0.015808587908566547,-12.685714285714285,10.8,21.954285714285714,0,0,0,0,0,0,0,0,0,0,0,no mains / natural or DC,18
0,0,17,440,-0.4942777794732505,-0.6255684072389904,-0.2053285317545091,-10.68,13.937142857142858,34.222857142857144,0,0,0,0,0,0,0,0,0,0,0,no mains / natural or DC,18
0,0,17,450,-0.4942777794732505,-0.6255684072389904,-0.2053285317545091,-10.68,13.937142857142858,34.222857142857144,0,0,0,0,0,0,0,0,0,0,0,no mains / natural or DC,18
0,0,17,460,-0.8391369365520188,-0.6998504593035676,-0.33191930906094547,-2.36,18.422857142857143,44.41142857142857,0,0,0,0,0,0,0,0,0,0,0,no mains / natural or DC,18
0,0,17,470,-0.8391369365520188,-0.6998504593035676,-0.33191930906094547,-2.36,18.422857142857143,44.41142857142857,0,0,0,0,0,0,0,0,0,0,0,no mains / natural or DC,18
0,0,17,480,-0.9305093539231544,-0.7187719351786859,-0.391003143406476,12.274285714285714,19.822857142857142,28.53142857142857,0,0,0,0,0,0,0,0,0,0,0,no mains / natural or DC,18
0,0,17,490,-0.9305093539231544,-0.7187719351786859,-0.391003143406476,12.274285714285714,19.822857142857142,28.53142857142857,0,0,0,0,0,0,0,0,0,0,0,no mains / natural or DC,18
0,0,17,500,-0.7810296945097202,-0.8273567918942839,-0.08691671498764,29.49142857142857,12.514285714285714,3.165714285714286,0,0,0,0,0,0,0,0,0,0,0,no mains / natural or DC,18
0,0,17,510,-0.7810296945097202,-0.8273567918942839,-0.08691671498764,29.49142857142857,12.514285714285714,3.165714285714286,0,0,0,0,0,0,0,0,0,0,0,no mains / natural or DC,18
0,0,17,520,-0.5522629474776451,-0.6101260414441358,0.12988677632984405,24.72,6.0685714285714285,-7.011428571428572,0,0,0,0,0,0,0,0,0,0,0,no mains / natural or DC,18
0,0,17,530,-0.5522629474776451,-0.6101260414441358,0.12988677632984405,24.72,6.0685714285714285,-7.011428571428572,0,0,0,0,0,0,0,0,0,0,0,no mains / natural or DC,18
0,0,17,540,-1.0480666524246955,-0.6946623126926481,-0.01586962492751854,8.434285714285714,-1.88,-7.2457142857142856,0,0,0,0,0,0,0,0,0,0,0,no mains / natural or DC,18
0,0,17,550,-1.0480666524246955,-0.6946623126926481,-0.01586962492751854,3.4914285714285715,-5.102857142857143,-28.37142857142857,0,0,0,0,0,0,0,0,0,0,0,no mains / natural or DC,18
0,0,17,560,-0.4923856318857387,-0.7599108859523301,-0.11151463362529374,3.4914285714285715,-5.102857142857143,-28.37142857142857,0,0,0,0,0,0,0,0,0,0,0,no mains / natural or DC,18
0,0,17,570,-0.5158848841822565,-0.8992584002197332,0.22644734031189917,0.5028571428571429,-1.5771428571428572,-13.177142857142858,0,0,0,0,0,0,0,0,0,0,0,no mains / natural or DC,18
0,0,17,580,-0.5158848841822565,-0.8992584002197332,0.22644734031189917,0.5028571428571429,-1.5771428571428572,-13.177142857142858,0,0,0,0,0,0,0,0,0,0,0,no mains / natural or DC,18
0,0,17,590,-0.4259163182470168,-0.7898190252388073,0.013733329264198737,-22.154285714285713,-1.1485714285714286,4.057142857142857,0,0,0,0,0,0,0,0,0,0,0,no mains / natural or DC,18
0,0,17,600,-0.4259163182470168,-0.7898190252388073,0.013733329264198737,-22.154285714285713,-1.1485714285714286,4.057142857142857,0,0,0,0,0,0,0,0,0,0,0,no mains / natural or DC,18
0,0,17,610,-0.7554551835688345,-0.6582842493972595,-0.4154789880062258,-30.49142857142857,6.548571428571429,21.697142857142858,0,0,0,0,0,0,0,0,0,0,0,no mains / natural or DC,18
0,0,17,620,-0.7554551835688345,-0.6582842493972595,-0.4154789880062258,-30.49142857142857,6.548571428571429,21.697142857142858,0,0,0,0,0,0,0,0,0,0,0,no mains / natural or DC,18
0,0,17,630,-0.6227607043671987,-0.6544389172032838,-0.4120609149449141,-9.182857142857143,12.434285714285714,21.37142857142857,0,0,0,0,0,0,0,0,0,0,0,no mains / natural or DC,18
0,0,17,640,-0.6227607043671987,-0.6544389172032838,-0.4120609149449141,-9.182857142857143,12.434285714285714,21.37142857142857,0,0,0,0,0,0,0,0,0,0,0,no mains / natural or DC,18
0,0,17,650,-0.2506790368358409,-1.0051576281014436,0.09924619281594287,10.857142857142858,23.582857142857144,34.58857142857143,0,0,0,0,0,0,0,0,0,0,0,no mains / natural or DC,18
0,0,17,660,-0.2506790368358409,-1.0051576281014436,0.09924619281594287,10.857142857142858,23.582857142857144,34.58857142857143,0,0,0,0,0,0,0,0,0,0,0,no mains / natural or DC,18
0,0,17,670,-0.8918118839075899,-0.7599108859523301,0.3953367717520676,-6.434285714285714,39.62285714285714,64.63428571428571,0,0,0,0,0,0,0,0,0,0,0,no mains / natural or DC,18
0,0,17,680,-0.8918118839075899,-0.7599108859523301,0.3953367717520676,-6.434285714285714,39.62285714285714,64.63428571428571,0,0,0,0,0,0,0,0,0,0,0,no mains / natural or DC,18
0,0,17,690,-0.9392376476332895,-0.727927488021485,-0.0467543565172277,-29.64,43.74285714285714,64.62857142857143,0,0,0,0,0,0,0,0,0,0,0,no mains / natural or DC,18
0,0,17,700,-1.282876064333018,-0.16986602374340037,-0.3974120303964354,-19.742857142857144,50.72571428571428,55.84571428571429,0,0,0,0,0,0,0,0,0,0,0,no mains / natural or DC,18
0,0,17,710,-1.282876064333018,-0.16986602374340037,-0.3974120303964354,-19.742857142857144,50.72571428571428,55.84571428571429,0,0,0,0,0,0,0,0,0,0,0,no mains / natural or DC,18
0,0,17,720,-0.8777733695486313,-0.35810419019135104,-0.8402356028931547,24.502857142857142,37.93142857142857,12.64,0,0,0,0,0,0,0,0,0,0,0,no mains / natural or DC,18
0,0,17,730,-0.8777733695486313,-0.35810419019135104,-0.8402356028931547,24.502857142857142,37.93142857142857,12.64,0,0,0,0,0,0,0,0,0,0,0,no mains / natural or DC,18
0,0,17,740,0.9642628254036073,-1.1431012909329508,-0.38325144199957273,58.68,8.645714285714286,-14.177142857142858,0,0,0,0,0,0,0,0,0,0,0,no mains / natural or DC,18
0,0,17,750,0.9642628254036073,-1.1431012909329508,-0.38325144199957273,58.68,8.645714285714286,-14.177142857142858,0,0,0,0,0,0,0,0,0,0,0,no mains / natural or DC,18
0,0,17,760,0.06878872035889767,-0.6502273628955961,0.7434919278542436,46.38857142857143,5.297142857142857,70.6,0,0,0,0,0,0,0,0,0,0,0,no mains / natural or DC,18
0,0,17,770,0.06878872035889767,-0.6502273628955961,0.7434919278542436,46.38857142857143,5.297142857142857,70.6,0,0,0,0,0,0,0,0,0,0,0,no mains / natural or DC,18
0,0,17,780,-1.2256843775749993,-0.5587328714865566,0.19226660969878231,-14.325714285714286,1.1085714285714285,126.35428571428571,0,0,0,0,0,0,0,0,0,0,0,no mains / natural or DC,18
0,0,17,790,-1.2256843775749993,-0.5587328714865566,0.19226660969878231,-14.325714285714286,1.1085714285714285,126.35428571428571,0,0,0,0,0,0,0,0,0,0,0,no mains / natural or DC,18
0,0,17,800,-1.880489516891995,-0.3196508682515946,-0.9107333597827082,-30.13142857142857,1.2742857142857142,79.92571428571429,0,0,0,0,0,0,0,0,0,0,0,no mains / natural or DC,18
0,0,17,810,-1.880489516891995,-0.3196508682515946,-0.9107333597827082,-30.13142857142857,1.2742857142857142,79.92571428571429,0,0,0,0,0,0,0,0,0,0,0,no mains / natural or DC,18
0,0,17,820,-1.6966460158085879,-0.48298593096713155,-0.5373699148533586,16.65714285714286,-9.582857142857144,6.325714285714286,0,0,0,0,0,0,0,0,0,0,0,no mains / natural or DC,18
0,0,17,830,-1.6966460158085879,-0.48298593096713155,0.3064058351390118,23.474285714285713,-17.565714285714286,-47.668571428571425,0,0,0,0,0,0,0,0,0,0,0,no mains / natural or DC,18
0,0,17,840,-0.684957426679281,-0.5834528641621143,0.30365916928617204,23.474285714285713,-17.565714285714286,-47.668571428571425,0,0,0,0,0,0,0,0,0,0,0,no mains / natural or DC,18
0,0,17,850,-0.15820795312356944,-0.6273384807885983,-0.08819849238563189,-10.874285714285714,-18.222857142857144,-46.628571428571426,0,0,0,0,0,0,0,0,0,0,0,no mains / natural or DC,18
0,0,17,860,-0.15820795312356944,-0.6273384807885983,-0.08819849238563189,-10.874285714285714,-18.222857142857144,-46.628571428571426,0,0,0,0,0,0,0,0,0,0,0,no mains / natural or DC,18
0,0,17,870,-0.7445905941953795,-0.5844904934842983,-0.4881740775780511,-10.817142857142857,-11.554285714285715,-14.017142857142858,0,0,0,0,0,0,0,0,0,0,0,no mains / natural or DC,18
0,0,17,880,-0.7445905941953795,-0.5844904934842983,-0.4881740775780511,-10.817142857142857,-11.554285714285715,-14.017142857142858,0,0,0,0,0,0,0,0,0,0,0,no mains / natural or DC,18
0,0,17,890,-0.7348246711630604,-0.5690481276894437,-0.19745475630970183,6.062857142857143,-2.9257142857142857,-9.262857142857143,0,0,0,0,0,0,0,0,0,0,0,no mains / natural or DC,18
0,0,17,900,-0.7348246711630604,-0.5690481276894437,-0.19745475630970183,6.062857142857143,-2.9257142857142857,-9.262857142857143,0,0,0,0,0,0,0,0,0,0,0,no mains / natural or DC,18
0,0,17,910,-0.8733176671651357,-0.5911435285500656,-0.3254493850520341,3.0514285714285716,-0.9828571428571429,-13.508571428571429,0,0,0,0,0,0,0,0,0,0,0,no mains / natural or DC,18
0,0,17,920,-0.8733176671651357,-0.5911435285500656,-0.3254493850520341,3.0514285714285716,-0.9828571428571429,-13.508571428571429,0,0,0,0,0,0,0,0,0,0,0,no mains / natural or DC,18
0,0,17,930,-0.7749259926145207,-0.608539078951384,-0.44850001525925476,10.554285714285715,-7.7542857142857144,-23.34285714285714,0,0,0,0,0,0,0,0,0,0,0,no mains / natural or DC,18
0,0,17,940,-0.7749259926145207,-0.608539078951384,-0.44850001525925476,10.554285714285715,-7.7542857142857144,-23.34285714285714,0,0,0,0,0,0,0,0,0,0,0,no mains / natural or DC,18
0,0,17,950,-0.6181218909268471,-0.6135441145054475,-0.0838038270210883,21.422857142857143,-3.3657142857142857,-28.502857142857142,0,0,0,0,0,0,0,0,0,0,0,no mains / natural or DC,18
0,0,17,960,-0.6181218909268471,-0.6135441145054475,-0.0838038270210883,12.645714285714286,-12.388571428571428,-18.98857142857143,0,0,0,0,0,0,0,0,0,0,0,no mains / natural or DC,18
0,0,17,970,-0.5289468062379833,-0.7335428937650685,0.2272408215582751,12.291428571428572,-12.388571428571428,-18.98857142857143,0,0,0,0,0,0,0,0,0,0,0,no mains / natural or DC,18
0,0,17,980,-0.5198522904141362,-0.674764244514298,-0.16150395214697713,-8.594285714285714,-3.52,-2.2114285714285713,0,0,0,0,0,0,0,0,0,0,0,no mains / natural or DC,18
0,0,17,990,-0.5198522904141362,-0.674764244514298,-0.16150395214697713,-8.594285714285714,-3.52,-2.2114285714285713,0,0,0,0,0,0,0,0,0,0,0,no mains / natural or DC,18
0,0,18,0,-0.7588122196111942,-0.5945616016113773,-0.48634296700949126,-5.394285714285714,5.731428571428571,12.325714285714286,0,0,0,0,0,0,0,0,0,0,0,no mains / natural or DC,18
0,0,18,10,-0.7588122196111942,-0.5945616016113773,-0.48634296700949126,-5.394285714285714,5.731428571428571,12.325714285714286,0,0,0,0,0,0,0,0,0,0,0,no mains / natural or DC,18
0,0,18,20,-0.902005066072573,-0.6275215918454543,-0.3128147221289712,10.211428571428572,10.98857142857143,9.045714285714286,0,0,0,0,0,0,0,0,0,0,0,no mains / natural or DC,18
0,0,18,30,-0.902005066072573,-0.6275215918454543,-0.3128147221289712,10.211428571428572,10.98857142857143,9.045714285714286,0,0,0,0,0,0,0,0,0,0,0,no mains / natural or DC,18
0,0,18,40,-0.6859340189825129,-0.6962492751853999,-0.03460798974578082,14.32,13.88,-1.8571428571428572,0,0,0,0,0,0,0,0,0,0,0,no mains / natural or DC,19
0,0,18,50,-0.6859340189825129,-0.6962492751853999,-0.03460798974578082,14.32,13.88,-1.8571428571428572,0,0,0,0,0,0,0,0,0,0,0,no mains / natural or DC,19
0,0,18,60,-0.6324655903805658,-0.6828211310159612,-0.018372142704550308,5.748571428571428,7.382857142857143,-0.6914285714285714,0,0,0,0,0,0,0,0,0,0,0,no mains / natural or DC,19
0,0,18,70,-0.6324655903805658,-0.6828211310159612,-0.018372142704550308,5.748571428571428,7.382857142857143,-0.6914285714285714,0,0,0,0,0,0,0,0,0,0,0,no mains / natural or DC,19
0,0,18,80,-0.5705130161442915,-0.6605426190984832,-0.22650837733085116,0.7371428571428571,4.017142857142857,4.554285714285714,0,0,0,0,0,0,0,0,0,0,0,no mains / natural or DC,19
0,0,18,90,-0.5705130161442915,-0.6605426190984832,-0.22650837733085116,0.7371428571428571,4.017142857142857,4.554285714285714,0,0,0,0,0,0,0,0,0,0,0,no mains / natural or DC,19
0,0,18,100,-0.5972472304452651,-0.6375316629535813,-0.12964262825403608,6.022857142857143,0.41714285714285715,9.577142857142857,0,0,0,0,0,0,0,0,0,0,0,no mains / natural or DC,19
0,0,18,110,-0.8628803369243446,-0.6295968504898221,-0.07849360637226478,4.405714285714286,-1.3314285714285714,10.48,0,0,0,0,0,0,0,0,0,0,0,no mains / natural or DC,19
0,0,18,120,-0.8726462599566637,-0.6295968504898221,-0.07849360637226478,4.405714285714286,-1.3314285714285714,10.48,0,0,0,0,0,0,0,0,0,0,0,no mains / natural or DC,19
0,0,18,130,-0.738914151432844,-0.6239204077272866,-0.2542802209540086,0.38857142857142857,-2.697142857142857,2.12,0,0,0,0,0,0,0,0,0,0,0,no mains / natural or DC,19
0,0,18,140,-0.738914151432844,-0.6239204077272866,-0.2542802209540086,0.38857142857142857,-2.697142857142857,2.12,0,0,0,0,0,0,0,0,0,0,0,no mains / natural or DC,19
0,0,18,150,-0.7460554826502274,-0.6263008514664143,-0.1825617236854152,6.411428571428571,-5.365714285714286,-2.2685714285714287,0,0,0,0,0,0,0,0,0,0,0,no mains / natural or DC,19
0,0,18,160,-0.7460554826502274,-0.6263008514664143,-0.1825617236854152,6.411428571428571,-5.365714285714286,-2.2685714285714287,0,0,0,0,0,0,0,0,0,0,0,no mains / natural or DC,19
0,0,18,170,-0.6701864680928984,-0.6161687063203833,-0.06823938718832973,4.977142857142857,-6.92,-3.177142857142857,0,0,0,0,0,0,0,0,0,0,0,no mains / natural or DC,19
0,0,18,180,-0.6701864680928984,-0.6161687063203833,-0.06823938718832973,4.977142857142857,-6.92,-3.177142857142857,0,0,0,0,0,0,0,0,0,0,0,no mains / natural or DC,19
0,0,18,190,-0.716696676534318,-0.5996887112033449,-0.2077700125125889,-1.0342857142857143,-6.285714285714286,1.1314285714285715,0,0,0,0,0,0,0,0,0,0,0,no mains / natural or DC,19
0,0,18,200,-0.716696676534318,-0.5996887112033449,-0.2077700125125889,-1.0342857142857143,-6.285714285714286,1.1314285714285715,0,0,0,0,0,0,0,0,0,0,0,no mains / natural or DC,19
0,0,18,210,-0.716574602496414,-0.5805841242713706,-0.23279519028290657,2.8285714285714287,-5.377142857142857,4.885714285714286,0,0,0,0,0,0,0,0,0,0,0,no mains / natural or DC,19
0,0,18,220,-0.716574602496414,-0.5805841242713706,-0.23279519028290657,2.8285714285714287,-5.377142857142857,4.885714285714286,0,0,0,0,0,0,0,0,0,0,0,no mains / natural or DC,19
0,0,18,230,-0.7764519180883206,-0.609210486159856,-0.09411908322397534,7.291428571428572,-5.365714285714286,8.64,0,0,0,0,0,0,0,0,0,0,0,no mains / natural or DC,19
0,0,18,240,-0.7764519180883206,-0.609210486159856,-0.09411908322397534,5.16,-4.965714285714285,8.777142857142858,0,0,0,0,0,0,0,0,0,0,0,no mains / natural or DC,19
0,0,18,250,-0.804651020844142,-0.5398724326303903,-0.20398571733756524,5.16,-4.965714285714285,8.777142857142858,0,0,0,0,0,0,0,0,0,0,0,no mains / natural or DC,19
0,0,18,260,-0.6438184759056368,-0.6288644062623981,-0.13995788445692312,8.434285714285714,-6.468571428571429,4.908571428571428,0,0,0,0,0,0,0,0,0,0,0,no mains / natural or DC,19
0,0,18,270,-0.6438184759056368,-0.6288644062623981,-0.13995788445692312,8.434285714285714,-6.468571428571429,4.908571428571428,0,0,0,0,0,0,0,0,0,0,0,no mains / natural or DC,19
0,0,18,280,-0.9291055024872585,-0.5996887112033449,-0.2076479384746849,6.497142857142857,-4.577142857142857,9.022857142857143,0,0,0,0,0,0,0,0,0,0,0,no mains / natural or DC,19
0,0,18,290,-0.9291055024872585,-0.5996887112033449,-0.2076479384746849,6.497142857142857,-4.577142857142857,9.022857142857143,0,0,0,0,0,0,0,0,0,0,0,no mains / natural or DC,19
0,0,18,300,-0.8977324747459334,-0.6170842616046632,0.3254493850520341,0.04,-3.6285714285714286,0.12571428571428572,0,0,0,0,0,0,0,0,0,0,0,no mains / natural or DC,19
0,0,18,310,-0.8977324747459334,-0.6170842616046632,0.3254493850520341,0.04,-3.6285714285714286,0.12571428571428572,0,0,0,0,0,0,0,0,0,0,0,no mains / natural or DC,19
0,0,18,320,-0.9691457869197668,-0.5388958403271584,-0.5265053254799036,-21.30857142857143,-2.0742857142857143,-10.748571428571429,0,0,0,0,0,0,0,0,0,0,0,no mains / natural or DC,19
0,0,18,330,-0.9691457869197668,-0.5388958403271584,-0.5265053254799036,-21.30857142857143,-2.0742857142857143,-10.748571428571429,0,0,0,0,0,0,0,0,0,0,0,no mains / natural or DC,19
0,0,18,340,-0.6640217291787469,-0.6266670735801263,-0.22510452589495528,0.09714285714285714,-3.297142857142857,-15.28,0,0,0,0,0,0,0,0,0,0,0,no mains / natural or DC,19
0,0,18,350,-0.6640217291787469,-0.6266670735801263,-0.22510452589495528,0.09714285714285714,-3.297142857142857,-15.28,0,0,0,0,0,0,0,0,0,0,0,no mains / natural or DC,19
0,0,18,360,-0.6111026337473677,-0.5984069338053529,-0.3088473158970916,9.845714285714285,-1.6171428571428572,-8.108571428571429,0,0,0,0,0,0,0,0,0,0,0,no mains / natural or DC,19
0,0,18,370,-0.6111026337473677,-0.5984069338053529,-0.3088473158970916,9.845714285714285,-1.6171428571428572,2.0914285714285716,0,0,0,0,0,0,0,0,0,0,0,no mains / natural or DC,19
0,0,18,380,-0.6024353770561846,-0.652607806634724,-0.13446455275124364,20.354285714285716,0.5028571428571429,2.0914285714285716,0,0,0,0,0,0,0,0,0,0,0,no mains / natural or DC,19
0,0,18,390,-0.7490462965788751,-0.5876033814508499,-0.037415692617572556,20.074285714285715,-0.5657142857142857,8.782857142857143,0,0,0,0,0,0,0,0,0,0,0,no mains / natural or DC,19
0,0,18,400,-0.7490462965788751,-0.5876033814508499,-0.037415692617572556,20.074285714285715,-0.5657142857142857,8.782857142857143,0,0,0,0,0,0,0,0,0,0,0,no mains / natural or DC,19
0,0,18,410,-0.7948850978118228,-0.6169621875667592,-0.08252204962309641,13.211428571428572,-5.177142857142857,6.565714285714286,0,0,0,0,0,0,0,0,0,0,0,no mains / natural or DC,19
0,0,18,420,-0.7948850978118228,-0.6169621875667592,-0.08252204962309641,13.211428571428572,-5.177142857142857,6.565714285714286,0,0,0,0,0,0,0,0,0,0,0,no mains / natural or DC,19
0,0,18,430,-0.7467879268776513,-0.6613971373638111,-0.017883846552934353,8.577142857142857,-8.457142857142857,2.297142857142857,0,0,0,0,0,0,0,0,0,0,0,no mains / natural or DC,19
0,0,18,440,-0.7467879268776513,-0.6613971373638111,-0.017883846552934353,8.577142857142857,-8.457142857142857,2.297142857142857,0,0,0,0,0,0,0,0,0,0,0,no mains / natural or DC,19
0,0,18,450,-0.738670003357036,-0.6450392162846766,-0.06543168431653798,1.022857142857143,-8.571428571428571,0.7771428571428571,0,0,0,0,0,0,0,0,0,0,0,no mains / natural or DC,19
0,0,18,460,-0.738670003357036,-0.6450392162846766,-0.06543168431653798,1.022857142857143,-8.571428571428571,0.7771428571428571,0,0,0,0,0,0,0,0,0,0,0,no mains / natural or DC,19
0,0,18,470,-0.750328073976867,-0.6001159703360088,-0.17761772515030366,-1.1142857142857143,-8.4,1.6628571428571428,0,0,0,0,0,0,0,0,0,0,0,no mains / natural or DC,19
0,0,18,480,-0.750328073976867,-0.6001159703360088,-0.17761772515030366,-1.1142857142857143,-8.4,1.6628571428571428,0,0,0,0,0,0,0,0,0,0,0,no mains / natural or DC,19
0,0,18,490,-0.749595629749443,-0.6406445509201331,-0.08001953184606464,1.12,-8.82857142857143,1.72,0,0,0,0,0,0,0,0,0,0,0,no mains / natural or DC,19
0,0,18,500,-0.749595629749443,-0.6406445509201331,-0.08001953184606464,1.12,-8.82857142857143,1.72,0,0,0,0,0,0,0,0,0,0,0,no mains / natural or DC,19
0,0,18,510,-0.7234107486190374,-0.6253852961821345,-0.02368236335337382,-2.857142857142857,-9.062857142857142,2.3771428571428572,0,0,0,0,0,0,0,0,0,0,0,no mains / natural or DC,19
0,0,18,520,-0.7234107486190374,-0.6253852961821345,-0.03326517532883694,-9.01142857142857,-11.268571428571429,4.297142857142857,0,0,0,0,0,0,0,0,0,0,0,no mains / natural or DC,19
0,0,18,530,-0.771263771477401,-0.6275826288644063,-0.03326517532883694,-9.01142857142857,-11.268571428571429,4.297142857142857,0,0,0,0,0,0,0,0,0,0,0,no mains / natural or DC,19
0,0,18,540,-0.7587511825922422,-0.630085146641438,-0.1400799584948271,-12.457142857142857,-9.817142857142857,5.8742857142857146,0,0,0,0,0,0,0,0,0,0,0,no mains / natural or DC,19
0,0,18,550,-0.7587511825922422,-0.630085146641438,-0.1400799584948271,-12.457142857142857,-9.817142857142857,5.8742857142857146,0,0,0,0,0,0,0,0,0,0,0,no mains / natural or DC,19
0,0,18,560,-0.8379161961729789,-0.6447340311899167,-0.15973387859736932,-11.245714285714286,-7.2057142857142855,7.268571428571429,0,0,0,0,0,0,0,0,0,0,0,no mains / natural or DC,19
0,0,18,570,-0.8379161961729789,-0.6447340311899167,-0.15973387859736932,-11.245714285714286,-7.2057142857142855,7.268571428571429,0,0,0,0,0,0,0,0,0,0,0,no mains / natural or DC,19
0,0,18,580,-0.8821069978942229,-0.62984099856563,-0.054261909848323006,-11.497142857142856,-4.04,2.8514285714285714,0,0,0,0,0,0,0,0,0,0,0,no mains / natural or DC,19
0,0,18,590,-0.8821069978942229,-0.62984099856563,-0.054261909848323006,-11.497142857142856,-4.04,2.8514285714285714,0,0,0,0,0,0,0,0,0,0,0,no mains / natural or DC,19
0,0,18,600,-0.7914059877315592,-0.5956602679525131,-0.16797387615588855,-15.422857142857143,-3.085714285714286,-3.005714285714286,0,0,0,0,0,0,0,0,0,0,0,no mains / natural or DC,19
0,0,18,610,-0.7914059877315592,-0.5956602679525131,-0.16797387615588855,-15.422857142857143,-3.085714285714286,-3.005714285714286,0,0,0,0,0,0,0,0,0,0,0,no mains / natural or DC,19
0,0,18,620,-0.8672750022888882,-0.6012756736960967,-0.04046754356517228,-14.314285714285715,-2.2057142857142855,-3.422857142857143,0,0,0,0,0,0,0,0,0,0,0,no mains / natural or DC,19
0,0,18,630,-0.8672750022888882,-0.6012756736960967,-0.04046754356517228,-14.314285714285715,-2.2057142857142855,-3.422857142857143,0,0,0,0,0,0,0,0,0,0,0,no mains / natural or DC,19
0,0,18,640,-0.8185674611651967,-0.6076845606860561,-0.10889004181035798,-20.497142857142858,1.1714285714285715,-6.114285714285714,0,0,0,0,0,0,0,0,0,0,0,no mains / natural or DC,19
0,0,18,650,-0.8185674611651967,-0.6076845606860561,-0.10889004181035798,-17.942857142857143,4.982857142857143,-4.92,0,0,0,0,0,0,0,0,0,0,0,no mains / natural or DC,19
0,0,18,660,-0.8000732444227424,-0.5894344920194098,-0.30140079958494825,-17.942857142857143,4.982857142857143,-4.92,0,0,0,0,0,0,0,0,0,0,0,no mains / natural or DC,19
0,0,18,670,-0.8023926511429181,-0.586809900204474,-0.20166631061738943,-6.274285714285714,7.571428571428571,-3.137142857142857,0,0,0,0,0,0,0,0,0,0,0,no mains / natural or DC,19
0,0,18,680,-0.8023926511429181,-0.586809900204474,-0.20166631061738943,-6.274285714285714,7.571428571428571,-3.137142857142857,0,0,0,0,0,0,0,0,0,0,0,no mains / natural or DC,19
0,0,18,690,-0.8641010773033845,-0.5748466444898831,-0.23194067201757868,0.7771428571428571,12.811428571428571,-2.2285714285714286,0,0,0,0,0,0,0,0,0,0,0,no mains / natural or DC,19
0,0,18,700,-0.8641010773033845,-0.5748466444898831,-0.23194067201757868,0.7771428571428571,12.811428571428571,-2.2285714285714286,0,0,0,0,0,0,0,0,0,0,0,no mains / natural or DC,19
0,0,18,710,-0.8943144016846217,-0.5705130161442915,-0.07666249580370495,3.7257142857142855,13.205714285714286,-7.634285714285714,0,0,0,0,0,0,0,0,0,0,0,no mains / natural or DC,19
0,0,18,720,-0.8943144016846217,-0.5705130161442915,-0.07666249580370495,3.7257142857142855,13.205714285714286,-7.634285714285714,0,0,0,0,0,0,0,0,0,0,0,no mains / natural or DC,19
0,0,18,730,-0.7829218420972319,-0.6100039674062319,-0.13422040467543564,-3.565714285714286,10.182857142857143,-15.028571428571428,0,0,0,0,0,0,0,0,0,0,0,no mains / natural or DC,19
0,0,18,740,-0.7829218420972319,-0.6100039674062319,-0.13422040467543564,-3.565714285714286,10.182857142857143,-15.028571428571428,0,0,0,0,0,0,0,0,0,0,0,no mains / natural or DC,19
0,0,18,750,-0.7334208197271646,-0.5776543473616749,-0.3666493728446303,-4.417142857142857,9.56,-16.257142857142856,0,0,0,0,0,0,0,0,0,0,0,no mains / natural or DC,19
0,0,18,760,-0.7334208197271646,-0.5776543473616749,-0.3666493728446303,-4.417142857142857,9.56,-16.257142857142856,0,0,0,0,0,0,0,0,0,0,0,no mains / natural or DC,19
0,0,18,770,-0.6873989074373608,-0.597613452558977,-0.13330484939115572,3.777142857142857,10.405714285714286,-12.794285714285714,0,0,0,0,0,0,0,0,0,0,0,no mains / natural or DC,19
0,0,18,780,-0.6873989074373608,-0.597613452558977,-0.13330484939115572,3.777142857142857,10.405714285714286,-12.794285714285714,0,0,0,0,0,0,0,0,0,0,0,no mains / natural or DC,19
0,0,18,790,-0.7533799249244667,-0.5897396771141697,-0.1022980437635426,-1.262857142857143,7.611428571428571,-9.377142857142857,0,0,0,0,0,0,0,0,0,0,0,no mains / natural or DC,19
0,0,18,800,-0.6571245460371715,-0.6613971373638111,-0.23236793115024262,-9.925714285714285,2.48,-9.822857142857142,0,0,0,0,0,0,0,0,0,0,0,no mains / natural or DC,19
0,0,18,810,-0.6571245460371715,-0.6613971373638111,-0.23236793115024262,-9.925714285714285,2.48,-9.822857142857142,0,0,0,0,0,0,0,0,0,0,0,no mains / natural or DC,19
0,0,18,820,-0.6344798120059816,-0.6237372966704307,-0.2871791741691336,-8.777142857142858,1.3942857142857144,-5.171428571428572,0,0,0,0,0,0,0,0,0,0,0,no mains / natural or DC,19
0,0,18,830,-0.6344798120059816,-0.6237372966704307,-0.2871791741691336,-8.777142857142858,1.3942857142857144,-5.171428571428572,0,0,0,0,0,0,0,0,0,0,0,no mains / natural or DC,19
0,0,18,840,-0.7042451246681112,-0.6209295937986389,-0.3848994415112766,-3.834285714285714,-0.14285714285714285,-2.5828571428571427,0,0,0,0,0,0,0,0,0,0,0,no mains / natural or DC,19
0,0,18,850,-0.7042451246681112,-0.6209295937986389,-0.3848994415112766,-3.834285714285714,-0.14285714285714285,-2.5828571428571427,0,0,0,0,0,0,0,0,0,0,0,no mains / natural or DC,19
0,0,18,860,-0.7240211188085574,-0.6604205450605792,-0.21344645527512437,6.057142857142857,-1.0514285714285714,-2.9371428571428573,0,0,0,0,0,0,0,0,0,0,0,no mains / natural or DC,19
0,0,18,870,-0.7240211188085574,-0.6604205450605792,-0.21344645527512437,6.057142857142857,-1.0514285714285714,-2.9371428571428573,0,0,0,0,0,0,0,0,0,0,0,no mains / natural or DC,19
0,0,18,880,-0.6875820184942167,-0.6502273628955961,-0.06854457228308969,4.565714285714286,-3.577142857142857,-4.222857142857142,0,0,0,0,0,0,0,0,0,0,0,no mains / natural or DC,19
0,0,18,890,-0.6875820184942167,-0.6502273628955961,-0.06854457228308969,4.565714285714286,-3.577142857142857,-4.222857142857142,0,0,0,0,0,0,0,0,0,0,0,no mains / natural or DC,19
0,0,18,900,-0.7337870418408765,-0.6428418836024049,-0.08294930875576037,-5.514285714285714,-4.308571428571429,-3.6228571428571428,0,0,0,0,0,0,0,0,0,0,0,no mains / natural or DC,19
0,0,18,910,-0.7337870418408765,-0.6428418836024049,-0.08294930875576037,-5.514285714285714,-4.308571428571429,-3.6228571428571428,0,0,0,0,0,0,0,0,0,0,0,no mains / natural or DC,19
0,0,18,920,-0.7061372722556231,-0.6433912167729728,-0.2521439252906888,-14.034285714285714,-5.714285714285714,-3.52,0,0,0,0,0,0,0,0,0,0,0,no mains / natural or DC,19
0,0,18,930,-0.7061372722556231,-0.6433912167729728,-0.2521439252906888,-12.885714285714286,-6.925714285714285,-3.342857142857143,0,0,0,0,0,0,0,0,0,0,0,no mains / natural or DC,19
0,0,18,940,-0.6869106112857448,-0.6397289956358532,-0.2672811059907834,-12.885714285714286,-6.925714285714285,-3.342857142857143,0,0,0,0,0,0,0,0,0,0,0,no mains / natural or DC,19
0,0,18,950,-0.718161564989166,-0.6233100375377667,-0.23627430036317026,-11.102857142857143,-6.702857142857143,-0.2571428571428571,0,0,0,0,0,0,0,0,0,0,0,no mains / natural or DC,19
0,0,18,960,-0.718161564989166,-0.6233100375377667,-0.23627430036317026,-11.102857142857143,-6.702857142857143,-0.2571428571428571,0,0,0,0,0,0,0,0,0,0,0,no mains / natural or DC,19
0,0,18,970,-0.7269508957182531,-0.5926084170049135,-0.28937650685140537,-9.742857142857142,-6.7371428571428575,2.4514285714285715,0,0,0,0,0,0,0,0,0,0,0,no mains / natural or DC,19
0,0,18,980,-0.7269508957182531,-0.5926084170049135,-0.28937650685140537,-9.742857142857142,-6.7371428571428575,2.4514285714285715,0,0,0,0,0,0,0,0,0,0,0,no mains / natural or DC,19
0,0,18,990,-0.8324228644672994,-0.5887020477919859,-0.17975402081362346,-5.28,-5.8342857142857145,2.4514285714285715,0,0,0,0,0,0,0,0,0,0,0,no mains / natural or DC,19
0,0,19,0,-0.8324228644672994,-0.5887020477919859,-0.17975402081362346,-5.28,-5.8342857142857145,2.4514285714285715,0,0,0,0,0,0,0,0,0,0,0,no mains / natural or DC,19
0,0,19,10,-0.8883327738273262,-0.6008484145634327,-0.08929715872676779,-8.411428571428571,-3.5885714285714285,-3.1142857142857143,0,0,0,0,0,0,0,0,0,0,0,no mains / natural or DC,19
0,0,19,20,-0.8883327738273262,-0.6008484145634327,-0.08929715872676779,-8.411428571428571,-3.5885714285714285,-3.1142857142857143,0,0,0,0,0,0,0,0,0,0,0,no mains / natural or DC,19
0,0,19,30,-0.7662587359233375,-0.5686819055757317,-0.3247169408246101,-15.582857142857144,-1.8514285714285714,-10.245714285714286,0,0,0,0,0,0,0,0,0,0,0,no mains / natural or DC,19
0,0,19,40,-0.7662587359233375,-0.5686819055757317,-0.3247169408246101,-15.582857142857144,-1.8514285714285714,-10.245714285714286,0,0,0,0,0,0,0,0,0,0,0,no mains / natural or DC,19
0,0,19,50,-0.7261574144718772,-0.6064027832880642,-0.26361888485366375,-9.382857142857143,-0.30857142857142855,-11.097142857142858,0,0,0,0,0,0,0,0,0,0,0,no mains / natural or DC,19
0,0,19,60,-0.7261574144718772,-0.6064027832880642,-0.26361888485366375,-9.382857142857143,-1.1657142857142857,-8.691428571428572,0,0,0,0,0,0,0,0,0,0,0,no mains / natural or DC,19
0,0,19,70,-0.6881313516647847,-0.6027405621509445,-0.35792107913449506,-6.96,-1.1657142857142857,-8.691428571428572,0,0,0,0,0,0,0,0,0,0,0,no mains / natural or DC,19
0,0,19,80,-0.6498001037629322,-0.608600115970336,-0.24060792870876185,-1.022857142857143,0.08,-4.96,0,0,0,0,0,0,0,0,0,0,0,no mains / natural or DC,19
0,0,19,90,-0.6498001037629322,-0.608600115970336,-0.24060792870876185,-1.022857142857143,0.08,-4.96,0,0,0,0,0,0,0,0,0,0,0,no mains / natural or DC,19
0,0,19,100,-0.6909390545365764,-0.6067690054017761,-0.1684621723075045,-2.8,0.05142857142857143,-1.4457142857142857,0,0,0,0,0,0,0,0,0,0,0,no mains / natural or DC,19
0,0,19,110,-0.6909390545365764,-0.6067690054017761,-0.1684621723075045,-2.8,0.05142857142857143,-1.4457142857142857,0,0,0,0,0,0,0,0,0,0,0,no mains / natural or DC,19
0,0,19,120,-0.7146214178899503,-0.5897396771141697,-0.2119205298013245,-6.297142857142857,-2.2742857142857145,-0.3657142857142857,0,0,0,0,0,0,0,0,0,0,0,no mains / natural or DC,19
0,0,19,130,-0.7146214178899503,-0.5897396771141697,-0.2119205298013245,-6.297142857142857,-2.2742857142857145,-0.3657142857142857,0,0,0,0,0,0,0,0,0,0,0,no mains / natural or DC,19
0,0,19,140,-0.7047944578386791,-0.5879085665456099,-0.1944639423810541,-6.24,-4.0285714285714285,0.2742857142857143,0,0,0,0,0,0,0,0,0,0,0,no mains / natural or DC,19
0,0,19,150,-0.7047944578386791,-0.5879085665456099,-0.1944639423810541,-6.24,-4.0285714285714285,0.2742857142857143,0,0,0,0,0,0,0,0,0,0,0,no mains / natural or DC,19
0,0,19,160,-0.6722617267372661,-0.5827814569536424,-0.20575579088717308,-8.565714285714286,-2.9771428571428573,1.0057142857142858,0,0,0,0,0,0,0,0,0,0,0,no mains / natural or DC,19
0,0,19,170,-0.6722617267372661,-0.5827814569536424,-0.20575579088717308,-8.565714285714286,-2.9771428571428573,1.0057142857142858,0,0,0,0,0,0,0,0,0,0,0,no mains / natural or DC,19
0,0,19,180,-0.6751915036469619,-0.5601977599414044,-0.3607898190252388,-8.874285714285714,-4.285714285714286,3.9085714285714284,0,0,0,0,0,0,0,0,0,0,0,no mains / natural or DC,19
0,0,19,190,-0.6751915036469619,-0.5601977599414044,-0.3607898190252388,-8.874285714285714,-4.285714285714286,3.9085714285714284,0,0,0,0,0,0,0,0,0,0,0,no mains / natural or DC,19
0,0,19,200,-0.7307962279122288,-0.5940733054597613,-0.27130954924161504,-2.222857142857143,-6.0285714285714285,6.057142857142857,0,0,0,0,0,0,0,0,0,0,0,no mains / natural or DC,19
0,0,19,210,-0.7307962279122288,-0.5628223517563402,-0.2532425916318247,-1.32,-4.445714285714286,4.491428571428571,0,0,0,0,0,0,0,0,0,0,0,no mains / natural or DC,19
0,0,19,220,-0.7218848231452376,-0.576799829096347,-0.2532425916318247,-1.32,-4.445714285714286,4.491428571428571,0,0,0,0,0,0,0,0,0,0,0,no mains / natural or DC,19
0,0,19,230,-0.7757805108798487,-0.586260567033906,-0.2723471785637989,-2.2514285714285713,-8.24,2.7657142857142856,0,0,0,0,0,0,0,0,0,0,0,no mains / natural or DC,19
0,0,19,240,-0.7757805108798487,-0.586260567033906,-0.2723471785637989,-2.2514285714285713,-8.24,2.7657142857142856,0,0,0,0,0,0,0,0,0,0,0,no mains / natural or DC,19
0,0,19,250,-0.7285378582110049,-0.6161687063203833,-0.26581621753593554,-1.8114285714285714,-6.76,1.9828571428571429,0,0,0,0,0,0,0,0,0,0,0,no mains / natural or DC,19
0,0,19,260,-0.7285378582110049,-0.6161687063203833,-0.26581621753593554,-1.8114285714285714,-6.76,1.9828571428571429,0,0,0,0,0,0,0,0,0,0,0,no mains / natural or DC,19
0,0,19,270,-0.782494582964568,-0.6109805597094637,-0.2586748863185522,-2.6228571428571428,-5.12,3.862857142857143,0,0,0,0,0,0,0,0,0,0,0,no mains / natural or DC,19
0,0,19,280,-0.782494582964568,-0.6109805597094637,-0.2586748863185522,-2.6228571428571428,-5.12,3.862857142857143,0,0,0,0,0,0,0,0,0,0,0,no mains / natural or DC,19
0,0,19,290,-0.8133182775353252,-0.6051820429090243,-0.3238013855403302,-3.32,-5.977142857142857,3.5542857142857143,0,0,0,0,0,0,0,0,0,0,0,no mains / natural or DC,19
0,0,19,300,-0.8133182775353252,-0.6051820429090243,-0.3238013855403302,-3.32,-5.977142857142857,3.5542857142857143,0,0,0,0,0,0,0,0,0,0,0,no mains / natural or DC,19
0,0,19,310,-0.8022095400860622,-0.6096987823114719,-0.2738120670186468,-1.7657142857142858,-4.6,2.0114285714285716,0,0,0,0,0,0,0,0,0,0,0,no mains / natural or DC,19
0,0,19,320,-0.8022095400860622,-0.6096987823114719,-0.2738120670186468,-1.7657142857142858,-4.6,2.0114285714285716,0,0,0,0,0,0,0,0,0,0,0,no mains / natural or DC,19
0,0,19,330,-0.7880489516891995,-0.565507980590228,-0.23480941190832239,-3.7542857142857144,4.645714285714286,2.8457142857142856,0,0,0,0,0,0,0,0,0,0,0,no mains / natural or DC,19
0,0,19,340,-0.7880489516891995,-0.565507980590228,-0.23480941190832239,-6.0685714285714285,-1.2914285714285714,2.257142857142857,0,0,0,0,0,0,0,0,0,0,0,no mains / natural or DC,19
0,0,19,350,-0.6965544602801599,-0.5970641193884091,-0.45576342051454205,-6.0685714285714285,-1.2914285714285714,2.257142857142857,0,0,0,0,0,0,0,0,0,0,0,no mains / natural or DC,19
0,0,19,360,-0.6645100253303629,-0.6076235236671041,-0.17346720786156805,0.14285714285714285,5.034285714285715,5.491428571428571,0,0,0,0,0,0,0,0,0,0,0,no mains / natural or DC,19
0,0,19,370,-0.6645100253303629,-0.6076235236671041,-0.17346720786156805,0.14285714285714285,5.034285714285715,5.491428571428571,0,0,0,0,0,0,0,0,0,0,0,no mains / natural or DC,19
