hh,mm,ss,sss,acc_x,acc_y,acc_z,gyro_x,gyro_y,gyro_z,f1,f2,f3,f4,f5,f6,f7,f8,clear,nir,mains_hz,mains_category,step_count
0,0,0,0,-0.9834284493545336,-0.015137180700094607,-0.09399700918607135,2.0228571428571427,-3.5942857142857143,-0.8057142857142857,0,0,0,0,0,0,0,0,0,0,0,no mains / natural or DC,0
0,0,0,10,-0.9854426709799493,-0.014221625415814692,-0.09143345439008758,1.8285714285714285,-3.137142857142857,-0.3142857142857143,0,0,0,0,0,0,0,0,0,0,0,no mains / natural or DC,0
0,0,0,20,-0.9854426709799493,-0.014221625415814692,-0.09143345439008758,1.8285714285714285,-3.137142857142857,-0.3142857142857143,0,0,0,0,0,0,0,0,0,0,0,no mains / natural or DC,0
0,0,0,30,-0.9834894863734855,-0.014038514358958708,-0.0902737510299997,1.7257142857142858,-2.6285714285714286,0.17142857142857143,0,0,0,0,0,0,0,0,0,0,0,no mains / natural or DC,0
0,0,0,40,-0.9834894863734855,-0.014038514358958708,-0.0902737510299997,1.7257142857142858,-2.6285714285714286,0.17142857142857143,0,0,0,0,0,0,0,0,0,0,0,no mains / natural or DC,0
0,0,0,50,-0.9803765984069338,-0.01532029175695059,-0.08929715872676779,1.6228571428571428,-2.257142857142857,0.44,0,0,0,0,0,0,0,0,0,0,0,no mains / natural or DC,0
0,0,0,60,-0.9803765984069338,-0.01532029175695059,-0.08929715872676779,1.6228571428571428,-2.257142857142857,0.44,0,0,0,0,0,0,0,0,0,0,0,no mains / natural or DC,0
0,0,0,70,-0.9785454878383739,-0.01489303262428663,-0.0892361217078158,1.502857142857143,-2.12,0.44,0,0,0,0,0,0,0,0,0,0,0,no mains / natural or DC,0
0,0,0,80,-0.9785454878383739,-0.01489303262428663,-0.0892361217078158,1.502857142857143,-2.12,0.44,0,0,0,0,0,0,0,0,0,0,0,no mains / natural or DC,0
0,0,0,90,-0.97781304361095,-0.014099551377910703,-0.08990752891628773,1.4114285714285715,-2.0342857142857143,0.2914285714285714,0,0,0,0,0,0,0,0,0,0,0,no mains / natural or DC,0
0,0,0,100,-0.97781304361095,-0.014099551377910703,-0.08990752891628773,1.4114285714285715,-2.0342857142857143,0.2914285714285714,0,0,0,0,0,0,0,0,0,0,0,no mains / natural or DC,0
0,0,0,110,-0.9757377849665823,-0.011474959562974944,-0.09137241737113559,1.302857142857143,-2.005714285714286,0.14285714285714285,0,0,0,0,0,0,0,0,0,0,0,no mains / natural or DC,0
0,0,0,120,-0.9757377849665823,-0.011474959562974944,-0.09137241737113559,1.302857142857143,-2.005714285714286,0.14285714285714285,0,0,0,0,0,0,0,0,0,0,0,no mains / natural or DC,0
0,0,0,130,-0.9737235633411664,-0.010254219183935057,-0.09088412121951964,1.2057142857142857,-1.9828571428571429,0.05714285714285714,0,0,0,0,0,0,0,0,0,0,0,no mains / natural or DC,0
0,0,0,140,-0.9737235633411664,-0.009277626880703146,-0.09204382457960752,1.0857142857142856,-1.9428571428571428,-0.11428571428571428,0,0,0,0,0,0,0,0,0,0,0,no mains / natural or DC,0
0,0,0,150,-0.9750053407391583,-0.009277626880703146,-0.09204382457960752,1.0857142857142856,-1.9428571428571428,-0.11428571428571428,0,0,0,0,0,0,0,0,0,0,0,no mains / natural or DC,0
0,0,0,160,-0.9734183782464064,-0.010376293221839045,-0.09247108371227149,0.9142857142857143,-1.9028571428571428,-0.45714285714285713,0,0,0,0,0,0,0,0,0,0,0,no mains / natural or DC,0
0,0,0,170,-0.9734183782464064,-0.010376293221839045,-0.09247108371227149,0.9142857142857143,-1.9028571428571428,-0.45714285714285713,0,0,0,0,0,0,0,0,0,0,0,no mains / natural or DC,0
0,0,0,180,-0.9732352671895504,-0.00793481246375927,-0.09472945341349528,0.6571428571428571,-1.9714285714285715,-0.92,0,0,0,0,0,0,0,0,0,0,0,no mains / natural or DC,0
0,0,0,190,-0.9732352671895504,-0.00793481246375927,-0.09472945341349528,0.6571428571428571,-1.9714285714285715,-0.92,0,0,0,0,0,0,0,0,0,0,0,no mains / natural or DC,0
0,0,0,200,-0.9721366008484146,-0.0053102206488235115,-0.09680471205786309,0.4514285714285714,-1.92,-1.4114285714285715,0,0,0,0,0,0,0,0,0,0,0,no mains / natural or DC,0
0,0,0,210,-0.9721366008484146,-0.0053102206488235115,-0.09680471205786309,0.4514285714285714,-1.92,-1.4114285714285715,0,0,0,0,0,0,0,0,0,0,0,no mains / natural or DC,1
0,0,0,220,-0.9753715628528703,-0.0005493331705679495,-0.09869685964537492,0.28,-1.6742857142857144,-1.68,0,0,0,0,0,0,0,0,0,0,0,no mains / natural or DC,1
0,0,0,230,-0.9753715628528703,-0.0005493331705679495,-0.09869685964537492,0.28,-1.6742857142857144,-1.68,0,0,0,0,0,0,0,0,0,0,0,no mains / natural or DC,1
0,0,0,240,-0.9748222296823024,0.002380443739127781,-0.10174871059297463,0.25142857142857145,-1.28,-1.7028571428571428,0,0,0,0,0,0,0,0,0,0,0,no mains / natural or DC,1
0,0,0,250,-0.9748222296823024,0.002380443739127781,-0.10174871059297463,0.25142857142857145,-1.28,-1.7028571428571428,0,0,0,0,0,0,0,0,0,0,0,no mains / natural or DC,1
0,0,0,260,-0.9784844508194219,0.00695822016052736,-0.10681478316599018,0.2857142857142857,-1.1028571428571428,-1.5485714285714285,0,0,0,0,0,0,0,0,0,0,0,no mains / natural or DC,1
0,0,0,270,-0.9784844508194219,0.00695822016052736,-0.10681478316599018,0.49142857142857144,-0.96,-1.3371428571428572,0,0,0,0,0,0,0,0,0,0,0,no mains / natural or DC,1
0,0,0,280,-0.9773857844782861,0.012207403790398877,-0.11200292977690969,0.49142857142857144,-0.96,-1.3371428571428572,0,0,0,0,0,0,0,0,0,0,0,no mains / natural or DC,1
0,0,0,290,-0.9759819330423902,0.017761772515030368,-0.11798455763420515,0.84,-0.7828571428571428,-1.1028571428571428,0,0,0,0,0,0,0,0,0,0,0,no mains / natural or DC,1
0,0,0,300,-0.9759819330423902,0.017761772515030368,-0.11798455763420515,0.84,-0.7828571428571428,-1.1028571428571428,0,0,0,0,0,0,0,0,0,0,0,no mains / natural or DC,1
0,0,0,310,-0.9710379345072787,0.022461622974333934,-0.12201300088503678,1.3142857142857143,-0.6628571428571428,-1.0114285714285713,0,0,0,0,0,0,0,0,0,0,0,no mains / natural or DC,1
0,0,0,320,-0.9710379345072787,0.022461622974333934,-0.12201300088503678,1.3142857142857143,-0.6628571428571428,-1.0114285714285713,0,0,0,0,0,0,0,0,0,0,0,no mains / natural or DC,1
0,0,0,330,-0.9693899349955748,0.028382213812677387,-0.12756736960966827,1.8,-0.7485714285714286,-0.9657142857142857,0,0,0,0,0,0,0,0,0,0,0,no mains / natural or DC,1
0,0,0,340,-0.9693899349955748,0.028382213812677387,-0.12756736960966827,1.8,-0.7485714285714286,-0.9657142857142857,0,0,0,0,0,0,0,0,0,0,0,no mains / natural or DC,1
0,0,0,350,-0.9709768974883267,0.03619495223853267,-0.13385418256172368,2.4171428571428573,-0.8228571428571428,-1.0514285714285714,0,0,0,0,0,0,0,0,0,0,0,no mains / natural or DC,1
0,0,0,360,-0.9709768974883267,0.03619495223853267,-0.13385418256172368,2.4171428571428573,-0.8228571428571428,-1.0514285714285714,0,0,0,0,0,0,0,0,0,0,0,no mains / natural or DC,1
0,0,0,370,-0.9739677114169744,0.04510635700552385,-0.14154484694967498,3.16,-0.8342857142857143,-1.3371428571428572,0,0,0,0,0,0,0,0,0,0,0,no mains / natural or DC,1
0,0,0,380,-0.9739677114169744,0.04510635700552385,-0.14154484694967498,3.16,-0.8342857142857143,-1.3371428571428572,0,0,0,0,0,0,0,0,0,0,0,no mains / natural or DC,1
0,0,0,390,-0.9732352671895504,0.055909909360026856,-0.14996795556505021,4.102857142857143,-0.96,-1.782857142857143,0,0,0,0,0,0,0,0,0,0,0,no mains / natural or DC,1
0,0,0,400,-0.9732352671895504,0.055909909360026856,-0.14996795556505021,4.102857142857143,-0.96,-2.474285714285714,0,0,0,0,0,0,0,0,0,0,0,no mains / natural or DC,1
0,0,0,410,-0.9690847499008148,0.06970427564317759,-0.15894039735099338,5.44,-1.3314285714285714,-2.474285714285714,0,0,0,0,0,0,0,0,0,0,0,no mains / natural or DC,1
0,0,0,420,-0.9588305307168797,0.0815454573198645,-0.16589861751152074,7.348571428571429,-1.84,-3.28,0,0,0,0,0,0,0,0,0,0,0,no mains / natural or DC,1
0,0,0,430,-0.9588305307168797,0.0815454573198645,-0.16589861751152074,7.348571428571429,-1.84,-3.28,0,0,0,0,0,0,0,0,0,0,0,no mains / natural or DC,1
0,0,0,440,-0.9493087557603687,0.0880153813287759,-0.1717581713309122,9.805714285714286,-2.822857142857143,-3.9771428571428573,0,0,0,0,0,0,0,0,0,0,0,no mains / natural or DC,1
0,0,0,450,-0.9493087557603687,0.0880153813287759,-0.1717581713309122,9.805714285714286,-2.822857142857143,-3.9771428571428573,0,0,0,0,0,0,0,0,0,0,0,no mains / natural or DC,1
0,0,0,460,-0.9422284615619373,0.09765923032319102,-0.17542039246803187,12.731428571428571,-3.954285714285714,-4.588571428571429,0,0,0,0,0,0,0,0,0,0,0,no mains / natural or DC,1
0,0,0,470,-0.9422284615619373,0.09765923032319102,-0.17542039246803187,12.731428571428571,-3.954285714285714,-4.588571428571429,0,0,0,0,0,0,0,0,0,0,0,no mains / natural or DC,1
0,0,0,480,-0.9375896481215857,0.09582811975463118,-0.17572557756279183,15.937142857142858,-5.005714285714285,-5.005714285714285,0,0,0,0,0,0,0,0,0,0,0,no mains / natural or DC,1
0,0,0,490,-0.9375896481215857,0.09582811975463118,-0.17572557756279183,15.937142857142858,-5.005714285714285,-5.005714285714285,0,0,0,0,0,0,0,0,0,0,0,no mains / natural or DC,1
0,0,0,500,-0.9468062379833369,0.0912503433332316,-0.1759086886196478,18.777142857142856,-5.9714285714285715,-4.805714285714286,0,0,0,0,0,0,0,0,0,0,0,no mains / natural or DC,1
0,0,0,510,-0.9468062379833369,0.0912503433332316,-0.1759086886196478,18.777142857142856,-5.9714285714285715,-4.805714285714286,0,0,0,0,0,0,0,0,0,0,0,no mains / natural or DC,1
0,0,0,520,-0.9410077211828974,0.07196264534440137,-0.1706595049897763,20.954285714285714,-6.388571428571429,-3.8971428571428572,0,0,0,0,0,0,0,0,0,0,0,no mains / natural or DC,1
0,0,0,530,-0.9410077211828974,0.07196264534440137,-0.1706595049897763,20.954285714285714,-6.388571428571429,-3.8971428571428572,0,0,0,0,0,0,0,0,0,0,0,no mains / natural or DC,1
0,0,0,540,-0.9533982360301523,0.05291909543137913,-0.1675466170232246,22.0,-6.702857142857143,-2.5485714285714285,0,0,0,0,0,0,0,0,0,0,0,no mains / natural or DC,1
0,0,0,550,-0.9533982360301523,0.05291909543137913,-0.1586352122562334,21.965714285714284,-6.817142857142857,-1.4285714285714286,0,0,0,0,0,0,0,0,0,0,0,no mains / natural or DC,1
0,0,0,560,-0.9543748283333842,0.031006805627613147,-0.1586352122562334,21.965714285714284,-6.817142857142857,-1.4285714285714286,0,0,0,0,0,0,0,0,0,0,0,no mains / natural or DC,1
0,0,0,570,-0.9514450514236885,0.01879940183721427,-0.15192114017151404,20.92,-7.285714285714286,-0.9828571428571429,0,0,0,0,0,0,0,0,0,0,0,no mains / natural or DC,1
0,0,0,580,-0.9514450514236885,0.01879940183721427,-0.15192114017151404,20.92,-7.285714285714286,-0.9828571428571429,0,0,0,0,0,0,0,0,0,0,0,no mains / natural or DC,1
0,0,0,590,-0.9618213446455275,0.015564439832758568,-0.14740440076906644,19.257142857142856,-7.994285714285715,-0.9942857142857143,0,0,0,0,0,0,0,0,0,0,0,no mains / natural or DC,1
0,0,0,600,-0.9618213446455275,0.015564439832758568,-0.14740440076906644,19.257142857142856,-7.994285714285715,-0.9942857142857143,0,0,0,0,0,0,0,0,0,0,0,no mains / natural or DC,1
0,0,0,610,-0.9591967528305918,0.00891140476699118,-0.1393475142674032,17.154285714285713,-8.28,-1.2971428571428572,0,0,0,0,0,0,0,0,0,0,0,no mains / natural or DC,1
0,0,0,620,-0.9591967528305918,0.00891140476699118,-0.1393475142674032,17.154285714285713,-8.28,-1.2971428571428572,0,0,0,0,0,0,0,0,0,0,0,no mains / natural or DC,1
0,0,0,630,-0.9525437177648244,0.010925626392406995,-0.12970366527298807,14.777142857142858,-8.817142857142857,-1.96,0,0,0,0,0,0,0,0,0,0,0,no mains / natural or DC,1
0,0,0,640,-0.9525437177648244,0.010925626392406995,-0.12970366527298807,14.777142857142858,-8.817142857142857,-1.96,0,0,0,0,0,0,0,0,0,0,0,no mains / natural or DC,1
0,0,0,650,-0.9501022370067446,0.014282662434766686,-0.11676381725516526,12.348571428571429,-9.537142857142857,-2.7942857142857145,0,0,0,0,0,0,0,0,0,0,0,no mains / natural or DC,1
0,0,0,660,-0.9501022370067446,0.014282662434766686,-0.11676381725516526,12.348571428571429,-9.537142857142857,-2.7942857142857145,0,0,0,0,0,0,0,0,0,0,0,no mains / natural or DC,1
0,0,0,670,-0.9330118717001862,0.02435377056184576,-0.10284737693411054,10.188571428571429,-9.977142857142857,-3.834285714285714,0,0,0,0,0,0,0,0,0,0,0,no mains / natural or DC,1
0,0,0,680,-0.9330118717001862,0.02435377056184576,-0.10284737693411054,8.537142857142857,-10.82857142857143,-5.251428571428572,0,0,0,0,0,0,0,0,0,0,0,no mains / natural or DC,1
0,0,0,690,-0.9249549851985229,0.033814508499404886,-0.08954130680257576,8.537142857142857,-10.82857142857143,-5.251428571428572,0,0,0,0,0,0,0,0,0,0,0,no mains / natural or DC,1
0,0,0,700,-0.923917355876339,0.05047761467329936,-0.08203375347148045,7.605714285714286,-12.16,-7.24,0,0,0,0,0,0,0,0,0,0,0,no mains / natural or DC,1
0,0,0,710,-0.923917355876339,0.05047761467329936,-0.08203375347148045,7.605714285714286,-12.16,-7.24,0,0,0,0,0,0,0,0,0,0,0,no mains / natural or DC,1
0,0,0,720,-0.923123874629963,0.06060975981933042,-0.07580797753837702,7.594285714285714,-13.325714285714286,-9.765714285714285,0,0,0,0,0,0,0,0,0,0,0,no mains / natural or DC,1
0,0,0,730,-0.923123874629963,0.06060975981933042,-0.07580797753837702,7.594285714285714,-13.325714285714286,-9.765714285714285,0,0,0,0,0,0,0,0,0,0,0,no mains / natural or DC,1
0,0,0,740,-0.913663136692404,0.07409894100772119,-0.06659138767662587,8.411428571428571,-14.125714285714286,-12.291428571428572,0,0,0,0,0,0,0,0,0,0,0,no mains / natural or DC,1
0,0,0,750,-0.913663136692404,0.07409894100772119,-0.06659138767662587,8.411428571428571,-14.125714285714286,-12.291428571428572,0,0,0,0,0,0,0,0,0,0,0,no mains / natural or DC,1
0,0,0,760,-0.9091463972899564,0.0717184972685934,-0.054261909848323006,9.645714285714286,-14.72,-13.977142857142857,0,0,0,0,0,0,0,0,0,0,0,no mains / natural or DC,1
0,0,0,770,-0.9091463972899564,0.0717184972685934,-0.054261909848323006,9.645714285714286,-14.72,-13.977142857142857,0,0,0,0,0,0,0,0,0,0,0,no mains / natural or DC,1
0,0,0,780,-0.9209875789666433,0.04425183874019593,-0.03198339793084506,10.845714285714285,-15.68,-15.28,0,0,0,0,0,0,0,0,0,0,0,no mains / natural or DC,1
0,0,0,790,-0.9209875789666433,0.04425183874019593,-0.03198339793084506,10.845714285714285,-15.68,-15.28,0,0,0,0,0,0,0,0,0,0,0,no mains / natural or DC,1
0,0,0,800,-0.9287392803735466,-0.036500137333292645,0.016479995117038484,11.502857142857144,-17.65714285714286,-16.97142857142857,0,0,0,0,0,0,0,0,0,0,0,no mains / natural or DC,1
0,0,0,810,-0.9287392803735466,-0.036500137333292645,0.016479995117038484,11.502857142857144,-17.65714285714286,-16.97142857142857,0,0,0,0,0,0,0,0,0,0,0,no mains / natural or DC,1
0,0,0,820,-0.9615771965697195,-0.09656056398205512,0.05084383678701132,11.022857142857143,-19.89142857142857,-15.64,0,0,0,0,0,0,0,0,0,0,0,no mains / natural or DC,1
0,0,0,830,-1.055330057679983,-0.12262337107455672,0.09094515823847163,10.462857142857143,-20.0,-6.9314285714285715,0,0,0,0,0,0,0,0,0,0,0,no mains / natural or DC,1
0,0,0,840,-1.0586870937223427,-0.12262337107455672,0.09094515823847163,10.462857142857143,-20.0,-6.9314285714285715,0,0,0,0,0,0,0,0,0,0,0,no mains / natural or DC,1
0,0,0,850,-1.0851161229285562,-0.16241950743125705,0.141361735892819,10.177142857142858,-15.354285714285714,7.491428571428571,0,0,0,0,0,0,0,0,0,0,0,no mains / natural or DC,1
0,0,0,860,-1.0851161229285562,-0.16241950743125705,0.141361735892819,10.177142857142858,-15.354285714285714,7.491428571428571,0,0,0,0,0,0,0,0,0,0,0,no mains / natural or DC,1
0,0,0,870,-1.1116672261726737,-0.16266365550706505,0.17053743095187232,9.72,-11.325714285714286,20.285714285714285,0,0,0,0,0,0,0,0,0,0,0,no mains / natural or DC,1
0,0,0,880,-1.1116672261726737,-0.16266365550706505,0.17053743095187232,9.72,-11.325714285714286,20.285714285714285,0,0,0,0,0,0,0,0,0,0,0,no mains / natural or DC,1
0,0,0,890,-1.1457869197668387,-0.10504470961638233,0.17255165257728813,9.182857142857143,-9.177142857142858,28.86857142857143,0,0,0,0,0,0,0,0,0,0,0,no mains / natural or DC,1
0,0,0,900,-1.1457869197668387,-0.10504470961638233,0.17255165257728813,9.182857142857143,-9.177142857142858,28.86857142857143,0,0,0,0,0,0,0,0,0,0,0,no mains / natural or DC,1
0,0,0,910,-1.1040375988036744,-0.037110507522812586,0.1605883968626972,9.114285714285714,-6.354285714285714,33.72571428571428,0,0,0,0,0,0,0,0,0,0,0,no mains / natural or DC,1
0,0,0,920,-1.1040375988036744,-0.037110507522812586,0.1605883968626972,9.114285714285714,-6.354285714285714,33.72571428571428,0,0,0,0,0,0,0,0,0,0,0,no mains / natural or DC,1
0,0,0,930,-1.0390331736198004,0.03131199072237312,0.14099551377910702,9.64,-3.182857142857143,36.23428571428571,0,0,0,0,0,0,0,0,0,0,0,no mains / natural or DC,1
0,0,0,940,-1.0390331736198004,0.03131199072237312,0.14099551377910702,9.64,-3.182857142857143,36.23428571428571,0,0,0,0,0,0,0,0,0,0,0,no mains / natural or DC,1
0,0,0,950,-1.0017395550401318,0.10480056154057436,0.12378307443464462,10.72,1.1314285714285715,37.64,0,0,0,0,0,0,0,0,0,0,0,no mains / natural or DC,1
0,0,0,960,-1.0017395550401318,0.10480056154057436,0.12378307443464462,11.817142857142857,6.531428571428571,38.0,0,0,0,0,0,0,0,0,0,0,0,no mains / natural or DC,1
0,0,0,970,-0.9432050538651692,0.16345713675344095,0.11236915189062166,11.817142857142857,6.531428571428571,38.0,0,0,0,0,0,0,0,0,0,0,0,no mains / natural or DC,1
0,0,0,980,-0.8928495132297739,0.21448408459730828,0.10089419232764672,12.188571428571429,10.302857142857142,37.01714285714286,0,0,0,0,0,0,0,0,0,0,0,no mains / natural or DC,1
0,0,0,990,-0.8928495132297739,0.21448408459730828,0.10089419232764672,12.188571428571429,10.302857142857142,37.01714285714286,0,0,0,0,0,0,0,0,0,0,0,no mains / natural or DC,1
0,0,1,0,-0.8580584124271371,0.25391399884029664,0.08777123325296793,11.485714285714286,11.657142857142857,34.92,0,0,0,0,0,0,0,0,0,0,0,no mains / natural or DC,1
0,0,1,10,-0.8580584124271371,0.25391399884029664,0.08777123325296793,11.485714285714286,11.657142857142857,34.92,0,0,0,0,0,0,0,0,0,0,0,no mains / natural or DC,1
0,0,1,20,-0.8430433057649465,0.2889492477187414,0.0750755333109531,10.074285714285715,11.28,31.02857142857143,0,0,0,0,0,0,0,0,0,0,0,no mains / natural or DC,1
0,0,1,30,-0.8430433057649465,0.2889492477187414,0.0750755333109531,10.074285714285715,11.28,31.02857142857143,0,0,0,0,0,0,0,0,0,0,0,no mains / natural or DC,1
0,0,1,40,-0.8467055269020661,0.32520523697622605,0.06060975981933042,8.64,9.754285714285714,25.13142857142857,0,0,0,0,0,0,0,0,0,0,0,no mains / natural or DC,1
0,0,1,50,-0.8467055269020661,0.32520523697622605,0.06060975981933042,8.64,9.754285714285714,25.13142857142857,0,0,0,0,0,0,0,0,0,0,0,no mains / natural or DC,1
0,0,1,60,-0.8662984099856563,0.3521835993530076,0.05139316995757927,7.474285714285714,8.411428571428571,18.462857142857143,0,0,0,0,0,0,0,0,0,0,0,no mains / natural or DC,1
0,0,1,70,-0.8662984099856563,0.3521835993530076,0.05139316995757927,7.474285714285714,8.411428571428571,18.462857142857143,0,0,0,0,0,0,0,0,0,0,0,no mains / natural or DC,1
0,0,1,80,-0.8756370738853114,0.36567278054139835,0.04541154210028382,6.542857142857143,7.897142857142857,11.857142857142858,0,0,0,0,0,0,0,0,0,0,0,no mains / natural or DC,1
0,0,1,90,-0.8756370738853114,0.36567278054139835,0.04541154210028382,6.542857142857143,7.897142857142857,5.748571428571428,0,0,0,0,0,0,0,0,0,0,0,no mains / natural or DC,1
0,0,1,100,-0.8886989959410383,0.3729972228156377,0.04480117191076388,5.588571428571429,7.7371428571428575,5.748571428571428,0,0,0,0,0,0,0,0,0,0,0,no mains / natural or DC,1
0,0,1,110,-0.891445661793878,0.3741569261757256,0.04834131900997955,4.52,7.7371428571428575,0.5771428571428572,0,0,0,0,0,0,0,0,0,0,0,no mains / natural or DC,1
0,0,1,120,-0.891445661793878,0.3741569261757256,0.04834131900997955,4.52,7.7371428571428575,0.5771428571428572,0,0,0,0,0,0,0,0,0,0,0,no mains / natural or DC,1
0,0,1,130,-0.9004181035798211,0.3736686300241096,0.0402233954893643,3.2914285714285714,7.462857142857143,-3.7942857142857145,0,0,0,0,0,0,0,0,0,0,0,no mains / natural or DC,1
0,0,1,140,-0.9004181035798211,0.3736686300241096,0.0402233954893643,3.2914285714285714,7.462857142857143,-3.7942857142857145,0,0,0,0,0,0,0,0,0,0,0,no mains / natural or DC,1
0,0,1,150,-0.9220862453077792,0.379894405957213,0.034852137821588795,2.2285714285714286,7.434285714285714,-8.017142857142858,0,0,0,0,0,0,0,0,0,0,0,no mains / natural or DC,1
0,0,1,160,-0.9220862453077792,0.379894405957213,0.034852137821588795,2.2285714285714286,7.434285714285714,-8.017142857142858,0,0,0,0,0,0,0,0,0,0,0,no mains / natural or DC,1
0,0,1,170,-0.9325846125675222,0.3869747001556444,0.030213324381237222,1.44,8.2,-11.88,0,0,0,0,0,0,0,0,0,0,0,no mains / natural or DC,1
0,0,1,180,-0.9325846125675222,0.3869747001556444,0.030213324381237222,1.44,8.2,-11.88,0,0,0,0,0,0,0,0,0,0,0,no mains / natural or DC,1
0,0,1,190,-0.9222083193456831,0.3772087771233253,0.024048585467085788,0.6685714285714286,9.337142857142856,-15.165714285714285,0,0,0,0,0,0,0,0,0,0,0,no mains / natural or DC,1
0,0,1,200,-0.9222083193456831,0.3772087771233253,0.024048585467085788,0.6685714285714286,9.337142857142856,-15.165714285714285,0,0,0,0,0,0,0,0,0,0,0,no mains / natural or DC,1
0,0,1,210,-0.9139072847682119,0.3715323343607898,0.014282662434766686,-0.28,9.811428571428571,-18.708571428571428,0,0,0,0,0,0,0,0,0,0,0,no mains / natural or DC,1
0,0,1,220,-0.9139072847682119,0.3715323343607898,0.014282662434766686,-0.28,9.811428571428571,-18.708571428571428,0,0,0,0,0,0,0,0,0,0,0,no mains / natural or DC,1
0,0,1,230,-0.9079866939298684,0.369457075716422,0.007995849482711264,-1.2514285714285713,9.354285714285714,-22.845714285714287,0,0,0,0,0,0,0,0,0,0,0,no mains / natural or DC,1
0,0,1,240,-0.9079866939298684,0.369457075716422,0.0014038514358958708,-2.2342857142857144,8.291428571428572,-26.605714285714285,0,0,0,0,0,0,0,0,0,0,0,no mains / natural or DC,1
0,0,1,250,-0.8729514450514236,0.35914181951353497,0.0014038514358958708,-2.2342857142857144,8.291428571428572,-26.605714285714285,0,0,0,0,0,0,0,0,0,0,0,no mains / natural or DC,1
0,0,1,260,-0.8425550096133305,0.34797204504532,-0.004028443250831629,-3.3314285714285714,6.405714285714286,-29.251428571428573,0,0,0,0,0,0,0,0,0,0,0,no mains / natural or DC,1
0,0,1,270,-0.8425550096133305,0.34797204504532,-0.004028443250831629,-3.3314285714285714,6.405714285714286,-29.251428571428573,0,0,0,0,0,0,0,0,0,0,0,no mains / natural or DC,1
0,0,1,280,-0.8547013763847774,0.34723960081789607,-0.013000885036774804,-4.28,3.9771428571428573,-30.84,0,0,0,0,0,0,0,0,0,0,0,no mains / natural or DC,1
0,0,1,290,-0.8547013763847774,0.34723960081789607,-0.013000885036774804,-4.28,3.9771428571428573,-30.84,0,0,0,0,0,0,0,0,0,0,0,no mains / natural or DC,1
0,0,1,300,-0.8665425580614643,0.33637501144444104,-0.01184118167668691,-4.805714285714286,2.097142857142857,-31.965714285714284,0,0,0,0,0,0,0,0,0,0,0,no mains / natural or DC,1
0,0,1,310,-0.8665425580614643,0.33637501144444104,-0.01184118167668691,-4.805714285714286,2.097142857142857,-31.965714285714284,0,0,0,0,0,0,0,0,0,0,0,no mains / natural or DC,1
0,0,1,320,-1.0523392437513353,0.35364848780785546,-0.029725028229621267,-4.8,-1.1028571428571428,-33.37714285714286,0,0,0,0,0,0,0,0,0,0,0,no mains / natural or DC,1
0,0,1,330,-1.0523392437513353,0.35364848780785546,-0.029725028229621267,-4.8,-1.1028571428571428,-33.37714285714286,0,0,0,0,0,0,0,0,0,0,0,no mains / natural or DC,1
0,0,1,340,-1.0684530167546618,0.30066835535752434,0.005066072573015534,-4.634285714285714,-3.8857142857142857,-35.57142857142857,0,0,0,0,0,0,0,0,0,0,0,no mains / natural or DC,1
0,0,1,350,-1.0684530167546618,0.30066835535752434,0.005066072573015534,-4.634285714285714,-3.8857142857142857,-35.57142857142857,0,0,0,0,0,0,0,0,0,0,0,no mains / natural or DC,1
0,0,1,360,-0.8744163335062716,0.19824823755607776,-0.06494338816492203,-3.914285714285714,-2.8057142857142856,-39.86857142857143,0,0,0,0,0,0,0,0,0,0,0,no mains / natural or DC,1
0,0,1,370,-0.8744163335062716,0.19824823755607776,-0.06494338816492203,-2.5714285714285716,-8.52,-44.011428571428574,0,0,0,0,0,0,0,0,0,0,0,no mains / natural or DC,1
0,0,1,380,-0.9522995696890164,-0.02557451094088565,-0.07422101504562517,-2.5714285714285716,-8.52,-44.011428571428574,0,0,0,0,0,0,0,0,0,0,0,no mains / natural or DC,1
0,0,1,390,-1.237769707327494,-0.282235175634022,-0.08215582750938444,-1.9314285714285715,-13.702857142857143,-45.02285714285714,0,0,0,0,0,0,0,0,0,0,0,no mains / natural or DC,1
0,0,1,400,-1.237769707327494,-0.282235175634022,-0.08215582750938444,-1.9314285714285715,-13.702857142857143,-45.02285714285714,0,0,0,0,0,0,0,0,0,0,0,no mains / natural or DC,1
0,0,1,410,-1.4730674153874326,-0.47370830408642844,-0.055177465132602924,-2.5714285714285716,-17.965714285714284,-43.94285714285714,0,0,0,0,0,0,0,0,0,0,0,no mains / natural or DC,1
0,0,1,420,-1.4730674153874326,-0.47370830408642844,-0.055177465132602924,-2.5714285714285716,-17.965714285714284,-43.94285714285714,0,0,0,0,0,0,0,0,0,0,0,no mains / natural or DC,1
0,0,1,430,-1.4738608966338085,-0.5689870906704917,-0.06610309152500991,-4.057142857142857,-14.24,-36.16,0,0,0,0,0,0,0,0,0,0,0,no mains / natural or DC,1
0,0,1,440,-1.4738608966338085,-0.5689870906704917,-0.06610309152500991,-4.057142857142857,-14.24,-36.16,0,0,0,0,0,0,0,0,0,0,0,no mains / natural or DC,1
0,0,1,450,-1.3949400311288798,-0.522537919248024,-0.10846278267769402,-4.4,-8.022857142857143,-20.617142857142856,0,0,0,0,0,0,0,0,0,0,0,no mains / natural or DC,1
0,0,1,460,-1.3949400311288798,-0.522537919248024,-0.10846278267769402,-4.4,-8.022857142857143,-20.617142857142856,0,0,0,0,0,0,0,0,0,0,0,no mains / natural or DC,1
0,0,1,470,-1.3133945738090151,-0.4651020844141972,-0.13422040467543564,-3.7714285714285714,-2.4857142857142858,-5.022857142857143,0,0,0,0,0,0,0,0,0,0,0,no mains / natural or DC,1
0,0,1,480,-1.3133945738090151,-0.4651020844141972,-0.13422040467543564,-3.7714285714285714,-2.4857142857142858,-5.022857142857143,0,0,0,0,0,0,0,0,0,0,0,no mains / natural or DC,1
0,0,1,490,-1.3093050935392316,-0.35700552385021517,-0.15906247138889737,-3.5085714285714285,1.3314285714285714,6.565714285714286,0,0,0,0,0,0,0,0,0,0,0,no mains / natural or DC,1
0,0,1,500,-1.3093050935392316,-0.35700552385021517,-0.15906247138889737,-3.5085714285714285,1.3314285714285714,12.417142857142856,0,0,0,0,0,0,0,0,0,0,0,no mains / natural or DC,1
0,0,1,510,-1.2872096926786096,-0.2841883602404859,-0.17957090975676748,-3.1028571428571428,7.6,12.514285714285714,0,0,0,0,0,0,0,0,0,0,0,no mains / natural or DC,1
0,0,1,520,-1.1880245368816187,-0.2433545945616016,-0.1814630573442793,-3.434285714285714,11.582857142857144,12.594285714285714,0,0,0,0,0,0,0,0,0,0,0,no mains / natural or DC,1
0,0,1,530,-1.1880245368816187,-0.2433545945616016,-0.1814630573442793,-3.434285714285714,11.582857142857144,12.594285714285714,0,0,0,0,0,0,0,0,0,0,0,no mains / natural or DC,1
0,0,1,540,-1.0593585009308146,-0.21759697256385999,-0.1814630573442793,-4.577142857142857,12.862857142857143,10.285714285714286,0,0,0,0,0,0,0,0,0,0,0,no mains / natural or DC,1
0,0,1,550,-1.0593585009308146,-0.21759697256385999,-0.1814630573442793,-4.577142857142857,12.862857142857143,10.285714285714286,0,0,0,0,0,0,0,0,0,0,0,no mains / natural or DC,1
0,0,1,560,-0.9579149754325998,-0.18195135349589525,-0.18024231696523943,-6.388571428571429,10.8,7.725714285714286,0,0,0,0,0,0,0,0,0,0,0,no mains / natural or DC,1
0,0,1,570,-0.9579149754325998,-0.18195135349589525,-0.18024231696523943,-6.388571428571429,10.8,7.725714285714286,0,0,0,0,0,0,0,0,0,0,0,no mains / natural or DC,1
0,0,1,580,-0.8849147007660146,-0.13605151524399547,-0.17584765160069582,-7.908571428571428,8.502857142857144,6.845714285714286,0,0,0,0,0,0,0,0,0,0,0,no mains / natural or DC,1
0,0,1,590,-0.8849147007660146,-0.13605151524399547,-0.17584765160069582,-7.908571428571428,8.502857142857144,6.845714285714286,0,0,0,0,0,0,0,0,0,0,0,no mains / natural or DC,1
0,0,1,600,-0.7970213934751427,-0.09765923032319102,-0.17664113284707175,-8.662857142857144,7.331428571428572,7.902857142857143,0,0,0,0,0,0,0,0,0,0,0,no mains / natural or DC,1
0,0,1,610,-0.7970213934751427,-0.09765923032319102,-0.17664113284707175,-8.662857142857144,7.331428571428572,7.902857142857143,0,0,0,0,0,0,0,0,0,0,0,no mains / natural or DC,1
0,0,1,620,-0.7270119327372051,-0.06115909298989837,-0.17694631794183172,-8.445714285714285,6.177142857142857,9.388571428571428,0,0,0,0,0,0,0,0,0,0,0,no mains / natural or DC,1
0,0,1,630,-0.7270119327372051,-0.06115909298989837,-0.17694631794183172,-8.445714285714285,6.177142857142857,9.388571428571428,0,0,0,0,0,0,0,0,0,0,0,no mains / natural or DC,1
0,0,1,640,-0.6585894344920195,-0.02752769554734947,-0.17682424390392773,-7.725714285714286,4.702857142857143,11.782857142857143,0,0,0,0,0,0,0,0,0,0,0,no mains / natural or DC,1
0,0,1,650,-0.6585894344920195,-0.02752769554734947,-0.17682424390392773,-6.742857142857143,2.4057142857142857,14.754285714285714,0,0,0,0,0,0,0,0,0,0,0,no mains / natural or DC,1
0,0,1,660,-0.6114688558610798,-0.00024414807580797754,-0.17401654103213599,-6.742857142857143,2.4057142857142857,14.754285714285714,0,0,0,0,0,0,0,0,0,0,0,no mains / natural or DC,1
0,0,1,670,-0.5924863429670095,0.035523545030060735,-0.17322305978576005,-5.577142857142857,-0.49714285714285716,18.13142857142857,0,0,0,0,0,0,0,0,0,0,0,no mains / natural or DC,1
0,0,1,680,-0.5924863429670095,0.035523545030060735,-0.17322305978576005,-5.577142857142857,-0.49714285714285716,18.13142857142857,0,0,0,0,0,0,0,0,0,0,0,no mains / natural or DC,1
0,0,1,690,-0.5915707876827295,0.06988738670003357,-0.17255165257728813,-4.142857142857143,-3.1714285714285713,21.65142857142857,0,0,0,0,0,0,0,0,0,0,0,no mains / natural or DC,1
0,0,1,700,-0.5915707876827295,0.06988738670003357,-0.17255165257728813,-4.142857142857143,-3.1714285714285713,21.65142857142857,0,0,0,0,0,0,0,0,0,0,0,no mains / natural or DC,1
0,0,1,710,-0.6020691549424726,0.0988189336832789,-0.16821802423169652,-2.5714285714285716,-5.8,24.634285714285713,0,0,0,0,0,0,0,0,0,0,0,no mains / natural or DC,1
0,0,1,720,-0.6020691549424726,0.0988189336832789,-0.16821802423169652,-2.5714285714285716,-5.8,24.634285714285713,0,0,0,0,0,0,0,0,0,0,0,no mains / natural or DC,2
0,0,1,730,-0.6051820429090243,0.12482070375682852,-0.16541032135990477,-1.0571428571428572,-8.228571428571428,26.354285714285716,0,0,0,0,0,0,0,0,0,0,0,no mains / natural or DC,2
0,0,1,740,-0.6051820429090243,0.12482070375682852,-0.16541032135990477,-1.0571428571428572,-8.228571428571428,26.354285714285716,0,0,0,0,0,0,0,0,0,0,0,no mains / natural or DC,2
0,0,1,750,-0.6260567033906064,0.15155491805780205,-0.16028321176793725,0.44,-10.85142857142857,26.16,0,0,0,0,0,0,0,0,0,0,0,no mains / natural or DC,2
0,0,1,760,-0.6260567033906064,0.15155491805780205,-0.16028321176793725,0.44,-10.85142857142857,26.16,0,0,0,0,0,0,0,0,0,0,0,no mains / natural or DC,2
0,0,1,770,-0.6670125431073947,0.17658009582811976,-0.15399639881588184,2.0685714285714285,-12.748571428571429,23.8,0,0,0,0,0,0,0,0,0,0,0,no mains / natural or DC,2
0,0,1,780,-0.6670125431073947,0.17658009582811976,-0.15399639881588184,2.0685714285714285,-13.805714285714286,19.445714285714285,0,0,0,0,0,0,0,0,0,0,0,no mains / natural or DC,2
0,0,1,790,-0.729209265419477,0.20697653126621296,-0.15472884304330575,3.7142857142857144,-13.805714285714286,19.445714285714285,0,0,0,0,0,0,0,0,0,0,0,no mains / natural or DC,2
0,0,1,800,-0.8291268654438917,0.24433118686483352,-0.15381328775902586,5.4,-14.84,14.251428571428571,0,0,0,0,0,0,0,0,0,0,0,no mains / natural or DC,2
0,0,1,810,-0.8291268654438917,0.24433118686483352,-0.15381328775902586,5.4,-14.84,14.251428571428571,0,0,0,0,0,0,0,0,0,0,0,no mains / natural or DC,2
0,0,1,820,-0.8784447767571032,0.2708212530899991,-0.15478988006225775,7.011428571428572,-15.04,9.205714285714286,0,0,0,0,0,0,0,0,0,0,0,no mains / natural or DC,2
0,0,1,830,-0.8784447767571032,0.2708212530899991,-0.15478988006225775,7.011428571428572,-15.04,9.205714285714286,0,0,0,0,0,0,0,0,0,0,0,no mains / natural or DC,2
0,0,1,840,-0.902249214148381,0.28321176793725394,-0.15900143436994538,8.36,-16.01142857142857,4.451428571428571,0,0,0,0,0,0,0,0,0,0,0,no mains / natural or DC,2
0,0,1,850,-0.902249214148381,0.28321176793725394,-0.15900143436994538,8.36,-16.01142857142857,4.451428571428571,0,0,0,0,0,0,0,0,0,0,0,no mains / natural or DC,2
0,0,1,860,-0.9442426831873532,0.2945646534623249,-0.16223639637440107,9.428571428571429,-17.377142857142857,0.2742857142857143,0,0,0,0,0,0,0,0,0,0,0,no mains / natural or DC,2
0,0,1,870,-0.9442426831873532,0.2945646534623249,-0.16223639637440107,9.428571428571429,-17.377142857142857,0.2742857142857143,0,0,0,0,0,0,0,0,0,0,0,no mains / natural or DC,2
0,0,1,880,-1.0082705160679952,0.3131199072237312,-0.16504409924619282,10.268571428571429,-18.291428571428572,-2.954285714285714,0,0,0,0,0,0,0,0,0,0,0,no mains / natural or DC,2
0,0,1,890,-1.0082705160679952,0.3131199072237312,-0.16504409924619282,10.268571428571429,-18.291428571428572,-2.954285714285714,0,0,0,0,0,0,0,0,0,0,0,no mains / natural or DC,2
0,0,1,900,-1.0701620532853175,0.31904049806207463,-0.1619922482985931,10.788571428571428,-18.37142857142857,-5.114285714285714,0,0,0,0,0,0,0,0,0,0,0,no mains / natural or DC,2
0,0,1,910,-1.0701620532853175,0.31904049806207463,-0.1619922482985931,10.788571428571428,-18.37142857142857,-5.114285714285714,0,0,0,0,0,0,0,0,0,0,0,no mains / natural or DC,2
0,0,1,920,-1.0553910946989349,0.29859309671315654,-0.14954069643238624,10.754285714285714,-17.902857142857144,-6.777142857142858,0,0,0,0,0,0,0,0,0,0,0,no mains / natural or DC,2
0,0,1,930,-1.0553910946989349,0.25171666615802485,-0.13403729361857966,10.245714285714286,-17.97714285714286,-8.902857142857142,0,0,0,0,0,0,0,0,0,0,0,no mains / natural or DC,2
0,0,1,940,-1.0061952574236275,0.25470748008667254,-0.13403729361857966,10.245714285714286,-17.97714285714286,-8.902857142857142,0,0,0,0,0,0,0,0,0,0,0,no mains / natural or DC,2
0,0,1,950,-1.47758415478988,0.3191015350810266,-0.11993774224066897,10.194285714285714,-21.588571428571427,-10.64,0,0,0,0,0,0,0,0,0,0,0,no mains / natural or DC,2
0,0,1,960,-1.47758415478988,0.3191015350810266,-0.11993774224066897,10.194285714285714,-21.588571428571427,-10.64,0,0,0,0,0,0,0,0,0,0,0,no mains / natural or DC,2
0,0,1,970,-1.021454512161626,0.1759086886196478,-0.02240058595538194,9.154285714285715,-18.097142857142856,-13.097142857142858,0,0,0,0,0,0,0,0,0,0,0,no mains / natural or DC,2
0,0,1,980,-1.021454512161626,0.1759086886196478,-0.02240058595538194,9.154285714285715,-18.097142857142856,-13.097142857142858,0,0,0,0,0,0,0,0,0,0,0,no mains / natural or DC,2
0,0,1,990,-0.8941923276467177,0.1098055970946379,-0.018433179723502304,8.605714285714285,-17.057142857142857,-16.48,0,0,0,0,0,0,0,0,0,0,0,no mains / natural or DC,2
0,0,2,0,-0.8941923276467177,0.1098055970946379,-0.018433179723502304,8.605714285714285,-17.057142857142857,-16.48,0,0,0,0,0,0,0,0,0,0,0,no mains / natural or DC,2
0,0,2,10,-1.1680654316843166,-0.09149449140903958,0.1693777275917844,7.788571428571428,-27.045714285714286,-22.645714285714284,0,0,0,0,0,0,0,0,0,0,0,no mains / natural or DC,2
0,0,2,20,-1.1680654316843166,-0.09149449140903958,0.1693777275917844,7.788571428571428,-27.045714285714286,-22.645714285714284,0,0,0,0,0,0,0,0,0,0,0,no mains / natural or DC,2
0,0,2,30,-1.1909543137913143,-0.43195898312326425,0.3310037537766655,5.114285714285714,-31.354285714285716,-35.142857142857146,0,0,0,0,0,0,0,0,0,0,0,no mains / natural or DC,2
0,0,2,40,-1.1909543137913143,-0.43195898312326425,0.3310037537766655,0.5942857142857143,-38.31428571428572,-45.177142857142854,0,0,0,0,0,0,0,0,0,0,0,no mains / natural or DC,2
0,0,2,50,-1.3090609454634237,-0.5311441389202551,0.36829737235633414,0.5942857142857143,-38.31428571428572,-45.177142857142854,0,0,0,0,0,0,0,0,0,0,0,no mains / natural or DC,2
0,0,2,60,-1.3090609454634237,-0.5311441389202551,0.36829737235633414,-1.5942857142857143,-32.05142857142857,-34.48571428571429,0,0,0,0,0,0,0,0,0,0,0,no mains / natural or DC,2
0,0,2,70,-1.4589068269905698,-0.48573259681997133,0.3938108462782678,-1.5942857142857143,-32.05142857142857,-34.48571428571429,0,0,0,0,0,0,0,0,0,0,0,no mains / natural or DC,2
0,0,2,80,-1.4468214972380748,-0.5072176274910734,0.40266121402630695,-0.1657142857142857,-12.531428571428572,-14.697142857142858,0,0,0,0,0,0,0,0,0,0,0,no mains / natural or DC,2
0,0,2,90,-1.4468214972380748,-0.5072176274910734,0.40266121402630695,-0.1657142857142857,-12.531428571428572,-14.697142857142858,0,0,0,0,0,0,0,0,0,0,0,no mains / natural or DC,2
0,0,2,100,-1.2848902859584337,-0.42756431775872067,0.37049470503860593,2.0228571428571427,0.32571428571428573,1.6285714285714286,0,0,0,0,0,0,0,0,0,0,0,no mains / natural or DC,2
0,0,2,110,-1.2848902859584337,-0.42756431775872067,0.37049470503860593,2.0228571428571427,0.32571428571428573,1.6285714285714286,0,0,0,0,0,0,0,0,0,0,0,no mains / natural or DC,2
0,0,2,120,-1.2316660054322948,-0.3100070192571795,0.3282570879238258,3.9885714285714284,5.148571428571429,16.548571428571428,0,0,0,0,0,0,0,0,0,0,0,no mains / natural or DC,2
0,0,2,130,-1.2316660054322948,-0.3100070192571795,0.3282570879238258,3.9885714285714284,5.148571428571429,16.548571428571428,0,0,0,0,0,0,0,0,0,0,0,no mains / natural or DC,2
0,0,2,140,-1.152012695699942,-0.20160527359843744,0.2758262886440626,4.925714285714285,5.48,26.94857142857143,0,0,0,0,0,0,0,0,0,0,0,no mains / natural or DC,2
0,0,2,150,-1.152012695699942,-0.20160527359843744,0.2758262886440626,4.925714285714285,5.48,26.94857142857143,0,0,0,0,0,0,0,0,0,0,0,no mains / natural or DC,2
0,0,2,160,-1.0906094546342358,-0.09582811975463118,0.2162541581469161,6.045714285714285,4.411428571428571,31.81142857142857,0,0,0,0,0,0,0,0,0,0,0,no mains / natural or DC,2
0,0,2,170,-1.0906094546342358,-0.09582811975463118,0.2162541581469161,6.045714285714285,4.411428571428571,31.81142857142857,0,0,0,0,0,0,0,0,0,0,0,no mains / natural or DC,2
0,0,2,180,-1.0291451765495774,-0.015625476851710562,0.17957090975676748,7.48,3.9485714285714284,33.08,0,0,0,0,0,0,0,0,0,0,0,no mains / natural or DC,2
0,0,2,190,-1.0291451765495774,-0.015625476851710562,0.17957090975676748,7.48,3.9485714285714284,33.08,0,0,0,0,0,0,0,0,0,0,0,no mains / natural or DC,2
0,0,2,200,-0.9396649067659536,0.03405865657521287,0.15204321420941802,8.72,5.554285714285714,32.674285714285716,0,0,0,0,0,0,0,0,0,0,0,no mains / natural or DC,2
0,0,2,210,-0.858546708578753,0.07361064485610523,0.13080233161412397,9.005714285714285,7.268571428571429,31.68,0,0,0,0,0,0,0,0,0,0,0,no mains / natural or DC,2
0,0,2,220,-0.858546708578753,0.07361064485610523,0.13080233161412397,9.005714285714285,7.268571428571429,31.68,0,0,0,0,0,0,0,0,0,0,0,no mains / natural or DC,2
0,0,2,230,-0.7772453993346965,0.10284737693411054,0.11743522446363719,8.182857142857143,9.285714285714286,30.582857142857144,0,0,0,0,0,0,0,0,0,0,0,no mains / natural or DC,2
0,0,2,240,-0.7772453993346965,0.10284737693411054,0.11743522446363719,8.182857142857143,9.285714285714286,30.582857142857144,0,0,0,0,0,0,0,0,0,0,0,no mains / natural or DC,2
0,0,2,250,-0.7144993438520463,0.13245033112582782,0.10266426587725455,6.577142857142857,11.211428571428572,29.24,0,0,0,0,0,0,0,0,0,0,0,no mains / natural or DC,2
0,0,2,260,-0.7144993438520463,0.13245033112582782,0.10266426587725455,6.577142857142857,11.211428571428572,29.24,0,0,0,0,0,0,0,0,0,0,0,no mains / natural or DC,2
0,0,2,270,-0.6692098757896664,0.15155491805780205,0.08886989959410382,4.8,13.114285714285714,26.86285714285714,0,0,0,0,0,0,0,0,0,0,0,no mains / natural or DC,2
0,0,2,280,-0.6692098757896664,0.15155491805780205,0.08886989959410382,4.8,13.114285714285714,26.86285714285714,0,0,0,0,0,0,0,0,0,0,0,no mains / natural or DC,2
0,0,2,290,-0.609149449140904,0.1608935819574572,0.0739768669698172,3.005714285714286,15.354285714285714,23.194285714285716,0,0,0,0,0,0,0,0,0,0,0,no mains / natural or DC,2
0,0,2,300,-0.609149449140904,0.1608935819574572,0.0739768669698172,3.005714285714286,15.354285714285714,23.194285714285716,0,0,0,0,0,0,0,0,0,0,0,no mains / natural or DC,2
0,0,2,310,-0.575273903622547,0.1707815790276803,0.05554368724631489,1.3942857142857144,17.0,18.502857142857142,0,0,0,0,0,0,0,0,0,0,0,no mains / natural or DC,2
0,0,2,320,-0.575273903622547,0.1707815790276803,0.05554368724631489,1.3942857142857144,17.0,18.502857142857142,0,0,0,0,0,0,0,0,0,0,0,no mains / natural or DC,2
0,0,2,330,-0.608966338084048,0.18604083376567887,0.0456556901760918,-0.11428571428571428,16.845714285714287,13.285714285714286,0,0,0,0,0,0,0,0,0,0,0,no mains / natural or DC,2
0,0,2,340,-0.608966338084048,0.18604083376567887,0.0456556901760918,-1.84,16.394285714285715,7.742857142857143,0,0,0,0,0,0,0,0,0,0,0,no mains / natural or DC,3
0,0,2,350,-0.6267891476180303,0.19098483230079044,0.03888058107242042,-1.84,16.394285714285715,7.742857142857143,0,0,0,0,0,0,0,0,0,0,0,no mains / natural or DC,3
0,0,2,360,-0.6442457350383007,0.2022766808069094,0.02850428785058138,-3.6857142857142855,15.062857142857142,2.0228571428571427,0,0,0,0,0,0,0,0,0,0,0,no mains / natural or DC,3
0,0,2,370,-0.6442457350383007,0.2022766808069094,0.02850428785058138,-3.6857142857142855,15.062857142857142,2.0228571428571427,0,0,0,0,0,0,0,0,0,0,0,no mains / natural or DC,3
0,0,2,380,-0.6717123935666982,0.20386364329966125,0.022156437879573963,-5.605714285714286,13.057142857142857,-3.2457142857142856,0,0,0,0,0,0,0,0,0,0,0,no mains / natural or DC,3
0,0,2,390,-0.6717123935666982,0.20386364329966125,0.022156437879573963,-5.605714285714286,13.057142857142857,-3.2457142857142856,0,0,0,0,0,0,0,0,0,0,0,no mains / natural or DC,3
0,0,2,400,-0.7349467452009644,0.2140568254646443,0.015076143681142613,-7.628571428571429,10.994285714285715,-8.314285714285715,0,0,0,0,0,0,0,0,0,0,0,no mains / natural or DC,3
0,0,2,410,-0.7349467452009644,0.2140568254646443,0.015076143681142613,-7.628571428571429,10.994285714285715,-8.314285714285715,0,0,0,0,0,0,0,0,0,0,0,no mains / natural or DC,3
0,0,2,420,-0.8178350169377727,0.2272408215582751,0.011047700430310984,-9.502857142857144,9.268571428571429,-13.045714285714286,0,0,0,0,0,0,0,0,0,0,0,no mains / natural or DC,3
0,0,2,430,-0.8178350169377727,0.2272408215582751,0.011047700430310984,-9.502857142857144,9.268571428571429,-13.045714285714286,0,0,0,0,0,0,0,0,0,0,0,no mains / natural or DC,3
0,0,2,440,-0.9148838770714438,0.24396496475112156,0.01293984801782281,-10.98857142857143,7.994285714285715,-17.314285714285713,0,0,0,0,0,0,0,0,0,0,0,no mains / natural or DC,3
0,0,2,450,-0.9148838770714438,0.24396496475112156,0.01293984801782281,-10.98857142857143,7.994285714285715,-17.314285714285713,0,0,0,0,0,0,0,0,0,0,0,no mains / natural or DC,3
0,0,2,460,-0.9903256324961089,0.24958037049470505,0.029541917172765282,-12.177142857142858,6.548571428571429,-20.902857142857144,0,0,0,0,0,0,0,0,0,0,0,no mains / natural or DC,3
0,0,2,470,-0.9903256324961089,0.24958037049470505,0.029541917172765282,-13.64,4.405714285714286,-23.571428571428573,0,0,0,0,0,0,0,0,0,0,0,no mains / natural or DC,3
0,0,2,480,-0.9993591113010041,0.23584704123050632,0.053529465620899074,-13.417142857142856,4.405714285714286,-23.571428571428573,0,0,0,0,0,0,0,0,0,0,0,no mains / natural or DC,3
0,0,2,490,-0.9803155613879818,0.20960112308114873,0.07342753379924924,-14.982857142857142,0.92,-25.794285714285714,0,0,0,0,0,0,0,0,0,0,0,no mains / natural or DC,3
0,0,2,500,-0.9803155613879818,0.20960112308114873,0.07342753379924924,-14.982857142857142,0.92,-25.794285714285714,0,0,0,0,0,0,0,0,0,0,0,no mains / natural or DC,3
0,0,2,510,-0.9967345194860683,0.1782891323587756,0.06677449873348186,-16.30857142857143,-2.7485714285714287,-28.302857142857142,0,0,0,0,0,0,0,0,0,0,0,no mains / natural or DC,3
0,0,2,520,-0.9967345194860683,0.1782891323587756,0.06677449873348186,-16.30857142857143,-2.7485714285714287,-28.302857142857142,0,0,0,0,0,0,0,0,0,0,0,no mains / natural or DC,3
0,0,2,530,-1.56419568468276,0.24817651905880916,0.07031464583269753,-15.771428571428572,-8.548571428571428,-30.84,0,0,0,0,0,0,0,0,0,0,0,no mains / natural or DC,3
0,0,2,540,-1.56419568468276,0.24817651905880916,0.07031464583269753,-15.771428571428572,-8.548571428571428,-30.84,0,0,0,0,0,0,0,0,0,0,0,no mains / natural or DC,3
0,0,2,550,-1.0728476821192052,0.12103640858180487,0.07422101504562517,-17.14857142857143,-2.297142857142857,-33.57142857142857,0,0,0,0,0,0,0,0,0,0,0,no mains / natural or DC,3
0,0,2,560,-1.0728476821192052,0.12103640858180487,0.07422101504562517,-17.14857142857143,-2.297142857142857,-33.57142857142857,0,0,0,0,0,0,0,0,0,0,0,no mains / natural or DC,3
0,0,2,570,-0.9266029847102267,0.0642109439374981,-0.10242011780144658,-17.16,0.96,-35.817142857142855,0,0,0,0,0,0,0,0,0,0,0,no mains / natural or DC,3
0,0,2,580,-0.9266029847102267,0.0642109439374981,-0.10242011780144658,-17.16,0.96,-35.817142857142855,0,0,0,0,0,0,0,0,0,0,0,no mains / natural or DC,3
0,0,2,590,-1.2784813989684745,-0.1295205542161321,-0.13995788445692312,-14.771428571428572,-1.6228571428571428,-44.565714285714286,0,0,0,0,0,0,0,0,0,0,0,no mains / natural or DC,3
0,0,2,600,-1.2784813989684745,-0.1295205542161321,-0.13995788445692312,-14.771428571428572,-1.6228571428571428,-44.565714285714286,0,0,0,0,0,0,0,0,0,0,0,no mains / natural or DC,3
0,0,2,610,-1.17429120761742,-0.3891109958189642,-0.1391033661915952,-12.491428571428571,7.085714285714285,-59.26285714285714,0,0,0,0,0,0,0,0,0,0,0,no mains / natural or DC,3
0,0,2,620,-1.205542161320841,-0.42988372447889645,-0.19806512649922178,-12.965714285714286,1.9885714285714287,-66.26285714285714,0,0,0,0,0,0,0,0,0,0,0,no mains / natural or DC,3
0,0,2,630,-1.2034058656575213,-0.42988372447889645,-0.19806512649922178,-12.965714285714286,1.9885714285714287,-66.26285714285714,0,0,0,0,0,0,0,0,0,0,0,no mains / natural or DC,3
0,0,2,640,-1.303506576738792,-0.4735862300485244,-0.21124912259285256,-14.588571428571429,-10.274285714285714,-53.61714285714286,0,0,0,0,0,0,0,0,0,0,0,no mains / natural or DC,3
0,0,2,650,-1.303506576738792,-0.4735862300485244,-0.21124912259285256,-14.588571428571429,-10.274285714285714,-53.61714285714286,0,0,0,0,0,0,0,0,0,0,0,no mains / natural or DC,3
0,0,2,660,-1.3833429975280007,-0.5103915524765771,-0.19525742362743004,-15.342857142857143,-11.817142857142857,-31.485714285714284,0,0,0,0,0,0,0,0,0,0,0,no mains / natural or DC,3
0,0,2,670,-1.3833429975280007,-0.5103915524765771,-0.19525742362743004,-15.342857142857143,-11.817142857142857,-31.485714285714284,0,0,0,0,0,0,0,0,0,0,0,no mains / natural or DC,3
0,0,2,680,-1.3182164983062228,-0.467421491134373,-0.18140202032532732,-14.862857142857143,-9.08,-12.845714285714285,0,0,0,0,0,0,0,0,0,0,0,no mains / natural or DC,3
0,0,2,690,-1.3182164983062228,-0.467421491134373,-0.18140202032532732,-14.862857142857143,-9.08,-12.845714285714285,0,0,0,0,0,0,0,0,0,0,0,no mains / natural or DC,3
0,0,2,700,-1.2418591875972778,-0.43317972350230416,-0.1554002502517777,-12.902857142857142,-4.851428571428571,2.085714285714286,0,0,0,0,0,0,0,0,0,0,0,no mains / natural or DC,3
0,0,2,710,-1.2418591875972778,-0.43317972350230416,-0.1554002502517777,-12.902857142857142,-4.851428571428571,2.085714285714286,0,0,0,0,0,0,0,0,0,0,0,no mains / natural or DC,3
0,0,2,720,-1.1323587755973998,-0.3960692159794916,-0.10534989471114231,-11.4,-2.2114285714285713,11.028571428571428,0,0,0,0,0,0,0,0,0,0,0,no mains / natural or DC,3
0,0,2,730,-1.1323587755973998,-0.3960692159794916,-0.10534989471114231,-11.4,-2.2114285714285713,11.028571428571428,0,0,0,0,0,0,0,0,0,0,0,no mains / natural or DC,3
0,0,2,740,-1.0037537766655475,-0.3274636066774499,-0.06659138767662587,-10.942857142857143,-3.662857142857143,15.6,0,0,0,0,0,0,0,0,0,0,0,no mains / natural or DC,3
0,0,2,750,-1.0037537766655475,-0.3274636066774499,-0.06659138767662587,-10.491428571428571,-6.937142857142857,19.771428571428572,0,0,0,0,0,0,0,0,0,0,0,no mains / natural or DC,3
0,0,2,760,-0.8892483291116062,-0.2303537095248268,-0.05444502090517899,-10.491428571428571,-6.937142857142857,19.771428571428572,0,0,0,0,0,0,0,0,0,0,0,no mains / natural or DC,3
0,0,2,770,-0.7897579882198553,-0.13885921811578722,-0.04943998535111545,-8.942857142857143,-8.44,25.10857142857143,0,0,0,0,0,0,0,0,0,0,0,no mains / natural or DC,3
0,0,2,780,-0.7897579882198553,-0.13885921811578722,-0.04943998535111545,-8.942857142857143,-8.44,25.10857142857143,0,0,0,0,0,0,0,0,0,0,0,no mains / natural or DC,3
0,0,2,790,-0.6919156468398083,-0.0717184972685934,-0.05023346659749138,-6.171428571428572,-7.005714285714285,30.86857142857143,0,0,0,0,0,0,0,0,0,0,0,no mains / natural or DC,3
0,0,2,800,-0.6919156468398083,-0.0717184972685934,-0.05023346659749138,-6.171428571428572,-7.005714285714285,30.86857142857143,0,0,0,0,0,0,0,0,0,0,0,no mains / natural or DC,3
0,0,2,810,-0.6275826288644063,-0.023316141239661855,-0.04522843104342784,-3.0742857142857143,-5.062857142857143,35.51428571428571,0,0,0,0,0,0,0,0,0,0,0,no mains / natural or DC,3
0,0,2,820,-0.6275826288644063,-0.023316141239661855,-0.04522843104342784,-3.0742857142857143,-5.062857142857143,35.51428571428571,0,0,0,0,0,0,0,0,0,0,0,no mains / natural or DC,3
0,0,2,830,-0.5703299050874355,0.006469924008911405,-0.040345469527268286,-0.4685714285714286,-3.4,38.48,0,0,0,0,0,0,0,0,0,0,0,no mains / natural or DC,3
0,0,2,840,-0.5703299050874355,0.006469924008911405,-0.040345469527268286,-0.4685714285714286,-3.4,38.48,0,0,0,0,0,0,0,0,0,0,0,no mains / natural or DC,3
0,0,2,850,-0.5332193975646229,0.03558458204901273,-0.04596087527085177,1.4514285714285715,-2.611428571428571,39.331428571428575,0,0,0,0,0,0,0,0,0,0,0,no mains / natural or DC,3
0,0,2,860,-0.5332193975646229,0.03558458204901273,-0.04596087527085177,1.4514285714285715,-2.611428571428571,39.331428571428575,0,0,0,0,0,0,0,0,0,0,0,no mains / natural or DC,3
0,0,2,870,-0.5791192358165227,0.07678456984160893,-0.05279702139347514,2.9771428571428573,-2.777142857142857,38.462857142857146,0,0,0,0,0,0,0,0,0,0,0,no mains / natural or DC,3
0,0,2,880,-0.5791192358165227,0.07678456984160893,-0.05279702139347514,2.9771428571428573,-2.777142857142857,35.87428571428571,0,0,0,0,0,0,0,0,0,0,0,no mains / natural or DC,3
0,0,2,890,-0.6266060365611743,0.11291848506118961,-0.060060426648762474,4.468571428571429,-2.16,35.87428571428571,0,0,0,0,0,0,0,0,0,0,0,no mains / natural or DC,3
0,0,2,900,-0.6680501724295785,0.1491134372997223,-0.07269508957182531,6.005714285714285,-1.262857142857143,31.645714285714284,0,0,0,0,0,0,0,0,0,0,0,no mains / natural or DC,3
0,0,2,910,-0.6680501724295785,0.1491134372997223,-0.07269508957182531,6.005714285714285,-1.262857142857143,31.645714285714284,0,0,0,0,0,0,0,0,0,0,0,no mains / natural or DC,3
0,0,2,920,-0.7190160832544938,0.18140202032532732,-0.08038575395977661,7.468571428571429,-1.217142857142857,26.222857142857144,0,0,0,0,0,0,0,0,0,0,0,no mains / natural or DC,4
0,0,2,930,-0.7190160832544938,0.18140202032532732,-0.08038575395977661,7.468571428571429,-1.217142857142857,26.222857142857144,0,0,0,0,0,0,0,0,0,0,0,no mains / natural or DC,4
0,0,2,940,-0.7702261421552171,0.20599993896298105,-0.08777123325296793,8.628571428571428,-2.2685714285714287,20.14857142857143,0,0,0,0,0,0,0,0,0,0,0,no mains / natural or DC,4
0,0,2,950,-0.7702261421552171,0.20599993896298105,-0.08777123325296793,8.628571428571428,-2.2685714285714287,20.14857142857143,0,0,0,0,0,0,0,0,0,0,0,no mains / natural or DC,4
0,0,2,960,-0.8292489394817957,0.22583697012237922,-0.09717093417157506,9.394285714285715,-4.348571428571429,13.811428571428571,0,0,0,0,0,0,0,0,0,0,0,no mains / natural or DC,4
0,0,2,970,-0.8292489394817957,0.22583697012237922,-0.09717093417157506,9.394285714285715,-4.348571428571429,13.811428571428571,0,0,0,0,0,0,0,0,0,0,0,no mains / natural or DC,4
0,0,2,980,-0.8711813715018158,0.23792229987487412,-0.10388500625629445,9.714285714285714,-6.217142857142857,7.914285714285715,0,0,0,0,0,0,0,0,0,0,0,no mains / natural or DC,4
0,0,2,990,-0.8711813715018158,0.23792229987487412,-0.10388500625629445,9.714285714285714,-6.217142857142857,7.914285714285715,0,0,0,0,0,0,0,0,0,0,0,no mains / natural or DC,4
0,0,3,0,-0.9289223914304026,0.2555009613330485,-0.11481063264870144,9.817142857142857,-7.725714285714286,2.6,0,0,0,0,0,0,0,0,0,0,0,no mains / natural or DC,4
0,0,3,10,-0.9289223914304026,0.2555009613330485,-0.11481063264870144,9.817142857142857,-7.725714285714286,2.6,0,0,0,0,0,0,0,0,0,0,0,no mains / natural or DC,4
0,0,3,20,-0.9772637104403821,0.27832880642109437,-0.12524796288949247,9.902857142857142,-8.257142857142858,-1.5714285714285714,0,0,0,0,0,0,0,0,0,0,0,no mains / natural or DC,4
0,0,3,30,-0.9772637104403821,0.27832880642109437,-0.1325724051637318,9.925714285714285,-7.982857142857143,-3.9828571428571427,0,0,0,0,0,0,0,0,0,0,0,no mains / natural or DC,4
0,0,3,40,-1.011932737205115,0.29523606067079683,-0.1325724051637318,9.925714285714285,-7.982857142857143,-3.9828571428571427,0,0,0,0,0,0,0,0,0,0,0,no mains / natural or DC,4
0,0,3,50,-1.041962950529496,0.3002410962248604,-0.13122959074678792,9.771428571428572,-8.142857142857142,-5.234285714285714,0,0,0,0,0,0,0,0,0,0,0,no mains / natural or DC,4
0,0,3,60,-1.041962950529496,0.3002410962248604,-0.13122959074678792,9.771428571428572,-8.142857142857142,-5.234285714285714,0,0,0,0,0,0,0,0,0,0,0,no mains / natural or DC,4
0,0,3,70,-1.0298776207770013,0.2799768059327982,-0.12567522202215645,9.588571428571429,-8.662857142857144,-7.137142857142857,0,0,0,0,0,0,0,0,0,0,0,no mains / natural or DC,4
0,0,3,80,-1.0298776207770013,0.2799768059327982,-0.12567522202215645,9.588571428571429,-8.662857142857144,-7.137142857142857,0,0,0,0,0,0,0,0,0,0,0,no mains / natural or DC,4
0,0,3,90,-0.9831843012787256,0.24500259407330546,-0.11151463362529374,9.548571428571428,-9.605714285714285,-10.782857142857143,0,0,0,0,0,0,0,0,0,0,0,no mains / natural or DC,4
0,0,3,100,-0.9831843012787256,0.24500259407330546,-0.11151463362529374,9.548571428571428,-9.605714285714285,-10.782857142857143,0,0,0,0,0,0,0,0,0,0,0,no mains / natural or DC,4
0,0,3,110,-0.9502243110446486,0.20380260628070926,-0.09851374858851894,9.82857142857143,-11.177142857142858,-15.982857142857142,0,0,0,0,0,0,0,0,0,0,0,no mains / natural or DC,4
0,0,3,120,-0.9502243110446486,0.20380260628070926,-0.09851374858851894,9.82857142857143,-11.177142857142858,-15.982857142857142,0,0,0,0,0,0,0,0,0,0,0,no mains / natural or DC,4
0,0,3,130,-1.60917996765038,0.29725028229621264,-0.06109805597094638,11.72,-17.451428571428572,-20.411428571428573,0,0,0,0,0,0,0,0,0,0,0,no mains / natural or DC,4
0,0,3,140,-1.60917996765038,0.29725028229621264,-0.06109805597094638,11.72,-17.451428571428572,-20.411428571428573,0,0,0,0,0,0,0,0,0,0,0,no mains / natural or DC,4
0,0,3,150,-1.0395214697714164,0.1585741752372814,0.02240058595538194,12.331428571428571,-9.622857142857143,-23.64,0,0,0,0,0,0,0,0,0,0,0,no mains / natural or DC,4
0,0,3,160,-1.0395214697714164,0.1585741752372814,0.02240058595538194,13.794285714285714,-7.474285714285714,-27.82857142857143,0,0,0,0,0,0,0,0,0,0,0,no mains / natural or DC,4
0,0,3,170,-0.7750480666524246,0.0913113803521836,0.029541917172765282,14.377142857142857,-7.474285714285714,-27.82857142857143,0,0,0,0,0,0,0,0,0,0,0,no mains / natural or DC,4
0,0,3,180,-0.902371288186285,-0.15698721274452956,0.23517563402203437,15.611428571428572,-21.434285714285714,-37.857142857142854,0,0,0,0,0,0,0,0,0,0,0,no mains / natural or DC,4
0,0,3,190,-0.902371288186285,-0.15698721274452956,0.23517563402203437,15.611428571428572,-21.434285714285714,-37.857142857142854,0,0,0,0,0,0,0,0,0,0,0,no mains / natural or DC,4
0,0,3,200,-1.1120944853053376,-0.3891720328379162,0.35169530320139164,13.725714285714286,-31.771428571428572,-49.394285714285715,0,0,0,0,0,0,0,0,0,0,0,no mains / natural or DC,4
0,0,3,210,-1.1120944853053376,-0.3891720328379162,0.35169530320139164,13.725714285714286,-31.771428571428572,-49.394285714285715,0,0,0,0,0,0,0,0,0,0,0,no mains / natural or DC,4
0,0,3,220,-1.4157536545915097,-0.45576342051454205,0.40913113803521833,10.142857142857142,-38.29142857142857,-53.42857142857143,0,0,0,0,0,0,0,0,0,0,0,no mains / natural or DC,4
0,0,3,230,-1.4157536545915097,-0.45576342051454205,0.40913113803521833,10.142857142857142,-38.29142857142857,-53.42857142857143,0,0,0,0,0,0,0,0,0,0,0,no mains / natural or DC,4
0,0,3,240,-1.477156895657216,-0.5307779168065432,0.47834711752678,8.82857142857143,-27.34285714285714,-44.04571428571428,0,0,0,0,0,0,0,0,0,0,0,no mains / natural or DC,4
0,0,3,250,-1.477156895657216,-0.5307779168065432,0.47834711752678,8.82857142857143,-27.34285714285714,-44.04571428571428,0,0,0,0,0,0,0,0,0,0,0,no mains / natural or DC,4
0,0,3,260,-1.4602496414075137,-0.5351115451521348,0.4833521530808435,9.485714285714286,-11.348571428571429,-28.02285714285714,0,0,0,0,0,0,0,0,0,0,0,no mains / natural or DC,4
0,0,3,270,-1.4602496414075137,-0.5351115451521348,0.4833521530808435,9.485714285714286,-11.348571428571429,-28.02285714285714,0,0,0,0,0,0,0,0,0,0,0,no mains / natural or DC,4
0,0,3,280,-1.3995178075502792,-0.4789574877162999,0.4768211920529801,9.645714285714286,-0.6,-10.497142857142856,0,0,0,0,0,0,0,0,0,0,0,no mains / natural or DC,4
0,0,3,290,-1.3995178075502792,-0.4789574877162999,0.4768211920529801,9.645714285714286,-0.6,-10.497142857142856,0,0,0,0,0,0,0,0,0,0,0,no mains / natural or DC,4
0,0,3,300,-1.2471694082461013,-0.4106570635090182,0.4270760216071047,8.262857142857143,7.28,5.937142857142857,0,0,0,0,0,0,0,0,0,0,0,no mains / natural or DC,4
0,0,3,310,-1.1690420239875485,-0.31476790673543503,0.3665272988067263,6.057142857142857,9.794285714285714,17.754285714285714,0,0,0,0,0,0,0,0,0,0,0,no mains / natural or DC,4
0,0,3,320,-1.1669057283242286,-0.31476790673543503,0.3665272988067263,6.057142857142857,9.794285714285714,17.754285714285714,0,0,0,0,0,0,0,0,0,0,0,no mains / natural or DC,4
0,0,3,330,-1.1045869319742423,-0.20599993896298105,0.29291665395062105,4.388571428571429,12.90857142857143,24.805714285714284,0,0,0,0,0,0,0,0,0,0,0,no mains / natural or DC,4
0,0,3,340,-1.1045869319742423,-0.20599993896298105,0.29291665395062105,4.388571428571429,12.90857142857143,24.805714285714284,0,0,0,0,0,0,0,0,0,0,0,no mains / natural or DC,4
0,0,3,350,-1.0054628131962036,-0.11670278023621326,0.22742393261513108,3.84,17.708571428571428,28.62857142857143,0,0,0,0,0,0,0,0,0,0,0,no mains / natural or DC,4
0,0,3,360,-1.0054628131962036,-0.11670278023621326,0.22742393261513108,3.84,17.708571428571428,28.62857142857143,0,0,0,0,0,0,0,0,0,0,0,no mains / natural or DC,4
0,0,3,370,-0.8662373729667043,-0.054322946867275,0.17047639393292033,3.8971428571428572,23.142857142857142,31.142857142857142,0,0,0,0,0,0,0,0,0,0,0,no mains / natural or DC,4
0,0,3,380,-0.8662373729667043,-0.054322946867275,0.17047639393292033,3.8971428571428572,23.142857142857142,31.142857142857142,0,0,0,0,0,0,0,0,0,0,0,no mains / natural or DC,4
0,0,3,390,-0.7419660023804437,-0.01239051484725486,0.12353892635883663,3.657142857142857,27.08,33.37714285714286,0,0,0,0,0,0,0,0,0,0,0,no mains / natural or DC,4
0,0,3,400,-0.7419660023804437,-0.01239051484725486,0.12353892635883663,3.657142857142857,27.08,33.37714285714286,0,0,0,0,0,0,0,0,0,0,0,no mains / natural or DC,4
0,0,3,410,-0.6479689931943724,0.023743400372325814,0.09155552842799158,2.7885714285714287,29.08,34.45142857142857,0,0,0,0,0,0,0,0,0,0,0,no mains / natural or DC,4
0,0,3,420,-0.6479689931943724,0.023743400372325814,0.09155552842799158,2.7885714285714287,29.08,34.45142857142857,0,0,0,0,0,0,0,0,0,0,0,no mains / natural or DC,4
0,0,3,430,-0.5782036805322428,0.06567583239234595,0.06616412854396192,1.4628571428571429,29.451428571428572,34.40571428571428,0,0,0,0,0,0,0,0,0,0,0,no mains / natural or DC,4
0,0,3,440,-0.5782036805322428,0.06567583239234595,0.06616412854396192,0.13714285714285715,28.725714285714286,33.05714285714286,0,0,0,0,0,0,0,0,0,0,0,no mains / natural or DC,4
0,0,3,450,-0.5402386547441023,0.09802545243690299,0.04107791375469222,0.13714285714285715,28.725714285714286,33.05714285714286,0,0,0,0,0,0,0,0,0,0,0,no mains / natural or DC,4
0,0,3,460,-0.5525681325724051,0.12897122104556413,0.016418958098086488,-0.7828571428571428,26.794285714285714,29.782857142857143,0,0,0,0,0,0,0,0,0,0,0,no mains / natural or DC,4
0,0,3,470,-0.5525681325724051,0.12897122104556413,0.016418958098086488,-0.7828571428571428,26.794285714285714,29.782857142857143,0,0,0,0,0,0,0,0,0,0,0,no mains / natural or DC,4
0,0,3,480,-0.5845515305032503,0.1564378795739616,0.001586962492751854,-1.2114285714285715,24.86857142857143,24.565714285714286,0,0,0,0,0,0,0,0,0,0,0,no mains / natural or DC,4
0,0,3,490,-0.5845515305032503,0.1564378795739616,0.001586962492751854,-1.2114285714285715,24.86857142857143,24.565714285714286,0,0,0,0,0,0,0,0,0,0,0,no mains / natural or DC,4
0,0,3,500,-0.6114078188421278,0.18335520493179114,-0.017395550401318398,-1.4628571428571429,23.16,18.12,0,0,0,0,0,0,0,0,0,0,0,no mains / natural or DC,4
0,0,3,510,-0.6114078188421278,0.18335520493179114,-0.017395550401318398,-1.4628571428571429,23.16,18.12,0,0,0,0,0,0,0,0,0,0,0,no mains / natural or DC,5
0,0,3,520,-0.673116245002594,0.22040467543565173,-0.03918576616718039,-1.5771428571428572,20.6,11.354285714285714,0,0,0,0,0,0,0,0,0,0,0,no mains / natural or DC,5
0,0,3,530,-0.673116245002594,0.22040467543565173,-0.03918576616718039,-1.5771428571428572,20.6,11.354285714285714,0,0,0,0,0,0,0,0,0,0,0,no mains / natural or DC,5
0,0,3,540,-0.7458723715933714,0.24304940946684164,-0.04913480025635548,-1.6571428571428573,17.765714285714285,5.0685714285714285,0,0,0,0,0,0,0,0,0,0,0,no mains / natural or DC,5
0,0,3,550,-0.7458723715933714,0.24304940946684164,-0.04913480025635548,-1.6571428571428573,17.765714285714285,5.0685714285714285,0,0,0,0,0,0,0,0,0,0,0,no mains / natural or DC,5
0,0,3,560,-0.7987914670247505,0.2584917752616962,-0.059389019440290534,-2.0114285714285716,14.662857142857144,-0.6971428571428572,0,0,0,0,0,0,0,0,0,0,0,no mains / natural or DC,5
0,0,3,570,-0.7987914670247505,0.2584917752616962,-0.059389019440290534,-2.0114285714285716,10.274285714285714,-5.84,0,0,0,0,0,0,0,0,0,0,0,no mains / natural or DC,5
0,0,3,580,-0.8321787163914914,0.25476851710562454,-0.05932798242133854,-2.702857142857143,10.942857142857143,-5.84,0,0,0,0,0,0,0,0,0,0,0,no mains / natural or DC,5
0,0,3,590,-0.8897976622821742,0.26429029206213567,-0.05340739158299509,-3.5085714285714285,7.44,-10.662857142857144,0,0,0,0,0,0,0,0,0,0,0,no mains / natural or DC,5
0,0,3,600,-0.8897976622821742,0.26429029206213567,-0.05340739158299509,-3.5085714285714285,7.44,-10.662857142857144,0,0,0,0,0,0,0,0,0,0,0,no mains / natural or DC,5
0,0,3,610,-0.9194616534928434,0.26502273628955964,-0.04113895077364421,-4.542857142857143,4.2057142857142855,-14.514285714285714,0,0,0,0,0,0,0,0,0,0,0,no mains / natural or DC,5
0,0,3,620,-0.9194616534928434,0.26502273628955964,-0.04113895077364421,-4.542857142857143,4.2057142857142855,-14.514285714285714,0,0,0,0,0,0,0,0,0,0,0,no mains / natural or DC,5
0,0,3,630,-1.000823999755852,0.2684408093508713,-0.023865474410229806,-5.908571428571428,0.22857142857142856,-17.228571428571428,0,0,0,0,0,0,0,0,0,0,0,no mains / natural or DC,5
0,0,3,640,-1.000823999755852,0.2684408093508713,-0.023865474410229806,-5.908571428571428,0.22857142857142856,-17.228571428571428,0,0,0,0,0,0,0,0,0,0,0,no mains / natural or DC,5
0,0,3,650,-1.0196844386120183,0.24427014984588152,-0.0003662221137119663,-7.64,-2.9485714285714284,-19.8,0,0,0,0,0,0,0,0,0,0,0,no mains / natural or DC,5
0,0,3,660,-1.0196844386120183,0.24427014984588152,-0.0003662221137119663,-7.64,-2.9485714285714284,-19.8,0,0,0,0,0,0,0,0,0,0,0,no mains / natural or DC,5
0,0,3,670,-0.9956358531449324,0.19202246162297434,0.018738364818262278,-9.622857142857143,-5.605714285714286,-23.86857142857143,0,0,0,0,0,0,0,0,0,0,0,no mains / natural or DC,5
0,0,3,680,-0.9956358531449324,0.19202246162297434,0.018738364818262278,-9.622857142857143,-5.605714285714286,-23.86857142857143,0,0,0,0,0,0,0,0,0,0,0,no mains / natural or DC,5
0,0,3,690,-1.3792535172582172,0.1999572740867336,-0.03326517532883694,-11.028571428571428,-10.257142857142858,-30.245714285714286,0,0,0,0,0,0,0,0,0,0,0,no mains / natural or DC,5
0,0,3,700,-1.3792535172582172,0.1999572740867336,-0.03326517532883694,-11.028571428571428,-10.257142857142858,-30.245714285714286,0,0,0,0,0,0,0,0,0,0,0,no mains / natural or DC,5
0,0,3,710,-1.3209631641590625,0.15491195410016176,0.0858790856654561,-12.811428571428571,-11.411428571428571,-36.01714285714286,0,0,0,0,0,0,0,0,0,0,0,no mains / natural or DC,5
0,0,3,720,-1.3209631641590625,0.15491195410016176,-0.12158574175237281,-14.125714285714286,-0.44571428571428573,-35.925714285714285,0,0,0,0,0,0,0,0,0,0,0,no mains / natural or DC,5
0,0,3,730,-0.7903683584093752,0.07782219916379284,-0.12158574175237281,-14.125714285714286,-0.44571428571428573,-35.925714285714285,0,0,0,0,0,0,0,0,0,0,0,no mains / natural or DC,5
0,0,3,740,-1.076815088351085,0.01599169896542253,-0.2164372692037721,-11.228571428571428,-7.6571428571428575,-36.65714285714286,0,0,0,0,0,0,0,0,0,0,0,no mains / natural or DC,5
0,0,3,750,-1.076815088351085,0.01599169896542253,-0.2164372692037721,-11.228571428571428,-7.6571428571428575,-36.65714285714286,0,0,0,0,0,0,0,0,0,0,0,no mains / natural or DC,5
0,0,3,760,-1.2020020142216254,-0.19397564622943816,-0.2097231971190527,-5.731428571428571,1.3885714285714286,-39.285714285714285,0,0,0,0,0,0,0,0,0,0,0,no mains / natural or DC,5
0,0,3,770,-1.2020020142216254,-0.19397564622943816,-0.2097231971190527,-5.731428571428571,1.3885714285714286,-39.285714285714285,0,0,0,0,0,0,0,0,0,0,0,no mains / natural or DC,5
0,0,3,780,-1.13022247993408,-0.31672109134189885,-0.23883785515915404,-1.2114285714285715,8.977142857142857,-44.37714285714286,0,0,0,0,0,0,0,0,0,0,0,no mains / natural or DC,5
0,0,3,790,-1.13022247993408,-0.31672109134189885,-0.23883785515915404,-1.2114285714285715,8.977142857142857,-44.37714285714286,0,0,0,0,0,0,0,0,0,0,0,no mains / natural or DC,5
0,0,3,800,-1.1359599597155674,-0.43842890713217564,-0.22370067445905942,0.2857142857142857,2.5485714285714285,-44.28,0,0,0,0,0,0,0,0,0,0,0,no mains / natural or DC,5
0,0,3,810,-1.1359599597155674,-0.43842890713217564,-0.22370067445905942,0.2857142857142857,2.5485714285714285,-44.28,0,0,0,0,0,0,0,0,0,0,0,no mains / natural or DC,5
0,0,3,820,-1.2070070497756888,-0.4813379314554277,-0.23548081911679433,-1.1885714285714286,-5.811428571428571,-35.777142857142856,0,0,0,0,0,0,0,0,0,0,0,no mains / natural or DC,5
0,0,3,830,-1.2070070497756888,-0.4813379314554277,-0.23548081911679433,-1.1885714285714286,-5.811428571428571,-35.777142857142856,0,0,0,0,0,0,0,0,0,0,0,no mains / natural or DC,5
0,0,3,840,-1.2883083590197455,-0.4717551194799646,-0.23798333689382611,-2.0514285714285716,-10.2,-23.428571428571427,0,0,0,0,0,0,0,0,0,0,0,no mains / natural or DC,5
0,0,3,850,-1.2883083590197455,-0.4717551194799646,-0.23798333689382611,-0.7771428571428571,-6.8342857142857145,-11.48,0,0,0,0,0,0,0,0,0,0,0,no mains / natural or DC,5
0,0,3,860,-1.2358775597399823,-0.48213141270180365,-0.22302926725058747,-0.7771428571428571,-6.8342857142857145,-11.48,0,0,0,0,0,0,0,0,0,0,0,no mains / natural or DC,5
0,0,3,870,-1.1785027619251076,-0.4663228247932371,-0.19574571977904598,0.7657142857142857,-3.9657142857142857,-2.2914285714285714,0,0,0,0,0,0,0,0,0,0,0,no mains / natural or DC,5
0,0,3,880,-1.1785027619251076,-0.4663228247932371,-0.19574571977904598,0.7657142857142857,-3.9657142857142857,-2.2914285714285714,0,0,0,0,0,0,0,0,0,0,0,no mains / natural or DC,5
0,0,3,890,-1.1259498886074404,-0.44373912778099917,-0.15417950987273782,1.2857142857142858,-3.7485714285714287,4.554285714285714,0,0,0,0,0,0,0,0,0,0,0,no mains / natural or DC,5
0,0,3,900,-1.1259498886074404,-0.44373912778099917,-0.15417950987273782,1.2857142857142858,-3.7485714285714287,4.554285714285714,0,0,0,0,0,0,0,0,0,0,0,no mains / natural or DC,5
0,0,3,910,-1.042268135624256,-0.3889278847621082,-0.13354899746696372,0.45714285714285713,-5.097142857142857,10.388571428571428,0,0,0,0,0,0,0,0,0,0,0,no mains / natural or DC,5
0,0,3,920,-1.042268135624256,-0.3889278847621082,-0.13354899746696372,0.45714285714285713,-5.097142857142857,10.388571428571428,0,0,0,0,0,0,0,0,0,0,0,no mains / natural or DC,5
0,0,3,930,-0.9714651936399427,-0.30567339091158785,-0.1183507797479171,-0.6742857142857143,-6.857142857142857,16.605714285714285,0,0,0,0,0,0,0,0,0,0,0,no mains / natural or DC,5
0,0,3,940,-0.9714651936399427,-0.30567339091158785,-0.1183507797479171,-0.6742857142857143,-6.857142857142857,16.605714285714285,0,0,0,0,0,0,0,0,0,0,0,no mains / natural or DC,5
0,0,3,950,-0.8725852229377117,-0.22687459944456312,-0.1119418927579577,-1.1142857142857143,-6.348571428571429,24.04,0,0,0,0,0,0,0,0,0,0,0,no mains / natural or DC,5
0,0,3,960,-0.8725852229377117,-0.22687459944456312,-0.1119418927579577,-1.1142857142857143,-6.348571428571429,24.04,0,0,0,0,0,0,0,0,0,0,0,no mains / natural or DC,5
0,0,3,970,-0.771080660420545,-0.1533249916074099,-0.10852381969664601,-0.6628571428571428,-4.771428571428571,30.97142857142857,0,0,0,0,0,0,0,0,0,0,0,no mains / natural or DC,5
0,0,3,980,-0.771080660420545,-0.1533249916074099,-0.10852381969664601,-0.6628571428571428,-4.771428571428571,30.97142857142857,0,0,0,0,0,0,0,0,0,0,0,no mains / natural or DC,5
0,0,3,990,-0.6917325357829524,-0.10095522934659872,-0.10309152500991851,0.36,-3.125714285714286,36.565714285714286,0,0,0,0,0,0,0,0,0,0,0,no mains / natural or DC,5
0,0,4,0,-0.6765953550828577,-0.04699850459303567,-0.1054109317300943,1.2285714285714286,-2.3314285714285714,40.462857142857146,0,0,0,0,0,0,0,0,0,0,0,no mains / natural or DC,5
0,0,4,10,-0.6765953550828577,-0.04699850459303567,-0.1054109317300943,1.2285714285714286,-2.3314285714285714,40.462857142857146,0,0,0,0,0,0,0,0,0,0,0,no mains / natural or DC,5
0,0,4,20,-0.6826380199591052,-0.0024414807580797754,-0.10071108127079073,1.9657142857142857,-1.8457142857142856,41.90857142857143,0,0,0,0,0,0,0,0,0,0,0,no mains / natural or DC,5
0,0,4,30,-0.6826380199591052,-0.0024414807580797754,-0.10071108127079073,1.9657142857142857,-1.8457142857142856,41.90857142857143,0,0,0,0,0,0,0,0,0,0,0,no mains / natural or DC,5
0,0,4,40,-0.6241645558030946,0.029419843134861293,-0.09869685964537492,2.48,-0.5828571428571429,41.925714285714285,0,0,0,0,0,0,0,0,0,0,0,no mains / natural or DC,5
0,0,4,50,-0.6241645558030946,0.029419843134861293,-0.09869685964537492,2.48,-0.5828571428571429,41.925714285714285,0,0,0,0,0,0,0,0,0,0,0,no mains / natural or DC,5
0,0,4,60,-0.5790581987975707,0.06018250068666646,-0.09753715628528703,2.5942857142857143,-1.1542857142857144,40.65714285714286,0,0,0,0,0,0,0,0,0,0,0,no mains / natural or DC,5
0,0,4,70,-0.5790581987975707,0.06018250068666646,-0.09753715628528703,2.5942857142857143,-1.1542857142857144,40.65714285714286,0,0,0,0,0,0,0,0,0,0,0,no mains / natural or DC,6
0,0,4,80,-0.6028015991698965,0.0925321207312235,-0.09802545243690299,2.48,-2.96,38.434285714285714,0,0,0,0,0,0,0,0,0,0,0,no mains / natural or DC,6
0,0,4,90,-0.6028015991698965,0.0925321207312235,-0.09802545243690299,2.48,-2.96,38.434285714285714,0,0,0,0,0,0,0,0,0,0,0,no mains / natural or DC,6
0,0,4,100,-0.6801965392010254,0.12366100039674062,-0.097781304361095,2.3714285714285714,-4.308571428571429,34.72571428571428,0,0,0,0,0,0,0,0,0,0,0,no mains / natural or DC,6
0,0,4,110,-0.6801965392010254,0.12366100039674062,-0.097781304361095,2.3714285714285714,-4.308571428571429,34.72571428571428,0,0,0,0,0,0,0,0,0,0,0,no mains / natural or DC,6
0,0,4,120,-0.7654652546769616,0.15906247138889737,-0.10174871059297463,2.394285714285714,-4.411428571428571,29.37142857142857,0,0,0,0,0,0,0,0,0,0,0,no mains / natural or DC,6
0,0,4,130,-0.7654652546769616,0.15906247138889737,-0.10174871059297463,2.4571428571428573,-3.7085714285714286,23.091428571428573,0,0,0,0,0,0,0,0,0,0,0,no mains / natural or DC,6
0,0,4,140,-0.8130741294595172,0.1903134250923185,-0.10589922788171026,2.4571428571428573,-3.7085714285714286,23.091428571428573,0,0,0,0,0,0,0,0,0,0,0,no mains / natural or DC,6
0,0,4,150,-0.8453627124851222,0.22254097109897153,-0.11999877925962096,2.337142857142857,-3.3085714285714287,17.154285714285713,0,0,0,0,0,0,0,0,0,0,0,no mains / natural or DC,6
0,0,4,160,-0.8453627124851222,0.22254097109897153,-0.11999877925962096,2.337142857142857,-3.3085714285714287,17.154285714285713,0,0,0,0,0,0,0,0,0,0,0,no mains / natural or DC,6
0,0,4,170,-0.9098788415173803,0.26233710745567185,-0.14276558732871486,2.1542857142857144,-3.1885714285714286,12.268571428571429,0,0,0,0,0,0,0,0,0,0,0,no mains / natural or DC,6
0,0,4,180,-0.9098788415173803,0.26233710745567185,-0.14276558732871486,2.1542857142857144,-3.1885714285714286,12.268571428571429,0,0,0,0,0,0,0,0,0,0,0,no mains / natural or DC,6
0,0,4,190,-0.9593798638874478,0.30256050294503617,-0.1673635059663686,2.474285714285714,-1.7657142857142858,8.394285714285715,0,0,0,0,0,0,0,0,0,0,0,no mains / natural or DC,6
0,0,4,200,-0.9593798638874478,0.30256050294503617,-0.1673635059663686,2.474285714285714,-1.7657142857142858,8.394285714285715,0,0,0,0,0,0,0,0,0,0,0,no mains / natural or DC,6
0,0,4,210,-0.9824518570513017,0.33082064271980954,-0.18976409192175053,3.4685714285714284,-0.04,4.76,0,0,0,0,0,0,0,0,0,0,0,no mains / natural or DC,6
0,0,4,220,-0.9824518570513017,0.33082064271980954,-0.18976409192175053,3.4685714285714284,-0.04,4.76,0,0,0,0,0,0,0,0,0,0,0,no mains / natural or DC,6
0,0,4,230,-0.9407025360881375,0.3174535355693228,-0.19318216498306223,4.942857142857143,0.9371428571428572,0.33714285714285713,0,0,0,0,0,0,0,0,0,0,0,no mains / natural or DC,6
0,0,4,240,-0.9407025360881375,0.3174535355693228,-0.19318216498306223,4.942857142857143,0.9371428571428572,0.33714285714285713,0,0,0,0,0,0,0,0,0,0,0,no mains / natural or DC,6
0,0,4,250,-0.8757591479232154,0.2837000640888699,-0.1903134250923185,6.485714285714286,0.0,-5.885714285714286,0,0,0,0,0,0,0,0,0,0,0,no mains / natural or DC,6
0,0,4,260,-0.8757591479232154,0.2837000640888699,-0.1903134250923185,6.485714285714286,-6.228571428571429,-12.857142857142858,0,0,0,0,0,0,0,0,0,0,0,no mains / natural or DC,6
0,0,4,270,-1.5360576189458908,0.38435010834070865,-0.2228461561937315,9.468571428571428,-6.228571428571429,-12.857142857142858,0,0,0,0,0,0,0,0,0,0,0,no mains / natural or DC,6
0,0,4,280,-1.0513016144291514,0.2847987304300058,-0.10089419232764672,12.377142857142857,0.42857142857142855,-17.222857142857144,0,0,0,0,0,0,0,0,0,0,0,no mains / natural or DC,6
0,0,4,290,-1.0513016144291514,0.2847987304300058,-0.10089419232764672,12.377142857142857,0.42857142857142855,-17.222857142857144,0,0,0,0,0,0,0,0,0,0,0,no mains / natural or DC,6
0,0,4,300,-0.7221289712210456,0.2118594927823725,-0.15478988006225775,15.82857142857143,7.045714285714285,-19.228571428571428,0,0,0,0,0,0,0,0,0,0,0,no mains / natural or DC,6
0,0,4,310,-0.7221289712210456,0.2118594927823725,-0.15478988006225775,15.82857142857143,7.045714285714285,-19.228571428571428,0,0,0,0,0,0,0,0,0,0,0,no mains / natural or DC,6
0,0,4,320,-0.967925046540727,0.09070101016266366,0.040284432508316294,18.44,-9.651428571428571,-26.742857142857144,0,0,0,0,0,0,0,0,0,0,0,no mains / natural or DC,6
0,0,4,330,-0.967925046540727,0.09070101016266366,0.040284432508316294,18.44,-9.651428571428571,-26.742857142857144,0,0,0,0,0,0,0,0,0,0,0,no mains / natural or DC,6
0,0,4,340,-1.0063173314615315,-0.1763359477523118,0.19855342265083772,18.485714285714284,-17.017142857142858,-37.72571428571428,0,0,0,0,0,0,0,0,0,0,0,no mains / natural or DC,6
0,0,4,350,-1.0063173314615315,-0.1763359477523118,0.19855342265083772,18.485714285714284,-17.017142857142858,-37.72571428571428,0,0,0,0,0,0,0,0,0,0,0,no mains / natural or DC,6
0,0,4,360,-1.1747184667500838,-0.402050843836787,0.2769859920041505,15.474285714285715,-34.89142857142857,-57.348571428571425,0,0,0,0,0,0,0,0,0,0,0,no mains / natural or DC,6
0,0,4,370,-1.1747184667500838,-0.402050843836787,0.2769859920041505,15.474285714285715,-34.89142857142857,-57.348571428571425,0,0,0,0,0,0,0,0,0,0,0,no mains / natural or DC,6
0,0,4,380,-1.5399029511398663,-0.35938596758934294,0.26776940214239936,12.325714285714286,-46.114285714285714,-66.29714285714286,0,0,0,0,0,0,0,0,0,0,0,no mains / natural or DC,6
0,0,4,390,-1.5399029511398663,-0.35938596758934294,0.26776940214239936,12.325714285714286,-46.114285714285714,-66.29714285714286,0,0,0,0,0,0,0,0,0,0,0,no mains / natural or DC,6
0,0,4,400,-1.5236671040986358,-0.41792046876430555,0.2782067323831904,12.034285714285714,-30.02857142857143,-54.36571428571428,0,0,0,0,0,0,0,0,0,0,0,no mains / natural or DC,6
0,0,4,410,-1.5236671040986358,-0.4804223761711478,0.2880947294534135,12.297142857142857,-14.82857142857143,-39.81142857142857,0,0,0,0,0,0,0,0,0,0,0,no mains / natural or DC,6
0,0,4,420,-1.423200170903653,-0.47737052522354806,0.2880947294534135,12.297142857142857,-14.82857142857143,-39.81142857142857,0,0,0,0,0,0,0,0,0,0,0,no mains / natural or DC,6
0,0,4,430,-1.315469832453383,-0.5340739158299509,0.2987151707510605,10.388571428571428,-8.92,-29.257142857142856,0,0,0,0,0,0,0,0,0,0,0,no mains / natural or DC,6
0,0,4,440,-1.315469832453383,-0.5340739158299509,0.2987151707510605,10.388571428571428,-8.92,-29.257142857142856,0,0,0,0,0,0,0,0,0,0,0,no mains / natural or DC,6
0,0,4,450,-1.228308969389935,-0.5299233985412153,0.26227607043671985,6.508571428571429,-5.594285714285714,-19.954285714285714,0,0,0,0,0,0,0,0,0,0,0,no mains / natural or DC,6
0,0,4,460,-1.228308969389935,-0.5299233985412153,0.26227607043671985,6.508571428571429,-5.594285714285714,-19.954285714285714,0,0,0,0,0,0,0,0,0,0,0,no mains / natural or DC,6
0,0,4,470,-1.1612903225806452,-0.4978179265724662,0.24170659504989778,1.8914285714285715,-4.702857142857143,-9.977142857142857,0,0,0,0,0,0,0,0,0,0,0,no mains / natural or DC,6
0,0,4,480,-1.1612903225806452,-0.4978179265724662,0.24170659504989778,1.8914285714285715,-4.702857142857143,-9.977142857142857,0,0,0,0,0,0,0,0,0,0,0,no mains / natural or DC,6
0,0,4,490,-1.0628986480300302,-0.44386120181890315,0.2087466048158208,-2.4057142857142857,-2.7942857142857145,-0.13714285714285715,0,0,0,0,0,0,0,0,0,0,0,no mains / natural or DC,6
0,0,4,500,-1.0628986480300302,-0.44386120181890315,0.2087466048158208,-2.4057142857142857,-2.7942857142857145,-0.13714285714285715,0,0,0,0,0,0,0,0,0,0,0,no mains / natural or DC,6
0,0,4,510,-0.966521195104831,-0.3791619617297891,0.17627491073335977,-5.9314285714285715,-0.3485714285714286,8.502857142857144,0,0,0,0,0,0,0,0,0,0,0,no mains / natural or DC,6
0,0,4,520,-0.966521195104831,-0.3791619617297891,0.17627491073335977,-5.9314285714285715,-0.3485714285714286,8.502857142857144,0,0,0,0,0,0,0,0,0,0,0,no mains / natural or DC,6
0,0,4,530,-0.8641621143223365,-0.32349620044557026,0.14282662434766685,-8.788571428571428,2.72,16.13714285714286,0,0,0,0,0,0,0,0,0,0,0,no mains / natural or DC,6
0,0,4,540,-0.8641621143223365,-0.32349620044557026,0.14282662434766685,-11.468571428571428,4.771428571428571,21.388571428571428,0,0,0,0,0,0,0,0,0,0,0,no mains / natural or DC,6
0,0,4,550,-0.793298135319071,-0.2836390270699179,0.11078218939786981,-11.468571428571428,4.771428571428571,21.388571428571428,0,0,0,0,0,0,0,0,0,0,0,no mains / natural or DC,6
0,0,4,560,-0.759788811914426,-0.25714896084475236,0.09082308420056764,-14.857142857142858,5.417142857142857,24.21142857142857,0,0,0,0,0,0,0,0,0,0,0,no mains / natural or DC,6
0,0,4,570,-0.759788811914426,-0.25714896084475236,0.09082308420056764,-14.857142857142858,5.417142857142857,24.21142857142857,0,0,0,0,0,0,0,0,0,0,0,no mains / natural or DC,6
0,0,4,580,-0.7312234870448927,-0.24256111331522567,0.07147434919278542,-19.50857142857143,4.857142857142857,24.954285714285714,0,0,0,0,0,0,0,0,0,0,0,no mains / natural or DC,6
0,0,4,590,-0.7312234870448927,-0.24256111331522567,0.07147434919278542,-19.50857142857143,4.857142857142857,24.954285714285714,0,0,0,0,0,0,0,0,0,0,0,no mains / natural or DC,6
0,0,4,600,-0.7326883754997406,-0.2251655629139073,0.05401776177251503,-25.377142857142857,2.4571428571428573,23.857142857142858,0,0,0,0,0,0,0,0,0,0,0,no mains / natural or DC,6
0,0,4,610,-0.7326883754997406,-0.2251655629139073,0.05401776177251503,-25.377142857142857,2.4571428571428573,23.857142857142858,0,0,0,0,0,0,0,0,0,0,0,no mains / natural or DC,6
0,0,4,620,-0.7660145878475295,-0.1979430524613178,0.036439100314340646,-32.08,1.0971428571428572,22.0,0,0,0,0,0,0,0,0,0,0,0,no mains / natural or DC,6
0,0,4,630,-0.7660145878475295,-0.1979430524613178,0.036439100314340646,-32.08,1.0971428571428572,22.0,0,0,0,0,0,0,0,0,0,0,0,no mains / natural or DC,6
0,0,4,640,-0.7980590227973265,-0.16742454298532058,0.03247169408246101,-39.417142857142856,1.9828571428571429,20.045714285714286,0,0,0,0,0,0,0,0,0,0,0,no mains / natural or DC,6
0,0,4,650,-0.7980590227973265,-0.16742454298532058,0.03247169408246101,-39.417142857142856,1.9828571428571429,20.045714285714286,0,0,0,0,0,0,0,0,0,0,0,no mains / natural or DC,6
0,0,4,660,-0.8121585741752373,-0.12042603839228493,0.03656117435224464,-47.42285714285714,3.5428571428571427,18.33142857142857,0,0,0,0,0,0,0,0,0,0,0,no mains / natural or DC,6
0,0,4,670,-0.8121585741752373,-0.12042603839228493,0.03656117435224464,-47.42285714285714,3.5428571428571427,18.33142857142857,0,0,0,0,0,0,0,0,0,0,0,no mains / natural or DC,7
0,0,4,680,-0.7914059877315592,-0.0781884212775048,0.04815820795312357,-56.19428571428571,4.474285714285714,18.034285714285716,0,0,0,0,0,0,0,0,0,0,0,no mains / natural or DC,7
0,0,4,690,-0.8023926511429181,-0.021546067690054016,0.05725272377697073,-65.48,3.7485714285714287,18.765714285714285,0,0,0,0,0,0,0,0,0,0,0,no mains / natural or DC,7
0,0,4,700,-0.8023926511429181,-0.021546067690054016,0.05725272377697073,-65.48,3.7485714285714287,18.765714285714285,0,0,0,0,0,0,0,0,0,0,0,no mains / natural or DC,7
0,0,4,710,-0.8600726340525529,0.049378948332163455,0.07654042176580096,-74.21142857142857,3.1714285714285713,20.314285714285713,0,0,0,0,0,0,0,0,0,0,0,no mains / natural or DC,7
0,0,4,720,-0.8600726340525529,0.049378948332163455,0.07654042176580096,-74.21142857142857,3.1714285714285713,20.314285714285713,0,0,0,0,0,0,0,0,0,0,0,no mains / natural or DC,7
0,0,4,730,-0.8751487777336955,0.08661152989288003,0.10467848750267036,-82.22285714285714,4.142857142857143,21.85142857142857,0,0,0,0,0,0,0,0,0,0,0,no mains / natural or DC,7
0,0,4,740,-0.8751487777336955,0.08661152989288003,0.10467848750267036,-82.22285714285714,4.142857142857143,21.85142857142857,0,0,0,0,0,0,0,0,0,0,0,no mains / natural or DC,7
0,0,4,750,-0.8774681844538713,0.10986663411358989,0.12463759269997253,-90.30285714285715,3.6857142857142855,21.30857142857143,0,0,0,0,0,0,0,0,0,0,0,no mains / natural or DC,7
0,0,4,760,-0.8774681844538713,0.10986663411358989,0.12463759269997253,-90.30285714285715,3.6857142857142855,21.30857142857143,0,0,0,0,0,0,0,0,0,0,0,no mains / natural or DC,7
0,0,4,770,-0.8968169194616535,0.130252998443556,0.14398632770775474,-98.51428571428572,1.9885714285714287,18.268571428571427,0,0,0,0,0,0,0,0,0,0,0,no mains / natural or DC,7
0,0,4,780,-0.8968169194616535,0.130252998443556,0.14398632770775474,-98.51428571428572,1.9885714285714287,18.268571428571427,0,0,0,0,0,0,0,0,0,0,0,no mains / natural or DC,7
0,0,4,790,-0.9292275765251625,0.15680410168767359,0.14477980895413067,-106.44,1.76,13.56,0,0,0,0,0,0,0,0,0,0,0,no mains / natural or DC,7
0,0,4,800,-0.9292275765251625,0.15680410168767359,0.14477980895413067,-106.44,1.76,13.56,0,0,0,0,0,0,0,0,0,0,0,no mains / natural or DC,7
0,0,4,810,-0.9729911191137425,0.19922482985930967,0.14648884548478652,-113.72571428571429,3.085714285714286,8.251428571428571,0,0,0,0,0,0,0,0,0,0,0,no mains / natural or DC,7
0,0,4,820,-0.9729911191137425,0.19922482985930967,0.16211432233649709,-120.38857142857142,5.382857142857143,4.182857142857143,0,0,0,0,0,0,0,0,0,0,0,no mains / natural or DC,7
0,0,4,830,-0.923978392895291,0.22962126529740287,0.15839106418042542,-120.38857142857142,5.382857142857143,4.182857142857143,0,0,0,0,0,0,0,0,0,0,0,no mains / natural or DC,7
0,0,4,840,-0.8872341074861904,0.25244911038544876,0.15204321420941802,-126.30285714285715,4.994285714285715,1.2457142857142858,0,0,0,0,0,0,0,0,0,0,0,no mains / natural or DC,7
0,0,4,850,-0.8872341074861904,0.25244911038544876,0.15204321420941802,-126.30285714285715,4.994285714285715,1.2457142857142858,0,0,0,0,0,0,0,0,0,0,0,no mains / natural or DC,7
0,0,4,860,-0.8280281991027558,0.24195074312570575,0.13782158879360332,-130.65142857142857,3.9314285714285715,-1.6857142857142857,0,0,0,0,0,0,0,0,0,0,0,no mains / natural or DC,7
0,0,4,870,-0.8280281991027558,0.24195074312570575,0.13782158879360332,-130.65142857142857,3.9314285714285715,-1.6857142857142857,0,0,0,0,0,0,0,0,0,0,0,no mains / natural or DC,7
0,0,4,880,-0.7464827417828913,0.19861445966978972,0.1098055970946379,-133.34285714285716,3.125714285714286,-6.497142857142857,0,0,0,0,0,0,0,0,0,0,0,no mains / natural or DC,7
0,0,4,890,-0.7464827417828913,0.19861445966978972,0.1098055970946379,-133.34285714285716,3.125714285714286,-6.497142857142857,0,0,0,0,0,0,0,0,0,0,0,no mains / natural or DC,7
0,0,4,900,-0.9714651936399427,0.16461684011352887,0.06811731315042574,-135.34285714285716,-0.3314285714285714,-13.062857142857142,0,0,0,0,0,0,0,0,0,0,0,no mains / natural or DC,7
0,0,4,910,-0.9714651936399427,0.16461684011352887,0.06811731315042574,-135.34285714285716,-0.3314285714285714,-13.062857142857142,0,0,0,0,0,0,0,0,0,0,0,no mains / natural or DC,7
0,0,4,920,-1.0271309549241614,0.10785241248817408,0.08355967894528031,-139.22857142857143,-2.182857142857143,-17.97142857142857,0,0,0,0,0,0,0,0,0,0,0,no mains / natural or DC,7
0,0,4,930,-1.0271309549241614,0.10785241248817408,0.08355967894528031,-139.22857142857143,-2.182857142857143,-17.97142857142857,0,0,0,0,0,0,0,0,0,0,0,no mains / natural or DC,7
0,0,4,940,-0.7760856959746086,-0.02325510422070986,-0.01391644032105472,-146.16571428571427,0.4,-17.97142857142857,0,0,0,0,0,0,0,0,0,0,0,no mains / natural or DC,7
0,0,4,950,-0.7760856959746086,-0.02325510422070986,-0.01391644032105472,-157.86857142857144,-9.377142857142857,-12.634285714285713,0,0,0,0,0,0,0,0,0,0,0,no mains / natural or DC,7
0,0,4,960,-0.8635517441328165,-0.1879329813531907,-0.11011078218939788,-156.98857142857142,-9.377142857142857,-12.634285714285713,0,0,0,0,0,0,0,0,0,0,0,no mains / natural or DC,7
0,0,4,970,-1.0917691579943236,-0.24976348155156103,-0.2000183111056856,-169.87428571428572,-17.14857142857143,0.56,0,0,0,0,0,0,0,0,0,0,0,no mains / natural or DC,7
0,0,4,980,-1.0917691579943236,-0.24976348155156103,-0.2000183111056856,-169.87428571428572,-17.14857142857143,0.56,0,0,0,0,0,0,0,0,0,0,0,no mains / natural or DC,7
0,0,4,990,-1.2585222937711722,-0.27771843623157444,-0.2370677816095462,-180.33142857142857,-16.337142857142858,14.411428571428571,0,0,0,0,0,0,0,0,0,0,0,no mains / natural or DC,7
0,0,5,0,-1.2585222937711722,-0.27771843623157444,-0.2370677816095462,-180.33142857142857,-16.337142857142858,14.411428571428571,0,0,0,0,0,0,0,0,0,0,0,no mains / natural or DC,7
0,0,5,10,-1.3959166234321116,-0.24213385418256173,-0.2380443739127781,-185.46857142857144,-11.257142857142858,21.34285714285714,0,0,0,0,0,0,0,0,0,0,0,no mains / natural or DC,7
0,0,5,20,-1.3959166234321116,-0.24213385418256173,-0.2380443739127781,-185.46857142857144,-11.257142857142858,21.34285714285714,0,0,0,0,0,0,0,0,0,0,0,no mains / natural or DC,7
0,0,5,30,-1.3869441816461685,-0.1665700247199927,-0.2513504440443129,-185.18857142857144,-1.8514285714285714,23.245714285714286,0,0,0,0,0,0,0,0,0,0,0,no mains / natural or DC,7
0,0,5,40,-1.3869441816461685,-0.1665700247199927,-0.2513504440443129,-185.18857142857144,-1.8514285714285714,23.245714285714286,0,0,0,0,0,0,0,0,0,0,0,no mains / natural or DC,7
0,0,5,50,-1.327127903073214,-0.1000396740623188,-0.25318155461287273,-181.14285714285714,4.4,21.70285714285714,0,0,0,0,0,0,0,0,0,0,0,no mains / natural or DC,7
0,0,5,60,-1.327127903073214,-0.1000396740623188,-0.25318155461287273,-181.14285714285714,4.4,21.70285714285714,0,0,0,0,0,0,0,0,0,0,0,no mains / natural or DC,7
0,0,5,70,-1.2366100039674062,-0.013489181188390759,-0.2478102969450972,-174.14285714285714,6.84,19.53142857142857,0,0,0,0,0,0,0,0,0,0,0,no mains / natural or DC,7
0,0,5,80,-1.2366100039674062,-0.013489181188390759,-0.2478102969450972,-174.14285714285714,6.84,19.53142857142857,0,0,0,0,0,0,0,0,0,0,0,no mains / natural or DC,7
0,0,5,90,-1.1246681112094485,0.0402233954893643,-0.2508011108737449,-164.96571428571428,6.365714285714286,17.474285714285713,0,0,0,0,0,0,0,0,0,0,0,no mains / natural or DC,7
0,0,5,100,-1.0359202856532488,0.065248573259682,-0.24530777916806543,-154.49714285714285,3.4971428571428573,14.417142857142856,0,0,0,0,0,0,0,0,0,0,0,no mains / natural or DC,7
0,0,5,110,-1.0359202856532488,0.065248573259682,-0.24530777916806543,-154.49714285714285,3.4971428571428573,14.417142857142856,0,0,0,0,0,0,0,0,0,0,0,no mains / natural or DC,7
0,0,5,120,-0.9397259437849056,0.06671346171452987,-0.23963133640552994,-143.73714285714286,1.3142857142857143,10.788571428571428,0,0,0,0,0,0,0,0,0,0,0,no mains / natural or DC,7
0,0,5,130,-0.9397259437849056,0.06671346171452987,-0.23963133640552994,-143.73714285714286,1.3142857142857143,10.788571428571428,0,0,0,0,0,0,0,0,0,0,0,no mains / natural or DC,7
0,0,5,140,-0.8781395916623432,0.06219672231208228,-0.22254097109897153,-133.77142857142857,-1.4914285714285713,7.388571428571429,0,0,0,0,0,0,0,0,0,0,0,no mains / natural or DC,7
0,0,5,150,-0.8781395916623432,0.06219672231208228,-0.22254097109897153,-133.77142857142857,-1.4914285714285713,7.388571428571429,0,0,0,0,0,0,0,0,0,0,0,no mains / natural or DC,7
0,0,5,160,-0.8378551591540269,0.054322946867275,-0.20270393993957336,-125.41714285714286,-4.662857142857143,5.377142857142857,0,0,0,0,0,0,0,0,0,0,0,no mains / natural or DC,7
0,0,5,170,-0.8378551591540269,0.054322946867275,-0.20270393993957336,-125.41714285714286,-4.662857142857143,5.377142857142857,0,0,0,0,0,0,0,0,0,0,0,no mains / natural or DC,7
0,0,5,180,-0.8202764976958525,0.05829035309915464,-0.18311105685598317,-118.78285714285714,-7.828571428571428,4.2628571428571425,0,0,0,0,0,0,0,0,0,0,0,no mains / natural or DC,7
0,0,5,190,-0.8202764976958525,0.05829035309915464,-0.18311105685598317,-118.78285714285714,-7.828571428571428,4.2628571428571425,0,0,0,0,0,0,0,0,0,0,0,no mains / natural or DC,7
0,0,5,200,-0.8087405011139256,0.07116916409802546,-0.1608325449385052,-113.35428571428571,-10.571428571428571,3.782857142857143,0,0,0,0,0,0,0,0,0,0,0,no mains / natural or DC,7
0,0,5,210,-0.8087405011139256,0.07116916409802546,-0.1608325449385052,-113.35428571428571,-10.571428571428571,3.782857142857143,0,0,0,0,0,0,0,0,0,0,0,no mains / natural or DC,7
0,0,5,220,-0.8208868678853725,0.08746604815820795,-0.13837092196417128,-108.65142857142857,-12.017142857142858,4.0,0,0,0,0,0,0,0,0,0,0,0,no mains / natural or DC,7
0,0,5,230,-0.8208868678853725,0.08746604815820795,-0.13837092196417128,-104.48571428571428,-12.388571428571428,4.537142857142857,0,0,0,0,0,0,0,0,0,0,0,no mains / natural or DC,7
0,0,5,240,-0.8434705648976104,0.1032746360667745,-0.11035493026520585,-104.48571428571428,-12.388571428571428,4.537142857142857,0,0,0,0,0,0,0,0,0,0,0,no mains / natural or DC,7
0,0,5,250,-0.8741111484115116,0.11676381725516526,-0.0925321207312235,-100.63428571428571,-11.685714285714285,5.182857142857143,0,0,0,0,0,0,0,0,0,0,0,no mains / natural or DC,7
0,0,5,260,-0.8741111484115116,0.11676381725516526,-0.0925321207312235,-100.63428571428571,-11.685714285714285,5.182857142857143,0,0,0,0,0,0,0,0,0,0,0,no mains / natural or DC,7
0,0,5,270,-0.9193395794549394,0.13147373882259591,-0.0825830866420484,-96.92,-10.314285714285715,5.702857142857143,0,0,0,0,0,0,0,0,0,0,0,no mains / natural or DC,7
0,0,5,280,-0.9193395794549394,0.13147373882259591,-0.0825830866420484,-96.92,-10.314285714285715,5.702857142857143,0,0,0,0,0,0,0,0,0,0,0,no mains / natural or DC,7
0,0,5,290,-0.9404583880123295,0.14166692098757896,-0.08783227027191992,-93.0,-7.845714285714286,5.805714285714286,0,0,0,0,0,0,0,0,0,0,0,no mains / natural or DC,8
0,0,5,300,-0.9404583880123295,0.14166692098757896,-0.08783227027191992,-93.0,-7.845714285714286,5.805714285714286,0,0,0,0,0,0,0,0,0,0,0,no mains / natural or DC,8
0,0,5,310,-0.9596850489822077,0.14410840174565875,-0.09692678609576708,-88.54857142857144,-5.08,5.005714285714285,0,0,0,0,0,0,0,0,0,0,0,no mains / natural or DC,8
0,0,5,320,-0.9596850489822077,0.14410840174565875,-0.09692678609576708,-88.54857142857144,-5.08,5.005714285714285,0,0,0,0,0,0,0,0,0,0,0,no mains / natural or DC,8
0,0,5,330,-0.9463179418317209,0.13672292245246742,-0.1031525620288705,-83.69714285714285,-2.36,3.8285714285714287,0,0,0,0,0,0,0,0,0,0,0,no mains / natural or DC,8
0,0,5,340,-0.9463179418317209,0.13672292245246742,-0.1031525620288705,-83.69714285714285,-2.36,3.8285714285714287,0,0,0,0,0,0,0,0,0,0,0,no mains / natural or DC,8
0,0,5,350,-0.9367961668752098,0.1250038148136845,-0.10669270912808618,-78.83428571428571,-0.9142857142857143,2.422857142857143,0,0,0,0,0,0,0,0,0,0,0,no mains / natural or DC,8
0,0,5,360,-0.9367961668752098,0.1250038148136845,-0.10669270912808618,-78.83428571428571,-0.9142857142857143,0.8171428571428572,0,0,0,0,0,0,0,0,0,0,0,no mains / natural or DC,8
0,0,5,370,-0.977752006591998,0.11999877925962096,-0.10089419232764672,-74.31428571428572,-0.92,0.8171428571428572,0,0,0,0,0,0,0,0,0,0,0,no mains / natural or DC,8
0,0,5,380,-0.977996154667806,0.11981566820276497,-0.09533982360301523,-70.09714285714286,-0.24,-0.44,0,0,0,0,0,0,0,0,0,0,0,no mains / natural or DC,8
0,0,5,390,-0.977996154667806,0.11981566820276497,-0.09533982360301523,-70.09714285714286,-0.24,-0.44,0,0,0,0,0,0,0,0,0,0,0,no mains / natural or DC,8
0,0,5,400,-0.9561449018829921,0.1229285561693167,-0.09930722983489486,-66.08571428571429,0.33714285714285713,-1.1657142857142857,0,0,0,0,0,0,0,0,0,0,0,no mains / natural or DC,8
0,0,5,410,-0.9561449018829921,0.1229285561693167,-0.09930722983489486,-66.08571428571429,0.33714285714285713,-1.1657142857142857,0,0,0,0,0,0,0,0,0,0,0,no mains / natural or DC,8
0,0,5,420,-0.9352092043824579,0.13208410901211584,-0.09558397167882321,-62.011428571428574,0.3314285714285714,-1.7314285714285713,0,0,0,0,0,0,0,0,0,0,0,no mains / natural or DC,8
0,0,5,430,-0.9352092043824579,0.13208410901211584,-0.09558397167882321,-62.011428571428574,0.3314285714285714,-1.7314285714285713,0,0,0,0,0,0,0,0,0,0,0,no mains / natural or DC,8
0,0,5,440,-0.901821955015717,0.1478316599017304,-0.08734397412030397,-57.822857142857146,-0.15428571428571428,-1.4,0,0,0,0,0,0,0,0,0,0,0,no mains / natural or DC,8
0,0,5,450,-0.901821955015717,0.1478316599017304,-0.08734397412030397,-57.822857142857146,-0.15428571428571428,-1.4,0,0,0,0,0,0,0,0,0,0,0,no mains / natural or DC,8
0,0,5,460,-0.9013336588641011,0.15936765648365733,-0.08325449385052033,-53.86857142857143,-1.8914285714285715,0.24,0,0,0,0,0,0,0,0,0,0,0,no mains / natural or DC,8
0,0,5,470,-0.9013336588641011,0.15936765648365733,-0.08325449385052033,-53.86857142857143,-1.8914285714285715,0.24,0,0,0,0,0,0,0,0,0,0,0,no mains / natural or DC,8
0,0,5,480,-0.9186071352275155,0.16394543290505692,-0.08435316019165624,-50.45142857142857,-4.228571428571429,2.12,0,0,0,0,0,0,0,0,0,0,0,no mains / natural or DC,8
0,0,5,490,-0.9186071352275155,0.16394543290505692,-0.08435316019165624,-50.45142857142857,-4.228571428571429,2.12,0,0,0,0,0,0,0,0,0,0,0,no mains / natural or DC,8
0,0,5,500,-0.9114047669911801,0.1716971343119602,-0.09070101016266366,-47.47428571428571,-5.788571428571428,2.9771428571428573,0,0,0,0,0,0,0,0,0,0,0,no mains / natural or DC,8
0,0,5,510,-0.9114047669911801,0.1716971343119602,-0.09497360148930326,-44.497142857142855,-5.554285714285714,2.36,0,0,0,0,0,0,0,0,0,0,0,no mains / natural or DC,8
0,0,5,520,-0.8531754509109775,0.17120883816034424,-0.09497360148930326,-44.497142857142855,-5.554285714285714,2.36,0,0,0,0,0,0,0,0,0,0,0,no mains / natural or DC,8
0,0,5,530,-0.7877437665944396,0.16156498916592912,-0.0933866389965514,-41.462857142857146,-4.714285714285714,0.48,0,0,0,0,0,0,0,0,0,0,0,no mains / natural or DC,8
0,0,5,540,-0.7877437665944396,0.16156498916592912,-0.0933866389965514,-41.462857142857146,-4.714285714285714,0.48,0,0,0,0,0,0,0,0,0,0,0,no mains / natural or DC,8
0,0,5,550,-0.7761467329935606,0.1477706228827784,-0.08502456740012818,-38.582857142857144,-4.8914285714285715,-2.8685714285714288,0,0,0,0,0,0,0,0,0,0,0,no mains / natural or DC,8
0,0,5,560,-0.7761467329935606,0.1477706228827784,-0.08502456740012818,-38.582857142857144,-4.8914285714285715,-2.8685714285714288,0,0,0,0,0,0,0,0,0,0,0,no mains / natural or DC,8
0,0,5,570,-1.2739646595660268,0.22003845332193975,-0.03625598925748466,-35.434285714285714,-9.377142857142857,-5.565714285714286,0,0,0,0,0,0,0,0,0,0,0,no mains / natural or DC,8
0,0,5,580,-1.2739646595660268,0.22003845332193975,-0.03625598925748466,-35.434285714285714,-9.377142857142857,-5.565714285714286,0,0,0,0,0,0,0,0,0,0,0,no mains / natural or DC,8
0,0,5,590,-0.91293069246498,0.08655049287392803,0.010803552354503006,-34.38857142857143,-7.662857142857143,-7.537142857142857,0,0,0,0,0,0,0,0,0,0,0,no mains / natural or DC,8
0,0,5,600,-0.91293069246498,0.08655049287392803,0.010803552354503006,-34.38857142857143,-7.662857142857143,-7.537142857142857,0,0,0,0,0,0,0,0,0,0,0,no mains / natural or DC,8
0,0,5,610,-0.6142155217139195,-0.1868343150120548,0.10223700674459059,-33.59428571428571,-8.262857142857143,-16.0,0,0,0,0,0,0,0,0,0,0,0,no mains / natural or DC,8
0,0,5,620,-0.6142155217139195,-0.1868343150120548,0.10223700674459059,-33.59428571428571,-8.262857142857143,-16.0,0,0,0,0,0,0,0,0,0,0,0,no mains / natural or DC,8
0,0,5,630,-0.8110599078341014,-0.4825586718344676,0.25366985076448867,-34.29714285714286,-24.245714285714286,-29.605714285714285,0,0,0,0,0,0,0,0,0,0,0,no mains / natural or DC,8
0,0,5,640,-0.8110599078341014,-0.4825586718344676,0.25366985076448867,-34.29714285714286,-30.914285714285715,-33.822857142857146,0,0,0,0,0,0,0,0,0,0,0,no mains / natural or DC,8
0,0,5,650,-1.3791314432203132,-0.5345622119815668,0.3098239082003235,-34.61142857142857,-30.914285714285715,-33.822857142857146,0,0,0,0,0,0,0,0,0,0,0,no mains / natural or DC,8
0,0,5,660,-1.5754264961699271,-0.5171056245612964,0.3197729422894986,-34.137142857142855,-21.05142857142857,-25.085714285714285,0,0,0,0,0,0,0,0,0,0,0,no mains / natural or DC,8
0,0,5,670,-1.5754264961699271,-0.5171056245612964,0.3197729422894986,-34.137142857142855,-21.05142857142857,-25.085714285714285,0,0,0,0,0,0,0,0,0,0,0,no mains / natural or DC,8
0,0,5,680,-1.4078188421277504,-0.6136051515243995,0.36353648487807855,-33.114285714285714,-9.805714285714286,-13.834285714285715,0,0,0,0,0,0,0,0,0,0,0,no mains / natural or DC,8
0,0,5,690,-1.4078188421277504,-0.6136051515243995,0.36353648487807855,-33.114285714285714,-9.805714285714286,-13.834285714285715,0,0,0,0,0,0,0,0,0,0,0,no mains / natural or DC,8
0,0,5,700,-1.4219794305246132,-0.5567186498611408,0.3675649281289102,-33.29142857142857,-7.7942857142857145,-1.6457142857142857,0,0,0,0,0,0,0,0,0,0,0,no mains / natural or DC,8
0,0,5,710,-1.4219794305246132,-0.5567186498611408,0.3675649281289102,-33.29142857142857,-7.7942857142857145,-1.6457142857142857,0,0,0,0,0,0,0,0,0,0,0,no mains / natural or DC,8
0,0,5,720,-1.4183172093874936,-0.47566148869289226,0.3567613757744072,-34.074285714285715,-5.4,9.594285714285714,0,0,0,0,0,0,0,0,0,0,0,no mains / natural or DC,8
0,0,5,730,-1.4183172093874936,-0.47566148869289226,0.3567613757744072,-34.074285714285715,-5.4,9.594285714285714,0,0,0,0,0,0,0,0,0,0,0,no mains / natural or DC,8
0,0,5,740,-1.3317056794946134,-0.39088106936857203,0.3283181249427778,-35.68571428571428,-2.337142857142857,17.405714285714286,0,0,0,0,0,0,0,0,0,0,0,no mains / natural or DC,8
0,0,5,750,-1.3317056794946134,-0.39088106936857203,0.3283181249427778,-35.68571428571428,-2.337142857142857,17.405714285714286,0,0,0,0,0,0,0,0,0,0,0,no mains / natural or DC,8
0,0,5,760,-1.3097323526718956,-0.2858973967711417,0.29078035828730125,-37.371428571428574,-1.0971428571428572,21.205714285714286,0,0,0,0,0,0,0,0,0,0,0,no mains / natural or DC,8
0,0,5,770,-1.3097323526718956,-0.2858973967711417,0.29078035828730125,-37.371428571428574,-1.0971428571428572,21.205714285714286,0,0,0,0,0,0,0,0,0,0,0,no mains / natural or DC,8
0,0,5,780,-1.260170293282876,-0.20618305001983703,0.2511062959685049,-38.08,2.2742857142857145,20.931428571428572,0,0,0,0,0,0,0,0,0,0,0,no mains / natural or DC,8
0,0,5,790,-1.1664174321726126,-0.12878810998870815,0.19989623706778162,-37.502857142857145,7.417142857142857,18.64,0,0,0,0,0,0,0,0,0,0,0,no mains / natural or DC,8
0,0,5,800,-1.1584826197088534,-0.12878810998870815,0.19989623706778162,-37.502857142857145,7.417142857142857,18.64,0,0,0,0,0,0,0,0,0,0,0,no mains / natural or DC,8
0,0,5,810,-1.019379253517258,-0.08301034577471236,0.15253151036103396,-35.91428571428571,13.062857142857142,16.365714285714287,0,0,0,0,0,0,0,0,0,0,0,no mains / natural or DC,8
0,0,5,820,-1.019379253517258,-0.08301034577471236,0.15253151036103396,-35.91428571428571,13.062857142857142,16.365714285714287,0,0,0,0,0,0,0,0,0,0,0,no mains / natural or DC,8
0,0,5,830,-0.9107943968016602,-0.03796502578814051,0.1032135990478225,-33.965714285714284,17.297142857142855,14.548571428571428,0,0,0,0,0,0,0,0,0,0,0,no mains / natural or DC,8
0,0,5,840,-0.9107943968016602,-0.03796502578814051,0.1032135990478225,-33.965714285714284,17.297142857142855,14.548571428571428,0,0,0,0,0,0,0,0,0,0,0,no mains / natural or DC,8
0,0,5,850,-0.8168584246345408,-0.005676442762535478,0.06335642567217017,-31.897142857142857,20.365714285714287,13.462857142857143,0,0,0,0,0,0,0,0,0,0,0,no mains / natural or DC,8
0,0,5,860,-0.8168584246345408,-0.005676442762535478,0.06335642567217017,-31.897142857142857,20.365714285714287,13.462857142857143,0,0,0,0,0,0,0,0,0,0,0,no mains / natural or DC,8
0,0,5,870,-0.7298806726279489,0.021240882595294046,0.024719992675557724,-29.942857142857143,22.314285714285713,12.68,0,0,0,0,0,0,0,0,0,0,0,no mains / natural or DC,8
0,0,5,880,-0.7298806726279489,0.021240882595294046,0.024719992675557724,-29.942857142857143,22.314285714285713,12.68,0,0,0,0,0,0,0,0,0,0,0,no mains / natural or DC,8
0,0,5,890,-0.6933194982757042,0.05212561418500321,-0.009949034089175085,-28.02857142857143,22.257142857142856,12.057142857142857,0,0,0,0,0,0,0,0,0,0,0,no mains / natural or DC,8
0,0,5,900,-0.6933194982757042,0.05212561418500321,-0.009949034089175085,-28.02857142857143,22.257142857142856,12.057142857142857,0,0,0,0,0,0,0,0,0,0,0,no mains / natural or DC,8
0,0,5,910,-0.6839808343760491,0.07251197851496932,-0.031922360911893065,-26.205714285714286,21.86285714285714,11.811428571428571,0,0,0,0,0,0,0,0,0,0,0,no mains / natural or DC,8
0,0,5,920,-0.6839808343760491,0.07251197851496932,-0.031922360911893065,-24.86285714285714,21.04,11.297142857142857,0,0,0,0,0,0,0,0,0,0,0,no mains / natural or DC,8
0,0,5,930,-0.6643879512924589,0.08740501113925596,-0.04828028199102756,-24.86285714285714,21.04,11.297142857142857,0,0,0,0,0,0,0,0,0,0,0,no mains / natural or DC,8
0,0,5,940,-0.6639606921597949,0.10278633991515854,-0.05505539109469894,-24.125714285714285,19.125714285714285,10.64,0,0,0,0,0,0,0,0,0,0,0,no mains / natural or DC,8
0,0,5,950,-0.6639606921597949,0.10278633991515854,-0.05505539109469894,-24.125714285714285,19.125714285714285,10.64,0,0,0,0,0,0,0,0,0,0,0,no mains / natural or DC,8
0,0,5,960,-0.6729331339457381,0.11334574419385357,-0.05139316995757927,-24.01142857142857,16.754285714285714,10.142857142857142,0,0,0,0,0,0,0,0,0,0,0,no mains / natural or DC,8
0,0,5,970,-0.6729331339457381,0.11334574419385357,-0.05139316995757927,-24.01142857142857,16.754285714285714,10.142857142857142,0,0,0,0,0,0,0,0,0,0,0,no mains / natural or DC,8
0,0,5,980,-0.706259346293527,0.1293374431592761,-0.03662221137119663,-24.617142857142856,14.0,9.371428571428572,0,0,0,0,0,0,0,0,0,0,0,no mains / natural or DC,8
0,0,5,990,-0.706259346293527,0.1293374431592761,-0.03662221137119663,-24.617142857142856,14.0,9.371428571428572,0,0,0,0,0,0,0,0,0,0,0,no mains / natural or DC,9
0,0,6,0,-0.7551499984740745,0.152165288247322,-0.017883846552934353,-25.525714285714287,11.491428571428571,8.411428571428571,0,0,0,0,0,0,0,0,0,0,0,no mains / natural or DC,9
0,0,6,10,-0.7551499984740745,0.152165288247322,-0.017883846552934353,-25.525714285714287,11.491428571428571,8.411428571428571,0,0,0,0,0,0,0,0,0,0,0,no mains / natural or DC,9
0,0,6,20,-0.8083132419812616,0.1780449842829676,-0.0015259254737998596,-26.422857142857143,10.291428571428572,7.88,0,0,0,0,0,0,0,0,0,0,0,no mains / natural or DC,9
0,0,6,30,-0.8083132419812616,0.1780449842829676,-0.0015259254737998596,-26.422857142857143,10.291428571428572,7.88,0,0,0,0,0,0,0,0,0,0,0,no mains / natural or DC,9
0,0,6,40,-0.8429212317270425,0.20270393993957336,0.00848414563432722,-27.05142857142857,9.737142857142857,7.6571428571428575,0,0,0,0,0,0,0,0,0,0,0,no mains / natural or DC,9
0,0,6,50,-0.8429212317270425,0.20270393993957336,0.00848414563432722,-27.05142857142857,9.737142857142857,6.88,0,0,0,0,0,0,0,0,0,0,0,no mains / natural or DC,9
0,0,6,60,-0.8681905575731681,0.21784112063966796,0.006164738914151433,-26.88,9.548571428571428,6.88,0,0,0,0,0,0,0,0,0,0,0,no mains / natural or DC,9
0,0,6,70,-0.9196447645496993,0.23310037537766656,0.004760887478255562,-25.771428571428572,10.131428571428572,5.257142857142857,0,0,0,0,0,0,0,0,0,0,0,no mains / natural or DC,9
0,0,6,80,-0.9196447645496993,0.23310037537766656,0.004760887478255562,-25.771428571428572,10.131428571428572,5.257142857142857,0,0,0,0,0,0,0,0,0,0,0,no mains / natural or DC,9
0,0,6,90,-0.9284951322977386,0.23938718832972197,-0.009704886013367107,-24.13714285714286,11.954285714285714,3.3257142857142856,0,0,0,0,0,0,0,0,0,0,0,no mains / natural or DC,9
0,0,6,100,-0.9284951322977386,0.23938718832972197,-0.009704886013367107,-24.13714285714286,11.954285714285714,3.3257142857142856,0,0,0,0,0,0,0,0,0,0,0,no mains / natural or DC,9
0,0,6,110,-1.000518814661092,0.25806451612903225,-0.030579546494949185,-22.13714285714286,13.148571428571428,1.6514285714285715,0,0,0,0,0,0,0,0,0,0,0,no mains / natural or DC,9
0,0,6,120,-1.000518814661092,0.25806451612903225,-0.030579546494949185,-22.13714285714286,13.148571428571428,1.6514285714285715,0,0,0,0,0,0,0,0,0,0,0,no mains / natural or DC,9
0,0,6,130,-1.0245674001281777,0.26557206946012757,-0.04107791375469222,-20.034285714285716,14.805714285714286,0.4742857142857143,0,0,0,0,0,0,0,0,0,0,0,no mains / natural or DC,9
0,0,6,140,-1.0245674001281777,0.26557206946012757,-0.04107791375469222,-20.034285714285716,14.805714285714286,0.4742857142857143,0,0,0,0,0,0,0,0,0,0,0,no mains / natural or DC,9
0,0,6,150,-0.9739677114169744,0.2544022949919126,-0.046143986327707755,-18.24,14.794285714285714,-0.4342857142857143,0,0,0,0,0,0,0,0,0,0,0,no mains / natural or DC,9
0,0,6,160,-0.9739677114169744,0.2544022949919126,-0.046143986327707755,-18.24,14.794285714285714,-0.4342857142857143,0,0,0,0,0,0,0,0,0,0,0,no mains / natural or DC,9
0,0,6,170,-0.8948026978362377,0.22247993408001954,-0.04480117191076388,-17.285714285714285,10.93142857142857,-1.5885714285714285,0,0,0,0,0,0,0,0,0,0,0,no mains / natural or DC,9
0,0,6,180,-0.8948026978362377,0.22247993408001954,-0.04480117191076388,-17.285714285714285,10.93142857142857,-1.5885714285714285,0,0,0,0,0,0,0,0,0,0,0,no mains / natural or DC,9
0,0,6,190,-0.9858699301126133,0.20307016205328532,-0.10242011780144658,-16.634285714285713,4.811428571428571,-3.8,0,0,0,0,0,0,0,0,0,0,0,no mains / natural or DC,9
0,0,6,200,-0.9858699301126133,0.20307016205328532,-0.035828730124820705,-14.325714285714286,-2.645714285714286,-6.171428571428572,0,0,0,0,0,0,0,0,0,0,0,no mains / natural or DC,9
0,0,6,210,-1.621753593554491,0.32361827448347424,-0.035828730124820705,-14.325714285714286,-2.645714285714286,-6.171428571428572,0,0,0,0,0,0,0,0,0,0,0,no mains / natural or DC,9
0,0,6,220,-1.0087588122196112,0.13861507003997925,-0.08062990203558458,-13.93142857142857,9.182857142857143,-9.834285714285715,0,0,0,0,0,0,0,0,0,0,0,no mains / natural or DC,9
0,0,6,230,-1.0087588122196112,0.13861507003997925,-0.08062990203558458,-13.93142857142857,9.182857142857143,-9.834285714285715,0,0,0,0,0,0,0,0,0,0,0,no mains / natural or DC,9
0,0,6,240,-0.9034699545274208,0.04010132145146031,-0.1882381664479507,-12.434285714285714,1.302857142857143,-19.377142857142857,0,0,0,0,0,0,0,0,0,0,0,no mains / natural or DC,9
0,0,6,250,-0.9034699545274208,0.04010132145146031,-0.1882381664479507,-12.434285714285714,1.302857142857143,-19.377142857142857,0,0,0,0,0,0,0,0,0,0,0,no mains / natural or DC,9
0,0,6,260,-1.096774193548387,-0.2927335428937651,-0.15375225074007384,-10.06857142857143,-8.04,-36.034285714285716,0,0,0,0,0,0,0,0,0,0,0,no mains / natural or DC,9
0,0,6,270,-1.096774193548387,-0.2927335428937651,-0.15375225074007384,-10.06857142857143,-8.04,-36.034285714285716,0,0,0,0,0,0,0,0,0,0,0,no mains / natural or DC,9
0,0,6,280,-1.316873683889279,-0.4228034302804651,-0.1870174260689108,-8.714285714285714,-8.428571428571429,-53.651428571428575,0,0,0,0,0,0,0,0,0,0,0,no mains / natural or DC,9
0,0,6,290,-1.316873683889279,-0.4228034302804651,-0.1870174260689108,-8.714285714285714,-8.428571428571429,-53.651428571428575,0,0,0,0,0,0,0,0,0,0,0,no mains / natural or DC,9
0,0,6,300,-1.391338847010712,-0.42481765190588094,-0.21808526871547593,-8.234285714285715,-10.211428571428572,-55.24,0,0,0,0,0,0,0,0,0,0,0,no mains / natural or DC,9
0,0,6,310,-1.391338847010712,-0.42481765190588094,-0.21808526871547593,-8.234285714285715,-10.211428571428572,-55.24,0,0,0,0,0,0,0,0,0,0,0,no mains / natural or DC,9
0,0,6,320,-1.294656208990753,-0.5422528763695181,-0.2056337168492691,-7.845714285714286,-9.457142857142857,-38.25714285714286,0,0,0,0,0,0,0,0,0,0,0,no mains / natural or DC,9
0,0,6,330,-1.294656208990753,-0.5422528763695181,-0.2056337168492691,-8.154285714285715,-10.942857142857143,-19.17142857142857,0,0,0,0,0,0,0,0,0,0,0,no mains / natural or DC,9
0,0,6,340,-1.2774437696462906,-0.5250404370250557,-0.19824823755607776,-8.154285714285715,-10.942857142857143,-19.17142857142857,0,0,0,0,0,0,0,0,0,0,0,no mains / natural or DC,9
0,0,6,350,-1.2144535660878322,-0.4914700766014588,-0.16602069154942473,-8.525714285714285,-10.474285714285715,-3.3771428571428572,0,0,0,0,0,0,0,0,0,0,0,no mains / natural or DC,9
0,0,6,360,-1.2144535660878322,-0.4914700766014588,-0.16602069154942473,-8.525714285714285,-10.474285714285715,-3.3771428571428572,0,0,0,0,0,0,0,0,0,0,0,no mains / natural or DC,9
0,0,6,370,-1.1221655934324168,-0.4287240211188086,-0.13525803399761954,-9.337142857142856,-8.874285714285714,7.171428571428572,0,0,0,0,0,0,0,0,0,0,0,no mains / natural or DC,9
0,0,6,380,-1.1221655934324168,-0.4287240211188086,-0.13525803399761954,-9.337142857142856,-8.874285714285714,7.171428571428572,0,0,0,0,0,0,0,0,0,0,0,no mains / natural or DC,9
0,0,6,390,-1.0044251838740197,-0.35157322916348765,-0.09796441541795099,-10.497142857142856,-8.462857142857143,13.297142857142857,0,0,0,0,0,0,0,0,0,0,0,no mains / natural or DC,9
0,0,6,400,-1.0044251838740197,-0.35157322916348765,-0.09796441541795099,-10.497142857142856,-8.462857142857143,13.297142857142857,0,0,0,0,0,0,0,0,0,0,0,no mains / natural or DC,9
0,0,6,410,-0.8853419598986786,-0.2561723685415204,-0.0836817529831843,-11.462857142857143,-8.062857142857142,17.782857142857143,0,0,0,0,0,0,0,0,0,0,0,no mains / natural or DC,9
0,0,6,420,-0.8853419598986786,-0.2561723685415204,-0.0836817529831843,-11.462857142857143,-8.062857142857142,17.782857142857143,0,0,0,0,0,0,0,0,0,0,0,no mains / natural or DC,9
0,0,6,430,-0.7652211066011536,-0.163090914639729,-0.07708975493636891,-11.502857142857144,-6.925714285714285,22.34285714285714,0,0,0,0,0,0,0,0,0,0,0,no mains / natural or DC,9
0,0,6,440,-0.7652211066011536,-0.163090914639729,-0.07708975493636891,-11.502857142857144,-6.925714285714285,22.34285714285714,0,0,0,0,0,0,0,0,0,0,0,no mains / natural or DC,9
0,0,6,450,-0.6610919522690512,-0.08612323374126407,-0.07513657032990509,-10.205714285714286,-5.102857142857143,27.662857142857142,0,0,0,0,0,0,0,0,0,0,0,no mains / natural or DC,9
0,0,6,460,-0.6610919522690512,-0.08612323374126407,-0.07513657032990509,-10.205714285714286,-5.102857142857143,27.662857142857142,0,0,0,0,0,0,0,0,0,0,0,no mains / natural or DC,9
0,0,6,470,-0.5959654530472732,-0.023316141239661855,-0.07318338572344127,-8.08,-3.537142857142857,32.80571428571429,0,0,0,0,0,0,0,0,0,0,0,no mains / natural or DC,9
0,0,6,480,-0.5639820551164281,0.03295999023407697,-0.07495345927304911,-5.514285714285714,-2.3714285714285714,36.89142857142857,0,0,0,0,0,0,0,0,0,0,0,no mains / natural or DC,9
0,0,6,490,-0.5639820551164281,0.03295999023407697,-0.07495345927304911,-5.514285714285714,-2.3714285714285714,36.89142857142857,0,0,0,0,0,0,0,0,0,0,0,no mains / natural or DC,9
0,0,6,500,-0.5561082796716208,0.0782494582964568,-0.08056886501663259,-2.702857142857143,-1.7142857142857142,39.42285714285714,0,0,0,0,0,0,0,0,0,0,0,no mains / natural or DC,9
0,0,6,510,-0.5561082796716208,0.0782494582964568,-0.08056886501663259,-2.702857142857143,-1.7142857142857142,39.42285714285714,0,0,0,0,0,0,0,0,0,0,0,no mains / natural or DC,9
0,0,6,520,-0.5842463454084903,0.11804559465315714,-0.08105716116824854,0.22285714285714286,-1.8914285714285715,39.8,0,0,0,0,0,0,0,0,0,0,0,no mains / natural or DC,9
0,0,6,530,-0.5842463454084903,0.11804559465315714,-0.08105716116824854,0.22285714285714286,-1.8914285714285715,39.8,0,0,0,0,0,0,0,0,0,0,0,no mains / natural or DC,9
0,0,6,540,-0.6133610034485916,0.14685506759849848,-0.08532975249488815,3.12,-2.5085714285714285,38.08571428571429,0,0,0,0,0,0,0,0,0,0,0,no mains / natural or DC,9
0,0,6,550,-0.6133610034485916,0.14685506759849848,-0.08532975249488815,3.12,-2.5085714285714285,38.08571428571429,0,0,0,0,0,0,0,0,0,0,0,no mains / natural or DC,10
0,0,6,560,-0.6537675099948118,0.17139194921720025,-0.08740501113925596,5.622857142857143,-3.902857142857143,34.47428571428571,0,0,0,0,0,0,0,0,0,0,0,no mains / natural or DC,10
0,0,6,570,-0.6537675099948118,0.17139194921720025,-0.08740501113925596,5.622857142857143,-3.902857142857143,34.47428571428571,0,0,0,0,0,0,0,0,0,0,0,no mains / natural or DC,10
0,0,6,580,-0.7030854213080233,0.18829920346690268,-0.09387493514816736,7.662857142857143,-5.377142857142857,29.297142857142855,0,0,0,0,0,0,0,0,0,0,0,no mains / natural or DC,10
0,0,6,590,-0.7030854213080233,0.18829920346690268,-0.09387493514816736,7.662857142857143,-5.377142857142857,29.297142857142855,0,0,0,0,0,0,0,0,0,0,0,no mains / natural or DC,10
0,0,6,600,-0.7802362132633442,0.206305124057741,-0.1031525620288705,9.325714285714286,-6.777142857142858,22.474285714285713,0,0,0,0,0,0,0,0,0,0,0,no mains / natural or DC,10
0,0,6,610,-0.7802362132633442,0.206305124057741,-0.1031525620288705,10.765714285714285,-7.354285714285714,14.737142857142857,0,0,0,0,0,0,0,0,0,0,0,no mains / natural or DC,10
0,0,6,620,-0.8276619769890439,0.2172917874691,-0.10852381969664601,10.765714285714285,-7.354285714285714,14.737142857142857,0,0,0,0,0,0,0,0,0,0,0,no mains / natural or DC,10
0,0,6,630,-0.8730735190893277,0.22992645039216283,-0.12366100039674062,11.862857142857143,-7.634285714285714,7.3028571428571425,0,0,0,0,0,0,0,0,0,0,0,no mains / natural or DC,10
0,0,6,640,-0.8730735190893277,0.22992645039216283,-0.12366100039674062,11.862857142857143,-7.634285714285714,7.3028571428571425,0,0,0,0,0,0,0,0,0,0,0,no mains / natural or DC,10
0,0,6,650,-0.9148838770714438,0.24073000274666584,-0.13202307199316385,12.76,-8.102857142857143,0.8628571428571429,0,0,0,0,0,0,0,0,0,0,0,no mains / natural or DC,10
0,0,6,660,-0.9148838770714438,0.24073000274666584,-0.13202307199316385,12.76,-8.102857142857143,0.8628571428571429,0,0,0,0,0,0,0,0,0,0,0,no mains / natural or DC,10
0,0,6,670,-0.924588763084811,0.2562944425794244,-0.14618366039002656,13.685714285714285,-8.022857142857143,-3.52,0,0,0,0,0,0,0,0,0,0,0,no mains / natural or DC,10
0,0,6,680,-0.924588763084811,0.2562944425794244,-0.14618366039002656,13.685714285714285,-8.022857142857143,-3.52,0,0,0,0,0,0,0,0,0,0,0,no mains / natural or DC,10
0,0,6,690,-0.9881282998138371,0.28235724967192605,-0.16034424878688924,14.782857142857143,-8.98857142857143,-6.017142857142857,0,0,0,0,0,0,0,0,0,0,0,no mains / natural or DC,10
0,0,6,700,-0.9881282998138371,0.28235724967192605,-0.16034424878688924,14.782857142857143,-8.98857142857143,-6.017142857142857,0,0,0,0,0,0,0,0,0,0,0,no mains / natural or DC,10
0,0,6,710,-1.0532547990356151,0.29834894863734857,-0.16034424878688924,16.125714285714285,-9.64,-7.182857142857143,0,0,0,0,0,0,0,0,0,0,0,no mains / natural or DC,10
0,0,6,720,-1.0532547990356151,0.29834894863734857,-0.16034424878688924,16.125714285714285,-9.64,-7.182857142857143,0,0,0,0,0,0,0,0,0,0,0,no mains / natural or DC,10
0,0,6,730,-1.009796441541795,0.2751548814355907,-0.15631580553605762,17.417142857142856,-9.394285714285715,-8.571428571428571,0,0,0,0,0,0,0,0,0,0,0,no mains / natural or DC,10
0,0,6,740,-1.009796441541795,0.2751548814355907,-0.15631580553605762,17.417142857142856,-10.691428571428572,-11.371428571428572,0,0,0,0,0,0,0,0,0,0,0,no mains / natural or DC,10
0,0,6,750,-0.9575487533188879,0.23639637440107425,-0.13873714407788323,18.228571428571428,-10.691428571428572,-11.371428571428572,0,0,0,0,0,0,0,0,0,0,0,no mains / natural or DC,10
0,0,6,760,-0.979094821008942,0.2031311990722373,-0.12793359172338023,18.354285714285716,-12.302857142857142,-15.36,0,0,0,0,0,0,0,0,0,0,0,no mains / natural or DC,10
0,0,6,770,-0.979094821008942,0.2031311990722373,-0.12793359172338023,18.354285714285716,-12.302857142857142,-15.36,0,0,0,0,0,0,0,0,0,0,0,no mains / natural or DC,10
0,0,6,780,-1.4964445936460464,0.293343913083285,-0.08392590105899228,19.13714285714286,-16.062857142857144,-18.217142857142857,0,0,0,0,0,0,0,0,0,0,0,no mains / natural or DC,10
0,0,6,790,-1.4964445936460464,0.293343913083285,-0.08392590105899228,19.13714285714286,-16.062857142857144,-18.217142857142857,0,0,0,0,0,0,0,0,0,0,0,no mains / natural or DC,10
0,0,6,800,-0.9954527420880764,0.15948973052156132,0.0029297769096957305,18.62857142857143,-8.651428571428571,-20.525714285714287,0,0,0,0,0,0,0,0,0,0,0,no mains / natural or DC,10
0,0,6,810,-0.9954527420880764,0.15948973052156132,0.0029297769096957305,18.62857142857143,-8.651428571428571,-20.525714285714287,0,0,0,0,0,0,0,0,0,0,0,no mains / natural or DC,10
0,0,6,820,-0.9200720236823634,0.11261329996642964,0.0707419049653615,18.114285714285714,-12.491428571428571,-24.102857142857143,0,0,0,0,0,0,0,0,0,0,0,no mains / natural or DC,10
0,0,6,830,-0.9200720236823634,0.11261329996642964,0.0707419049653615,18.114285714285714,-12.491428571428571,-24.102857142857143,0,0,0,0,0,0,0,0,0,0,0,no mains / natural or DC,10
0,0,6,840,-1.1321146275215919,-0.16473891415143285,0.3267311624500259,17.262857142857143,-24.754285714285714,-33.222857142857144,0,0,0,0,0,0,0,0,0,0,0,no mains / natural or DC,10
0,0,6,850,-1.1321146275215919,-0.16473891415143285,0.3267311624500259,17.262857142857143,-24.754285714285714,-33.222857142857144,0,0,0,0,0,0,0,0,0,0,0,no mains / natural or DC,10
0,0,6,860,-1.2481460005493332,-0.41022980437635426,0.4610736411633656,13.925714285714285,-33.64,-45.182857142857145,0,0,0,0,0,0,0,0,0,0,0,no mains / natural or DC,10
0,0,6,870,-1.2481460005493332,-0.41022980437635426,0.4610736411633656,13.925714285714285,-33.64,-45.182857142857145,0,0,0,0,0,0,0,0,0,0,0,no mains / natural or DC,10
0,0,6,880,-1.5506454664754172,-0.3839228492080447,0.5036164433729057,10.211428571428572,-37.63428571428572,-46.52571428571429,0,0,0,0,0,0,0,0,0,0,0,no mains / natural or DC,10
0,0,6,890,-1.5506454664754172,-0.41517380291146583,0.5607470931119725,9.337142857142856,-22.86285714285714,-33.93142857142857,0,0,0,0,0,0,0,0,0,0,0,no mains / natural or DC,10
0,0,6,900,-1.555162205877865,-0.41383098849452193,0.5607470931119725,9.337142857142856,-22.86285714285714,-33.93142857142857,0,0,0,0,0,0,0,0,0,0,0,no mains / natural or DC,10
0,0,6,910,-1.4927823725089266,-0.36622211371196634,0.5195471053193762,10.325714285714286,-6.582857142857143,-17.765714285714285,0,0,0,0,0,0,0,0,0,0,0,no mains / natural or DC,10
0,0,6,920,-1.4927823725089266,-0.36622211371196634,0.5195471053193762,10.325714285714286,-6.582857142857143,-17.765714285714285,0,0,0,0,0,0,0,0,0,0,0,no mains / natural or DC,10
0,0,6,930,-1.4206976531266213,-0.30622272408215584,0.4909817804498428,11.485714285714286,1.262857142857143,-4.428571428571429,0,0,0,0,0,0,0,0,0,0,0,no mains / natural or DC,10
0,0,6,940,-1.4206976531266213,-0.30622272408215584,0.4909817804498428,11.485714285714286,1.262857142857143,-4.428571428571429,0,0,0,0,0,0,0,0,0,0,0,no mains / natural or DC,10
0,0,6,950,-1.2435682241279336,-0.23340556047242653,0.42213202307199316,12.182857142857143,8.01142857142857,6.057142857142857,0,0,0,0,0,0,0,0,0,0,0,no mains / natural or DC,10
0,0,6,960,-1.2435682241279336,-0.23340556047242653,0.42213202307199316,12.182857142857143,8.01142857142857,6.057142857142857,0,0,0,0,0,0,0,0,0,0,0,no mains / natural or DC,10
0,0,6,970,-1.1438947721793267,-0.14929654835657827,0.347911008026368,12.657142857142857,9.93142857142857,12.211428571428572,0,0,0,0,0,0,0,0,0,0,0,no mains / natural or DC,10
0,0,6,980,-1.1438947721793267,-0.14929654835657827,0.347911008026368,12.657142857142857,9.93142857142857,12.211428571428572,0,0,0,0,0,0,0,0,0,0,0,no mains / natural or DC,10
0,0,6,990,-1.0393383587145604,-0.0892361217078158,0.27747428815576647,13.502857142857144,13.12,15.051428571428572,0,0,0,0,0,0,0,0,0,0,0,no mains / natural or DC,10
0,0,7,0,-1.0393383587145604,-0.0892361217078158,0.27747428815576647,13.502857142857144,13.12,15.051428571428572,0,0,0,0,0,0,0,0,0,0,0,no mains / natural or DC,10
0,0,7,10,-0.9115878780480361,-0.03106784264656514,0.20484023560289316,14.662857142857144,17.92,16.057142857142857,0,0,0,0,0,0,0,0,0,0,0,no mains / natural or DC,10
0,0,7,20,-0.9115878780480361,-0.03106784264656514,0.20484023560289316,15.954285714285714,22.428571428571427,16.53142857142857,0,0,0,0,0,0,0,0,0,0,0,no mains / natural or DC,10
0,0,7,30,-0.770836512344737,-0.001281777397991882,0.14856410412915433,15.954285714285714,22.428571428571427,16.53142857142857,0,0,0,0,0,0,0,0,0,0,0,no mains / natural or DC,10
0,0,7,40,-0.6431470686971649,0.023316141239661855,0.09558397167882321,16.92,26.074285714285715,17.30857142857143,0,0,0,0,0,0,0,0,0,0,0,no mains / natural or DC,10
0,0,7,50,-0.6431470686971649,0.023316141239661855,0.09558397167882321,16.92,26.074285714285715,17.30857142857143,0,0,0,0,0,0,0,0,0,0,0,no mains / natural or DC,10
0,0,7,60,-0.5603808709982604,0.04089480269783624,0.057130649739066744,17.445714285714285,28.337142857142858,18.33142857142857,0,0,0,0,0,0,0,0,0,0,0,no mains / natural or DC,10
0,0,7,70,-0.5603808709982604,0.04089480269783624,0.057130649739066744,17.445714285714285,28.337142857142858,18.33142857142857,0,0,0,0,0,0,0,0,0,0,0,no mains / natural or DC,10
0,0,7,80,-0.500015259254738,0.052308725241859186,0.02685628833887753,17.411428571428573,29.565714285714286,18.822857142857142,0,0,0,0,0,0,0,0,0,0,0,no mains / natural or DC,10
0,0,7,90,-0.500015259254738,0.052308725241859186,0.02685628833887753,17.411428571428573,29.565714285714286,18.822857142857142,0,0,0,0,0,0,0,0,0,0,0,no mains / natural or DC,10
0,0,7,100,-0.5084383678701132,0.07318338572344127,0.005371257667775506,16.834285714285713,28.685714285714287,18.44,0,0,0,0,0,0,0,0,0,0,0,no mains / natural or DC,10
0,0,7,110,-0.5084383678701132,0.07318338572344127,0.005371257667775506,16.834285714285713,28.685714285714287,18.44,0,0,0,0,0,0,0,0,0,0,0,no mains / natural or DC,10
0,0,7,120,-0.5524460585345011,0.08740501113925596,-0.0009765923032319102,15.628571428571428,26.377142857142857,17.291428571428572,0,0,0,0,0,0,0,0,0,0,0,no mains / natural or DC,10
0,0,7,130,-0.5524460585345011,0.08740501113925596,-0.0009765923032319102,15.628571428571428,26.377142857142857,17.291428571428572,0,0,0,0,0,0,0,0,0,0,0,no mains / natural or DC,10
0,0,7,140,-0.5648365733817561,0.09631641590624714,-0.005127109591967528,13.702857142857143,23.94857142857143,14.662857142857144,0,0,0,0,0,0,0,0,0,0,0,no mains / natural or DC,10
0,0,7,150,-0.5648365733817561,0.09631641590624714,-0.005127109591967528,13.702857142857143,23.94857142857143,10.274285714285714,0,0,0,0,0,0,0,0,0,0,0,no mains / natural or DC,11
0,0,7,160,-0.6048158207953124,0.12640766624958036,-0.012512588885158849,11.371428571428572,20.194285714285716,10.474285714285715,0,0,0,0,0,0,0,0,0,0,0,no mains / natural or DC,11
0,0,7,170,-0.6756797997985778,0.16113773003326518,-0.02673421430097354,9.154285714285715,16.822857142857142,6.445714285714286,0,0,0,0,0,0,0,0,0,0,0,no mains / natural or DC,11
0,0,7,180,-0.6756797997985778,0.16113773003326518,-0.02673421430097354,9.154285714285715,16.822857142857142,6.445714285714286,0,0,0,0,0,0,0,0,0,0,0,no mains / natural or DC,11
0,0,7,190,-0.793053987243263,0.19519638660847805,-0.0413220618305002,7.274285714285714,14.12,2.0628571428571427,0,0,0,0,0,0,0,0,0,0,0,no mains / natural or DC,11
0,0,7,200,-0.793053987243263,0.19519638660847805,-0.0413220618305002,7.274285714285714,14.12,2.0628571428571427,0,0,0,0,0,0,0,0,0,0,0,no mains / natural or DC,11
0,0,7,210,-0.8930936613055819,0.22345652638325145,-0.05499435407574694,5.84,12.462857142857143,-3.48,0,0,0,0,0,0,0,0,0,0,0,no mains / natural or DC,11
0,0,7,220,-0.8930936613055819,0.22345652638325145,-0.05499435407574694,5.84,12.462857142857143,-3.48,0,0,0,0,0,0,0,0,0,0,0,no mains / natural or DC,11
0,0,7,230,-0.9449140903958251,0.23401593066194648,-0.06622516556291391,4.6971428571428575,11.674285714285714,-9.525714285714285,0,0,0,0,0,0,0,0,0,0,0,no mains / natural or DC,11
0,0,7,240,-0.9449140903958251,0.23401593066194648,-0.06622516556291391,4.6971428571428575,11.674285714285714,-9.525714285714285,0,0,0,0,0,0,0,0,0,0,0,no mains / natural or DC,11
0,0,7,250,-0.9917294839320048,0.2314523758659627,-0.07232886745811334,3.611428571428571,10.405714285714286,-15.577142857142857,0,0,0,0,0,0,0,0,0,0,0,no mains / natural or DC,11
0,0,7,260,-0.9917294839320048,0.2314523758659627,-0.07232886745811334,3.611428571428571,10.405714285714286,-15.577142857142857,0,0,0,0,0,0,0,0,0,0,0,no mains / natural or DC,11
0,0,7,270,-1.010650959807123,0.22803430280465103,-0.0750755333109531,2.2514285714285713,8.514285714285714,-20.942857142857143,0,0,0,0,0,0,0,0,0,0,0,no mains / natural or DC,11
0,0,7,280,-1.010650959807123,0.22803430280465103,-0.0750755333109531,2.2514285714285713,8.514285714285714,-20.942857142857143,0,0,0,0,0,0,0,0,0,0,0,no mains / natural or DC,11
0,0,7,290,-1.0258491775261696,0.22766808069093905,-0.07922605059968871,0.8857142857142857,6.2,-24.451428571428572,0,0,0,0,0,0,0,0,0,0,0,no mains / natural or DC,11
0,0,7,300,-1.0258491775261696,0.22766808069093905,-0.06360057374797815,-0.17714285714285713,3.2342857142857144,-26.21142857142857,0,0,0,0,0,0,0,0,0,0,0,no mains / natural or DC,11
0,0,7,310,-1.0715048677022614,0.22223578600421157,-0.07226783043916135,-0.17714285714285713,3.2342857142857144,-26.21142857142857,0,0,0,0,0,0,0,0,0,0,0,no mains / natural or DC,11
0,0,7,320,-1.0297555467390973,0.17139194921720025,-0.06268501846369823,-1.0914285714285714,0.7657142857142857,-28.02285714285714,0,0,0,0,0,0,0,0,0,0,0,no mains / natural or DC,11
0,0,7,330,-1.0297555467390973,0.17139194921720025,-0.06268501846369823,-1.0914285714285714,0.7657142857142857,-28.02285714285714,0,0,0,0,0,0,0,0,0,0,0,no mains / natural or DC,11
0,0,7,340,-1.3541673024689473,0.14691610461745047,-0.12225714896084475,-1.1085714285714285,-4.72,-32.77142857142857,0,0,0,0,0,0,0,0,0,0,0,no mains / natural or DC,11
0,0,7,350,-1.3541673024689473,0.14691610461745047,-0.12225714896084475,-1.1085714285714285,-4.72,-32.77142857142857,0,0,0,0,0,0,0,0,0,0,0,no mains / natural or DC,11
0,0,7,360,-1.4388256477553636,0.053529465620899074,0.017212439344462416,-0.5028571428571429,-8.445714285714285,-40.83428571428571,0,0,0,0,0,0,0,0,0,0,0,no mains / natural or DC,11
0,0,7,370,-1.4388256477553636,0.053529465620899074,0.017212439344462416,-0.5028571428571429,-8.445714285714285,-40.83428571428571,0,0,0,0,0,0,0,0,0,0,0,no mains / natural or DC,11
0,0,7,380,-0.7367168187505723,-0.1217078157902768,-0.1033356730857265,-0.8,0.2742857142857143,-44.95428571428572,0,0,0,0,0,0,0,0,0,0,0,no mains / natural or DC,11
0,0,7,390,-0.7367168187505723,-0.1217078157902768,-0.1033356730857265,-0.8,0.2742857142857143,-44.95428571428572,0,0,0,0,0,0,0,0,0,0,0,no mains / natural or DC,11
0,0,7,400,-0.9745780816064943,-0.24042481765190588,-0.19269386883144626,1.4,-12.702857142857143,-45.645714285714284,0,0,0,0,0,0,0,0,0,0,0,no mains / natural or DC,11
0,0,7,410,-0.9745780816064943,-0.24042481765190588,-0.19269386883144626,1.4,-12.702857142857143,-45.645714285714284,0,0,0,0,0,0,0,0,0,0,0,no mains / natural or DC,11
0,0,7,420,-1.282570879238258,-0.467360454115421,-0.15369121372112185,6.3428571428571425,-11.005714285714285,-39.582857142857144,0,0,0,0,0,0,0,0,0,0,0,no mains / natural or DC,11
0,0,7,430,-1.282570879238258,-0.467360454115421,-0.15369121372112185,6.3428571428571425,3.7485714285714287,-27.96,0,0,0,0,0,0,0,0,0,0,0,no mains / natural or DC,11
0,0,7,440,-1.2978911709952086,-0.6082338938566241,-0.14624469740897855,11.44,3.7485714285714287,-27.96,0,0,0,0,0,0,0,0,0,0,0,no mains / natural or DC,11
0,0,7,450,-1.152928250984222,-0.6548051393169958,-0.14294869838557084,13.102857142857143,4.788571428571428,-11.737142857142857,0,0,0,0,0,0,0,0,0,0,0,no mains / natural or DC,11
0,0,7,460,-1.152928250984222,-0.6548051393169958,-0.14294869838557084,13.102857142857143,4.788571428571428,-11.737142857142857,0,0,0,0,0,0,0,0,0,0,0,no mains / natural or DC,11
0,0,7,470,-1.140964995269631,-0.5998718222602009,-0.1392864772484512,11.868571428571428,-1.0114285714285713,5.16,0,0,0,0,0,0,0,0,0,0,0,no mains / natural or DC,11
0,0,7,480,-1.140964995269631,-0.5998718222602009,-0.1392864772484512,11.868571428571428,-1.0114285714285713,5.16,0,0,0,0,0,0,0,0,0,0,0,no mains / natural or DC,11
0,0,7,490,-1.1562852870265816,-0.489089632862331,-0.1598559526352733,9.822857142857142,-4.291428571428572,17.434285714285714,0,0,0,0,0,0,0,0,0,0,0,no mains / natural or DC,11
0,0,7,500,-1.1562852870265816,-0.489089632862331,-0.1598559526352733,9.822857142857142,-4.291428571428572,17.434285714285714,0,0,0,0,0,0,0,0,0,0,0,no mains / natural or DC,11
0,0,7,510,-1.1676992095706045,-0.3999755851924192,-0.14520706808679465,8.182857142857143,-6.222857142857142,22.6,0,0,0,0,0,0,0,0,0,0,0,no mains / natural or DC,11
0,0,7,520,-1.1676992095706045,-0.3999755851924192,-0.14520706808679465,8.182857142857143,-6.222857142857142,22.6,0,0,0,0,0,0,0,0,0,0,0,no mains / natural or DC,11
0,0,7,530,-1.0997039704580829,-0.347849971007416,-0.13733329264198738,6.942857142857143,-5.988571428571428,23.325714285714287,0,0,0,0,0,0,0,0,0,0,0,no mains / natural or DC,11
0,0,7,540,-1.0997039704580829,-0.347849971007416,-0.13733329264198738,6.942857142857143,-5.988571428571428,23.325714285714287,0,0,0,0,0,0,0,0,0,0,0,no mains / natural or DC,11
0,0,7,550,-1.0578325754570146,-0.2857753227332377,-0.11719107638782922,5.434285714285714,-7.805714285714286,21.85142857142857,0,0,0,0,0,0,0,0,0,0,0,no mains / natural or DC,11
0,0,7,560,-1.0578325754570146,-0.2857753227332377,-0.11719107638782922,5.434285714285714,-7.805714285714286,21.85142857142857,0,0,0,0,0,0,0,0,0,0,0,no mains / natural or DC,11
0,0,7,570,-0.9741508224738303,-0.2313913388470107,-0.09802545243690299,4.194285714285714,-8.474285714285715,21.834285714285713,0,0,0,0,0,0,0,0,0,0,0,no mains / natural or DC,11
0,0,7,580,-0.9741508224738303,-0.17651905880916777,-0.07684560686056092,3.2457142857142856,-9.24,21.82857142857143,0,0,0,0,0,0,0,0,0,0,0,no mains / natural or DC,11
0,0,7,590,-0.8646504104739524,-0.17651905880916777,-0.07684560686056092,3.2457142857142856,-9.24,21.82857142857143,0,0,0,0,0,0,0,0,0,0,0,no mains / natural or DC,11
0,0,7,600,-0.7575914792321543,-0.09582811975463118,-0.07147434919278542,2.914285714285714,-9.754285714285714,23.754285714285714,0,0,0,0,0,0,0,0,0,0,0,no mains / natural or DC,11
0,0,7,610,-0.7575914792321543,-0.09582811975463118,-0.07147434919278542,2.914285714285714,-9.754285714285714,23.754285714285714,0,0,0,0,0,0,0,0,0,0,0,no mains / natural or DC,11
0,0,7,620,-0.6917935728019043,-0.02264473403118992,-0.06616412854396192,3.6285714285714286,-9.691428571428572,27.571428571428573,0,0,0,0,0,0,0,0,0,0,0,no mains / natural or DC,11
0,0,7,630,-0.6917935728019043,-0.02264473403118992,-0.06616412854396192,3.6285714285714286,-9.691428571428572,27.571428571428573,0,0,0,0,0,0,0,0,0,0,0,no mains / natural or DC,11
0,0,7,640,-0.6405835139011811,0.037476729636524556,-0.06018250068666646,5.154285714285714,-9.102857142857143,31.417142857142856,0,0,0,0,0,0,0,0,0,0,0,no mains / natural or DC,11
0,0,7,650,-0.6405835139011811,0.037476729636524556,-0.06018250068666646,5.154285714285714,-9.102857142857143,31.417142857142856,0,0,0,0,0,0,0,0,0,0,0,no mains / natural or DC,12
0,0,7,660,-0.6206244087038789,0.09210486159855953,-0.057802056947538684,7.194285714285714,-8.394285714285715,34.10285714285714,0,0,0,0,0,0,0,0,0,0,0,no mains / natural or DC,12
0,0,7,670,-0.6206244087038789,0.09210486159855953,-0.057802056947538684,7.194285714285714,-8.394285714285715,34.10285714285714,0,0,0,0,0,0,0,0,0,0,0,no mains / natural or DC,12
0,0,7,680,-0.6037781914731285,0.1326334421826838,-0.05719168675801874,9.491428571428571,-7.977142857142857,35.13142857142857,0,0,0,0,0,0,0,0,0,0,0,no mains / natural or DC,12
0,0,7,690,-0.6037781914731285,0.1326334421826838,-0.05719168675801874,9.491428571428571,-7.977142857142857,35.13142857142857,0,0,0,0,0,0,0,0,0,0,0,no mains / natural or DC,12
0,0,7,700,-0.6144596697897274,0.16608172856837672,-0.06122013000885037,11.714285714285714,-8.491428571428571,34.17142857142857,0,0,0,0,0,0,0,0,0,0,0,no mains / natural or DC,12
0,0,7,710,-0.6144596697897274,0.16608172856837672,-0.06122013000885037,13.72,-9.834285714285715,31.525714285714287,0,0,0,0,0,0,0,0,0,0,0,no mains / natural or DC,12
0,0,7,720,-0.6609088412121952,0.19519638660847805,-0.06280709250160223,13.72,-9.834285714285715,31.525714285714287,0,0,0,0,0,0,0,0,0,0,0,no mains / natural or DC,12
0,0,7,730,-0.7003387554551835,0.22095400860621967,-0.06817835016937773,15.514285714285714,-10.708571428571428,27.685714285714287,0,0,0,0,0,0,0,0,0,0,0,no mains / natural or DC,12
0,0,7,740,-0.7003387554551835,0.22095400860621967,-0.06817835016937773,15.514285714285714,-10.708571428571428,27.685714285714287,0,0,0,0,0,0,0,0,0,0,0,no mains / natural or DC,12
0,0,7,750,-0.7312234870448927,0.2360911893063143,-0.07446516312143314,17.01142857142857,-11.08,23.045714285714286,0,0,0,0,0,0,0,0,0,0,0,no mains / natural or DC,12
0,0,7,760,-0.7312234870448927,0.2360911893063143,-0.07446516312143314,17.01142857142857,-11.08,23.045714285714286,0,0,0,0,0,0,0,0,0,0,0,no mains / natural or DC,12
0,0,7,770,-0.7648548844874417,0.23798333689382611,-0.07776116214484084,18.217142857142857,-10.862857142857143,17.565714285714286,0,0,0,0,0,0,0,0,0,0,0,no mains / natural or DC,12
0,0,7,780,-0.7648548844874417,0.23798333689382611,-0.07776116214484084,18.217142857142857,-10.862857142857143,17.565714285714286,0,0,0,0,0,0,0,0,0,0,0,no mains / natural or DC,12
0,0,7,790,-0.8289437543870357,0.24713888973662526,-0.07580797753837702,19.154285714285713,-10.257142857142858,11.314285714285715,0,0,0,0,0,0,0,0,0,0,0,no mains / natural or DC,12
0,0,7,800,-0.8289437543870357,0.24713888973662526,-0.07580797753837702,19.154285714285713,-10.257142857142858,11.314285714285715,0,0,0,0,0,0,0,0,0,0,0,no mains / natural or DC,12
0,0,7,810,-0.8711813715018158,0.25177770317697684,-0.07904293954283273,19.708571428571428,-9.434285714285714,5.194285714285714,0,0,0,0,0,0,0,0,0,0,0,no mains / natural or DC,12
0,0,7,820,-0.8711813715018158,0.25177770317697684,-0.07904293954283273,19.708571428571428,-9.434285714285714,5.194285714285714,0,0,0,0,0,0,0,0,0,0,0,no mains / natural or DC,12
0,0,7,830,-0.9256263924069948,0.2619098483230079,-0.0858790856654561,19.908571428571427,-9.308571428571428,0.10857142857142857,0,0,0,0,0,0,0,0,0,0,0,no mains / natural or DC,12
0,0,7,840,-0.9256263924069948,0.2619098483230079,-0.0858790856654561,19.908571428571427,-9.308571428571428,-3.7142857142857144,0,0,0,0,0,0,0,0,0,0,0,no mains / natural or DC,12
0,0,7,850,-0.9960020752586444,0.2696005127109592,-0.0935087130344554,19.92,-9.582857142857144,-3.7142857142857144,0,0,0,0,0,0,0,0,0,0,0,no mains / natural or DC,12
0,0,7,860,-0.9975890377513962,0.2651448103274636,-0.09845271156956695,19.88,-9.325714285714286,-6.84,0,0,0,0,0,0,0,0,0,0,0,no mains / natural or DC,12
0,0,7,870,-0.9975890377513962,0.2651448103274636,-0.09845271156956695,19.88,-9.325714285714286,-6.84,0,0,0,0,0,0,0,0,0,0,0,no mains / natural or DC,12
0,0,7,880,-0.9313638721884823,0.2413403729361858,-0.10303048799096652,20.0,-8.32,-9.565714285714286,0,0,0,0,0,0,0,0,0,0,0,no mains / natural or DC,12
0,0,7,890,-0.9313638721884823,0.2413403729361858,-0.10303048799096652,20.0,-8.32,-9.565714285714286,0,0,0,0,0,0,0,0,0,0,0,no mains / natural or DC,12
0,0,7,900,-0.9353923154393139,0.2141788995025483,-0.09430219428083132,20.18285714285714,-8.862857142857143,-12.554285714285715,0,0,0,0,0,0,0,0,0,0,0,no mains / natural or DC,12
0,0,7,910,-0.9353923154393139,0.2141788995025483,-0.09430219428083132,20.18285714285714,-8.862857142857143,-12.554285714285715,0,0,0,0,0,0,0,0,0,0,0,no mains / natural or DC,12
0,0,7,920,-1.597643971068453,0.3176366466261788,-0.10419019135105441,21.84,-12.811428571428571,-15.125714285714286,0,0,0,0,0,0,0,0,0,0,0,no mains / natural or DC,12
0,0,7,930,-1.597643971068453,0.3176366466261788,-0.10419019135105441,21.84,-12.811428571428571,-15.125714285714286,0,0,0,0,0,0,0,0,0,0,0,no mains / natural or DC,12
0,0,7,940,-1.230567339091159,0.22974333933530686,0.024048585467085788,23.12,-6.965714285714285,-18.69142857142857,0,0,0,0,0,0,0,0,0,0,0,no mains / natural or DC,12
0,0,7,950,-1.230567339091159,0.22974333933530686,0.024048585467085788,23.12,-6.965714285714285,-18.69142857142857,0,0,0,0,0,0,0,0,0,0,0,no mains / natural or DC,12
0,0,7,960,-0.9125644703512681,0.14716025269325847,0.04748680074465163,24.674285714285713,-0.8571428571428571,-21.588571428571427,0,0,0,0,0,0,0,0,0,0,0,no mains / natural or DC,12
0,0,7,970,-0.9125644703512681,0.14716025269325847,0.04748680074465163,24.674285714285713,-0.8571428571428571,-21.588571428571427,0,0,0,0,0,0,0,0,0,0,0,no mains / natural or DC,12
0,0,7,980,-1.0888393810846277,-0.021179845576342053,0.2689291055024873,25.045714285714286,-17.074285714285715,-31.125714285714285,0,0,0,0,0,0,0,0,0,0,0,no mains / natural or DC,12
0,0,7,990,-1.0888393810846277,-0.021179845576342053,0.44532609027375103,22.365714285714287,-28.62857142857143,-44.48,0,0,0,0,0,0,0,0,0,0,0,no mains / natural or DC,12
0,0,8,0,-1.15347758415479,-0.2710043641468551,0.44532609027375103,22.365714285714287,-28.62857142857143,-44.48,0,0,0,0,0,0,0,0,0,0,0,no mains / natural or DC,12
0,0,8,10,-1.3503830072939238,-0.3197729422894986,0.4721213415936766,17.44,-39.21142857142857,-56.57142857142857,0,0,0,0,0,0,0,0,0,0,0,no mains / natural or DC,12
0,0,8,20,-1.3503830072939238,-0.3197729422894986,0.4721213415936766,17.44,-39.21142857142857,-56.57142857142857,0,0,0,0,0,0,0,0,0,0,0,no mains / natural or DC,12
0,0,8,30,-1.5361186559648428,-0.32099368266853845,0.5235145115512558,14.302857142857142,-33.89714285714286,-54.45142857142857,0,0,0,0,0,0,0,0,0,0,0,no mains / natural or DC,12
0,0,8,40,-1.5361186559648428,-0.32099368266853845,0.5235145115512558,14.302857142857142,-33.89714285714286,-54.45142857142857,0,0,0,0,0,0,0,0,0,0,0,no mains / natural or DC,12
0,0,8,50,-1.511825922421949,-0.32850123599963377,0.4914090395825068,13.954285714285714,-14.348571428571429,-42.91428571428571,0,0,0,0,0,0,0,0,0,0,0,no mains / natural or DC,12
0,0,8,60,-1.511825922421949,-0.32850123599963377,0.4914090395825068,13.954285714285714,-14.348571428571429,-42.91428571428571,0,0,0,0,0,0,0,0,0,0,0,no mains / natural or DC,12
0,0,8,70,-1.3773003326517532,-0.3350321970274972,0.4749900814844203,14.628571428571428,0.8685714285714285,-30.662857142857142,0,0,0,0,0,0,0,0,0,0,0,no mains / natural or DC,12
0,0,8,80,-1.3773003326517532,-0.3350321970274972,0.4749900814844203,14.628571428571428,0.8685714285714285,-30.662857142857142,0,0,0,0,0,0,0,0,0,0,0,no mains / natural or DC,12
0,0,8,90,-1.2087771233252969,-0.29078035828730125,0.39765617847224344,14.525714285714285,10.64,-17.097142857142856,0,0,0,0,0,0,0,0,0,0,0,no mains / natural or DC,12
0,0,8,100,-1.2087771233252969,-0.29078035828730125,0.39765617847224344,14.525714285714285,10.64,-17.097142857142856,0,0,0,0,0,0,0,0,0,0,0,no mains / natural or DC,12
0,0,8,110,-1.1153294473097934,-0.25580614642780847,0.33075960570085755,13.891428571428571,13.611428571428572,-6.6571428571428575,0,0,0,0,0,0,0,0,0,0,0,no mains / natural or DC,12
0,0,8,120,-1.1153294473097934,-0.25580614642780847,0.33075960570085755,13.891428571428571,15.84,0.2,0,0,0,0,0,0,0,0,0,0,0,no mains / natural or DC,12
0,0,8,130,-1.0351268044068727,-0.20087282937101353,0.25586718344676046,13.405714285714286,15.84,0.2,0,0,0,0,0,0,0,0,0,0,0,no mains / natural or DC,12
0,0,8,140,-0.9210486159855953,-0.15527817621387371,0.19000823999755853,13.594285714285714,19.057142857142857,3.9657142857142857,0,0,0,0,0,0,0,0,0,0,0,no mains / natural or DC,12
0,0,8,150,-0.9210486159855953,-0.15527817621387371,0.19000823999755853,13.594285714285714,19.057142857142857,3.9657142857142857,0,0,0,0,0,0,0,0,0,0,0,no mains / natural or DC,12
0,0,8,160,-0.7990356151005585,-0.11456648457289346,0.1336100344859157,14.165714285714285,22.17142857142857,6.8,0,0,0,0,0,0,0,0,0,0,0,no mains / natural or DC,12
0,0,8,170,-0.7990356151005585,-0.11456648457289346,0.1336100344859157,14.165714285714285,22.17142857142857,6.8,0,0,0,0,0,0,0,0,0,0,0,no mains / natural or DC,12
0,0,8,180,-0.695760979033784,-0.08496353038117618,0.09210486159855953,14.68,24.708571428571428,9.691428571428572,0,0,0,0,0,0,0,0,0,0,0,no mains / natural or DC,12
0,0,8,190,-0.695760979033784,-0.08496353038117618,0.09210486159855953,14.68,24.708571428571428,9.691428571428572,0,0,0,0,0,0,0,0,0,0,0,no mains / natural or DC,12
0,0,8,200,-0.6341746269112216,-0.04571672719504379,0.057557908871730706,14.811428571428571,26.325714285714287,13.017142857142858,0,0,0,0,0,0,0,0,0,0,0,no mains / natural or DC,12
0,0,8,210,-0.6341746269112216,-0.04571672719504379,0.057557908871730706,14.811428571428571,26.325714285714287,13.017142857142858,0,0,0,0,0,0,0,0,0,0,0,no mains / natural or DC,12
0,0,8,220,-0.5825373088778344,-0.021240882595294046,0.03918576616718039,14.565714285714286,27.37142857142857,16.98857142857143,0,0,0,0,0,0,0,0,0,0,0,no mains / natural or DC,12
0,0,8,230,-0.5825373088778344,-0.021240882595294046,0.03918576616718039,14.565714285714286,27.37142857142857,16.98857142857143,0,0,0,0,0,0,0,0,0,0,0,no mains / natural or DC,12
0,0,8,240,-0.5475630970183416,-0.0005493331705679495,0.022156437879573963,13.942857142857143,27.537142857142857,20.085714285714285,0,0,0,0,0,0,0,0,0,0,0,no mains / natural or DC,12
0,0,8,250,-0.5475630970183416,-0.0005493331705679495,0.022156437879573963,13.942857142857143,27.537142857142857,20.085714285714285,0,0,0,0,0,0,0,0,0,0,0,no mains / natural or DC,12
0,0,8,260,-0.5714896084475234,0.021668141727958008,0.01141392254402295,12.942857142857143,25.731428571428573,21.382857142857144,0,0,0,0,0,0,0,0,0,0,0,no mains / natural or DC,12
0,0,8,270,-0.6496169927060762,0.048768578142643515,0.004150517288735618,11.702857142857143,23.771428571428572,21.222857142857144,0,0,0,0,0,0,0,0,0,0,0,no mains / natural or DC,12
0,0,8,280,-0.641560106204413,0.048768578142643515,0.004150517288735618,11.702857142857143,23.771428571428572,21.222857142857144,0,0,0,0,0,0,0,0,0,0,0,no mains / natural or DC,12
0,0,8,290,-0.6763512070070498,0.07007049775688956,-0.002990813928647725,10.28,22.10857142857143,19.228571428571428,0,0,0,0,0,0,0,0,0,0,0,no mains / natural or DC,13
0,0,8,300,-0.6763512070070498,0.07007049775688956,-0.002990813928647725,10.28,22.10857142857143,19.228571428571428,0,0,0,0,0,0,0,0,0,0,0,no mains / natural or DC,13
0,0,8,310,-0.727622302926725,0.1021759697256386,-0.020630512405774102,8.754285714285714,19.937142857142856,16.52,0,0,0,0,0,0,0,0,0,0,0,no mains / natural or DC,13
0,0,8,320,-0.727622302926725,0.1021759697256386,-0.020630512405774102,8.754285714285714,19.937142857142856,16.52,0,0,0,0,0,0,0,0,0,0,0,no mains / natural or DC,13
0,0,8,330,-0.8136844996490371,0.1315958128604999,-0.036805322428052616,7.308571428571429,18.0,13.891428571428571,0,0,0,0,0,0,0,0,0,0,0,no mains / natural or DC,13
0,0,8,340,-0.8136844996490371,0.1315958128604999,-0.036805322428052616,7.308571428571429,18.0,13.891428571428571,0,0,0,0,0,0,0,0,0,0,0,no mains / natural or DC,13
0,0,8,350,-0.8933378093813898,0.15717032380138554,-0.05670339060640278,6.12,17.354285714285716,11.034285714285714,0,0,0,0,0,0,0,0,0,0,0,no mains / natural or DC,13
0,0,8,360,-0.8933378093813898,0.15717032380138554,-0.05670339060640278,6.12,17.354285714285716,11.034285714285714,0,0,0,0,0,0,0,0,0,0,0,no mains / natural or DC,13
0,0,8,370,-0.9540696432386242,0.1783501693777276,-0.07202368236335338,5.148571428571429,17.428571428571427,7.394285714285714,0,0,0,0,0,0,0,0,0,0,0,no mains / natural or DC,13
0,0,8,380,-0.9540696432386242,0.1783501693777276,-0.07202368236335338,5.148571428571429,17.428571428571427,7.394285714285714,0,0,0,0,0,0,0,0,0,0,0,no mains / natural or DC,13
0,0,8,390,-0.9528489028595843,0.18951994384594256,-0.08087405011139256,4.194285714285714,17.428571428571427,3.302857142857143,0,0,0,0,0,0,0,0,0,0,0,no mains / natural or DC,13
0,0,8,400,-0.9528489028595843,0.18951994384594256,-0.08087405011139256,2.9485714285714284,16.18285714285714,0.11428571428571428,0,0,0,0,0,0,0,0,0,0,0,no mains / natural or DC,13
0,0,8,410,-0.9489425336466567,0.20282601397747735,-0.09247108371227149,2.9485714285714284,16.18285714285714,0.11428571428571428,0,0,0,0,0,0,0,0,0,0,0,no mains / natural or DC,13
0,0,8,420,-0.999969481490524,0.23169652394177068,-0.10174871059297463,1.4114285714285715,13.102857142857143,-1.4857142857142858,0,0,0,0,0,0,0,0,0,0,0,no mains / natural or DC,13
0,0,8,430,-0.999969481490524,0.23169652394177068,-0.10174871059297463,1.4114285714285715,13.102857142857143,-1.4857142857142858,0,0,0,0,0,0,0,0,0,0,0,no mains / natural or DC,13
0,0,8,440,-1.0010681478316599,0.2370677816095462,-0.09991760002441481,-0.03428571428571429,10.371428571428572,-2.6742857142857144,0,0,0,0,0,0,0,0,0,0,0,no mains / natural or DC,13
0,0,8,450,-1.0010681478316599,0.2370677816095462,-0.09991760002441481,-0.03428571428571429,10.371428571428572,-2.6742857142857144,0,0,0,0,0,0,0,0,0,0,0,no mains / natural or DC,13
0,0,8,460,-0.9313028351695303,0.19910275582140569,-0.09186071352275155,-1.52,7.514285714285714,-6.0685714285714285,0,0,0,0,0,0,0,0,0,0,0,no mains / natural or DC,13
0,0,8,470,-0.9313028351695303,0.19910275582140569,-0.09186071352275155,-1.52,7.514285714285714,-6.0685714285714285,0,0,0,0,0,0,0,0,0,0,0,no mains / natural or DC,13
0,0,8,480,-1.4203924680318614,0.2520218512527848,-0.15198217719046603,-2.617142857142857,0.5657142857142857,-12.034285714285714,0,0,0,0,0,0,0,0,0,0,0,no mains / natural or DC,13
0,0,8,490,-1.4203924680318614,0.2520218512527848,-0.15198217719046603,-2.617142857142857,0.5657142857142857,-12.034285714285714,0,0,0,0,0,0,0,0,0,0,0,no mains / natural or DC,13
0,0,8,500,-1.292886135441145,0.15765861995300148,-0.04278695028534806,-4.48,-0.8914285714285715,-20.30857142857143,0,0,0,0,0,0,0,0,0,0,0,no mains / natural or DC,13
0,0,8,510,-1.292886135441145,0.15765861995300148,-0.04278695028534806,-4.48,-0.8914285714285715,-20.30857142857143,0,0,0,0,0,0,0,0,0,0,0,no mains / natural or DC,13
0,0,8,520,-0.7091891232032228,0.035828730124820705,-0.21839045381023592,-7.508571428571429,2.9714285714285715,-29.314285714285713,0,0,0,0,0,0,0,0,0,0,0,no mains / natural or DC,13
0,0,8,530,-0.7091891232032228,0.035828730124820705,-0.21839045381023592,-7.508571428571429,-17.50857142857143,-40.177142857142854,0,0,0,0,0,0,0,0,0,0,0,no mains / natural or DC,13
0,0,8,540,-1.1334574419385357,-0.01867732779931028,-0.2806482131412702,-7.68,-16.14857142857143,-40.177142857142854,0,0,0,0,0,0,0,0,0,0,0,no mains / natural or DC,13
0,0,8,550,-1.3570970793786432,-0.22925504318369092,-0.2639851069673757,-4.708571428571428,-11.24,-48.22857142857143,0,0,0,0,0,0,0,0,0,0,0,no mains / natural or DC,13
0,0,8,560,-1.3570970793786432,-0.22925504318369092,-0.2639851069673757,-4.708571428571428,-11.24,-48.22857142857143,0,0,0,0,0,0,0,0,0,0,0,no mains / natural or DC,13
0,0,8,570,-1.2529679250465406,-0.3548081911679434,-0.28955961790826135,-1.177142857142857,-3.222857142857143,-51.285714285714285,0,0,0,0,0,0,0,0,0,0,0,no mains / natural or DC,13
0,0,8,580,-1.2529679250465406,-0.3548081911679434,-0.28955961790826135,-1.177142857142857,-3.222857142857143,-51.285714285714285,0,0,0,0,0,0,0,0,0,0,0,no mains / natural or DC,13
0,0,8,590,-1.1665395062105166,-0.5067903683584094,-0.25464644306772055,0.33714285714285713,-9.777142857142858,-45.177142857142854,0,0,0,0,0,0,0,0,0,0,0,no mains / natural or DC,13
0,0,8,600,-1.1665395062105166,-0.5067903683584094,-0.25464644306772055,0.33714285714285713,-9.777142857142858,-45.177142857142854,0,0,0,0,0,0,0,0,0,0,0,no mains / natural or DC,13
0,0,8,610,-1.1943723868526261,-0.5471358378856777,-0.20410779137546922,-0.46285714285714286,-17.377142857142857,-30.66857142857143,0,0,0,0,0,0,0,0,0,0,0,no mains / natural or DC,13
0,0,8,620,-1.1943723868526261,-0.5471358378856777,-0.20410779137546922,-0.46285714285714286,-17.377142857142857,-30.66857142857143,0,0,0,0,0,0,0,0,0,0,0,no mains / natural or DC,13
0,0,8,630,-1.238013855403302,-0.5303506576738792,-0.1835993530075991,-1.502857142857143,-18.057142857142857,-16.291428571428572,0,0,0,0,0,0,0,0,0,0,0,no mains / natural or DC,13
0,0,8,640,-1.238013855403302,-0.5303506576738792,-0.1835993530075991,-1.502857142857143,-18.057142857142857,-16.291428571428572,0,0,0,0,0,0,0,0,0,0,0,no mains / natural or DC,13
0,0,8,650,-1.2214728232673115,-0.4925687429425947,-0.14960173345133823,-1.72,-15.417142857142856,-7.6971428571428575,0,0,0,0,0,0,0,0,0,0,0,no mains / natural or DC,13
0,0,8,660,-1.2214728232673115,-0.4925687429425947,-0.14960173345133823,-1.72,-15.417142857142856,-7.6971428571428575,0,0,0,0,0,0,0,0,0,0,0,no mains / natural or DC,13
0,0,8,670,-1.0908536027100437,-0.435071871089816,-0.12201300088503678,-1.1028571428571428,-11.028571428571428,-1.4057142857142857,0,0,0,0,0,0,0,0,0,0,0,no mains / natural or DC,13
0,0,8,680,-1.0908536027100437,-0.435071871089816,-0.10223700674459059,-0.2857142857142857,-8.502857142857144,6.394285714285714,0,0,0,0,0,0,0,0,0,0,0,no mains / natural or DC,13
0,0,8,690,-0.9660328989532151,-0.3667104098635823,-0.10223700674459059,-0.2857142857142857,-8.502857142857144,6.394285714285714,0,0,0,0,0,0,0,0,0,0,0,no mains / natural or DC,13
0,0,8,700,-0.8515274513992737,-0.2868739890743736,-0.08862575151829585,0.64,-7.3428571428571425,14.228571428571428,0,0,0,0,0,0,0,0,0,0,0,no mains / natural or DC,13
0,0,8,710,-0.8515274513992737,-0.2868739890743736,-0.08862575151829585,0.64,-7.3428571428571425,14.228571428571428,0,0,0,0,0,0,0,0,0,0,0,no mains / natural or DC,13
0,0,8,720,-0.728720969267861,-0.19476912747581407,-0.08966338084047976,1.8457142857142856,-7.708571428571428,21.82857142857143,0,0,0,0,0,0,0,0,0,0,0,no mains / natural or DC,13
0,0,8,730,-0.728720969267861,-0.19476912747581407,-0.08966338084047976,1.8457142857142856,-7.708571428571428,21.82857142857143,0,0,0,0,0,0,0,0,0,0,0,no mains / natural or DC,13
0,0,8,740,-0.6533402508621479,-0.11944944608905302,-0.08734397412030397,3.9314285714285715,-8.148571428571428,28.405714285714286,0,0,0,0,0,0,0,0,0,0,0,no mains / natural or DC,13
0,0,8,750,-0.6533402508621479,-0.11944944608905302,-0.08734397412030397,3.9314285714285715,-8.148571428571428,28.405714285714286,0,0,0,0,0,0,0,0,0,0,0,no mains / natural or DC,13
0,0,8,760,-0.5999938962981048,-0.05883968626972259,-0.08227790154728842,6.502857142857143,-7.994285714285715,32.72,0,0,0,0,0,0,0,0,0,0,0,no mains / natural or DC,13
0,0,8,770,-0.5999938962981048,-0.05883968626972259,-0.08227790154728842,6.502857142857143,-7.994285714285715,32.72,0,0,0,0,0,0,0,0,0,0,0,no mains / natural or DC,13
0,0,8,780,-0.5827204199346904,-0.010376293221839045,-0.07452620014038515,9.074285714285715,-8.365714285714287,34.457142857142856,0,0,0,0,0,0,0,0,0,0,0,no mains / natural or DC,13
0,0,8,790,-0.5827204199346904,-0.010376293221839045,-0.07452620014038515,9.074285714285715,-8.365714285714287,34.457142857142856,0,0,0,0,0,0,0,0,0,0,0,no mains / natural or DC,13
0,0,8,800,-0.6118961149937437,0.038758507034516436,-0.06921597949156164,11.582857142857144,-9.537142857142857,33.57142857142857,0,0,0,0,0,0,0,0,0,0,0,no mains / natural or DC,13
0,0,8,810,-0.6118961149937437,0.038758507034516436,-0.06921597949156164,14.085714285714285,-10.062857142857142,31.21142857142857,0,0,0,0,0,0,0,0,0,0,0,no mains / natural or DC,13
0,0,8,820,-0.6479079561754204,0.0792870876186407,-0.06884975737784967,14.085714285714285,-10.062857142857142,31.21142857142857,0,0,0,0,0,0,0,0,0,0,0,no mains / natural or DC,13
0,0,8,830,-0.6852626117740409,0.09942930387279886,-0.06811731315042574,16.32,-10.017142857142858,28.05142857142857,0,0,0,0,0,0,0,0,0,0,0,no mains / natural or DC,13
0,0,8,840,-0.6852626117740409,0.09942930387279886,-0.06811731315042574,16.32,-10.017142857142858,28.05142857142857,0,0,0,0,0,0,0,0,0,0,0,no mains / natural or DC,13
0,0,8,850,-0.7448347422711875,0.11218604083376568,-0.06817835016937773,17.857142857142858,-10.377142857142857,23.805714285714284,0,0,0,0,0,0,0,0,0,0,0,no mains / natural or DC,13
0,0,8,860,-0.7448347422711875,0.11218604083376568,-0.06817835016937773,17.857142857142858,-10.377142857142857,23.805714285714284,0,0,0,0,0,0,0,0,0,0,0,no mains / natural or DC,13
0,0,8,870,-0.7893307290871914,0.12457655568102054,-0.06909390545365765,18.554285714285715,-10.234285714285715,19.17142857142857,0,0,0,0,0,0,0,0,0,0,0,no mains / natural or DC,14
0,0,8,880,-0.7893307290871914,0.12457655568102054,-0.06909390545365765,18.554285714285715,-10.234285714285715,19.17142857142857,0,0,0,0,0,0,0,0,0,0,0,no mains / natural or DC,14
0,0,8,890,-0.8214972380748924,0.13745536667989136,-0.07947019867549669,18.634285714285713,-9.382857142857143,14.948571428571428,0,0,0,0,0,0,0,0,0,0,0,no mains / natural or DC,14
0,0,8,900,-0.8214972380748924,0.13745536667989136,-0.07947019867549669,18.634285714285713,-9.382857142857143,14.948571428571428,0,0,0,0,0,0,0,0,0,0,0,no mains / natural or DC,14
0,0,8,910,-0.848231452375866,0.14703817865535448,-0.09369182409131138,18.354285714285716,-8.188571428571429,11.388571428571428,0,0,0,0,0,0,0,0,0,0,0,no mains / natural or DC,14
0,0,8,920,-0.848231452375866,0.14703817865535448,-0.09369182409131138,18.354285714285716,-8.188571428571429,11.388571428571428,0,0,0,0,0,0,0,0,0,0,0,no mains / natural or DC,14
0,0,8,930,-0.8966338084047976,0.16016113773003327,-0.10864589373455,18.125714285714285,-6.977142857142857,7.3428571428571425,0,0,0,0,0,0,0,0,0,0,0,no mains / natural or DC,14
0,0,8,940,-0.8966338084047976,0.16016113773003327,-0.10864589373455,18.125714285714285,-6.977142857142857,7.3428571428571425,0,0,0,0,0,0,0,0,0,0,0,no mains / natural or DC,14
0,0,8,950,-0.9398480178228096,0.1771904660176397,-0.1250038148136845,18.177142857142858,-6.3028571428571425,2.68,0,0,0,0,0,0,0,0,0,0,0,no mains / natural or DC,14
0,0,8,960,-0.9706717123935666,0.18659016693624683,-0.13843195898312327,18.474285714285713,-6.1257142857142854,-2.182857142857143,0,0,0,0,0,0,0,0,0,0,0,no mains / natural or DC,14
0,0,8,970,-0.9706717123935666,0.18659016693624683,-0.13843195898312327,18.474285714285713,-6.1257142857142854,-2.182857142857143,0,0,0,0,0,0,0,0,0,0,0,no mains / natural or DC,14
0,0,8,980,-1.0051576281014436,0.19312112796411024,-0.1508835108493301,18.834285714285713,-7.2457142857142856,-7.594285714285714,0,0,0,0,0,0,0,0,0,0,0,no mains / natural or DC,14
0,0,8,990,-1.0051576281014436,0.19312112796411024,-0.1508835108493301,18.834285714285713,-7.2457142857142856,-7.594285714285714,0,0,0,0,0,0,0,0,0,0,0,no mains / natural or DC,14
0,0,9,0,-1.0160222174748985,0.19409772026734215,-0.16290780358287302,19.37142857142857,-8.697142857142858,-12.977142857142857,0,0,0,0,0,0,0,0,0,0,0,no mains / natural or DC,14
0,0,9,10,-1.0160222174748985,0.19409772026734215,-0.16290780358287302,19.37142857142857,-8.697142857142858,-12.977142857142857,0,0,0,0,0,0,0,0,0,0,0,no mains / natural or DC,14
0,0,9,20,-0.9380779442732017,0.17517624439222387,-0.16705832087160863,19.902857142857144,-10.062857142857142,-17.65714285714286,0,0,0,0,0,0,0,0,0,0,0,no mains / natural or DC,14
0,0,9,30,-0.9380779442732017,0.17517624439222387,-0.16705832087160863,19.902857142857144,-10.062857142857142,-17.65714285714286,0,0,0,0,0,0,0,0,0,0,0,no mains / natural or DC,14
0,0,9,40,-0.9067659535508286,0.15271462141788994,-0.15491195410016176,20.24,-13.222857142857142,-21.725714285714286,0,0,0,0,0,0,0,0,0,0,0,no mains / natural or DC,14
0,0,9,50,-0.9067659535508286,0.15271462141788994,-0.15491195410016176,20.24,-13.222857142857142,-21.725714285714286,0,0,0,0,0,0,0,0,0,0,0,no mains / natural or DC,14
0,0,9,60,-1.4922330393383587,0.23731192968535417,-0.16498306222724082,21.70285714285714,-20.542857142857144,-25.674285714285713,0,0,0,0,0,0,0,0,0,0,0,no mains / natural or DC,14
0,0,9,70,-1.4922330393383587,0.23731192968535417,-0.16498306222724082,21.70285714285714,-20.542857142857144,-25.674285714285713,0,0,0,0,0,0,0,0,0,0,0,no mains / natural or DC,14
0,0,9,80,-1.262062440870388,0.1402020325327311,-0.032837916196172975,23.554285714285715,-20.274285714285714,-31.525714285714287,0,0,0,0,0,0,0,0,0,0,0,no mains / natural or DC,14
0,0,9,90,-1.262062440870388,0.1402020325327311,-0.032837916196172975,26.005714285714287,-11.354285714285714,-33.371428571428574,0,0,0,0,0,0,0,0,0,0,0,no mains / natural or DC,14
0,0,9,100,-0.8579363383892331,0.08459730826746421,-0.024170659504989776,26.005714285714287,-11.354285714285714,-33.371428571428574,0,0,0,0,0,0,0,0,0,0,0,no mains / natural or DC,14
0,0,9,110,-0.9159215063936277,-0.14508499404889066,0.2056947538682211,26.411428571428573,-18.834285714285713,-31.65714285714286,0,0,0,0,0,0,0,0,0,0,0,no mains / natural or DC,14
0,0,9,120,-0.9159215063936277,-0.14508499404889066,0.2056947538682211,26.411428571428573,-18.834285714285713,-31.65714285714286,0,0,0,0,0,0,0,0,0,0,0,no mains / natural or DC,14
0,0,9,130,-1.0683919797357098,-0.4831690420239875,0.4372081667531358,22.588571428571427,-28.125714285714285,-32.42285714285714,0,0,0,0,0,0,0,0,0,0,0,no mains / natural or DC,14
0,0,9,140,-1.0683919797357098,-0.4831690420239875,0.4372081667531358,22.588571428571427,-28.125714285714285,-32.42285714285714,0,0,0,0,0,0,0,0,0,0,0,no mains / natural or DC,14
0,0,9,150,-1.2216559343241675,-0.5827814569536424,0.5065462202826014,14.982857142857142,-37.24,-33.925714285714285,0,0,0,0,0,0,0,0,0,0,0,no mains / natural or DC,14
0,0,9,160,-1.2216559343241675,-0.5827814569536424,0.5065462202826014,14.982857142857142,-37.24,-33.925714285714285,0,0,0,0,0,0,0,0,0,0,0,no mains / natural or DC,14
0,0,9,170,-1.4935758537553026,-0.5062410351878415,0.5042268135624256,10.571428571428571,-31.16,-26.34285714285714,0,0,0,0,0,0,0,0,0,0,0,no mains / natural or DC,14
0,0,9,180,-1.4935758537553026,-0.5062410351878415,0.5042268135624256,10.571428571428571,-31.16,-26.34285714285714,0,0,0,0,0,0,0,0,0,0,0,no mains / natural or DC,14
0,0,9,190,-1.4620807519760735,-0.4644306772057253,0.4853663747062593,11.297142857142857,-9.85142857142857,-13.52,0,0,0,0,0,0,0,0,0,0,0,no mains / natural or DC,14
0,0,9,200,-1.4620807519760735,-0.4644306772057253,0.4853663747062593,11.297142857142857,-9.85142857142857,-13.52,0,0,0,0,0,0,0,0,0,0,0,no mains / natural or DC,14
0,0,9,210,-1.3744926297799616,-0.3932004760887478,0.4252449110385449,14.462857142857143,7.222857142857142,-2.354285714285714,0,0,0,0,0,0,0,0,0,0,0,no mains / natural or DC,14
0,0,9,220,-1.3744926297799616,-0.3932004760887478,0.4252449110385449,14.462857142857143,14.537142857142857,6.011428571428572,0,0,0,0,0,0,0,0,0,0,0,no mains / natural or DC,14
0,0,9,230,-1.2525406659138767,-0.3391216772972808,0.3937498092593158,16.394285714285715,13.788571428571428,6.011428571428572,0,0,0,0,0,0,0,0,0,0,0,no mains / natural or DC,14
0,0,9,240,-1.1664174321726126,-0.2326120792260506,0.3248390148625141,16.69142857142857,13.457142857142857,13.56,0,0,0,0,0,0,0,0,0,0,0,no mains / natural or DC,14
0,0,9,250,-1.1664174321726126,-0.2326120792260506,0.3248390148625141,16.69142857142857,13.457142857142857,13.56,0,0,0,0,0,0,0,0,0,0,0,no mains / natural or DC,14
0,0,9,260,-1.1348612933744315,-0.16382335886715294,0.282906582842494,17.18857142857143,10.765714285714285,18.428571428571427,0,0,0,0,0,0,0,0,0,0,0,no mains / natural or DC,14
0,0,9,270,-1.1348612933744315,-0.16382335886715294,0.282906582842494,17.18857142857143,10.765714285714285,18.428571428571427,0,0,0,0,0,0,0,0,0,0,0,no mains / natural or DC,14
0,0,9,280,-1.096774193548387,-0.09698782311471908,0.22766808069093905,18.697142857142858,11.777142857142858,20.577142857142857,0,0,0,0,0,0,0,0,0,0,0,no mains / natural or DC,14
0,0,9,290,-1.096774193548387,-0.09698782311471908,0.22766808069093905,18.697142857142858,11.777142857142858,20.577142857142857,0,0,0,0,0,0,0,0,0,0,0,no mains / natural or DC,14
0,0,9,300,-1.0072939237647633,-0.06573686941129796,0.17999816888943143,20.70285714285714,14.954285714285714,20.062857142857144,0,0,0,0,0,0,0,0,0,0,0,no mains / natural or DC,14
0,0,9,310,-1.0072939237647633,-0.06573686941129796,0.17999816888943143,20.70285714285714,14.954285714285714,20.062857142857144,0,0,0,0,0,0,0,0,0,0,0,no mains / natural or DC,14
0,0,9,320,-0.8675801873836482,-0.05377361369670705,0.13458662678914762,22.154285714285713,19.045714285714286,19.01142857142857,0,0,0,0,0,0,0,0,0,0,0,no mains / natural or DC,14
0,0,9,330,-0.8675801873836482,-0.05377361369670705,0.13458662678914762,22.154285714285713,19.045714285714286,19.01142857142857,0,0,0,0,0,0,0,0,0,0,0,no mains / natural or DC,14
0,0,9,340,-0.749839777825251,-0.036133915219580676,0.09637745292519913,22.377142857142857,21.714285714285715,18.89142857142857,0,0,0,0,0,0,0,0,0,0,0,no mains / natural or DC,14
0,0,9,350,-0.749839777825251,-0.036133915219580676,0.09637745292519913,22.377142857142857,21.714285714285715,18.89142857142857,0,0,0,0,0,0,0,0,0,0,0,no mains / natural or DC,14
0,0,9,360,-0.6452223273415326,-0.020813623462630083,0.07184057130649739,21.30857142857143,22.674285714285713,20.217142857142857,0,0,0,0,0,0,0,0,0,0,0,no mains / natural or DC,14
0,0,9,370,-0.6452223273415326,-0.005188146610919523,0.0467543565172277,19.251428571428573,22.434285714285714,21.885714285714286,0,0,0,0,0,0,0,0,0,0,0,no mains / natural or DC,14
0,0,9,380,-0.5849787896359142,-0.0018311105685598315,0.0467543565172277,19.251428571428573,22.434285714285714,21.885714285714286,0,0,0,0,0,0,0,0,0,0,0,no mains / natural or DC,14
0,0,9,390,-0.5620288705099643,0.02563554795983764,0.02655110324411756,16.605714285714285,20.954285714285714,23.46857142857143,0,0,0,0,0,0,0,0,0,0,0,no mains / natural or DC,14
0,0,9,400,-0.5620288705099643,0.02563554795983764,0.02655110324411756,16.605714285714285,20.954285714285714,23.46857142857143,0,0,0,0,0,0,0,0,0,0,0,no mains / natural or DC,14
0,0,9,410,-0.5898007141331217,0.04510635700552385,0.016235847041230506,14.04,19.142857142857142,23.428571428571427,0,0,0,0,0,0,0,0,0,0,0,no mains / natural or DC,14
0,0,9,420,-0.5898007141331217,0.04510635700552385,0.016235847041230506,14.04,19.142857142857142,23.428571428571427,0,0,0,0,0,0,0,0,0,0,0,no mains / natural or DC,14
0,0,9,430,-0.6126285592211677,0.06335642567217017,0.014038514358958708,11.605714285714285,17.36,20.88,0,0,0,0,0,0,0,0,0,0,0,no mains / natural or DC,14
0,0,9,440,-0.6126285592211677,0.06335642567217017,0.014038514358958708,11.605714285714285,17.36,20.88,0,0,0,0,0,0,0,0,0,0,0,no mains / natural or DC,15
0,0,9,450,-0.6386913663136693,0.0836817529831843,0.004821924497207556,9.251428571428571,15.251428571428571,16.605714285714285,0,0,0,0,0,0,0,0,0,0,0,no mains / natural or DC,15
0,0,9,460,-0.6386913663136693,0.0836817529831843,0.004821924497207556,9.251428571428571,15.251428571428571,16.605714285714285,0,0,0,0,0,0,0,0,0,0,0,no mains / natural or DC,15
0,0,9,470,-0.6889858699301126,0.1031525620288705,0.0003051850947599719,7.08,12.628571428571428,11.051428571428572,0,0,0,0,0,0,0,0,0,0,0,no mains / natural or DC,15
0,0,9,480,-0.6889858699301126,0.1031525620288705,0.0003051850947599719,7.08,12.628571428571428,11.051428571428572,0,0,0,0,0,0,0,0,0,0,0,no mains / natural or DC,15
0,0,9,490,-0.771263771477401,0.13147373882259591,-0.00988799707022309,5.08,10.411428571428571,4.982857142857143,0,0,0,0,0,0,0,0,0,0,0,no mains / natural or DC,15
0,0,9,500,-0.771263771477401,0.13147373882259591,-0.00988799707022309,3.3142857142857145,8.605714285714285,-1.0971428571428572,0,0,0,0,0,0,0,0,0,0,0,no mains / natural or DC,15
0,0,9,510,-0.8448133793145542,0.15387432477797786,-0.011597033600878933,3.3142857142857145,8.605714285714285,-1.0971428571428572,0,0,0,0,0,0,0,0,0,0,0,no mains / natural or DC,15
0,0,9,520,-0.9031647694326609,0.17621387371440778,-0.016418958098086488,1.7942857142857143,7.091428571428572,-6.64,0,0,0,0,0,0,0,0,0,0,0,no mains / natural or DC,15
0,0,9,530,-0.9031647694326609,0.17621387371440778,-0.016418958098086488,1.7942857142857143,7.091428571428572,-6.64,0,0,0,0,0,0,0,0,0,0,0,no mains / natural or DC,15
0,0,9,540,-0.9300820947904904,0.18726157414471878,-0.009949034089175085,0.4857142857142857,5.485714285714286,-11.114285714285714,0,0,0,0,0,0,0,0,0,0,0,no mains / natural or DC,15
0,0,9,550,-0.9300820947904904,0.18726157414471878,-0.009949034089175085,0.4857142857142857,5.485714285714286,-11.114285714285714,0,0,0,0,0,0,0,0,0,0,0,no mains / natural or DC,15
0,0,9,560,-0.978789635914182,0.20050660725730154,-0.005737479781487472,-0.49142857142857144,3.8857142857142857,-14.274285714285714,0,0,0,0,0,0,0,0,0,0,0,no mains / natural or DC,15
0,0,9,570,-0.978789635914182,0.20050660725730154,-0.005737479781487472,-0.49142857142857144,3.8857142857142857,-14.274285714285714,0,0,0,0,0,0,0,0,0,0,0,no mains / natural or DC,15
0,0,9,580,-1.0404980620746482,0.21143223364970853,0.007751701406903287,-1.3828571428571428,2.182857142857143,-16.18857142857143,0,0,0,0,0,0,0,0,0,0,0,no mains / natural or DC,15
0,0,9,590,-1.0404980620746482,0.21143223364970853,0.007751701406903287,-1.3828571428571428,2.182857142857143,-16.18857142857143,0,0,0,0,0,0,0,0,0,0,0,no mains / natural or DC,15
0,0,9,600,-1.0558793908505508,0.20557267983031707,0.022095400860621967,-2.3771428571428572,0.6857142857142857,-17.662857142857142,0,0,0,0,0,0,0,0,0,0,0,no mains / natural or DC,15
0,0,9,610,-1.0558793908505508,0.20557267983031707,0.022095400860621967,-2.3771428571428572,0.6857142857142857,-17.662857142857142,0,0,0,0,0,0,0,0,0,0,0,no mains / natural or DC,15
0,0,9,620,-1.022919400616474,0.1759697256385998,0.03668324839014862,-3.5942857142857143,-1.302857142857143,-20.01142857142857,0,0,0,0,0,0,0,0,0,0,0,no mains / natural or DC,15
0,0,9,630,-1.022919400616474,0.1759697256385998,0.03668324839014862,-3.5942857142857143,-1.302857142857143,-24.4,0,0,0,0,0,0,0,0,0,0,0,no mains / natural or DC,15
0,0,9,640,-0.9524826807458724,0.1294595171971801,0.04113895077364421,-5.091428571428572,-3.0171428571428573,-24.091428571428573,0,0,0,0,0,0,0,0,0,0,0,no mains / natural or DC,15
0,0,9,650,-1.3053987243263039,0.18091372417371135,-0.021790215765861994,-5.8742857142857146,-5.8914285714285715,-29.34285714285714,0,0,0,0,0,0,0,0,0,0,0,no mains / natural or DC,15
0,0,9,660,-1.3053987243263039,0.18091372417371135,-0.021790215765861994,-5.8742857142857146,-5.8914285714285715,-29.34285714285714,0,0,0,0,0,0,0,0,0,0,0,no mains / natural or DC,15
0,0,9,670,-1.304300057985168,0.14734336375011445,0.10687582018494217,-6.017142857142857,-4.977142857142857,-33.45142857142857,0,0,0,0,0,0,0,0,0,0,0,no mains / natural or DC,15
0,0,9,680,-1.304300057985168,0.14734336375011445,0.10687582018494217,-6.017142857142857,-4.977142857142857,-33.45142857142857,0,0,0,0,0,0,0,0,0,0,0,no mains / natural or DC,15
0,0,9,690,-0.609027375103,-0.009399700918607135,-0.09082308420056764,-7.365714285714286,6.805714285714286,-34.97142857142857,0,0,0,0,0,0,0,0,0,0,0,no mains / natural or DC,15
0,0,9,700,-0.609027375103,-0.009399700918607135,-0.09082308420056764,-7.365714285714286,6.805714285714286,-34.97142857142857,0,0,0,0,0,0,0,0,0,0,0,no mains / natural or DC,15
0,0,9,710,-0.9823908200323496,-0.10687582018494217,-0.20184942167424544,-5.908571428571428,-5.16,-37.76,0,0,0,0,0,0,0,0,0,0,0,no mains / natural or DC,15
0,0,9,720,-0.9823908200323496,-0.10687582018494217,-0.20184942167424544,-5.908571428571428,-5.16,-37.76,0,0,0,0,0,0,0,0,0,0,0,no mains / natural or DC,15
0,0,9,730,-1.118564409314249,-0.4495986816003906,-0.15601062044129765,-2.3085714285714287,1.6742857142857144,-41.8,0,0,0,0,0,0,0,0,0,0,0,no mains / natural or DC,15
0,0,9,740,-1.118564409314249,-0.4495986816003906,-0.15601062044129765,-2.3085714285714287,1.6742857142857144,-41.8,0,0,0,0,0,0,0,0,0,0,0,no mains / natural or DC,15
0,0,9,750,-1.1011078218939787,-0.5909604174932096,-0.22669148838770714,-0.17142857142857143,9.937142857142858,-39.85142857142857,0,0,0,0,0,0,0,0,0,0,0,no mains / natural or DC,15
0,0,9,760,-1.1011078218939787,-0.5909604174932096,-0.22669148838770714,-0.17142857142857143,9.937142857142858,-39.85142857142857,0,0,0,0,0,0,0,0,0,0,0,no mains / natural or DC,15
0,0,9,770,-1.1218604083376569,-0.6752525406659139,-0.1945860164189581,-0.48,0.6971428571428572,-28.365714285714287,0,0,0,0,0,0,0,0,0,0,0,no mains / natural or DC,15
0,0,9,780,-1.1218604083376569,-0.6752525406659139,-0.1945860164189581,-1.8457142857142856,-5.542857142857143,-10.377142857142857,0,0,0,0,0,0,0,0,0,0,0,no mains / natural or DC,15
0,0,9,790,-1.1664174321726126,-0.6380199591051973,-0.20191045869319743,-1.8457142857142856,-5.542857142857143,-10.377142857142857,0,0,0,0,0,0,0,0,0,0,0,no mains / natural or DC,15
0,0,9,800,-1.2670674764244514,-0.5132602923673207,-0.19513534958952605,-2.422857142857143,-10.188571428571429,3.7314285714285713,0,0,0,0,0,0,0,0,0,0,0,no mains / natural or DC,15
0,0,9,810,-1.2670674764244514,-0.5132602923673207,-0.19513534958952605,-2.422857142857143,-10.188571428571429,3.7314285714285713,0,0,0,0,0,0,0,0,0,0,0,no mains / natural or DC,15
0,0,9,820,-1.3028962065492722,-0.3937498092593158,-0.19531846064638203,-0.6342857142857142,-9.297142857142857,12.76,0,0,0,0,0,0,0,0,0,0,0,no mains / natural or DC,15
0,0,9,830,-1.3028962065492722,-0.3937498092593158,-0.19531846064638203,-0.6342857142857142,-9.297142857142857,12.76,0,0,0,0,0,0,0,0,0,0,0,no mains / natural or DC,15
0,0,9,840,-1.2582171086764122,-0.3098849452192755,-0.1990417188024537,2.737142857142857,-5.394285714285714,16.965714285714284,0,0,0,0,0,0,0,0,0,0,0,no mains / natural or DC,15
0,0,9,850,-1.2582171086764122,-0.3098849452192755,-0.1990417188024537,2.737142857142857,-5.394285714285714,16.965714285714284,0,0,0,0,0,0,0,0,0,0,0,no mains / natural or DC,15
0,0,9,860,-1.1843623157444991,-0.24646748252815331,-0.18640705587939085,6.354285714285714,-2.9314285714285715,18.48,0,0,0,0,0,0,0,0,0,0,0,no mains / natural or DC,15
0,0,9,870,-1.1843623157444991,-0.24646748252815331,-0.18640705587939085,6.354285714285714,-2.9314285714285715,18.48,0,0,0,0,0,0,0,0,0,0,0,no mains / natural or DC,15
0,0,9,880,-1.0811487166966764,-0.20490127262184515,-0.16492202520828883,9.04,-2.657142857142857,20.125714285714285,0,0,0,0,0,0,0,0,0,0,0,no mains / natural or DC,15
0,0,9,890,-1.0811487166966764,-0.20490127262184515,-0.16492202520828883,9.04,-2.657142857142857,20.125714285714285,0,0,0,0,0,0,0,0,0,0,0,no mains / natural or DC,15
0,0,9,900,-0.9574266792809839,-0.15619373149815363,-0.1498458815271462,10.2,-5.051428571428572,22.44,0,0,0,0,0,0,0,0,0,0,0,no mains / natural or DC,15
0,0,9,910,-0.9574266792809839,-0.15619373149815363,-0.1498458815271462,10.2,-8.382857142857143,25.85142857142857,0,0,0,0,0,0,0,0,0,0,0,no mains / natural or DC,15
0,0,9,920,-0.8531754509109775,-0.10382396923734245,-0.13647877437665945,10.565714285714286,-8.382857142857143,25.85142857142857,0,0,0,0,0,0,0,0,0,0,0,no mains / natural or DC,15
0,0,9,930,-0.7633899960325937,-0.06219672231208228,-0.11395611438337351,10.525714285714285,-11.24,29.588571428571427,0,0,0,0,0,0,0,0,0,0,0,no mains / natural or DC,15
0,0,9,940,-0.7633899960325937,-0.06219672231208228,-0.11395611438337351,10.525714285714285,-11.24,29.588571428571427,0,0,0,0,0,0,0,0,0,0,0,no mains / natural or DC,15
0,0,9,950,-0.7029633472701193,-0.021179845576342053,-0.09405804620502335,10.262857142857143,-13.451428571428572,32.57714285714286,0,0,0,0,0,0,0,0,0,0,0,no mains / natural or DC,15
0,0,9,960,-0.7029633472701193,-0.021179845576342053,-0.09405804620502335,10.262857142857143,-13.451428571428572,32.57714285714286,0,0,0,0,0,0,0,0,0,0,0,no mains / natural or DC,15
0,0,9,970,-0.6642658772545549,0.010803552354503006,-0.076052125614185,9.72,-15.16,34.46857142857143,0,0,0,0,0,0,0,0,0,0,0,no mains / natural or DC,15
0,0,9,980,-0.6642658772545549,0.010803552354503006,-0.076052125614185,9.72,-15.16,34.46857142857143,0,0,0,0,0,0,0,0,0,0,0,no mains / natural or DC,15
0,0,9,990,-0.6275826288644063,0.03338724936674093,-0.05767998290963469,8.925714285714285,-16.057142857142857,34.994285714285716,0,0,0,0,0,0,0,0,0,0,0,no mains / natural or DC,15
0,0,10,0,-0.6275826288644063,0.03338724936674093,-0.05767998290963469,8.925714285714285,-16.057142857142857,34.994285714285716,0,0,0,0,0,0,0,0,0,0,0,no mains / natural or DC,15
0,0,10,10,-0.6118350779747918,0.05731376079592273,-0.04699850459303567,7.8914285714285715,-16.457142857142856,34.12,0,0,0,0,0,0,0,0,0,0,0,no mains / natural or DC,15
0,0,10,20,-0.6118350779747918,0.05731376079592273,-0.04699850459303567,7.8914285714285715,-16.457142857142856,34.12,0,0,0,0,0,0,0,0,0,0,0,no mains / natural or DC,15
0,0,10,30,-0.6426587725455489,0.08069093905453657,-0.040711691640980256,6.828571428571428,-16.78857142857143,32.10285714285714,0,0,0,0,0,0,0,0,0,0,0,no mains / natural or DC,15
0,0,10,40,-0.6426587725455489,0.08069093905453657,-0.040711691640980256,6.828571428571428,-16.78857142857143,32.10285714285714,0,0,0,0,0,0,0,0,0,0,0,no mains / natural or DC,15
0,0,10,50,-0.6922818689535203,0.10168767357402264,-0.035828730124820705,5.857142857142857,-15.891428571428571,28.70285714285714,0,0,0,0,0,0,0,0,0,0,0,no mains / natural or DC,15
0,0,10,60,-0.6922818689535203,0.11993774224066897,-0.04113895077364421,5.0285714285714285,-14.108571428571429,23.72,0,0,0,0,0,0,0,0,0,0,0,no mains / natural or DC,16
0,0,10,70,-0.727866451002533,0.11993774224066897,-0.04113895077364421,5.0285714285714285,-14.108571428571429,23.72,0,0,0,0,0,0,0,0,0,0,0,no mains / natural or DC,16
0,0,10,80,-0.7901852473525193,0.13708914456617938,-0.04467909787285989,4.257142857142857,-12.291428571428572,17.65142857142857,0,0,0,0,0,0,0,0,0,0,0,no mains / natural or DC,16
0,0,10,90,-0.7901852473525193,0.13708914456617938,-0.04467909787285989,4.257142857142857,-12.291428571428572,17.65142857142857,0,0,0,0,0,0,0,0,0,0,0,no mains / natural or DC,16
0,0,10,100,-0.8575090792565692,0.15680410168767359,-0.05389568773461104,3.5314285714285716,-10.222857142857142,11.12,0,0,0,0,0,0,0,0,0,0,0,no mains / natural or DC,16
0,0,10,110,-0.8575090792565692,0.15680410168767359,-0.05389568773461104,3.5314285714285716,-10.222857142857142,11.12,0,0,0,0,0,0,0,0,0,0,0,no mains / natural or DC,16
0,0,10,120,-0.89150669881283,0.17303994872890407,-0.06665242469557786,2.68,-8.274285714285714,4.7371428571428575,0,0,0,0,0,0,0,0,0,0,0,no mains / natural or DC,16
0,0,10,130,-0.89150669881283,0.17303994872890407,-0.06665242469557786,2.68,-8.274285714285714,4.7371428571428575,0,0,0,0,0,0,0,0,0,0,0,no mains / natural or DC,16
0,0,10,140,-0.9211706900234993,0.19708853419598987,-0.08612323374126407,1.697142857142857,-7.057142857142857,-0.4114285714285714,0,0,0,0,0,0,0,0,0,0,0,no mains / natural or DC,16
0,0,10,150,-0.9211706900234993,0.19708853419598987,-0.08612323374126407,1.697142857142857,-7.057142857142857,-0.4114285714285714,0,0,0,0,0,0,0,0,0,0,0,no mains / natural or DC,16
0,0,10,160,-0.9579149754325998,0.21497238074892422,-0.1044343394268624,0.7428571428571429,-6.577142857142857,-3.5885714285714285,0,0,0,0,0,0,0,0,0,0,0,no mains / natural or DC,16
0,0,10,170,-0.9579149754325998,0.21497238074892422,-0.1044343394268624,0.7428571428571429,-6.577142857142857,-3.5885714285714285,0,0,0,0,0,0,0,0,0,0,0,no mains / natural or DC,16
0,0,10,180,-0.9844660786767174,0.22766808069093905,-0.12433240760521257,-0.09714285714285714,-6.52,-5.382857142857143,0,0,0,0,0,0,0,0,0,0,0,no mains / natural or DC,16
0,0,10,190,-0.9844660786767174,0.22766808069093905,-0.12433240760521257,-0.8171428571428572,-6.7542857142857144,-6.394285714285714,0,0,0,0,0,0,0,0,0,0,0,no mains / natural or DC,16
0,0,10,200,-1.0022278511917477,0.2272408215582751,-0.14300973540452283,-0.8171428571428572,-6.7542857142857144,-6.394285714285714,0,0,0,0,0,0,0,0,0,0,0,no mains / natural or DC,16
0,0,10,210,-0.97781304361095,0.20203253273110142,-0.1490524002807703,-1.5942857142857143,-6.977142857142857,-7.908571428571428,0,0,0,0,0,0,0,0,0,0,0,no mains / natural or DC,16
0,0,10,220,-0.97781304361095,0.20203253273110142,-0.1490524002807703,-1.5942857142857143,-6.977142857142857,-7.908571428571428,0,0,0,0,0,0,0,0,0,0,0,no mains / natural or DC,16
0,0,10,230,-0.9228797265541551,0.16675313577684867,-0.14099551377910702,-2.6342857142857143,-8.028571428571428,-10.76,0,0,0,0,0,0,0,0,0,0,0,no mains / natural or DC,16
0,0,10,240,-0.9228797265541551,0.16675313577684867,-0.14099551377910702,-2.6342857142857143,-8.028571428571428,-10.76,0,0,0,0,0,0,0,0,0,0,0,no mains / natural or DC,16
0,0,10,250,-1.0844447157200843,0.1685842463454085,-0.15491195410016176,-3.8457142857142856,-11.737142857142857,-14.93142857142857,0,0,0,0,0,0,0,0,0,0,0,no mains / natural or DC,16
0,0,10,260,-1.0844447157200843,0.1685842463454085,-0.15491195410016176,-3.8457142857142856,-11.737142857142857,-14.93142857142857,0,0,0,0,0,0,0,0,0,0,0,no mains / natural or DC,16
0,0,10,270,-1.6128421887874995,0.20850245674001283,-0.040406506546220286,-5.091428571428572,-18.794285714285714,-18.582857142857144,0,0,0,0,0,0,0,0,0,0,0,no mains / natural or DC,16
0,0,10,280,-1.6128421887874995,0.20850245674001283,-0.040406506546220286,-5.091428571428572,-18.794285714285714,-18.582857142857144,0,0,0,0,0,0,0,0,0,0,0,no mains / natural or DC,16
0,0,10,290,-0.7744376964629047,0.01977599414044618,-0.037781914731284526,-8.177142857142858,-9.754285714285714,-27.462857142857143,0,0,0,0,0,0,0,0,0,0,0,no mains / natural or DC,16
0,0,10,300,-0.7744376964629047,0.01977599414044618,-0.037781914731284526,-8.177142857142858,-9.754285714285714,-27.462857142857143,0,0,0,0,0,0,0,0,0,0,0,no mains / natural or DC,16
0,0,10,310,-0.5927915280617695,-0.14056825464644307,0.040040284432508316,-10.354285714285714,-17.81714285714286,-37.76571428571429,0,0,0,0,0,0,0,0,0,0,0,no mains / natural or DC,16
0,0,10,320,-0.5927915280617695,-0.14056825464644307,0.040040284432508316,-10.354285714285714,-17.81714285714286,-50.02285714285714,0,0,0,0,0,0,0,0,0,0,0,no mains / natural or DC,16
0,0,10,330,-0.8448744163335062,-0.4510025330362865,0.22449415570543535,-14.434285714285714,-33.52571428571429,-50.02285714285714,0,0,0,0,0,0,0,0,0,0,0,no mains / natural or DC,16
0,0,10,340,-1.3887752922147283,-0.5010528885769219,0.2848597674489578,-20.611428571428572,-40.331428571428575,-55.72,0,0,0,0,0,0,0,0,0,0,0,no mains / natural or DC,16
0,0,10,350,-1.3887752922147283,-0.5010528885769219,0.2848597674489578,-20.611428571428572,-40.331428571428575,-55.72,0,0,0,0,0,0,0,0,0,0,0,no mains / natural or DC,16
0,0,10,360,-1.3536790063173314,-0.5684377574999238,0.3283181249427778,-27.594285714285714,-35.14857142857143,-49.97714285714286,0,0,0,0,0,0,0,0,0,0,0,no mains / natural or DC,16
0,0,10,370,-1.3536790063173314,-0.5684377574999238,0.3283181249427778,-27.594285714285714,-35.14857142857143,-49.97714285714286,0,0,0,0,0,0,0,0,0,0,0,no mains / natural or DC,16
0,0,10,380,-1.3377483443708609,-0.6193426313058871,0.3624988555558947,-32.33714285714286,-26.897142857142857,-36.754285714285714,0,0,0,0,0,0,0,0,0,0,0,no mains / natural or DC,16
0,0,10,390,-1.3377483443708609,-0.6193426313058871,0.3624988555558947,-32.33714285714286,-26.897142857142857,-36.754285714285714,0,0,0,0,0,0,0,0,0,0,0,no mains / natural or DC,16
0,0,10,400,-1.2795190282906583,-0.576067384868923,0.3924069948423719,-36.15428571428571,-22.02857142857143,-20.69142857142857,0,0,0,0,0,0,0,0,0,0,0,no mains / natural or DC,16
0,0,10,410,-1.2795190282906583,-0.576067384868923,0.3924069948423719,-36.15428571428571,-22.02857142857143,-20.69142857142857,0,0,0,0,0,0,0,0,0,0,0,no mains / natural or DC,16
0,0,10,420,-1.2546159245582447,-0.5230872524185919,0.3791009247108371,-38.77142857142857,-16.605714285714285,-5.811428571428571,0,0,0,0,0,0,0,0,0,0,0,no mains / natural or DC,16
0,0,10,430,-1.2546159245582447,-0.5230872524185919,0.3791009247108371,-38.77142857142857,-16.605714285714285,-5.811428571428571,0,0,0,0,0,0,0,0,0,0,0,no mains / natural or DC,16
0,0,10,440,-1.249732963042085,-0.4749900814844203,0.3772087771233253,-41.24,-14.422857142857143,3.4971428571428573,0,0,0,0,0,0,0,0,0,0,0,no mains / natural or DC,16
0,0,10,450,-1.249732963042085,-0.4749900814844203,0.3772087771233253,-41.24,-14.422857142857143,3.4971428571428573,0,0,0,0,0,0,0,0,0,0,0,no mains / natural or DC,16
0,0,10,460,-1.1996826075014497,-0.4007690664387951,0.3498031556138798,-43.885714285714286,-12.017142857142858,8.697142857142858,0,0,0,0,0,0,0,0,0,0,0,no mains / natural or DC,16
0,0,10,470,-1.1996826075014497,-0.4007690664387951,0.3029267250587481,-46.19428571428571,-9.622857142857143,12.588571428571429,0,0,0,0,0,0,0,0,0,0,0,no mains / natural or DC,16
0,0,10,480,-1.1363261818292794,-0.3084810937833796,0.3064058351390118,-46.19428571428571,-9.622857142857143,12.588571428571429,0,0,0,0,0,0,0,0,0,0,0,no mains / natural or DC,16
0,0,10,490,-1.0383007293923765,-0.20941801202429272,0.25177770317697684,-47.42285714285714,-4.817142857142857,17.72,0,0,0,0,0,0,0,0,0,0,0,no mains / natural or DC,16
0,0,10,500,-1.0383007293923765,-0.20941801202429272,0.25177770317697684,-47.42285714285714,-4.817142857142857,17.72,0,0,0,0,0,0,0,0,0,0,0,no mains / natural or DC,16
0,0,10,510,-0.9114658040101321,-0.12689596240119633,0.2001403851435896,-47.58857142857143,1.5314285714285714,24.0,0,0,0,0,0,0,0,0,0,0,0,no mains / natural or DC,16
0,0,10,520,-0.9114658040101321,-0.12689596240119633,0.2001403851435896,-47.58857142857143,1.5314285714285714,24.0,0,0,0,0,0,0,0,0,0,0,0,no mains / natural or DC,16
0,0,10,530,-0.7962279122287668,-0.06903286843470564,0.163151951658681,-47.32,6.868571428571428,30.274285714285714,0,0,0,0,0,0,0,0,0,0,0,no mains / natural or DC,16
0,0,10,540,-0.7962279122287668,-0.06903286843470564,0.163151951658681,-47.32,6.868571428571428,30.274285714285714,0,0,0,0,0,0,0,0,0,0,0,no mains / natural or DC,16
0,0,10,550,-0.7264625995666372,-0.0271614734336375,0.1336100344859157,-47.08571428571429,10.102857142857143,35.537142857142854,0,0,0,0,0,0,0,0,0,0,0,no mains / natural or DC,16
0,0,10,560,-0.7264625995666372,-0.0271614734336375,0.1336100344859157,-47.08571428571429,10.102857142857143,35.537142857142854,0,0,0,0,0,0,0,0,0,0,0,no mains / natural or DC,16
0,0,10,570,-0.6576738792077395,0.013977477340006714,0.11157567064424573,-46.86857142857143,13.205714285714286,38.86857142857143,0,0,0,0,0,0,0,0,0,0,0,no mains / natural or DC,16
0,0,10,580,-0.6576738792077395,0.013977477340006714,0.11157567064424573,-46.86857142857143,13.205714285714286,38.86857142857143,0,0,0,0,0,0,0,0,0,0,0,no mains / natural or DC,16
0,0,10,590,-0.6177556688131352,0.050721762749107335,0.08551286355174413,-46.02857142857143,16.405714285714286,40.628571428571426,0,0,0,0,0,0,0,0,0,0,0,no mains / natural or DC,16
0,0,10,600,-0.6177556688131352,0.050721762749107335,0.08551286355174413,-44.565714285714286,18.834285714285713,40.10857142857143,0,0,0,0,0,0,0,0,0,0,0,no mains / natural or DC,16
0,0,10,610,-0.6207464827417829,0.08124027222510452,0.06793420209356975,-44.61714285714286,18.834285714285713,40.10857142857143,0,0,0,0,0,0,0,0,0,0,0,no mains / natural or DC,16
0,0,10,620,-0.6650593585009308,0.11670278023621326,0.06060975981933042,-42.988571428571426,20.28,37.51428571428571,0,0,0,0,0,0,0,0,0,0,0,no mains / natural or DC,16
0,0,10,630,-0.6650593585009308,0.11670278023621326,0.06060975981933042,-42.988571428571426,20.28,37.51428571428571,0,0,0,0,0,0,0,0,0,0,0,no mains / natural or DC,16
0,0,10,640,-0.7004608294930875,0.15356913968321786,0.05157628101443525,-41.497142857142855,20.965714285714284,34.16571428571429,0,0,0,0,0,0,0,0,0,0,0,no mains / natural or DC,16
0,0,10,650,-0.7004608294930875,0.15356913968321786,0.05157628101443525,-41.497142857142855,20.965714285714284,34.16571428571429,0,0,0,0,0,0,0,0,0,0,0,no mains / natural or DC,16
0,0,10,660,-0.7372051149021882,0.1879940183721427,0.04187139500106815,-40.21714285714286,20.097142857142856,30.451428571428572,0,0,0,0,0,0,0,0,0,0,0,no mains / natural or DC,17
0,0,10,670,-0.7372051149021882,0.1879940183721427,0.04187139500106815,-40.21714285714286,20.097142857142856,30.451428571428572,0,0,0,0,0,0,0,0,0,0,0,no mains / natural or DC,17
0,0,10,680,-0.7595446638386181,0.2141788995025483,0.04162724692526017,-39.06285714285714,18.32,26.885714285714286,0,0,0,0,0,0,0,0,0,0,0,no mains / natural or DC,17
0,0,10,690,-0.7595446638386181,0.2141788995025483,0.04162724692526017,-39.06285714285714,18.32,26.885714285714286,0,0,0,0,0,0,0,0,0,0,0,no mains / natural or DC,17
0,0,10,700,-0.7917111728263192,0.23163548692281868,0.04400769066438795,-37.994285714285716,15.554285714285715,23.17142857142857,0,0,0,0,0,0,0,0,0,0,0,no mains / natural or DC,17
0,0,10,710,-0.7917111728263192,0.23163548692281868,0.04400769066438795,-37.994285714285716,15.554285714285715,23.17142857142857,0,0,0,0,0,0,0,0,0,0,0,no mains / natural or DC,17
0,0,10,720,-0.8471938230536821,0.24909207434308908,0.04113895077364421,-37.0,12.525714285714285,18.88,0,0,0,0,0,0,0,0,0,0,0,no mains / natural or DC,17
0,0,10,730,-0.8471938230536821,0.24909207434308908,0.04113895077364421,-37.0,12.525714285714285,18.88,0,0,0,0,0,0,0,0,0,0,0,no mains / natural or DC,17
0,0,10,740,-0.8818018127994629,0.25507370220038456,0.035462508011108736,-35.857142857142854,10.98857142857143,13.88,0,0,0,0,0,0,0,0,0,0,0,no mains / natural or DC,17
0,0,10,750,-0.9443037202063052,0.26245918149357583,0.028565324869533372,-34.62285714285714,9.8,7.76,0,0,0,0,0,0,0,0,0,0,0,no mains / natural or DC,17
0,0,10,760,-0.9437543870357372,0.26245918149357583,0.028565324869533372,-34.62285714285714,9.8,7.76,0,0,0,0,0,0,0,0,0,0,0,no mains / natural or DC,17
0,0,10,770,-0.9726859340189825,0.2514725180822169,0.02990813928647725,-33.82857142857143,8.994285714285715,0.7942857142857143,0,0,0,0,0,0,0,0,0,0,0,no mains / natural or DC,17
0,0,10,780,-0.9726859340189825,0.2514725180822169,0.02990813928647725,-33.82857142857143,8.994285714285715,0.7942857142857143,0,0,0,0,0,0,0,0,0,0,0,no mains / natural or DC,17
0,0,10,790,-0.9706717123935666,0.22473830378124332,0.028199102755821406,-33.61714285714286,7.885714285714286,-7.268571428571429,0,0,0,0,0,0,0,0,0,0,0,no mains / natural or DC,17
0,0,10,800,-0.9706717123935666,0.22473830378124332,0.028199102755821406,-33.61714285714286,7.885714285714286,-7.268571428571429,0,0,0,0,0,0,0,0,0,0,0,no mains / natural or DC,17
0,0,10,810,-1.12839136936552,0.22156437879573962,0.015564439832758568,-33.628571428571426,5.131428571428572,-16.28,0,0,0,0,0,0,0,0,0,0,0,no mains / natural or DC,17
0,0,10,820,-1.12839136936552,0.22156437879573962,0.015564439832758568,-33.628571428571426,5.131428571428572,-16.28,0,0,0,0,0,0,0,0,0,0,0,no mains / natural or DC,17
0,0,10,830,-1.4445631275368511,0.23841059602649006,0.05536057618945891,-34.06285714285714,-0.05142857142857143,-24.44,0,0,0,0,0,0,0,0,0,0,0,no mains / natural or DC,17
0,0,10,840,-1.4445631275368511,0.23841059602649006,0.05536057618945891,-34.06285714285714,-0.05142857142857143,-24.44,0,0,0,0,0,0,0,0,0,0,0,no mains / natural or DC,17
0,0,10,850,-0.999664296395764,0.16553239539780878,-0.03900265511032441,-35.645714285714284,4.868571428571428,-31.97142857142857,0,0,0,0,0,0,0,0,0,0,0,no mains / natural or DC,17
0,0,10,860,-0.999664296395764,0.16553239539780878,-0.03900265511032441,-35.645714285714284,4.868571428571428,-31.97142857142857,0,0,0,0,0,0,0,0,0,0,0,no mains / natural or DC,17
0,0,10,870,-0.9835505233924375,0.12939848017822808,-0.12836085085604418,-34.96,2.8971428571428572,-37.29714285714286,0,0,0,0,0,0,0,0,0,0,0,no mains / natural or DC,17
0,0,10,880,-0.9835505233924375,0.12939848017822808,-0.12836085085604418,-33.10285714285714,4.062857142857143,-40.308571428571426,0,0,0,0,0,0,0,0,0,0,0,no mains / natural or DC,17
0,0,10,890,-1.2346568193609424,0.03247169408246101,-0.19080172124393444,-33.10285714285714,4.062857142857143,-40.308571428571426,0,0,0,0,0,0,0,0,0,0,0,no mains / natural or DC,17
0,0,10,900,-1.3327433088167975,-0.13715018158513137,-0.29084139530625325,-30.954285714285714,10.902857142857142,-48.27428571428572,0,0,0,0,0,0,0,0,0,0,0,no mains / natural or DC,17
0,0,10,910,-1.3327433088167975,-0.13715018158513137,-0.29084139530625325,-30.954285714285714,10.902857142857142,-48.27428571428572,0,0,0,0,0,0,0,0,0,0,0,no mains / natural or DC,17
0,0,10,920,-1.3233436078981902,-0.27246925260170296,-0.34510330515457627,-28.697142857142858,13.657142857142857,-60.08,0,0,0,0,0,0,0,0,0,0,0,no mains / natural or DC,17
0,0,10,930,-1.3233436078981902,-0.27246925260170296,-0.34510330515457627,-28.697142857142858,13.657142857142857,-60.08,0,0,0,0,0,0,0,0,0,0,0,no mains / natural or DC,17
0,0,10,940,-1.2529068880275886,-0.3576158940397351,-0.4104739524521622,-26.068571428571428,14.691428571428572,-61.21142857142857,0,0,0,0,0,0,0,0,0,0,0,no mains / natural or DC,17
0,0,10,950,-1.2529068880275886,-0.3576158940397351,-0.4104739524521622,-26.068571428571428,14.691428571428572,-61.21142857142857,0,0,0,0,0,0,0,0,0,0,0,no mains / natural or DC,17
0,0,10,960,-1.2327036347544786,-0.45020905178991055,-0.4273201696829127,-23.782857142857143,9.497142857142856,-50.94285714285714,0,0,0,0,0,0,0,0,0,0,0,no mains / natural or DC,17
0,0,10,970,-1.2327036347544786,-0.45020905178991055,-0.4273201696829127,-23.782857142857143,9.497142857142856,-50.94285714285714,0,0,0,0,0,0,0,0,0,0,0,no mains / natural or DC,17
0,0,10,980,-1.119541001617481,-0.5197912533951842,-0.37195959349345376,-22.097142857142856,4.034285714285715,-36.06285714285714,0,0,0,0,0,0,0,0,0,0,0,no mains / natural or DC,17
0,0,10,990,-1.119541001617481,-0.5197912533951842,-0.37195959349345376,-22.097142857142856,4.034285714285715,-36.06285714285714,0,0,0,0,0,0,0,0,0,0,0,no mains / natural or DC,17
0,0,11,0,-0.9609668263801996,-0.532731101413007,-0.30835901974547564,-21.394285714285715,-1.4857142857142858,-21.64,0,0,0,0,0,0,0,0,0,0,0,no mains / natural or DC,17
0,0,11,10,-0.9609668263801996,-0.532731101413007,-0.30835901974547564,-21.394285714285715,-8.8,-9.697142857142858,0,0,0,0,0,0,0,0,0,0,0,no mains / natural or DC,17
0,0,11,20,-0.8740501113925596,-0.47657704397717215,-0.23798333689382611,-21.662857142857142,-9.902857142857142,-9.697142857142858,0,0,0,0,0,0,0,0,0,0,0,no mains / natural or DC,17
0,0,11,30,-0.7970824304940947,-0.391796624652852,-0.18311105685598317,-21.69142857142857,-15.297142857142857,1.28,0,0,0,0,0,0,0,0,0,0,0,no mains / natural or DC,17
0,0,11,40,-0.7970824304940947,-0.391796624652852,-0.18311105685598317,-21.69142857142857,-15.297142857142857,1.28,0,0,0,0,0,0,0,0,0,0,0,no mains / natural or DC,17
0,0,11,50,-0.7206030457472457,-0.31134983367412333,-0.1446577349162267,-21.2,-17.81142857142857,11.211428571428572,0,0,0,0,0,0,0,0,0,0,0,no mains / natural or DC,17
0,0,11,60,-0.7206030457472457,-0.31134983367412333,-0.1446577349162267,-21.2,-17.81142857142857,11.211428571428572,0,0,0,0,0,0,0,0,0,0,0,no mains / natural or DC,17
0,0,11,70,-0.6885586107974486,-0.22266304513687551,-0.11993774224066897,-20.217142857142857,-18.542857142857144,20.18285714285714,0,0,0,0,0,0,0,0,0,0,0,no mains / natural or DC,17
0,0,11,80,-0.6885586107974486,-0.22266304513687551,-0.11993774224066897,-20.217142857142857,-18.542857142857144,20.18285714285714,0,0,0,0,0,0,0,0,0,0,0,no mains / natural or DC,17
0,0,11,90,-0.6765343180639057,-0.14307077242347482,-0.10046693319498276,-18.822857142857142,-17.365714285714287,28.0,0,0,0,0,0,0,0,0,0,0,0,no mains / natural or DC,17
0,0,11,100,-0.6765343180639057,-0.14307077242347482,-0.10046693319498276,-18.822857142857142,-17.365714285714287,28.0,0,0,0,0,0,0,0,0,0,0,0,no mains / natural or DC,17
0,0,11,110,-0.6800134281441694,-0.07348857081820123,-0.09442426831873531,-17.268571428571427,-15.32,34.59428571428571,0,0,0,0,0,0,0,0,0,0,0,no mains / natural or DC,17
0,0,11,120,-0.6800134281441694,-0.07348857081820123,-0.09442426831873531,-17.268571428571427,-15.32,34.59428571428571,0,0,0,0,0,0,0,0,0,0,0,no mains / natural or DC,17
0,0,11,130,-0.695883053071688,-0.013428144169438765,-0.09442426831873531,-15.731428571428571,-12.725714285714286,40.38857142857143,0,0,0,0,0,0,0,0,0,0,0,no mains / natural or DC,17
0,0,11,140,-0.695883053071688,-0.013428144169438765,-0.09442426831873531,-15.731428571428571,-12.725714285714286,40.38857142857143,0,0,0,0,0,0,0,0,0,0,0,no mains / natural or DC,17
0,0,11,150,-0.7642445142979217,0.031861323892941065,-0.08410901211584826,-14.01142857142857,-9.868571428571428,43.308571428571426,0,0,0,0,0,0,0,0,0,0,0,no mains / natural or DC,17
0,0,11,160,-0.7642445142979217,0.031861323892941065,-0.07910397656178472,-12.485714285714286,-6.8342857142857145,43.754285714285714,0,0,0,0,0,0,0,0,0,0,0,no mains / natural or DC,18
0,0,11,170,-0.7726065858943449,0.07220679342020936,-0.07910397656178472,-12.485714285714286,-6.8342857142857145,43.754285714285714,0,0,0,0,0,0,0,0,0,0,0,no mains / natural or DC,18
0,0,11,180,-0.7892086550492874,0.11249122592852565,-0.07751701406903287,-11.291428571428572,-4.948571428571428,42.73714285714286,0,0,0,0,0,0,0,0,0,0,0,no mains / natural or DC,18
0,0,11,190,-0.7892086550492874,0.11249122592852565,-0.07751701406903287,-11.291428571428572,-4.948571428571428,42.73714285714286,0,0,0,0,0,0,0,0,0,0,0,no mains / natural or DC,18
0,0,11,200,-0.8036744285409101,0.15454573198644977,-0.07452620014038515,-10.371428571428572,-4.457142857142857,40.371428571428574,0,0,0,0,0,0,0,0,0,0,0,no mains / natural or DC,18
0,0,11,210,-0.8036744285409101,0.15454573198644977,-0.07452620014038515,-10.371428571428572,-4.457142857142857,40.371428571428574,0,0,0,0,0,0,0,0,0,0,0,no mains / natural or DC,18
0,0,11,220,-0.8342539750358593,0.1978209784234138,-0.08038575395977661,-9.245714285714286,-4.171428571428572,36.82857142857143,0,0,0,0,0,0,0,0,0,0,0,no mains / natural or DC,18
0,0,11,230,-0.8342539750358593,0.1978209784234138,-0.08038575395977661,-9.245714285714286,-4.171428571428572,36.82857142857143,0,0,0,0,0,0,0,0,0,0,0,no mains / natural or DC,18
0,0,11,240,-0.8722190008239997,0.23169652394177068,-0.08844264046143986,-7.537142857142857,-3.8514285714285714,31.605714285714285,0,0,0,0,0,0,0,0,0,0,0,no mains / natural or DC,18
0,0,11,250,-0.8722190008239997,0.23169652394177068,-0.08844264046143986,-7.537142857142857,-3.8514285714285714,31.605714285714285,0,0,0,0,0,0,0,0,0,0,0,no mains / natural or DC,18
0,0,11,260,-0.9433881649220253,0.261116367076632,-0.10010071108127079,-5.171428571428572,-3.8857142857142857,24.502857142857142,0,0,0,0,0,0,0,0,0,0,0,no mains / natural or DC,18
0,0,11,270,-0.9433881649220253,0.261116367076632,-0.10010071108127079,-5.171428571428572,-3.8857142857142857,24.502857142857142,0,0,0,0,0,0,0,0,0,0,0,no mains / natural or DC,18
0,0,11,280,-0.9629810480056155,0.2773522141178625,-0.10632648701437422,-2.2342857142857144,-3.84,15.64,0,0,0,0,0,0,0,0,0,0,0,no mains / natural or DC,18
0,0,11,290,-0.9629810480056155,0.2773522141178625,-0.10632648701437422,1.1257142857142857,-4.377142857142857,5.702857142857143,0,0,0,0,0,0,0,0,0,0,0,no mains / natural or DC,18
0,0,11,300,-0.9262977996154668,0.27460554826502276,-0.12195196386608478,1.1257142857142857,-4.377142857142857,5.702857142857143,0,0,0,0,0,0,0,0,0,0,0,no mains / natural or DC,18
0,0,11,310,-0.9402752769554735,0.28534806360057374,-0.130497146519364,4.88,-6.537142857142857,-4.251428571428572,0,0,0,0,0,0,0,0,0,0,0,no mains / natural or DC,18
0,0,11,320,-0.9402752769554735,0.28534806360057374,-0.130497146519364,4.88,-6.537142857142857,-4.251428571428572,0,0,0,0,0,0,0,0,0,0,0,no mains / natural or DC,18
0,0,11,330,-0.8765526291695913,0.28388317514572586,-0.13873714407788323,8.605714285714285,-7.44,-10.874285714285714,0,0,0,0,0,0,0,0,0,0,0,no mains / natural or DC,18
0,0,11,340,-0.8765526291695913,0.28388317514572586,-0.13873714407788323,8.605714285714285,-7.44,-10.874285714285714,0,0,0,0,0,0,0,0,0,0,0,no mains / natural or DC,18
0,0,11,350,-0.7954954680013429,0.2568437757499924,-0.1293374431592761,11.594285714285714,-9.211428571428572,-14.497142857142856,0,0,0,0,0,0,0,0,0,0,0,no mains / natural or DC,18
0,0,11,360,-0.7954954680013429,0.2568437757499924,-0.1293374431592761,11.594285714285714,-9.211428571428572,-14.497142857142856,0,0,0,0,0,0,0,0,0,0,0,no mains / natural or DC,18
0,0,11,370,-0.7928708761864071,0.22302926725058747,-0.11224707785271767,13.691428571428572,-12.131428571428572,-16.365714285714287,0,0,0,0,0,0,0,0,0,0,0,no mains / natural or DC,18
0,0,11,380,-0.7928708761864071,0.22302926725058747,-0.11224707785271767,13.691428571428572,-12.131428571428572,-16.365714285714287,0,0,0,0,0,0,0,0,0,0,0,no mains / natural or DC,18
0,0,11,390,-1.4048890652180548,0.3076265755180517,-0.11236915189062166,16.091428571428573,-17.542857142857144,-17.622857142857143,0,0,0,0,0,0,0,0,0,0,0,no mains / natural or DC,18
0,0,11,400,-1.4048890652180548,0.3076265755180517,-0.11236915189062166,16.091428571428573,-17.542857142857144,-17.622857142857143,0,0,0,0,0,0,0,0,0,0,0,no mains / natural or DC,18
0,0,11,410,-0.978179265724662,0.19830927457502975,-0.026123844111453597,17.005714285714287,-12.057142857142857,-20.554285714285715,0,0,0,0,0,0,0,0,0,0,0,no mains / natural or DC,18
0,0,11,420,-0.978179265724662,0.19830927457502975,-0.026123844111453597,17.005714285714287,-12.057142857142857,-20.554285714285715,0,0,0,0,0,0,0,0,0,0,0,no mains / natural or DC,18
0,0,11,430,-0.9151280251472518,0.2238227484969634,-0.06054872280037843,18.33142857142857,-9.548571428571428,-22.588571428571427,0,0,0,0,0,0,0,0,0,0,0,no mains / natural or DC,18
0,0,11,440,-1.0381176183355205,0.1619312112796411,0.07226783043916135,19.114285714285714,-14.725714285714286,-25.285714285714285,0,0,0,0,0,0,0,0,0,0,0,no mains / natural or DC,18
0,0,11,450,-1.0381176183355205,0.1619312112796411,0.07226783043916135,19.114285714285714,-14.725714285714286,-25.285714285714285,0,0,0,0,0,0,0,0,0,0,0,no mains / natural or DC,18
0,0,11,460,-1.1280251472518081,0.12829981383709219,0.13769951475569933,19.617142857142856,-14.977142857142857,-30.14857142857143,0,0,0,0,0,0,0,0,0,0,0,no mains / natural or DC,18
0,0,11,470,-1.1280251472518081,0.12829981383709219,0.13769951475569933,19.617142857142856,-14.977142857142857,-30.14857142857143,0,0,0,0,0,0,0,0,0,0,0,no mains / natural or DC,18
0,0,11,480,-1.1488998077333903,0.018860438856166263,0.25513473921933655,20.857142857142858,-22.33142857142857,-43.46857142857143,0,0,0,0,0,0,0,0,0,0,0,no mains / natural or DC,18
0,0,11,490,-1.1488998077333903,0.018860438856166263,0.25513473921933655,20.857142857142858,-22.33142857142857,-43.46857142857143,0,0,0,0,0,0,0,0,0,0,0,no mains / natural or DC,18
0,0,11,500,-1.04269539475692,-0.1508224738303781,0.3552964873195593,23.86857142857143,-24.634285714285713,-60.04,0,0,0,0,0,0,0,0,0,0,0,no mains / natural or DC,18
0,0,11,510,-1.04269539475692,-0.1508224738303781,0.3552964873195593,23.86857142857143,-24.634285714285713,-60.04,0,0,0,0,0,0,0,0,0,0,0,no mains / natural or DC,18
0,0,11,520,-1.1252784813989685,-0.33118686483352155,0.4164555803094577,27.714285714285715,-25.01142857142857,-71.62857142857143,0,0,0,0,0,0,0,0,0,0,0,no mains / natural or DC,18
0,0,11,530,-1.1252784813989685,-0.33118686483352155,0.4164555803094577,27.714285714285715,-25.01142857142857,-71.62857142857143,0,0,0,0,0,0,0,0,0,0,0,no mains / natural or DC,18
0,0,11,540,-1.2844019898068177,-0.4900662251655629,0.5070955534531694,31.548571428571428,-19.697142857142858,-71.42857142857143,0,0,0,0,0,0,0,0,0,0,0,no mains / natural or DC,18
0,0,11,550,-1.2844019898068177,-0.4900662251655629,0.5070955534531694,31.548571428571428,-19.697142857142858,-71.42857142857143,0,0,0,0,0,0,0,0,0,0,0,no mains / natural or DC,18
0,0,11,560,-1.3611865596484267,-0.5814386425366985,0.5576952421643727,35.02857142857143,-5.542857142857143,-56.53142857142857,0,0,0,0,0,0,0,0,0,0,0,no mains / natural or DC,18
0,0,11,570,-1.3611865596484267,-0.5814386425366985,0.5576952421643727,37.94285714285714,3.7657142857142856,-36.542857142857144,0,0,0,0,0,0,0,0,0,0,0,no mains / natural or DC,18
0,0,11,580,-1.3401898251289408,-0.6143986327707754,0.5622730185857723,37.94285714285714,3.7657142857142856,-36.542857142857144,0,0,0,0,0,0,0,0,0,0,0,no mains / natural or DC,18
0,0,11,590,-1.2863551744132817,-0.5960264900662252,0.5368205816827906,40.83428571428571,7.274285714285714,-18.434285714285714,0,0,0,0,0,0,0,0,0,0,0,no mains / natural or DC,18
0,0,11,600,-1.2863551744132817,-0.5960264900662252,0.5368205816827906,40.83428571428571,7.274285714285714,-18.434285714285714,0,0,0,0,0,0,0,0,0,0,0,no mains / natural or DC,18
0,0,11,610,-1.23764763328959,-0.5186925870540483,0.4881740775780511,44.182857142857145,9.90857142857143,-4.48,0,0,0,0,0,0,0,0,0,0,0,no mains / natural or DC,18
0,0,11,620,-1.23764763328959,-0.5186925870540483,0.4881740775780511,44.182857142857145,9.90857142857143,-4.48,0,0,0,0,0,0,0,0,0,0,0,no mains / natural or DC,18
0,0,11,630,-1.1770378734702598,-0.4315317239906003,0.43818475905636767,48.01714285714286,12.262857142857143,5.234285714285714,0,0,0,0,0,0,0,0,0,0,0,no mains / natural or DC,18
0,0,11,640,-1.1770378734702598,-0.4315317239906003,0.43818475905636767,48.01714285714286,12.262857142857143,5.234285714285714,0,0,0,0,0,0,0,0,0,0,0,no mains / natural or DC,18
0,0,11,650,-1.1128879665517135,-0.35572374645222327,0.38422803430280467,51.74285714285714,15.274285714285714,11.605714285714285,0,0,0,0,0,0,0,0,0,0,0,no mains / natural or DC,18
0,0,11,660,-1.1128879665517135,-0.35572374645222327,0.38422803430280467,51.74285714285714,15.274285714285714,11.605714285714285,0,0,0,0,0,0,0,0,0,0,0,no mains / natural or DC,18
0,0,11,670,-1.0177922910245063,-0.2892544328135014,0.33619190038758506,54.54857142857143,19.13714285714286,16.302857142857142,0,0,0,0,0,0,0,0,0,0,0,no mains / natural or DC,18
0,0,11,680,-1.0177922910245063,-0.2892544328135014,0.33619190038758506,54.54857142857143,19.13714285714286,16.302857142857142,0,0,0,0,0,0,0,0,0,0,0,no mains / natural or DC,18
0,0,11,690,-0.8896755882442702,-0.23657948545793023,0.28644672994170967,56.21142857142857,23.325714285714287,20.52,0,0,0,0,0,0,0,0,0,0,0,no mains / natural or DC,18
0,0,11,700,-0.8896755882442702,-0.23657948545793023,0.28644672994170967,56.21142857142857,27.714285714285715,24.18857142857143,0,0,0,0,0,0,0,0,0,0,0,no mains / natural or DC,18
0,0,11,710,-0.7765739921262246,-0.184636982329783,0.24060792870876185,56.90857142857143,26.44,24.18857142857143,0,0,0,0,0,0,0,0,0,0,0,no mains / natural or DC,18
0,0,11,720,-0.6968596453749198,-0.13861507003997925,0.19849238563188573,56.92,28.6,27.925714285714285,0,0,0,0,0,0,0,0,0,0,0,no mains / natural or DC,18
0,0,11,730,-0.6968596453749198,-0.13861507003997925,0.19849238563188573,56.92,28.6,27.925714285714285,0,0,0,0,0,0,0,0,0,0,0,no mains / natural or DC,18
0,0,11,740,-0.6223944822534867,-0.10907315286721396,0.15234839930417798,56.097142857142856,30.76,31.611428571428572,0,0,0,0,0,0,0,0,0,0,0,no mains / natural or DC,18
0,0,11,750,-0.6223944822534867,-0.10907315286721396,0.15234839930417798,56.097142857142856,30.76,31.611428571428572,0,0,0,0,0,0,0,0,0,0,0,no mains / natural or DC,18
0,0,11,760,-0.6066469313638722,-0.08233893856624043,0.12628559221167637,54.78285714285714,31.034285714285716,32.53142857142857,0,0,0,0,0,0,0,0,0,0,0,no mains / natural or DC,18
0,0,11,770,-0.6066469313638722,-0.08233893856624043,0.12628559221167637,54.78285714285714,31.034285714285716,32.53142857142857,0,0,0,0,0,0,0,0,0,0,0,no mains / natural or DC,18
0,0,11,780,-0.597674489577929,-0.0510879848628193,0.09613330484939116,52.8,31.154285714285713,32.84,0,0,0,0,0,0,0,0,0,0,0,no mains / natural or DC,18
0,0,11,790,-0.597674489577929,-0.0510879848628193,0.09613330484939116,52.8,31.154285714285713,32.84,0,0,0,0,0,0,0,0,0,0,0,no mains / natural or DC,18
0,0,11,800,-0.5924863429670095,-0.03424176763206885,0.07739494003112887,49.95428571428572,30.325714285714287,32.17142857142857,0,0,0,0,0,0,0,0,0,0,0,no mains / natural or DC,18
0,0,11,810,-0.5924863429670095,-0.03424176763206885,0.07739494003112887,49.95428571428572,30.325714285714287,32.17142857142857,0,0,0,0,0,0,0,0,0,0,0,no mains / natural or DC,18
0,0,11,820,-0.6147038178655354,-0.006225775933103427,0.054383983886227,46.48571428571429,28.13142857142857,30.69142857142857,0,0,0,0,0,0,0,0,0,0,0,no mains / natural or DC,18
0,0,11,830,-0.6147038178655354,-0.006225775933103427,0.054383983886227,46.48571428571429,28.13142857142857,30.69142857142857,0,0,0,0,0,0,0,0,0,0,0,no mains / natural or DC,19
0,0,11,840,-0.663350321970275,0.021668141727958008,0.04705954161198767,42.965714285714284,25.462857142857143,28.451428571428572,0,0,0,0,0,0,0,0,0,0,0,no mains / natural or DC,19
0,0,11,850,-0.663350321970275,0.03729361857966857,0.044190801721243934,39.45142857142857,22.611428571428572,25.714285714285715,0,0,0,0,0,0,0,0,0,0,0,no mains / natural or DC,19
0,0,11,860,-0.6974700155644399,0.0467543565172277,0.044190801721243934,39.45142857142857,22.611428571428572,25.714285714285715,0,0,0,0,0,0,0,0,0,0,0,no mains / natural or DC,19
0,0,11,870,-0.7513657032990508,0.07580797753837702,0.04364146855067599,36.074285714285715,18.674285714285713,22.97142857142857,0,0,0,0,0,0,0,0,0,0,0,no mains / natural or DC,19
0,0,11,880,-0.7513657032990508,0.07580797753837702,0.04364146855067599,36.074285714285715,18.674285714285713,22.97142857142857,0,0,0,0,0,0,0,0,0,0,0,no mains / natural or DC,19
0,0,11,890,-0.8092898342844935,0.10187078463087863,0.0413220618305002,33.13142857142857,15.142857142857142,20.057142857142857,0,0,0,0,0,0,0,0,0,0,0,no mains / natural or DC,19
0,0,11,900,-0.8092898342844935,0.10187078463087863,0.0413220618305002,33.13142857142857,15.142857142857142,20.057142857142857,0,0,0,0,0,0,0,0,0,0,0,no mains / natural or DC,19
0,0,11,910,-0.8947416608172857,0.13507492294076356,0.04181035798211615,30.88,12.274285714285714,16.571428571428573,0,0,0,0,0,0,0,0,0,0,0,no mains / natural or DC,19
0,0,11,920,-0.8947416608172857,0.13507492294076356,0.04181035798211615,30.88,12.274285714285714,16.571428571428573,0,0,0,0,0,0,0,0,0,0,0,no mains / natural or DC,19
0,0,11,930,-0.9258095034638508,0.1586352122562334,0.04272591326639607,29.28,10.594285714285714,12.971428571428572,0,0,0,0,0,0,0,0,0,0,0,no mains / natural or DC,19
0,0,11,940,-0.9258095034638508,0.1586352122562334,0.04272591326639607,29.28,10.594285714285714,12.971428571428572,0,0,0,0,0,0,0,0,0,0,0,no mains / natural or DC,19
0,0,11,950,-0.9475386822107609,0.17328409680471205,0.039979247413556324,28.18285714285714,8.554285714285715,9.211428571428572,0,0,0,0,0,0,0,0,0,0,0,no mains / natural or DC,19
0,0,11,960,-0.9475386822107609,0.17328409680471205,0.039979247413556324,28.18285714285714,8.554285714285715,9.211428571428572,0,0,0,0,0,0,0,0,0,0,0,no mains / natural or DC,19
0,0,11,970,-1.0130314035462509,0.1944639423810541,0.040406506546220286,27.714285714285715,6.331428571428572,5.045714285714285,0,0,0,0,0,0,0,0,0,0,0,no mains / natural or DC,19
0,0,11,980,-1.0130314035462509,0.1944639423810541,0.040406506546220286,27.782857142857143,5.645714285714286,0.7828571428571428,0,0,0,0,0,0,0,0,0,0,0,no mains / natural or DC,19
0,0,11,990,-1.009491256447035,0.20801416058839686,0.047791985839411605,27.782857142857143,5.645714285714286,0.7828571428571428,0,0,0,0,0,0,0,0,0,0,0,no mains / natural or DC,19
0,0,12,0,-0.9596850489822077,0.217169713431196,0.05206457716605121,28.222857142857144,4.131428571428572,-2.777142857142857,0,0,0,0,0,0,0,0,0,0,0,no mains / natural or DC,19
0,0,12,10,-0.9596850489822077,0.217169713431196,0.05206457716605121,28.222857142857144,4.131428571428572,-2.777142857142857,0,0,0,0,0,0,0,0,0,0,0,no mains / natural or DC,19
0,0,12,20,-0.913602099673452,0.21344645527512437,0.065248573259682,29.32,2.2685714285714287,-5.902857142857143,0,0,0,0,0,0,0,0,0,0,0,no mains / natural or DC,19
0,0,12,30,-0.913602099673452,0.21344645527512437,0.065248573259682,29.32,2.2685714285714287,-5.902857142857143,0,0,0,0,0,0,0,0,0,0,0,no mains / natural or DC,19
0,0,12,40,-0.8453016754661702,0.19617297891170996,0.07165746024964141,31.16,2.2342857142857144,-9.502857142857144,0,0,0,0,0,0,0,0,0,0,0,no mains / natural or DC,19
0,0,12,50,-0.8453016754661702,0.19617297891170996,0.07165746024964141,31.16,2.2342857142857144,-9.502857142857144,0,0,0,0,0,0,0,0,0,0,0,no mains / natural or DC,19
0,0,12,60,-0.6772057252723777,0.1500900296029542,0.08990752891628773,33.44571428571429,2.9257142857142857,-14.337142857142856,0,0,0,0,0,0,0,0,0,0,0,no mains / natural or DC,19
0,0,12,70,-0.6772057252723777,0.1500900296029542,0.08990752891628773,33.44571428571429,2.9257142857142857,-14.337142857142856,0,0,0,0,0,0,0,0,0,0,0,no mains / natural or DC,19
0,0,12,80,-1.1915036469618825,0.23279519028290657,-0.036500137333292645,37.46857142857143,-0.34285714285714286,-19.394285714285715,0,0,0,0,0,0,0,0,0,0,0,no mains / natural or DC,19
0,0,12,90,-1.1915036469618825,0.23279519028290657,-0.036500137333292645,37.46857142857143,-0.34285714285714286,-19.394285714285715,0,0,0,0,0,0,0,0,0,0,0,no mains / natural or DC,19
0,0,12,100,-1.54155095065157,0.34614093447676014,0.20618305001983703,42.54857142857143,-1.5257142857142858,-22.805714285714284,0,0,0,0,0,0,0,0,0,0,0,no mains / natural or DC,19
0,0,12,110,-1.54155095065157,0.34614093447676014,0.20618305001983703,42.54857142857143,-1.5257142857142858,-22.805714285714284,0,0,0,0,0,0,0,0,0,0,0,no mains / natural or DC,19
0,0,12,120,-0.5811334574419386,0.09045686208685567,0.08630634479812006,44.72571428571428,22.937142857142856,-22.388571428571428,0,0,0,0,0,0,0,0,0,0,0,no mains / natural or DC,19
0,0,12,130,-0.6686605426190985,0.21478926969206824,-0.09002960295419171,50.21714285714286,2.4171428571428573,-25.84,0,0,0,0,0,0,0,0,0,0,0,no mains / natural or DC,19
0,0,12,140,-0.6686605426190985,0.21478926969206824,-0.09002960295419171,50.21714285714286,2.4171428571428573,-25.84,0,0,0,0,0,0,0,0,0,0,0,no mains / natural or DC,19
0,0,12,150,-1.5052949613940856,0.20392468031861324,0.051026947843867305,63.497142857142855,0.10857142857142857,-28.057142857142857,0,0,0,0,0,0,0,0,0,0,0,no mains / natural or DC,19
0,0,12,160,-1.5052949613940856,0.20392468031861324,0.051026947843867305,63.497142857142855,0.10857142857142857,-28.057142857142857,0,0,0,0,0,0,0,0,0,0,0,no mains / natural or DC,19
0,0,12,170,-1.4610431226538896,0.011902218695638905,0.10748619037446211,78.90285714285714,28.017142857142858,-41.38285714285714,0,0,0,0,0,0,0,0,0,0,0,no mains / natural or DC,19
0,0,12,180,-1.4610431226538896,0.011902218695638905,0.10748619037446211,78.90285714285714,28.017142857142858,-41.38285714285714,0,0,0,0,0,0,0,0,0,0,0,no mains / natural or DC,19
0,0,12,190,-1.0041199987792597,-0.2248603778191473,0.15021210364085819,92.84,34.38285714285714,-61.21714285714286,0,0,0,0,0,0,0,0,0,0,0,no mains / natural or DC,19
0,0,12,200,-1.0041199987792597,-0.2248603778191473,0.15021210364085819,92.84,34.38285714285714,-61.21714285714286,0,0,0,0,0,0,0,0,0,0,0,no mains / natural or DC,19
0,0,12,210,-0.9920346690267647,-0.3212988677632984,0.14062929166539506,103.86857142857143,19.78857142857143,-66.39428571428572,0,0,0,0,0,0,0,0,0,0,0,no mains / natural or DC,19
0,0,12,220,-0.9920346690267647,-0.3212988677632984,0.14062929166539506,103.86857142857143,19.78857142857143,-66.39428571428572,0,0,0,0,0,0,0,0,0,0,0,no mains / natural or DC,19
0,0,12,230,-1.150486770226142,-0.3828241828669088,0.18524735251930297,113.58285714285714,8.491428571428571,-52.34285714285714,0,0,0,0,0,0,0,0,0,0,0,no mains / natural or DC,19
0,0,12,240,-1.150486770226142,-0.3828241828669088,0.24774925992614522,122.58285714285714,7.3028571428571425,-32.142857142857146,0,0,0,0,0,0,0,0,0,0,0,no mains / natural or DC,19
0,0,12,250,-1.1447492904446548,-0.5407879879146702,0.24597918637653737,122.58285714285714,7.3028571428571425,-32.142857142857146,0,0,0,0,0,0,0,0,0,0,0,no mains / natural or DC,19
0,0,12,260,-1.1447492904446548,-0.5407879879146702,0.2772301400799585,129.93714285714285,5.628571428571429,-14.582857142857144,0,0,0,0,0,0,0,0,0,0,0,no mains / natural or DC,19
0,0,12,270,-1.237403485213782,-0.6024353770561846,0.27539902951139866,129.93714285714285,5.628571428571429,-14.582857142857144,0,0,0,0,0,0,0,0,0,0,0,no mains / natural or DC,19
0,0,12,280,-1.2334971160008545,-0.6016418958098086,0.31232642597735527,135.72571428571428,7.908571428571428,0.2857142857142857,0,0,0,0,0,0,0,0,0,0,0,no mains / natural or DC,19
0,0,12,290,-1.2334971160008545,-0.6016418958098086,0.31232642597735527,135.72571428571428,7.908571428571428,0.2857142857142857,0,0,0,0,0,0,0,0,0,0,0,no mains / natural or DC,19
0,0,12,300,-1.151280251472518,-0.5468916898098697,0.2960295419171728,140.27428571428572,11.377142857142857,13.06857142857143,0,0,0,0,0,0,0,0,0,0,0,no mains / natural or DC,19
0,0,12,310,-1.151280251472518,-0.5468916898098697,0.2960295419171728,140.27428571428572,11.377142857142857,13.06857142857143,0,0,0,0,0,0,0,0,0,0,0,no mains / natural or DC,19
0,0,12,320,-1.1322367015594959,-0.4776146732993561,0.28394421216467786,144.12571428571428,11.062857142857142,23.24,0,0,0,0,0,0,0,0,0,0,0,no mains / natural or DC,19
0,0,12,330,-1.1322367015594959,-0.4776146732993561,0.28394421216467786,144.12571428571428,11.062857142857142,23.24,0,0,0,0,0,0,0,0,0,0,0,no mains / natural or DC,19
0,0,12,340,-1.1321146275215919,-0.38233588671529284,0.24640644550920132,148.06857142857143,12.28,32.36571428571428,0,0,0,0,0,0,0,0,0,0,0,no mains / natural or DC,19
0,0,12,350,-1.1321146275215919,-0.38233588671529284,0.24640644550920132,148.06857142857143,12.28,32.36571428571428,0,0,0,0,0,0,0,0,0,0,0,no mains / natural or DC,19
0,0,12,360,-1.0856654560991241,-0.29621265297402877,0.21485030671102023,152.21714285714285,14.211428571428572,39.52571428571429,0,0,0,0,0,0,0,0,0,0,0,no mains / natural or DC,19
0,0,12,370,-1.0856654560991241,-0.29621265297402877,0.21485030671102023,152.21714285714285,14.211428571428572,39.52571428571429,0,0,0,0,0,0,0,0,0,0,0,no mains / natural or DC,19
0,0,12,380,-0.9966734824671163,-0.2313913388470107,0.1945860164189581,155.7657142857143,15.16,45.32,0,0,0,0,0,0,0,0,0,0,0,no mains / natural or DC,19
0,0,12,390,-0.9966734824671163,-0.2313913388470107,0.1945860164189581,155.7657142857143,13.217142857142857,49.40571428571428,0,0,0,0,0,0,0,0,0,0,0,no mains / natural or DC,19
0,0,12,400,-0.8922391430402539,-0.19818720053712577,0.18518631550035097,157.6057142857143,13.217142857142857,49.40571428571428,0,0,0,0,0,0,0,0,0,0,0,no mains / natural or DC,19
0,0,12,410,-0.8293710135196997,-0.1651661732840968,0.17212439344462416,156.9257142857143,7.771428571428571,51.65714285714286,0,0,0,0,0,0,0,0,0,0,0,no mains / natural or DC,19
0,0,12,420,-0.8293710135196997,-0.1651661732840968,0.17212439344462416,156.9257142857143,7.771428571428571,51.65714285714286,0,0,0,0,0,0,0,0,0,0,0,no mains / natural or DC,19
0,0,12,430,-0.8217413861507004,-0.12335581530198066,0.15253151036103396,154.11428571428573,0.6628571428571428,52.58857142857143,0,0,0,0,0,0,0,0,0,0,0,no mains / natural or DC,19
0,0,12,440,-0.8217413861507004,-0.12335581530198066,0.15253151036103396,154.11428571428573,0.6628571428571428,52.58857142857143,0,0,0,0,0,0,0,0,0,0,0,no mains / natural or DC,19
0,0,12,450,-0.814294869838557,-0.07892086550492874,0.13318277535325174,149.94285714285715,-4.457142857142857,52.98285714285714,0,0,0,0,0,0,0,0,0,0,0,no mains / natural or DC,19
0,0,12,460,-0.814294869838557,-0.07892086550492874,0.13318277535325174,149.94285714285715,-4.457142857142857,52.98285714285714,0,0,0,0,0,0,0,0,0,0,0,no mains / natural or DC,19
0,0,12,470,-0.793359172338023,-0.021546067690054016,0.10174871059297463,145.12571428571428,-6.508571428571429,53.36,0,0,0,0,0,0,0,0,0,0,0,no mains / natural or DC,19
0,0,12,480,-0.793359172338023,-0.021546067690054016,0.10174871059297463,145.12571428571428,-6.508571428571429,53.36,0,0,0,0,0,0,0,0,0,0,0,no mains / natural or DC,19
0,0,12,490,-0.7632679219946897,0.0228278450880459,0.07953123569444868,140.09142857142857,-6.405714285714286,53.61142857142857,0,0,0,0,0,0,0,0,0,0,0,no mains / natural or DC,19
0,0,12,500,-0.7632679219946897,0.0228278450880459,0.07953123569444868,140.09142857142857,-6.405714285714286,53.61142857142857,0,0,0,0,0,0,0,0,0,0,0,no mains / natural or DC,20
0,0,12,510,-0.7337260048219245,0.06585894344920194,0.05804620502334666,135.05142857142857,-4.805714285714286,52.565714285714286,0,0,0,0,0,0,0,0,0,0,0,no mains / natural or DC,20
0,0,12,520,-0.7337260048219245,0.06585894344920194,0.05804620502334666,135.05142857142857,-4.805714285714286,52.565714285714286,0,0,0,0,0,0,0,0,0,0,0,no mains / natural or DC,20
0,0,12,530,-0.7270119327372051,0.10455641346476638,0.040040284432508316,129.77714285714285,-3.057142857142857,50.565714285714286,0,0,0,0,0,0,0,0,0,0,0,no mains / natural or DC,20
0,0,12,540,-0.7270119327372051,0.13122959074678792,0.022217474898525956,123.64571428571429,-2.04,48.222857142857144,0,0,0,0,0,0,0,0,0,0,0,no mains / natural or DC,20
0,0,12,550,-0.7184667500839259,0.13122959074678792,0.022217474898525956,123.64571428571429,-2.04,48.222857142857144,0,0,0,0,0,0,0,0,0,0,0,no mains / natural or DC,20
0,0,12,560,-0.7209082308420057,0.17548142948698386,-0.0020142216254158147,116.82857142857142,-2.6342857142857143,44.95428571428572,0,0,0,0,0,0,0,0,0,0,0,no mains / natural or DC,20
0,0,12,570,-0.7209082308420057,0.17548142948698386,-0.0020142216254158147,116.82857142857142,-2.6342857142857143,44.95428571428572,0,0,0,0,0,0,0,0,0,0,0,no mains / natural or DC,20
0,0,12,580,-0.7312234870448927,0.21668141727958007,-0.016296884060182502,110.38857142857142,-3.5028571428571427,40.651428571428575,0,0,0,0,0,0,0,0,0,0,0,no mains / natural or DC,20
0,0,12,590,-0.7312234870448927,0.21668141727958007,-0.016296884060182502,110.38857142857142,-3.5028571428571427,40.651428571428575,0,0,0,0,0,0,0,0,0,0,0,no mains / natural or DC,20
0,0,12,600,-0.6625568407238991,0.2252265999328593,-0.02655110324411756,104.21142857142857,-3.7657142857142856,35.2,0,0,0,0,0,0,0,0,0,0,0,no mains / natural or DC,20
0,0,12,610,-0.6625568407238991,0.2252265999328593,-0.02655110324411756,104.21142857142857,-3.7657142857142856,35.2,0,0,0,0,0,0,0,0,0,0,0,no mains / natural or DC,20
0,0,12,620,-0.620014038514359,0.23401593066194648,-0.04083376567888424,98.05142857142857,-6.1085714285714285,28.142857142857142,0,0,0,0,0,0,0,0,0,0,0,no mains / natural or DC,20
0,0,12,630,-0.620014038514359,0.23401593066194648,-0.04083376567888424,98.05142857142857,-6.1085714285714285,28.142857142857142,0,0,0,0,0,0,0,0,0,0,0,no mains / natural or DC,20
0,0,12,640,-0.6726279488509781,0.2568437757499924,-0.04303109836115604,92.46285714285715,-10.28,19.394285714285715,0,0,0,0,0,0,0,0,0,0,0,no mains / natural or DC,20
0,0,12,650,-0.6726279488509781,0.2568437757499924,-0.04303109836115604,92.46285714285715,-10.28,19.394285714285715,0,0,0,0,0,0,0,0,0,0,0,no mains / natural or DC,20
0,0,12,660,-0.6779381694998017,0.250007629627369,-0.03570665608691671,87.63428571428571,-13.154285714285715,8.868571428571428,0,0,0,0,0,0,0,0,0,0,0,no mains / natural or DC,20
0,0,12,670,-0.6779381694998017,0.250007629627369,-0.03570665608691671,84.09142857142857,-18.017142857142858,-3.9371428571428573,0,0,0,0,0,0,0,0,0,0,0,no mains / natural or DC,20
0,0,12,680,-0.8713644825586718,0.28943754387035736,-0.07599108859523301,84.09142857142857,-18.017142857142858,-3.9371428571428573,0,0,0,0,0,0,0,0,0,0,0,no mains / natural or DC,20
0,0,12,690,-1.1944944608905301,0.40046388134403516,-0.029236732078005312,83.45714285714286,-22.14857142857143,-16.114285714285714,0,0,0,0,0,0,0,0,0,0,0,no mains / natural or DC,20
0,0,12,700,-1.1944944608905301,0.40046388134403516,-0.029236732078005312,83.45714285714286,-22.14857142857143,-16.114285714285714,0,0,0,0,0,0,0,0,0,0,0,no mains / natural or DC,20
0,0,12,710,-0.4488662373729667,0.19635608996856593,0.08417004913480025,82.90285714285714,-15.497142857142856,-27.245714285714286,0,0,0,0,0,0,0,0,0,0,0,no mains / natural or DC,20
0,0,12,720,-0.4488662373729667,0.19635608996856593,0.08417004913480025,82.90285714285714,-15.497142857142856,-27.245714285714286,0,0,0,0,0,0,0,0,0,0,0,no mains / natural or DC,20
0,0,12,730,-0.7171849726859341,0.33136997589037753,0.08984649189733573,81.52571428571429,-35.26857142857143,-31.66857142857143,0,0,0,0,0,0,0,0,0,0,0,no mains / natural or DC,20
0,0,12,740,-0.7171849726859341,0.33136997589037753,0.08984649189733573,81.52571428571429,-35.26857142857143,-31.66857142857143,0,0,0,0,0,0,0,0,0,0,0,no mains / natural or DC,20
0,0,12,750,-1.4633014923551133,0.3987548448133793,0.2989593188268685,80.85714285714286,-58.08,-28.154285714285713,0,0,0,0,0,0,0,0,0,0,0,no mains / natural or DC,20
0,0,12,760,-1.4633014923551133,0.3987548448133793,0.2989593188268685,80.85714285714286,-58.08,-28.154285714285713,0,0,0,0,0,0,0,0,0,0,0,no mains / natural or DC,20
0,0,12,770,-1.531540879543443,0.27680288094729455,0.3846552934354686,81.65142857142857,-55.76,-30.02285714285714,0,0,0,0,0,0,0,0,0,0,0,no mains / natural or DC,20
0,0,12,780,-1.531540879543443,0.27680288094729455,0.3846552934354686,81.65142857142857,-55.76,-30.02285714285714,0,0,0,0,0,0,0,0,0,0,0,no mains / natural or DC,20
0,0,12,790,-1.4831995605334636,0.20551164281136508,0.3979613635670034,86.03428571428572,-53.02857142857143,-36.714285714285715,0,0,0,0,0,0,0,0,0,0,0,no mains / natural or DC,20
0,0,12,800,-1.4831995605334636,0.20551164281136508,0.3979613635670034,86.03428571428572,-53.02857142857143,-34.54857142857143,0,0,0,0,0,0,0,0,0,0,0,no mains / natural or DC,20
0,0,12,810,-1.608508560441908,0.16821802423169652,0.41456343272194585,93.89714285714285,-41.12571428571429,-34.54857142857143,0,0,0,0,0,0,0,0,0,0,0,no mains / natural or DC,20
0,0,12,820,-1.5735343485824151,0.15387432477797786,0.37195959349345376,101.24571428571429,-24.354285714285716,-25.091428571428573,0,0,0,0,0,0,0,0,0,0,0,no mains / natural or DC,20
0,0,12,830,-1.5735343485824151,0.15387432477797786,0.37195959349345376,101.24571428571429,-24.354285714285716,-25.091428571428573,0,0,0,0,0,0,0,0,0,0,0,no mains / natural or DC,20
0,0,12,840,-1.4615924558244575,0.11273537400433363,0.36787011322367014,107.01714285714286,-16.81714285714286,-14.72,0,0,0,0,0,0,0,0,0,0,0,no mains / natural or DC,20
0,0,12,850,-1.4615924558244575,0.11273537400433363,0.36787011322367014,107.01714285714286,-16.81714285714286,-14.72,0,0,0,0,0,0,0,0,0,0,0,no mains / natural or DC,20
0,0,12,860,-1.2585833307901242,0.07025360881374554,0.347911008026368,110.66285714285715,-12.268571428571429,-4.977142857142857,0,0,0,0,0,0,0,0,0,0,0,no mains / natural or DC,20
0,0,12,870,-1.2585833307901242,0.07025360881374554,0.347911008026368,110.66285714285715,-12.268571428571429,-4.977142857142857,0,0,0,0,0,0,0,0,0,0,0,no mains / natural or DC,20
0,0,12,880,-1.1078829309976501,0.05883968626972259,0.31537827692495496,112.54857142857144,-9.674285714285714,2.5485714285714285,0,0,0,0,0,0,0,0,0,0,0,no mains / natural or DC,20
0,0,12,890,-1.1078829309976501,0.05883968626972259,0.31537827692495496,112.54857142857144,-9.674285714285714,2.5485714285714285,0,0,0,0,0,0,0,0,0,0,0,no mains / natural or DC,20
0,0,12,900,-0.9794000061037019,0.05261391033661916,0.28101443525498215,112.85142857142857,-5.908571428571428,7.994285714285715,0,0,0,0,0,0,0,0,0,0,0,no mains / natural or DC,20
0,0,12,910,-0.9794000061037019,0.05261391033661916,0.28101443525498215,112.85142857142857,-5.908571428571428,7.994285714285715,0,0,0,0,0,0,0,0,0,0,0,no mains / natural or DC,20
0,0,12,920,-0.8497573778496659,0.04821924497207557,0.24597918637653737,111.01142857142857,-0.7885714285714286,11.885714285714286,0,0,0,0,0,0,0,0,0,0,0,no mains / natural or DC,20
0,0,12,930,-0.8497573778496659,0.04821924497207557,0.24597918637653737,111.01142857142857,-0.7885714285714286,11.885714285714286,0,0,0,0,0,0,0,0,0,0,0,no mains / natural or DC,20
0,0,12,940,-0.7887813959166234,0.05566576128421888,0.21442304757835629,106.70857142857143,3.0628571428571427,14.622857142857143,0,0,0,0,0,0,0,0,0,0,0,no mains / natural or DC,20
0,0,12,950,-0.7887813959166234,0.05566576128421888,0.19879757072664572,100.14857142857143,6.662857142857143,16.14857142857143,0,0,0,0,0,0,0,0,0,0,0,no mains / natural or DC,20
0,0,12,960,-0.7377544480727561,0.052308725241859186,0.18774987029633472,100.14857142857143,6.662857142857143,16.14857142857143,0,0,0,0,0,0,0,0,0,0,0,no mains / natural or DC,20
0,0,12,970,-0.7246314889980774,0.0717795342875454,0.15198217719046603,91.84,9.36,16.285714285714285,0,0,0,0,0,0,0,0,0,0,0,no mains / natural or DC,20
0,0,12,980,-0.7246314889980774,0.0717795342875454,0.15198217719046603,91.84,9.36,16.285714285714285,0,0,0,0,0,0,0,0,0,0,0,no mains / natural or DC,20
0,0,12,990,-0.6941129795220802,0.08868678853724785,0.1313516647846919,82.76571428571428,10.85142857142857,15.217142857142857,0,0,0,0,0,0,0,0,0,0,0,no mains / natural or DC,20
0,0,13,0,-0.6941129795220802,0.08868678853724785,0.1313516647846919,82.76571428571428,10.85142857142857,15.217142857142857,0,0,0,0,0,0,0,0,0,0,0,no mains / natural or DC,20
0,0,13,10,-0.6397900326548052,0.108584856715598,0.10272530289620654,73.42857142857143,11.954285714285714,13.502857142857144,0,0,0,0,0,0,0,0,0,0,0,no mains / natural or DC,20
0,0,13,20,-0.6397900326548052,0.108584856715598,0.10272530289620654,73.42857142857143,11.954285714285714,13.502857142857144,0,0,0,0,0,0,0,0,0,0,0,no mains / natural or DC,20
0,0,13,30,-0.6397900326548052,0.14581743827631458,0.0727561265907773,64.44,11.09142857142857,11.434285714285714,0,0,0,0,0,0,0,0,0,0,0,no mains / natural or DC,20
0,0,13,40,-0.6397900326548052,0.14581743827631458,0.0727561265907773,64.44,11.09142857142857,11.434285714285714,0,0,0,0,0,0,0,0,0,0,0,no mains / natural or DC,20
0,0,13,50,-0.6807458723715933,0.1805475020599994,0.04052858058412427,56.22857142857143,10.994285714285715,9.04,0,0,0,0,0,0,0,0,0,0,0,no mains / natural or DC,20
0,0,13,60,-0.6807458723715933,0.1805475020599994,0.04052858058412427,56.22857142857143,10.994285714285715,9.04,0,0,0,0,0,0,0,0,0,0,0,no mains / natural or DC,20
0,0,13,70,-0.7367778557695243,0.2161931211279641,0.005249183629871517,48.94285714285714,12.01142857142857,5.28,0,0,0,0,0,0,0,0,0,0,0,no mains / natural or DC,20
0,0,13,80,-0.7367778557695243,0.2161931211279641,0.005249183629871517,41.628571428571426,12.971428571428572,0.26857142857142857,0,0,0,0,0,0,0,0,0,0,0,no mains / natural or DC,21
0,0,13,90,-0.7893917661061434,0.24402600177007355,-0.017395550401318398,42.34285714285714,12.971428571428572,0.26857142857142857,0,0,0,0,0,0,0,0,0,0,0,no mains / natural or DC,21
0,0,13,100,-0.7985473189489425,0.2465285195471053,-0.025818659016693626,36.02285714285714,12.474285714285715,-5.714285714285714,0,0,0,0,0,0,0,0,0,0,0,no mains / natural or DC,21
0,0,13,110,-0.7985473189489425,0.2465285195471053,-0.025818659016693626,36.02285714285714,12.474285714285715,-5.714285714285714,0,0,0,0,0,0,0,0,0,0,0,no mains / natural or DC,21
0,0,13,120,-0.8147221289712211,0.24958037049470505,-0.02398754844813379,29.68,9.022857142857143,-12.754285714285714,0,0,0,0,0,0,0,0,0,0,0,no mains / natural or DC,21
0,0,13,130,-0.8147221289712211,0.24958037049470505,-0.02398754844813379,29.68,9.022857142857143,-12.754285714285714,0,0,0,0,0,0,0,0,0,0,0,no mains / natural or DC,21
0,0,13,140,-0.8392590105899228,0.2578203680532243,-0.01446577349162267,23.542857142857144,4.034285714285715,-19.70285714285714,0,0,0,0,0,0,0,0,0,0,0,no mains / natural or DC,21
0,0,13,150,-0.8392590105899228,0.2578203680532243,-0.01446577349162267,23.542857142857144,4.034285714285715,-19.70285714285714,0,0,0,0,0,0,0,0,0,0,0,no mains / natural or DC,21
0,0,13,160,-0.8948026978362377,0.28119754631183813,-0.00793481246375927,18.474285714285713,-0.4685714285714286,-25.742857142857144,0,0,0,0,0,0,0,0,0,0,0,no mains / natural or DC,21
0,0,13,170,-0.8948026978362377,0.28119754631183813,-0.00793481246375927,18.474285714285713,-0.4685714285714286,-25.742857142857144,0,0,0,0,0,0,0,0,0,0,0,no mains / natural or DC,21
0,0,13,180,-0.9397259437849056,0.29712820825830866,0.007629627368999298,14.668571428571429,-2.6228571428571428,-29.70285714285714,0,0,0,0,0,0,0,0,0,0,0,no mains / natural or DC,21
0,0,13,190,-0.9397259437849056,0.29712820825830866,0.007629627368999298,14.668571428571429,-2.6228571428571428,-29.70285714285714,0,0,0,0,0,0,0,0,0,0,0,no mains / natural or DC,21
0,0,13,200,-0.9093295083468124,0.2814416943876461,0.02563554795983764,11.44,-2.6514285714285712,-31.365714285714287,0,0,0,0,0,0,0,0,0,0,0,no mains / natural or DC,21
0,0,13,210,-0.9093295083468124,0.2814416943876461,0.02563554795983764,11.44,-2.6514285714285712,-31.365714285714287,0,0,0,0,0,0,0,0,0,0,0,no mains / natural or DC,21
0,0,13,220,-0.8815576647236549,0.26276436658833585,0.04205450605792413,8.451428571428572,-3.525714285714286,-31.822857142857142,0,0,0,0,0,0,0,0,0,0,0,no mains / natural or DC,21
0,0,13,230,-0.8503067110202338,0.23871578112125003,0.0511490218817713,6.091428571428572,-4.497142857142857,-32.38857142857143,0,0,0,0,0,0,0,0,0,0,0,no mains / natural or DC,21
0,0,13,240,-0.859279152806177,0.23871578112125003,0.0511490218817713,6.091428571428572,-4.497142857142857,-32.38857142857143,0,0,0,0,0,0,0,0,0,0,0,no mains / natural or DC,21
0,0,13,250,-1.0567339091158787,0.2507400738547929,0.022522659993285926,5.08,-6.182857142857143,-34.142857142857146,0,0,0,0,0,0,0,0,0,0,0,no mains / natural or DC,21
0,0,13,260,-1.0567339091158787,0.2507400738547929,0.022522659993285926,5.08,-6.182857142857143,-34.142857142857146,0,0,0,0,0,0,0,0,0,0,0,no mains / natural or DC,21
0,0,13,270,-1.4609820856349376,0.25269325846125673,0.09216589861751152,5.422857142857143,-7.948571428571428,-35.76571428571429,0,0,0,0,0,0,0,0,0,0,0,no mains / natural or DC,21
0,0,13,280,-1.4609820856349376,0.25269325846125673,0.09216589861751152,5.422857142857143,-7.948571428571428,-35.76571428571429,0,0,0,0,0,0,0,0,0,0,0,no mains / natural or DC,21
0,0,13,290,-0.7817621387371441,0.021118808557390057,0.055238502151554916,4.102857142857143,3.2742857142857145,-38.47428571428571,0,0,0,0,0,0,0,0,0,0,0,no mains / natural or DC,21
0,0,13,300,-0.7817621387371441,0.021118808557390057,0.055238502151554916,4.102857142857143,3.2742857142857145,-38.47428571428571,0,0,0,0,0,0,0,0,0,0,0,no mains / natural or DC,21
0,0,13,310,-0.8133182775353252,-0.17999816888943143,-0.027466658528397473,5.502857142857143,-1.6057142857142856,-43.70285714285714,0,0,0,0,0,0,0,0,0,0,0,no mains / natural or DC,21
0,0,13,320,-0.8133182775353252,-0.17999816888943143,-0.027466658528397473,5.502857142857143,-1.6057142857142856,-43.70285714285714,0,0,0,0,0,0,0,0,0,0,0,no mains / natural or DC,21
0,0,13,330,-1.3017365031891843,-0.4149296548356578,0.1032746360667745,8.451428571428572,-10.188571428571429,-48.62285714285714,0,0,0,0,0,0,0,0,0,0,0,no mains / natural or DC,21
0,0,13,340,-1.3017365031891843,-0.4149296548356578,0.1032746360667745,8.451428571428572,-10.188571428571429,-48.62285714285714,0,0,0,0,0,0,0,0,0,0,0,no mains / natural or DC,21
0,0,13,350,-1.4816736350596638,-0.5040437025055696,0.10449537644581439,9.262857142857143,-1.7142857142857142,-40.794285714285714,0,0,0,0,0,0,0,0,0,0,0,no mains / natural or DC,21
0,0,13,360,-1.4816736350596638,-0.5040437025055696,0.10449537644581439,8.657142857142857,0.38857142857142857,-23.731428571428573,0,0,0,0,0,0,0,0,0,0,0,no mains / natural or DC,21
0,0,13,370,-1.4733726004821925,-0.49690237128818626,0.07214575640125737,8.657142857142857,0.38857142857142857,-23.731428571428573,0,0,0,0,0,0,0,0,0,0,0,no mains / natural or DC,21
0,0,13,380,-1.446150090029603,-0.4525284585100864,0.07318338572344127,8.982857142857142,-0.6742857142857143,-4.782857142857143,0,0,0,0,0,0,0,0,0,0,0,no mains / natural or DC,21
0,0,13,390,-1.446150090029603,-0.4525284585100864,0.07318338572344127,8.982857142857142,-0.6742857142857143,-4.782857142857143,0,0,0,0,0,0,0,0,0,0,0,no mains / natural or DC,21
0,0,13,400,-1.4601275673696097,-0.3051240577410199,0.01989806817835017,10.611428571428572,1.4057142857142857,11.468571428571428,0,0,0,0,0,0,0,0,0,0,0,no mains / natural or DC,21
0,0,13,410,-1.4601275673696097,-0.3051240577410199,0.01989806817835017,10.611428571428572,1.4057142857142857,11.468571428571428,0,0,0,0,0,0,0,0,0,0,0,no mains / natural or DC,21
0,0,13,420,-1.3796197393719292,-0.24848170415356913,0.01879940183721427,13.645714285714286,4.417142857142857,19.577142857142857,0,0,0,0,0,0,0,0,0,0,0,no mains / natural or DC,21
0,0,13,430,-1.3796197393719292,-0.24848170415356913,0.01879940183721427,13.645714285714286,4.417142857142857,19.577142857142857,0,0,0,0,0,0,0,0,0,0,0,no mains / natural or DC,21
0,0,13,440,-1.2447889645069734,-0.1945860164189581,0.012573625904110843,16.634285714285713,6.331428571428572,21.731428571428573,0,0,0,0,0,0,0,0,0,0,0,no mains / natural or DC,21
0,0,13,450,-1.2447889645069734,-0.1945860164189581,0.012573625904110843,16.634285714285713,6.331428571428572,21.731428571428573,0,0,0,0,0,0,0,0,0,0,0,no mains / natural or DC,21
0,0,13,460,-1.1356547746208074,-0.15552232428968168,0.010071108127079073,18.70285714285714,4.537142857142857,20.777142857142856,0,0,0,0,0,0,0,0,0,0,0,no mains / natural or DC,21
0,0,13,470,-1.1356547746208074,-0.15552232428968168,0.010071108127079073,18.70285714285714,4.537142857142857,20.777142857142856,0,0,0,0,0,0,0,0,0,0,0,no mains / natural or DC,21
0,0,13,480,-1.0168767357402264,-0.11047700430310983,0.0032349620044557024,20.068571428571428,2.3085714285714287,20.16,0,0,0,0,0,0,0,0,0,0,0,no mains / natural or DC,21
0,0,13,490,-1.0168767357402264,-0.11047700430310983,0.0032349620044557024,20.068571428571428,0.8457142857142858,20.874285714285715,0,0,0,0,0,0,0,0,0,0,0,no mains / natural or DC,21
0,0,13,500,-0.8713644825586718,-0.0815454573198645,0.0006103701895199438,21.18285714285714,1.0,20.874285714285715,0,0,0,0,0,0,0,0,0,0,0,no mains / natural or DC,21
0,0,13,510,-0.7491683706167791,-0.04687643055513169,-0.0011597033600878933,22.2,-0.2914285714285714,22.822857142857142,0,0,0,0,0,0,0,0,0,0,0,no mains / natural or DC,21
0,0,13,520,-0.7491683706167791,-0.04687643055513169,-0.0011597033600878933,22.2,-0.2914285714285714,22.822857142857142,0,0,0,0,0,0,0,0,0,0,0,no mains / natural or DC,21
0,0,13,530,-0.6699423200170904,-0.0054322946867275,0.0,23.10857142857143,-1.6571428571428573,25.594285714285714,0,0,0,0,0,0,0,0,0,0,0,no mains / natural or DC,21
0,0,13,540,-0.6699423200170904,-0.0054322946867275,0.0,23.10857142857143,-1.6571428571428573,25.594285714285714,0,0,0,0,0,0,0,0,0,0,0,no mains / natural or DC,21
0,0,13,550,-0.6131778923917356,0.02752769554734947,0.004150517288735618,23.897142857142857,-2.9828571428571427,28.074285714285715,0,0,0,0,0,0,0,0,0,0,0,no mains / natural or DC,21
0,0,13,560,-0.6131778923917356,0.02752769554734947,0.004150517288735618,23.897142857142857,-2.9828571428571427,28.074285714285715,0,0,0,0,0,0,0,0,0,0,0,no mains / natural or DC,21
0,0,13,570,-0.6049378948332164,0.06970427564317759,0.002197332682271798,24.685714285714287,-4.628571428571429,29.794285714285714,0,0,0,0,0,0,0,0,0,0,0,no mains / natural or DC,21
0,0,13,580,-0.6049378948332164,0.06970427564317759,0.002197332682271798,24.685714285714287,-4.628571428571429,29.794285714285714,0,0,0,0,0,0,0,0,0,0,0,no mains / natural or DC,21
0,0,13,590,-0.618610187078463,0.10925626392406995,0.0032959990234076968,25.50857142857143,-5.914285714285715,30.714285714285715,0,0,0,0,0,0,0,0,0,0,0,no mains / natural or DC,21
0,0,13,600,-0.618610187078463,0.10925626392406995,0.0032959990234076968,25.50857142857143,-5.914285714285715,30.714285714285715,0,0,0,0,0,0,0,0,0,0,0,no mains / natural or DC,21
0,0,13,610,-0.652119510483108,0.14954069643238624,-0.005493331705679495,26.542857142857144,-6.554285714285714,30.685714285714287,0,0,0,0,0,0,0,0,0,0,0,no mains / natural or DC,21
0,0,13,620,-0.652119510483108,0.14954069643238624,-0.005493331705679495,26.542857142857144,-6.554285714285714,30.685714285714287,0,0,0,0,0,0,0,0,0,0,0,no mains / natural or DC,21
0,0,13,630,-0.6934415723136083,0.185064241462447,-0.013000885036774804,27.674285714285713,-6.417142857142857,29.81142857142857,0,0,0,0,0,0,0,0,0,0,0,no mains / natural or DC,21
0,0,13,640,-0.6934415723136083,0.185064241462447,-0.018738364818262278,28.748571428571427,-5.731428571428571,27.84,0,0,0,0,0,0,0,0,0,0,0,no mains / natural or DC,22
0,0,13,650,-0.7254249702444533,0.21381267738883633,-0.018738364818262278,28.748571428571427,-5.731428571428571,27.84,0,0,0,0,0,0,0,0,0,0,0,no mains / natural or DC,22
0,0,13,660,-0.7763908810693686,0.23877681814020202,-0.03106784264656514,29.50857142857143,-5.16,24.53142857142857,0,0,0,0,0,0,0,0,0,0,0,no mains / natural or DC,22
0,0,13,670,-0.7763908810693686,0.23877681814020202,-0.03106784264656514,29.50857142857143,-5.16,24.53142857142857,0,0,0,0,0,0,0,0,0,0,0,no mains / natural or DC,22
0,0,13,680,-0.8410901211584826,0.2619708853419599,-0.04589983825189978,29.931428571428572,-3.994285714285714,20.068571428571428,0,0,0,0,0,0,0,0,0,0,0,no mains / natural or DC,22
0,0,13,690,-0.8410901211584826,0.2619708853419599,-0.04589983825189978,29.931428571428572,-3.994285714285714,20.068571428571428,0,0,0,0,0,0,0,0,0,0,0,no mains / natural or DC,22
0,0,13,700,-0.8981597338785974,0.2849818414868618,-0.06756797997985778,30.02857142857143,-1.737142857142857,15.09142857142857,0,0,0,0,0,0,0,0,0,0,0,no mains / natural or DC,22
0,0,13,710,-0.8981597338785974,0.2849818414868618,-0.06756797997985778,30.02857142857143,-1.737142857142857,15.09142857142857,0,0,0,0,0,0,0,0,0,0,0,no mains / natural or DC,22
0,0,13,720,-0.9192175054170354,0.2905972472304453,-0.08600115970336009,29.748571428571427,1.0,10.154285714285715,0,0,0,0,0,0,0,0,0,0,0,no mains / natural or DC,22
0,0,13,730,-0.9192175054170354,0.2905972472304453,-0.08600115970336009,29.748571428571427,1.0,10.154285714285715,0,0,0,0,0,0,0,0,0,0,0,no mains / natural or DC,22
0,0,13,740,-0.9282509842219306,0.2981658375804926,-0.10382396923734245,29.005714285714287,2.5428571428571427,5.468571428571429,0,0,0,0,0,0,0,0,0,0,0,no mains / natural or DC,22
0,0,13,750,-0.9282509842219306,0.2981658375804926,-0.10382396923734245,29.005714285714287,2.5428571428571427,5.468571428571429,0,0,0,0,0,0,0,0,0,0,0,no mains / natural or DC,22
0,0,13,760,-0.9160435804315317,0.3032319101535081,-0.12671285134434035,27.85142857142857,2.605714285714286,1.88,0,0,0,0,0,0,0,0,0,0,0,no mains / natural or DC,22
0,0,13,770,-0.9160435804315317,0.3032319101535081,-0.12671285134434035,26.56,1.8628571428571428,-0.32,0,0,0,0,0,0,0,0,0,0,0,no mains / natural or DC,22
0,0,13,780,-0.902615436262093,0.30964079714346754,-0.15039521469771416,26.56,1.8628571428571428,-0.32,0,0,0,0,0,0,0,0,0,0,0,no mains / natural or DC,22
0,0,13,790,-0.9142735068819239,0.3165379802850429,-0.1640064699240089,25.24,0.1657142857142857,-1.2857142857142858,0,0,0,0,0,0,0,0,0,0,0,no mains / natural or DC,22
0,0,13,800,-0.9142735068819239,0.3165379802850429,-0.1640064699240089,25.24,0.1657142857142857,-1.2857142857142858,0,0,0,0,0,0,0,0,0,0,0,no mains / natural or DC,22
0,0,13,810,-0.9147618030335398,0.3165379802850429,-0.1683400982696005,23.697142857142858,-2.1142857142857143,-1.72,0,0,0,0,0,0,0,0,0,0,0,no mains / natural or DC,22
0,0,13,820,-0.9147618030335398,0.3165379802850429,-0.1683400982696005,23.697142857142858,-2.1142857142857143,-1.72,0,0,0,0,0,0,0,0,0,0,0,no mains / natural or DC,22
0,0,13,830,-0.8766136661885433,0.3101290932950835,-0.16235847041230506,21.965714285714284,-4.7371428571428575,-2.5485714285714285,0,0,0,0,0,0,0,0,0,0,0,no mains / natural or DC,22
0,0,13,840,-0.8766136661885433,0.3101290932950835,-0.16235847041230506,21.965714285714284,-4.7371428571428575,-2.5485714285714285,0,0,0,0,0,0,0,0,0,0,0,no mains / natural or DC,22
0,0,13,850,-0.8435316019165624,0.30146183660390025,-0.14716025269325847,20.17142857142857,-7.948571428571428,-4.32,0,0,0,0,0,0,0,0,0,0,0,no mains / natural or DC,22
0,0,13,860,-0.8435316019165624,0.30146183660390025,-0.14716025269325847,20.17142857142857,-7.948571428571428,-4.32,0,0,0,0,0,0,0,0,0,0,0,no mains / natural or DC,22
0,0,13,870,-0.8509781182287057,0.29371013519699696,-0.13177892391735588,18.617142857142856,-10.834285714285715,-7.44,0,0,0,0,0,0,0,0,0,0,0,no mains / natural or DC,22
0,0,13,880,-0.8509781182287057,0.29371013519699696,-0.13177892391735588,18.617142857142856,-10.834285714285715,-7.44,0,0,0,0,0,0,0,0,0,0,0,no mains / natural or DC,22
0,0,13,890,-1.3074129459517196,0.4029053621021149,-0.09479049043244728,18.291428571428572,-15.422857142857143,-10.354285714285714,0,0,0,0,0,0,0,0,0,0,0,no mains / natural or DC,22
0,0,13,900,-1.3074129459517196,0.4029053621021149,-0.09479049043244728,18.291428571428572,-15.422857142857143,-10.354285714285714,0,0,0,0,0,0,0,0,0,0,0,no mains / natural or DC,22
0,0,13,910,-0.8536637470625935,0.293343913083285,-0.019714957121494188,16.925714285714285,-9.977142857142857,-12.72,0,0,0,0,0,0,0,0,0,0,0,no mains / natural or DC,22
0,0,13,920,-0.9853816339609973,0.33545945616016115,-0.008239997558519242,16.554285714285715,-14.245714285714286,-15.845714285714285,0,0,0,0,0,0,0,0,0,0,0,no mains / natural or DC,22
0,0,13,930,-0.9853816339609973,0.33545945616016115,-0.008239997558519242,16.554285714285715,-14.245714285714286,-15.845714285714285,0,0,0,0,0,0,0,0,0,0,0,no mains / natural or DC,22
0,0,13,940,-1.1913205359050263,0.2381664479506821,0.15576647236548968,16.66857142857143,-20.70285714285714,-22.091428571428573,0,0,0,0,0,0,0,0,0,0,0,no mains / natural or DC,22
0,0,13,950,-1.1913205359050263,0.2381664479506821,0.15576647236548968,16.66857142857143,-20.70285714285714,-22.091428571428573,0,0,0,0,0,0,0,0,0,0,0,no mains / natural or DC,22
0,0,13,960,-0.9212317270424513,-0.018860438856166263,0.23505355998413038,16.268571428571427,-18.81714285714286,-35.371428571428574,0,0,0,0,0,0,0,0,0,0,0,no mains / natural or DC,22
0,0,13,970,-0.9212317270424513,-0.018860438856166263,0.23505355998413038,16.268571428571427,-18.81714285714286,-35.371428571428574,0,0,0,0,0,0,0,0,0,0,0,no mains / natural or DC,22
0,0,13,980,-1.0042420728171637,-0.27259132663960695,0.35377056184575945,16.28,-31.062857142857144,-56.034285714285716,0,0,0,0,0,0,0,0,0,0,0,no mains / natural or DC,22
0,0,13,990,-1.0042420728171637,-0.27259132663960695,0.35377056184575945,16.28,-31.062857142857144,-56.034285714285716,0,0,0,0,0,0,0,0,0,0,0,no mains / natural or DC,22
0,0,14,0,-1.4761192663350322,-0.23731192968535417,0.40260017700735495,17.81714285714286,-35.497142857142855,-59.565714285714286,0,0,0,0,0,0,0,0,0,0,0,no mains / natural or DC,22
0,0,14,10,-1.4761192663350322,-0.23731192968535417,0.40260017700735495,17.81714285714286,-35.497142857142855,-59.565714285714286,0,0,0,0,0,0,0,0,0,0,0,no mains / natural or DC,22
0,0,14,20,-1.455183568834498,-0.2804040650654622,0.40589617603076267,21.708571428571428,-19.388571428571428,-44.754285714285714,0,0,0,0,0,0,0,0,0,0,0,no mains / natural or DC,22
0,0,14,30,-1.455183568834498,-0.2804040650654622,0.40589617603076267,21.708571428571428,-19.388571428571428,-44.754285714285714,0,0,0,0,0,0,0,0,0,0,0,no mains / natural or DC,22
0,0,14,40,-1.3936582537308877,-0.3267311624500259,0.41926328318124945,26.49142857142857,-10.262857142857143,-27.257142857142856,0,0,0,0,0,0,0,0,0,0,0,no mains / natural or DC,22
0,0,14,50,-1.3936582537308877,-0.3267311624500259,0.41926328318124945,30.154285714285713,-5.914285714285715,-9.782857142857143,0,0,0,0,0,0,0,0,0,0,0,no mains / natural or DC,22
0,0,14,60,-1.3600878933072909,-0.2532425916318247,0.37995544297616507,30.154285714285713,-5.914285714285715,-9.782857142857143,0,0,0,0,0,0,0,0,0,0,0,no mains / natural or DC,22
0,0,14,70,-1.2549821466719566,-0.20709860530411695,0.34101382488479265,32.29142857142857,-2.8514285714285714,4.091428571428572,0,0,0,0,0,0,0,0,0,0,0,no mains / natural or DC,22
0,0,14,80,-1.2549821466719566,-0.20709860530411695,0.34101382488479265,32.29142857142857,-2.8514285714285714,4.091428571428572,0,0,0,0,0,0,0,0,0,0,0,no mains / natural or DC,22
0,0,14,90,-1.1679433576464124,-0.1389202551347392,0.30500198370311593,33.114285714285714,-2.4914285714285715,13.268571428571429,0,0,0,0,0,0,0,0,0,0,0,no mains / natural or DC,22
0,0,14,100,-1.1679433576464124,-0.1389202551347392,0.30500198370311593,33.114285714285714,-2.4914285714285715,13.268571428571429,0,0,0,0,0,0,0,0,0,0,0,no mains / natural or DC,22
0,0,14,110,-1.0908536027100437,-0.06018250068666646,0.2654499954222236,33.36,-1.7485714285714287,18.982857142857142,0,0,0,0,0,0,0,0,0,0,0,no mains / natural or DC,22
0,0,14,120,-1.0908536027100437,-0.06018250068666646,0.2654499954222236,33.36,-1.7485714285714287,18.982857142857142,0,0,0,0,0,0,0,0,0,0,0,no mains / natural or DC,22
0,0,14,130,-1.0145573290200507,0.005859553819391461,0.228217413861507,33.69714285714286,1.697142857142857,22.885714285714286,0,0,0,0,0,0,0,0,0,0,0,no mains / natural or DC,22
0,0,14,140,-1.0145573290200507,0.005859553819391461,0.228217413861507,33.69714285714286,1.697142857142857,22.885714285714286,0,0,0,0,0,0,0,0,0,0,0,no mains / natural or DC,22
0,0,14,150,-0.9214758751182592,0.05224768822290719,0.1966612750633259,34.16,7.7542857142857144,25.354285714285716,0,0,0,0,0,0,0,0,0,0,0,no mains / natural or DC,22
0,0,14,160,-0.9214758751182592,0.05224768822290719,0.1966612750633259,34.16,7.7542857142857144,25.354285714285716,0,0,0,0,0,0,0,0,0,0,0,no mains / natural or DC,22
0,0,14,170,-0.815637684255501,0.08514664143803216,0.16333506271553697,34.348571428571425,14.565714285714286,27.02285714285714,0,0,0,0,0,0,0,0,0,0,0,no mains / natural or DC,22
0,0,14,180,-0.815637684255501,0.08514664143803216,0.16333506271553697,34.348571428571425,20.417142857142856,28.257142857142856,0,0,0,0,0,0,0,0,0,0,0,no mains / natural or DC,22
0,0,14,190,-0.7369609668263802,0.11255226294747764,0.13068025757621998,34.005714285714284,19.914285714285715,28.257142857142856,0,0,0,0,0,0,0,0,0,0,0,no mains / natural or DC,22
0,0,14,200,-0.6593829157383954,0.1260414441358684,0.10394604327524644,33.02857142857143,23.314285714285713,28.76,0,0,0,0,0,0,0,0,0,0,0,no mains / natural or DC,22
0,0,14,210,-0.6593829157383954,0.1260414441358684,0.10394604327524644,33.02857142857143,23.314285714285713,28.76,0,0,0,0,0,0,0,0,0,0,0,no mains / natural or DC,22
0,0,14,220,-0.5937070833460494,0.13238929410687583,0.07562486648152104,31.302857142857142,24.88,28.314285714285713,0,0,0,0,0,0,0,0,0,0,0,no mains / natural or DC,22
0,0,14,230,-0.5937070833460494,0.13238929410687583,0.07562486648152104,31.302857142857142,24.88,28.314285714285713,0,0,0,0,0,0,0,0,0,0,0,no mains / natural or DC,22
0,0,14,240,-0.5894955290383618,0.15454573198644977,0.05029450361644337,28.994285714285713,23.21142857142857,26.725714285714286,0,0,0,0,0,0,0,0,0,0,0,no mains / natural or DC,22
0,0,14,250,-0.5894955290383618,0.15454573198644977,0.05029450361644337,28.994285714285713,23.21142857142857,26.725714285714286,0,0,0,0,0,0,0,0,0,0,0,no mains / natural or DC,22
0,0,14,260,-0.6076845606860561,0.1784722434156316,0.027039399395733514,26.422857142857143,20.68,24.422857142857143,0,0,0,0,0,0,0,0,0,0,0,no mains / natural or DC,22
0,0,14,270,-0.6076845606860561,0.1784722434156316,0.027039399395733514,26.422857142857143,20.68,24.422857142857143,0,0,0,0,0,0,0,0,0,0,0,no mains / natural or DC,22
0,0,14,280,-0.6018250068666646,0.1967833491012299,0.004028443250831629,23.72,18.94857142857143,21.542857142857144,0,0,0,0,0,0,0,0,0,0,0,no mains / natural or DC,22
0,0,14,290,-0.6018250068666646,0.1967833491012299,0.004028443250831629,23.72,18.94857142857143,21.542857142857144,0,0,0,0,0,0,0,0,0,0,0,no mains / natural or DC,23
0,0,14,300,-0.6116519669179358,0.21796319467757194,-0.015015106662190619,21.057142857142857,16.86857142857143,17.86285714285714,0,0,0,0,0,0,0,0,0,0,0,no mains / natural or DC,23
0,0,14,310,-0.6116519669179358,0.21796319467757194,-0.015015106662190619,21.057142857142857,16.86857142857143,17.86285714285714,0,0,0,0,0,0,0,0,0,0,0,no mains / natural or DC,23
0,0,14,320,-0.6542558061464278,0.2403027436140019,-0.025452436902981657,18.274285714285714,14.885714285714286,13.662857142857144,0,0,0,0,0,0,0,0,0,0,0,no mains / natural or DC,23
0,0,14,330,-0.6542558061464278,0.271553697317423,-0.03399761955626087,15.217142857142857,13.222857142857142,9.205714285714286,0,0,0,0,0,0,0,0,0,0,0,no mains / natural or DC,23
0,0,14,340,-0.7213965269936217,0.27057710501419113,-0.03399761955626087,15.217142857142857,13.222857142857142,9.205714285714286,0,0,0,0,0,0,0,0,0,0,0,no mains / natural or DC,23
0,0,14,350,-0.815881832331309,0.3108005005035554,-0.039613025299844354,11.994285714285715,11.52,4.731428571428571,0,0,0,0,0,0,0,0,0,0,0,no mains / natural or DC,23
0,0,14,360,-0.815881832331309,0.3108005005035554,-0.039613025299844354,11.994285714285715,11.52,4.731428571428571,0,0,0,0,0,0,0,0,0,0,0,no mains / natural or DC,23
0,0,14,370,-0.8887600329599903,0.33979308450575274,-0.03759880367442854,8.76,10.737142857142857,0.4685714285714286,0,0,0,0,0,0,0,0,0,0,0,no mains / natural or DC,23
0,0,14,380,-0.8887600329599903,0.33979308450575274,-0.03759880367442854,8.76,10.737142857142857,0.4685714285714286,0,0,0,0,0,0,0,0,0,0,0,no mains / natural or DC,23
0,0,14,390,-0.9071321756645405,0.35590685750907924,-0.02978606524857326,5.571428571428571,10.914285714285715,-3.96,0,0,0,0,0,0,0,0,0,0,0,no mains / natural or DC,23
0,0,14,400,-0.9071321756645405,0.35590685750907924,-0.02978606524857326,5.571428571428571,10.914285714285715,-3.96,0,0,0,0,0,0,0,0,0,0,0,no mains / natural or DC,23
0,0,14,410,-0.923551133762627,0.3666493728446303,-0.027100436414685507,2.617142857142857,11.36,-8.114285714285714,0,0,0,0,0,0,0,0,0,0,0,no mains / natural or DC,23
0,0,14,420,-0.923551133762627,0.3666493728446303,-0.027100436414685507,2.617142857142857,11.36,-8.114285714285714,0,0,0,0,0,0,0,0,0,0,0,no mains / natural or DC,23
0,0,14,430,-0.9504074221015045,0.38984344004638816,-0.03540147099215674,0.2,12.462857142857143,-11.657142857142857,0,0,0,0,0,0,0,0,0,0,0,no mains / natural or DC,23
0,0,14,440,-0.9504074221015045,0.38984344004638816,-0.03540147099215674,0.2,12.462857142857143,-11.657142857142857,0,0,0,0,0,0,0,0,0,0,0,no mains / natural or DC,23
0,0,14,450,-0.9704275643177587,0.3953367717520676,-0.0499893185216834,-1.28,14.308571428571428,-14.571428571428571,0,0,0,0,0,0,0,0,0,0,0,no mains / natural or DC,23
0,0,14,460,-0.9704275643177587,0.3953367717520676,-0.0499893185216834,-2.28,15.594285714285714,-18.565714285714286,0,0,0,0,0,0,0,0,0,0,0,no mains / natural or DC,23
0,0,14,470,-0.9686574907681509,0.3565782647175512,-0.08008056886501663,-2.28,15.594285714285714,-18.565714285714286,0,0,0,0,0,0,0,0,0,0,0,no mains / natural or DC,23
0,0,14,480,-1.4761192663350322,0.44166386913663136,-0.11487166966765343,-2.5542857142857143,11.245714285714286,-22.537142857142857,0,0,0,0,0,0,0,0,0,0,0,no mains / natural or DC,23
0,0,14,490,-1.4761192663350322,0.44166386913663136,-0.11487166966765343,-2.5542857142857143,11.245714285714286,-22.537142857142857,0,0,0,0,0,0,0,0,0,0,0,no mains / natural or DC,23
0,0,14,500,-1.1120944853053376,0.3017670216986602,-0.15393536179692985,-3.84,16.434285714285714,-27.262857142857143,0,0,0,0,0,0,0,0,0,0,0,no mains / natural or DC,23
0,0,14,510,-1.1120944853053376,0.3017670216986602,-0.15393536179692985,-3.84,16.434285714285714,-27.262857142857143,0,0,0,0,0,0,0,0,0,0,0,no mains / natural or DC,23
0,0,14,520,-0.9494918668172246,0.15027314065981018,-0.31946775719473863,-3.9371428571428573,17.377142857142857,-34.348571428571425,0,0,0,0,0,0,0,0,0,0,0,no mains / natural or DC,23
0,0,14,530,-0.9494918668172246,0.15027314065981018,-0.31946775719473863,-3.9371428571428573,17.377142857142857,-34.348571428571425,0,0,0,0,0,0,0,0,0,0,0,no mains / natural or DC,23
0,0,14,540,-1.3006378368480482,-0.1327555162205878,-0.3533433027130955,-3.7942857142857145,7.2457142857142856,-47.73142857142857,0,0,0,0,0,0,0,0,0,0,0,no mains / natural or DC,23
0,0,14,550,-1.3006378368480482,-0.1327555162205878,-0.3533433027130955,-3.7942857142857145,7.2457142857142856,-47.73142857142857,0,0,0,0,0,0,0,0,0,0,0,no mains / natural or DC,23
0,0,14,560,-1.1714224677266762,-0.5385906552323985,-0.34528641621143225,-6.828571428571428,2.3257142857142856,-66.07428571428571,0,0,0,0,0,0,0,0,0,0,0,no mains / natural or DC,23
0,0,14,570,-1.1714224677266762,-0.5385906552323985,-0.34528641621143225,-6.828571428571428,2.3257142857142856,-66.07428571428571,0,0,0,0,0,0,0,0,0,0,0,no mains / natural or DC,23
0,0,14,580,-1.2466200750755334,-0.6053041169469283,-0.4293954283272805,-11.942857142857143,-11.022857142857143,-68.47428571428571,0,0,0,0,0,0,0,0,0,0,0,no mains / natural or DC,23
0,0,14,590,-1.2466200750755334,-0.6053041169469283,-0.4293954283272805,-11.942857142857143,-11.022857142857143,-50.92,0,0,0,0,0,0,0,0,0,0,0,no mains / natural or DC,23
0,0,14,600,-1.403363139744255,-0.5683156834620197,-0.36982329783013396,-15.514285714285714,-23.822857142857142,-50.64,0,0,0,0,0,0,0,0,0,0,0,no mains / natural or DC,23
0,0,14,610,-1.4294259468367565,-0.5036164433729057,-0.34388256477553636,-16.285714285714285,-21.537142857142857,-24.97714285714286,0,0,0,0,0,0,0,0,0,0,0,no mains / natural or DC,23
0,0,14,620,-1.4294259468367565,-0.5036164433729057,-0.34388256477553636,-16.285714285714285,-21.537142857142857,-24.97714285714286,0,0,0,0,0,0,0,0,0,0,0,no mains / natural or DC,23
0,0,14,630,-1.402630695516831,-0.42548905911435286,-0.2791222876674703,-15.502857142857144,-17.908571428571427,-3.4457142857142857,0,0,0,0,0,0,0,0,0,0,0,no mains / natural or DC,23
0,0,14,640,-1.402630695516831,-0.42548905911435286,-0.2791222876674703,-15.502857142857144,-17.908571428571427,-3.4457142857142857,0,0,0,0,0,0,0,0,0,0,0,no mains / natural or DC,23
0,0,14,650,-1.2767723624378184,-0.3623157444990387,-0.22815637684255502,-14.137142857142857,-11.342857142857143,10.48,0,0,0,0,0,0,0,0,0,0,0,no mains / natural or DC,23
0,0,14,660,-1.2767723624378184,-0.3623157444990387,-0.22815637684255502,-14.137142857142857,-11.342857142857143,10.48,0,0,0,0,0,0,0,0,0,0,0,no mains / natural or DC,23
0,0,14,670,-1.1351664784691915,-0.2729575487533189,-0.1945249794000061,-13.645714285714286,-7.485714285714286,17.274285714285714,0,0,0,0,0,0,0,0,0,0,0,no mains / natural or DC,23
0,0,14,680,-1.1351664784691915,-0.2729575487533189,-0.1945249794000061,-13.645714285714286,-7.485714285714286,17.274285714285714,0,0,0,0,0,0,0,0,0,0,0,no mains / natural or DC,23
0,0,14,690,-1.0026551103244117,-0.17780083620715964,-0.1781670583208716,-13.417142857142856,-5.085714285714285,21.731428571428573,0,0,0,0,0,0,0,0,0,0,0,no mains / natural or DC,23
0,0,14,700,-1.0026551103244117,-0.17780083620715964,-0.1781670583208716,-13.417142857142856,-5.085714285714285,21.731428571428573,0,0,0,0,0,0,0,0,0,0,0,no mains / natural or DC,23
0,0,14,710,-0.8579973754081851,-0.10632648701437422,-0.16364024781029696,-13.302857142857142,-3.662857142857143,25.0,0,0,0,0,0,0,0,0,0,0,0,no mains / natural or DC,23
0,0,14,720,-0.8579973754081851,-0.10632648701437422,-0.16364024781029696,-13.302857142857142,-3.662857142857143,25.0,0,0,0,0,0,0,0,0,0,0,0,no mains / natural or DC,23
0,0,14,730,-0.7186498611407819,-0.05609302041688284,-0.14532914212469863,-13.262857142857143,-3.662857142857143,27.685714285714287,0,0,0,0,0,0,0,0,0,0,0,no mains / natural or DC,23
0,0,14,740,-0.7186498611407819,-0.05609302041688284,-0.12970366527298807,-13.348571428571429,-4.662857142857143,29.634285714285713,0,0,0,0,0,0,0,0,0,0,0,no mains / natural or DC,23
0,0,14,750,-0.6167180394909513,-0.00933866389965514,-0.12677388836329234,-13.348571428571429,-4.662857142857143,29.634285714285713,0,0,0,0,0,0,0,0,0,0,0,no mains / natural or DC,23
0,0,14,760,-0.5587328714865566,0.03662221137119663,-0.10992767113254188,-13.32,-6.817142857142857,30.097142857142856,0,0,0,0,0,0,0,0,0,0,0,no mains / natural or DC,23
0,0,14,770,-0.5587328714865566,0.03662221137119663,-0.10992767113254188,-13.32,-6.817142857142857,30.097142857142856,0,0,0,0,0,0,0,0,0,0,0,no mains / natural or DC,23
0,0,14,780,-0.5339518417920469,0.07593005157628102,-0.08935819574571978,-13.045714285714286,-9.605714285714285,29.142857142857142,0,0,0,0,0,0,0,0,0,0,0,no mains / natural or DC,23
0,0,14,790,-0.5339518417920469,0.07593005157628102,-0.08935819574571978,-13.045714285714286,-9.605714285714285,29.142857142857142,0,0,0,0,0,0,0,0,0,0,0,no mains / natural or DC,23
0,0,14,800,-0.5344401379436629,0.11151463362529374,-0.07342753379924924,-12.571428571428571,-12.548571428571428,26.965714285714284,0,0,0,0,0,0,0,0,0,0,0,no mains / natural or DC,23
0,0,14,810,-0.5344401379436629,0.11151463362529374,-0.07342753379924924,-12.571428571428571,-12.548571428571428,26.965714285714284,0,0,0,0,0,0,0,0,0,0,0,no mains / natural or DC,23
0,0,14,820,-0.5748466444898831,0.14709921567430648,-0.06665242469557786,-11.657142857142857,-15.497142857142856,24.18285714285714,0,0,0,0,0,0,0,0,0,0,0,no mains / natural or DC,23
0,0,14,830,-0.5748466444898831,0.14709921567430648,-0.06665242469557786,-11.657142857142857,-15.497142857142856,24.18285714285714,0,0,0,0,0,0,0,0,0,0,0,no mains / natural or DC,23
0,0,14,840,-0.6281929990539262,0.17798394726401562,-0.06250190740684225,-10.417142857142856,-16.82857142857143,21.582857142857144,0,0,0,0,0,0,0,0,0,0,0,no mains / natural or DC,23
0,0,14,850,-0.6281929990539262,0.17798394726401562,-0.06250190740684225,-10.417142857142856,-16.82857142857143,21.582857142857144,0,0,0,0,0,0,0,0,0,0,0,no mains / natural or DC,23
0,0,14,860,-0.662068544572283,0.195684682760094,-0.06707968382824182,-9.034285714285714,-16.834285714285713,19.748571428571427,0,0,0,0,0,0,0,0,0,0,0,no mains / natural or DC,23
0,0,14,870,-0.662068544572283,0.195684682760094,-0.06707968382824182,-9.034285714285714,-16.21142857142857,17.291428571428572,0,0,0,0,0,0,0,0,0,0,0,no mains / natural or DC,24
0,0,14,880,-0.7225562303537095,0.21253089999084446,-0.07324442274239326,-7.422857142857143,-16.21142857142857,17.291428571428572,0,0,0,0,0,0,0,0,0,0,0,no mains / natural or DC,24
0,0,14,890,-0.7869502853480635,0.23426007873775445,-0.08740501113925596,-5.485714285714286,-14.44,13.714285714285714,0,0,0,0,0,0,0,0,0,0,0,no mains / natural or DC,24
0,0,14,900,-0.7869502853480635,0.23426007873775445,-0.08740501113925596,-5.485714285714286,-14.44,13.714285714285714,0,0,0,0,0,0,0,0,0,0,0,no mains / natural or DC,24
0,0,14,910,-0.8332773827326273,0.24701681569872128,-0.10290841395306254,-3.3085714285714287,-11.76,9.148571428571428,0,0,0,0,0,0,0,0,0,0,0,no mains / natural or DC,24
0,0,14,920,-0.8332773827326273,0.24701681569872128,-0.10290841395306254,-3.3085714285714287,-11.76,9.148571428571428,0,0,0,0,0,0,0,0,0,0,0,no mains / natural or DC,24
0,0,14,930,-0.8886989959410383,0.2681356242561113,-0.12005981627857296,-1.3771428571428572,-9.92,3.822857142857143,0,0,0,0,0,0,0,0,0,0,0,no mains / natural or DC,24
0,0,14,940,-0.8886989959410383,0.2681356242561113,-0.12005981627857296,-1.3771428571428572,-9.92,3.822857142857143,0,0,0,0,0,0,0,0,0,0,0,no mains / natural or DC,24
0,0,14,950,-0.9031037324137089,0.27356791894283883,-0.12451551866206854,-0.18285714285714286,-9.365714285714287,-1.1085714285714285,0,0,0,0,0,0,0,0,0,0,0,no mains / natural or DC,24
0,0,14,960,-0.9031037324137089,0.27356791894283883,-0.12451551866206854,-0.18285714285714286,-9.365714285714287,-1.1085714285714285,0,0,0,0,0,0,0,0,0,0,0,no mains / natural or DC,24
0,0,14,970,-0.9045075838496048,0.28113650929288614,-0.13568529313028352,-0.08,-10.748571428571429,-5.005714285714285,0,0,0,0,0,0,0,0,0,0,0,no mains / natural or DC,24
0,0,14,980,-0.9045075838496048,0.28113650929288614,-0.13568529313028352,-0.08,-10.748571428571429,-5.005714285714285,0,0,0,0,0,0,0,0,0,0,0,no mains / natural or DC,24
0,0,14,990,-0.9379558702352977,0.2948698385570849,-0.14929654835657827,-1.022857142857143,-13.314285714285715,-7.1657142857142855,0,0,0,0,0,0,0,0,0,0,0,no mains / natural or DC,24
0,0,15,0,-0.9379558702352977,0.2948698385570849,-0.14929654835657827,-1.022857142857143,-13.314285714285715,-7.1657142857142855,0,0,0,0,0,0,0,0,0,0,0,no mains / natural or DC,24
0,0,15,10,-0.9913632618182928,0.32880642109439373,-0.1651051362651448,-2.057142857142857,-14.228571428571428,-7.56,0,0,0,0,0,0,0,0,0,0,0,no mains / natural or DC,24
0,0,15,20,-0.9913632618182928,0.34327219458601643,-0.1673024689474166,-2.525714285714286,-13.554285714285715,-7.005714285714285,0,0,0,0,0,0,0,0,0,0,0,no mains / natural or DC,24
0,0,15,30,-1.0113223670155949,0.34327219458601643,-0.1673024689474166,-2.525714285714286,-13.554285714285715,-7.005714285714285,0,0,0,0,0,0,0,0,0,0,0,no mains / natural or DC,24
0,0,15,40,-0.9700003051850947,0.33088167973876154,-0.1672414319284646,-2.662857142857143,-12.548571428571428,-6.371428571428571,0,0,0,0,0,0,0,0,0,0,0,no mains / natural or DC,24
0,0,15,50,-0.9700003051850947,0.33088167973876154,-0.1672414319284646,-2.662857142857143,-12.548571428571428,-6.371428571428571,0,0,0,0,0,0,0,0,0,0,0,no mains / natural or DC,24
0,0,15,60,-0.9261146885586108,0.2855311746574297,-0.16541032135990477,-2.394285714285714,-12.897142857142857,-7.451428571428571,0,0,0,0,0,0,0,0,0,0,0,no mains / natural or DC,24
0,0,15,70,-0.9261146885586108,0.2855311746574297,-0.16541032135990477,-2.394285714285714,-12.897142857142857,-7.451428571428571,0,0,0,0,0,0,0,0,0,0,0,no mains / natural or DC,24
0,0,15,80,-1.4586016418958099,0.3338724936674093,-0.19171727652821435,-0.92,-17.074285714285715,-10.491428571428571,0,0,0,0,0,0,0,0,0,0,0,no mains / natural or DC,24
0,0,15,90,-1.4586016418958099,0.3338724936674093,-0.19171727652821435,-0.92,-17.074285714285715,-10.491428571428571,0,0,0,0,0,0,0,0,0,0,0,no mains / natural or DC,24
0,0,15,100,-1.1266212958159123,0.10986663411358989,-0.05011139255958739,-0.49142857142857144,-15.982857142857142,-15.554285714285715,0,0,0,0,0,0,0,0,0,0,0,no mains / natural or DC,24
0,0,15,110,-1.1266212958159123,0.10986663411358989,-0.05011139255958739,-0.49142857142857144,-15.982857142857142,-15.554285714285715,0,0,0,0,0,0,0,0,0,0,0,no mains / natural or DC,24
0,0,15,120,-0.8647724845118564,-0.02142399365215003,-0.028443250831629383,-2.0171428571428573,-15.834285714285715,-16.982857142857142,0,0,0,0,0,0,0,0,0,0,0,no mains / natural or DC,24
0,0,15,130,-0.8647724845118564,-0.02142399365215003,-0.028443250831629383,-2.0171428571428573,-15.834285714285715,-16.982857142857142,0,0,0,0,0,0,0,0,0,0,0,no mains / natural or DC,24
0,0,15,140,-1.0313425092318491,-0.282967619861446,0.21808526871547593,-5.845714285714286,-32.61714285714286,-16.82857142857143,0,0,0,0,0,0,0,0,0,0,0,no mains / natural or DC,24
0,0,15,150,-1.0313425092318491,-0.282967619861446,0.21808526871547593,-12.102857142857143,-43.48,-15.977142857142857,0,0,0,0,0,0,0,0,0,0,0,no mains / natural or DC,24
0,0,15,160,-1.205542161320841,-0.48860133671071504,0.3738517410809656,-12.102857142857143,-43.48,-15.977142857142857,0,0,0,0,0,0,0,0,0,0,0,no mains / natural or DC,24
0,0,15,170,-1.52195806756798,-0.36042359691152687,0.3828852198858608,-16.142857142857142,-42.62285714285714,-10.108571428571429,0,0,0,0,0,0,0,0,0,0,0,no mains / natural or DC,24
0,0,15,180,-1.52195806756798,-0.36042359691152687,0.3828852198858608,-16.142857142857142,-42.62285714285714,-10.108571428571429,0,0,0,0,0,0,0,0,0,0,0,no mains / natural or DC,24
0,0,15,190,-1.631885738700522,-0.2804651020844142,0.4173100985747856,-14.297142857142857,-23.68,2.217142857142857,0,0,0,0,0,0,0,0,0,0,0,no mains / natural or DC,24
0,0,15,200,-1.631885738700522,-0.2804651020844142,0.4173100985747856,-14.297142857142857,-23.68,2.217142857142857,0,0,0,0,0,0,0,0,0,0,0,no mains / natural or DC,24
0,0,15,210,-1.4763023773918882,-0.21692556535538804,0.40907010101626634,-10.685714285714285,-3.2514285714285713,13.657142857142857,0,0,0,0,0,0,0,0,0,0,0,no mains / natural or DC,24
0,0,15,220,-1.4763023773918882,-0.21692556535538804,0.40907010101626634,-10.685714285714285,-3.2514285714285713,13.657142857142857,0,0,0,0,0,0,0,0,0,0,0,no mains / natural or DC,24
0,0,15,230,-1.315408795434431,-0.11169774468214973,0.39277321695608386,-8.754285714285714,7.114285714285714,24.114285714285714,0,0,0,0,0,0,0,0,0,0,0,no mains / natural or DC,24
0,0,15,240,-1.315408795434431,-0.11169774468214973,0.39277321695608386,-8.754285714285714,7.114285714285714,24.114285714285714,0,0,0,0,0,0,0,0,0,0,0,no mains / natural or DC,24
0,0,15,250,-1.2235480819116795,0.01391644032105472,0.33619190038758506,-8.714285714285714,10.96,34.348571428571425,0,0,0,0,0,0,0,0,0,0,0,no mains / natural or DC,24
0,0,15,260,-1.2235480819116795,0.01391644032105472,0.33619190038758506,-8.714285714285714,10.96,34.348571428571425,0,0,0,0,0,0,0,0,0,0,0,no mains / natural or DC,24
0,0,15,270,-1.15073091830195,0.11407818842127751,0.2744224372081667,-8.617142857142857,11.64,40.0,0,0,0,0,0,0,0,0,0,0,0,no mains / natural or DC,24
0,0,15,280,-1.15073091830195,0.11407818842127751,0.2744224372081667,-8.617142857142857,11.64,40.62285714285714,0,0,0,0,0,0,0,0,0,0,0,no mains / natural or DC,24
0,0,15,290,-1.0805993835261085,0.18134098330637533,0.20136112552262947,-7.12,15.485714285714286,40.62285714285714,0,0,0,0,0,0,0,0,0,0,0,no mains / natural or DC,24
0,0,15,300,-0.9541306802575762,0.22339548936429945,0.14185003204443494,-4.7942857142857145,22.48,37.93714285714286,0,0,0,0,0,0,0,0,0,0,0,no mains / natural or DC,24
0,0,15,310,-0.9541306802575762,0.22339548936429945,0.14185003204443494,-4.7942857142857145,22.48,37.93714285714286,0,0,0,0,0,0,0,0,0,0,0,no mains / natural or DC,24
0,0,15,320,-0.7760246589556566,0.2444532609027375,0.08777123325296793,-2.662857142857143,28.754285714285714,34.04,0,0,0,0,0,0,0,0,0,0,0,no mains / natural or DC,24
0,0,15,330,-0.7760246589556566,0.2444532609027375,0.08777123325296793,-2.662857142857143,28.754285714285714,34.04,0,0,0,0,0,0,0,0,0,0,0,no mains / natural or DC,24
0,0,15,340,-0.6330759605700857,0.2585528122806482,0.0466933194982757,-1.3428571428571427,30.234285714285715,29.76,0,0,0,0,0,0,0,0,0,0,0,no mains / natural or DC,24
0,0,15,350,-0.6330759605700857,0.2585528122806482,0.0466933194982757,-1.3428571428571427,30.234285714285715,29.76,0,0,0,0,0,0,0,0,0,0,0,no mains / natural or DC,24
0,0,15,360,-0.554033021027253,0.2757042146061586,0.004028443250831629,-0.9714285714285714,29.411428571428573,26.154285714285713,0,0,0,0,0,0,0,0,0,0,0,no mains / natural or DC,24
0,0,15,370,-0.554033021027253,0.2757042146061586,0.004028443250831629,-0.9714285714285714,29.411428571428573,26.154285714285713,0,0,0,0,0,0,0,0,0,0,0,no mains / natural or DC,24
0,0,15,380,-0.5308999908444472,0.29389324625385294,-0.019165623950926237,-1.1885714285714286,26.98857142857143,21.662857142857142,0,0,0,0,0,0,0,0,0,0,0,no mains / natural or DC,24
0,0,15,390,-0.5308999908444472,0.29389324625385294,-0.019165623950926237,-1.1885714285714286,26.98857142857143,21.662857142857142,0,0,0,0,0,0,0,0,0,0,0,no mains / natural or DC,24
0,0,15,400,-0.5259559923093357,0.31250953703421125,-0.027954954680013428,-1.9942857142857142,24.14857142857143,16.897142857142857,0,0,0,0,0,0,0,0,0,0,0,no mains / natural or DC,24
0,0,15,410,-0.5259559923093357,0.31250953703421125,-0.027954954680013428,-1.9942857142857142,24.14857142857143,16.897142857142857,0,0,0,0,0,0,0,0,0,0,0,no mains / natural or DC,24
0,0,15,420,-0.5179601428266244,0.3195287942136906,-0.038697470015564436,-3.2,21.64,11.582857142857144,0,0,0,0,0,0,0,0,0,0,0,no mains / natural or DC,24
0,0,15,430,-0.5179601428266244,0.3195287942136906,-0.054322946867275,-4.525714285714286,18.697142857142858,5.7371428571428575,0,0,0,0,0,0,0,0,0,0,0,no mains / natural or DC,24
0,0,15,440,-0.5521408734397412,0.3388164922025208,-0.0499282815027314,-4.525714285714286,18.697142857142858,5.7371428571428575,0,0,0,0,0,0,0,0,0,0,0,no mains / natural or DC,24
0,0,15,450,-0.6274605548265023,0.3546250801110874,-0.062379833368938264,-5.76,16.834285714285713,0.7085714285714285,0,0,0,0,0,0,0,0,0,0,0,no mains / natural or DC,25
0,0,15,460,-0.6274605548265023,0.3546250801110874,-0.062379833368938264,-5.76,16.834285714285713,0.7085714285714285,0,0,0,0,0,0,0,0,0,0,0,no mains / natural or DC,25
0,0,15,470,-0.6879482406079287,0.36548966948454237,-0.06988738670003357,-6.982857142857143,15.662857142857144,-4.56,0,0,0,0,0,0,0,0,0,0,0,no mains / natural or DC,25
0,0,15,480,-0.6879482406079287,0.36548966948454237,-0.06988738670003357,-6.982857142857143,15.662857142857144,-4.56,0,0,0,0,0,0,0,0,0,0,0,no mains / natural or DC,25
0,0,15,490,-0.7330545976134526,0.3769035920285653,-0.0782494582964568,-8.182857142857143,13.788571428571428,-9.891428571428571,0,0,0,0,0,0,0,0,0,0,0,no mains / natural or DC,25
0,0,15,500,-0.7330545976134526,0.3769035920285653,-0.0782494582964568,-8.182857142857143,13.788571428571428,-9.891428571428571,0,0,0,0,0,0,0,0,0,0,0,no mains / natural or DC,25
0,0,15,510,-0.782128360850856,0.3764763328959014,-0.08423108615375224,-9.245714285714286,11.08,-15.028571428571428,0,0,0,0,0,0,0,0,0,0,0,no mains / natural or DC,25
0,0,15,520,-0.782128360850856,0.3764763328959014,-0.08423108615375224,-9.245714285714286,11.08,-15.028571428571428,0,0,0,0,0,0,0,0,0,0,0,no mains / natural or DC,25
0,0,15,530,-0.8446302682576983,0.37202063051240575,-0.07934812463759269,-10.114285714285714,8.108571428571429,-20.65142857142857,0,0,0,0,0,0,0,0,0,0,0,no mains / natural or DC,25
0,0,15,540,-0.8446302682576983,0.37202063051240575,-0.07934812463759269,-10.114285714285714,8.108571428571429,-20.65142857142857,0,0,0,0,0,0,0,0,0,0,0,no mains / natural or DC,25
0,0,15,550,-0.879848628192999,0.35920285653248696,-0.06396679586169011,-11.051428571428572,5.702857142857143,-26.268571428571427,0,0,0,0,0,0,0,0,0,0,0,no mains / natural or DC,25
0,0,15,560,-0.879848628192999,0.35920285653248696,-0.06396679586169011,-12.514285714285714,3.422857142857143,-30.565714285714286,0,0,0,0,0,0,0,0,0,0,0,no mains / natural or DC,25
0,0,15,570,-0.8866237372966704,0.3458357493820002,-0.04284798730430006,-12.388571428571428,3.422857142857143,-30.565714285714286,0,0,0,0,0,0,0,0,0,0,0,no mains / natural or DC,25
0,0,15,580,-0.8825342570268868,0.33399456770531327,-0.019226660969878233,-13.817142857142857,1.7885714285714285,-32.348571428571425,0,0,0,0,0,0,0,0,0,0,0,no mains / natural or DC,25
0,0,15,590,-0.8825342570268868,0.33399456770531327,-0.019226660969878233,-13.817142857142857,1.7885714285714285,-32.348571428571425,0,0,0,0,0,0,0,0,0,0,0,no mains / natural or DC,25
0,0,15,600,-0.9076815088351085,0.34388256477553636,-0.009582811975463118,-15.005714285714285,1.6514285714285715,-31.297142857142855,0,0,0,0,0,0,0,0,0,0,0,no mains / natural or DC,25
0,0,15,610,-0.9076815088351085,0.34388256477553636,-0.009582811975463118,-15.005714285714285,1.6514285714285715,-31.297142857142855,0,0,0,0,0,0,0,0,0,0,0,no mains / natural or DC,25
0,0,15,620,-0.9352092043824579,0.3436384166997284,-0.0012207403790398877,-15.622857142857143,3.434285714285714,-27.942857142857143,0,0,0,0,0,0,0,0,0,0,0,no mains / natural or DC,25
0,0,15,630,-0.9352092043824579,0.3436384166997284,-0.0012207403790398877,-15.622857142857143,3.434285714285714,-27.942857142857143,0,0,0,0,0,0,0,0,0,0,0,no mains / natural or DC,25
0,0,15,640,-0.9477217932676169,0.3272194586016419,0.0014038514358958708,-15.942857142857143,5.851428571428571,-24.64,0,0,0,0,0,0,0,0,0,0,0,no mains / natural or DC,25
0,0,15,650,-0.9477217932676169,0.3272194586016419,0.0014038514358958708,-15.942857142857143,5.851428571428571,-24.64,0,0,0,0,0,0,0,0,0,0,0,no mains / natural or DC,25
0,0,15,660,-1.0115054780724508,0.28949858088930935,-0.039368877224036376,-15.925714285714285,7.2628571428571425,-23.822857142857142,0,0,0,0,0,0,0,0,0,0,0,no mains / natural or DC,25
0,0,15,670,-1.0115054780724508,0.28949858088930935,-0.039368877224036376,-15.925714285714285,7.2628571428571425,-23.822857142857142,0,0,0,0,0,0,0,0,0,0,0,no mains / natural or DC,25
0,0,15,680,-1.554124576555681,0.35035248878444775,-0.031861323892941065,-14.72,3.9885714285714284,-25.434285714285714,0,0,0,0,0,0,0,0,0,0,0,no mains / natural or DC,25
0,0,15,690,-1.554124576555681,0.35035248878444775,-0.031861323892941065,-14.72,3.9885714285714284,-25.434285714285714,0,0,0,0,0,0,0,0,0,0,0,no mains / natural or DC,25
0,0,15,700,-0.9741508224738303,0.15417950987273782,-0.08392590105899228,-14.942857142857143,11.98857142857143,-28.34285714285714,0,0,0,0,0,0,0,0,0,0,0,no mains / natural or DC,25
0,0,15,710,-1.0210272530289621,0.04406872768333994,-0.239143040253914,-14.502857142857144,5.994285714285715,-35.36,0,0,0,0,0,0,0,0,0,0,0,no mains / natural or DC,25
0,0,15,720,-1.021332438123722,0.04406872768333994,-0.239143040253914,-14.502857142857144,5.994285714285715,-35.36,0,0,0,0,0,0,0,0,0,0,0,no mains / natural or DC,25
0,0,15,730,-1.3024079103976562,-0.2130802331614124,-0.2751548814355907,-13.565714285714286,0.14285714285714285,-44.73714285714286,0,0,0,0,0,0,0,0,0,0,0,no mains / natural or DC,25
0,0,15,740,-1.3024079103976562,-0.2130802331614124,-0.2751548814355907,-13.565714285714286,0.14285714285714285,-44.73714285714286,0,0,0,0,0,0,0,0,0,0,0,no mains / natural or DC,25
0,0,15,750,-1.369365520187994,-0.3520004882961516,-0.32355723746452225,-13.462857142857143,2.36,-52.58857142857143,0,0,0,0,0,0,0,0,0,0,0,no mains / natural or DC,25
0,0,15,760,-1.369365520187994,-0.3520004882961516,-0.32355723746452225,-13.462857142857143,2.36,-52.58857142857143,0,0,0,0,0,0,0,0,0,0,0,no mains / natural or DC,25
0,0,15,770,-1.2008423108615376,-0.44611957152012693,-0.35163426618243965,-14.691428571428572,-1.12,-46.26285714285714,0,0,0,0,0,0,0,0,0,0,0,no mains / natural or DC,25
0,0,15,780,-1.2008423108615376,-0.44611957152012693,-0.35163426618243965,-14.691428571428572,-1.12,-46.26285714285714,0,0,0,0,0,0,0,0,0,0,0,no mains / natural or DC,25
0,0,15,790,-1.2668233283486434,-0.4618671224097415,-0.3603015228736228,-16.634285714285713,-7.8342857142857145,-28.417142857142856,0,0,0,0,0,0,0,0,0,0,0,no mains / natural or DC,25
0,0,15,800,-1.2668233283486434,-0.4618671224097415,-0.3603015228736228,-16.634285714285713,-7.8342857142857145,-28.417142857142856,0,0,0,0,0,0,0,0,0,0,0,no mains / natural or DC,25
0,0,15,810,-1.3383587145603808,-0.39075899533066805,-0.3471175267799921,-17.697142857142858,-8.52,-9.554285714285715,0,0,0,0,0,0,0,0,0,0,0,no mains / natural or DC,25
0,0,15,820,-1.3383587145603808,-0.39075899533066805,-0.3471175267799921,-17.697142857142858,-8.52,-9.554285714285715,0,0,0,0,0,0,0,0,0,0,0,no mains / natural or DC,25
0,0,15,830,-1.2999053926206243,-0.3435163426618244,-0.3219702749717704,-17.554285714285715,-4.702857142857143,4.291428571428572,0,0,0,0,0,0,0,0,0,0,0,no mains / natural or DC,25
0,0,15,840,-1.2999053926206243,-0.3435163426618244,-0.3219702749717704,-17.65714285714286,-1.1885714285714286,12.125714285714286,0,0,0,0,0,0,0,0,0,0,0,no mains / natural or DC,25
0,0,15,850,-1.2013306070131535,-0.29163487655262915,-0.28516495254371776,-17.65714285714286,-1.1885714285714286,12.125714285714286,0,0,0,0,0,0,0,0,0,0,0,no mains / natural or DC,25
0,0,15,860,-1.0369579149754327,-0.22901089510788292,-0.24286629840998566,-19.045714285714286,-0.6571428571428571,17.0,0,0,0,0,0,0,0,0,0,0,0,no mains / natural or DC,25
0,0,15,870,-1.0369579149754327,-0.22901089510788292,-0.24286629840998566,-19.045714285714286,-0.6571428571428571,17.0,0,0,0,0,0,0,0,0,0,0,0,no mains / natural or DC,25
0,0,15,880,-0.890835291604358,-0.14728232673116246,-0.20935697500534073,-21.257142857142856,-3.645714285714286,21.222857142857144,0,0,0,0,0,0,0,0,0,0,0,no mains / natural or DC,25
0,0,15,890,-0.890835291604358,-0.14728232673116246,-0.20935697500534073,-21.257142857142856,-3.645714285714286,21.222857142857144,0,0,0,0,0,0,0,0,0,0,0,no mains / natural or DC,25
0,0,15,900,-0.7851191747795038,-0.057802056947538684,-0.17981505783257545,-22.942857142857143,-7.525714285714286,25.44,0,0,0,0,0,0,0,0,0,0,0,no mains / natural or DC,25
0,0,15,910,-0.7851191747795038,-0.057802056947538684,-0.17981505783257545,-22.942857142857143,-7.525714285714286,25.44,0,0,0,0,0,0,0,0,0,0,0,no mains / natural or DC,25
0,0,15,920,-0.6977752006591998,0.012634662923062838,-0.15948973052156132,-22.98857142857143,-9.577142857142857,28.822857142857142,0,0,0,0,0,0,0,0,0,0,0,no mains / natural or DC,25
0,0,15,930,-0.6977752006591998,0.012634662923062838,-0.15948973052156132,-22.98857142857143,-9.577142857142857,28.822857142857142,0,0,0,0,0,0,0,0,0,0,0,no mains / natural or DC,25
0,0,15,940,-0.6385692922757652,0.061037018951994385,-0.1382488479262673,-21.794285714285714,-9.977142857142857,30.697142857142858,0,0,0,0,0,0,0,0,0,0,0,no mains / natural or DC,25
0,0,15,950,-0.6385692922757652,0.061037018951994385,-0.1382488479262673,-21.794285714285714,-9.977142857142857,30.697142857142858,0,0,0,0,0,0,0,0,0,0,0,no mains / natural or DC,25
0,0,15,960,-0.6124454481643117,0.10248115482039857,-0.11883907589953306,-20.068571428571428,-9.691428571428572,30.97142857142857,0,0,0,0,0,0,0,0,0,0,0,no mains / natural or DC,25
0,0,15,970,-0.6124454481643117,0.10248115482039857,-0.11883907589953306,-20.068571428571428,-9.691428571428572,29.794285714285714,0,0,0,0,0,0,0,0,0,0,0,no mains / natural or DC,25
0,0,15,980,-0.5949278237250892,0.14099551377910702,-0.10693685720389416,-18.177142857142858,-9.548571428571428,29.794285714285714,0,0,0,0,0,0,0,0,0,0,0,no mains / natural or DC,25
0,0,15,990,-0.6079897457808161,0.1816461684011353,-0.10205389568773461,-16.194285714285716,-9.834285714285715,27.78857142857143,0,0,0,0,0,0,0,0,0,0,0,no mains / natural or DC,25
0,0,16,0,-0.6079897457808161,0.1816461684011353,-0.10205389568773461,-16.194285714285716,-9.834285714285715,27.78857142857143,0,0,0,0,0,0,0,0,0,0,0,no mains / natural or DC,25
0,0,16,10,-0.6335642567217017,0.21979430524613178,-0.10278633991515854,-14.022857142857143,-9.44,25.62857142857143,0,0,0,0,0,0,0,0,0,0,0,no mains / natural or DC,25
0,0,16,20,-0.6335642567217017,0.21979430524613178,-0.10278633991515854,-14.022857142857143,-9.44,25.62857142857143,0,0,0,0,0,0,0,0,0,0,0,no mains / natural or DC,25
0,0,16,30,-0.6450392162846766,0.24524674214911343,-0.10376293221839045,-11.771428571428572,-8.468571428571428,23.154285714285713,0,0,0,0,0,0,0,0,0,0,0,no mains / natural or DC,25
0,0,16,40,-0.6450392162846766,0.24524674214911343,-0.10376293221839045,-11.771428571428572,-8.468571428571428,23.154285714285713,0,0,0,0,0,0,0,0,0,0,0,no mains / natural or DC,25
0,0,16,50,-0.6889248329111606,0.2744224372081667,-0.10766930143131809,-9.85142857142857,-8.01142857142857,20.46857142857143,0,0,0,0,0,0,0,0,0,0,0,no mains / natural or DC,26
0,0,16,60,-0.6889248329111606,0.2744224372081667,-0.10766930143131809,-9.85142857142857,-8.01142857142857,20.46857142857143,0,0,0,0,0,0,0,0,0,0,0,no mains / natural or DC,26
0,0,16,70,-0.7374492629779962,0.2967619861445967,-0.11328470717490158,-8.365714285714287,-7.468571428571429,17.605714285714285,0,0,0,0,0,0,0,0,0,0,0,no mains / natural or DC,26
0,0,16,80,-0.7374492629779962,0.2967619861445967,-0.11328470717490158,-8.365714285714287,-7.468571428571429,17.605714285714285,0,0,0,0,0,0,0,0,0,0,0,no mains / natural or DC,26
0,0,16,90,-0.7538682210760826,0.30127872554704427,-0.12457655568102054,-7.462857142857143,-6.485714285714286,14.217142857142857,0,0,0,0,0,0,0,0,0,0,0,no mains / natural or DC,26
0,0,16,100,-0.7538682210760826,0.30127872554704427,-0.12457655568102054,-7.462857142857143,-6.485714285714286,14.217142857142857,0,0,0,0,0,0,0,0,0,0,0,no mains / natural or DC,26
0,0,16,110,-0.7801751762443923,0.30555131687368386,-0.1378826258125553,-7.274285714285714,-6.08,9.045714285714286,0,0,0,0,0,0,0,0,0,0,0,no mains / natural or DC,26
0,0,16,120,-0.7801751762443923,0.30555131687368386,-0.15210425122837,-7.422857142857143,-6.662857142857143,2.4,0,0,0,0,0,0,0,0,0,0,0,no mains / natural or DC,26
0,0,16,130,-0.8519547105319376,0.3318582720419935,-0.15210425122837,-7.422857142857143,-6.662857142857143,2.4,0,0,0,0,0,0,0,0,0,0,0,no mains / natural or DC,26
0,0,16,140,-0.9248329111606189,0.35859248634296703,-0.16577654347361676,-7.485714285714286,-7.3028571428571425,-4.131428571428572,0,0,0,0,0,0,0,0,0,0,0,no mains / natural or DC,26
0,0,16,150,-0.9248329111606189,0.35859248634296703,-0.16577654347361676,-7.485714285714286,-7.3028571428571425,-4.131428571428572,0,0,0,0,0,0,0,0,0,0,0,no mains / natural or DC,26
0,0,16,160,-0.9423505355998413,0.36567278054139835,-0.1793267616809595,-7.445714285714286,-8.177142857142858,-9.428571428571429,0,0,0,0,0,0,0,0,0,0,0,no mains / natural or DC,26
0,0,16,170,-0.9423505355998413,0.36567278054139835,-0.1793267616809595,-7.445714285714286,-8.177142857142858,-9.428571428571429,0,0,0,0,0,0,0,0,0,0,0,no mains / natural or DC,26
0,0,16,180,-0.9936826685384685,0.38093203527939695,-0.19861445966978972,-7.011428571428572,-9.377142857142857,-13.308571428571428,0,0,0,0,0,0,0,0,0,0,0,no mains / natural or DC,26
0,0,16,190,-0.9936826685384685,0.38093203527939695,-0.19861445966978972,-7.011428571428572,-9.377142857142857,-13.308571428571428,0,0,0,0,0,0,0,0,0,0,0,no mains / natural or DC,26
0,0,16,200,-1.0284127323221535,0.3923459578234199,-0.2119205298013245,-6.2,-9.577142857142857,-14.76,0,0,0,0,0,0,0,0,0,0,0,no mains / natural or DC,26
0,0,16,210,-1.0284127323221535,0.3923459578234199,-0.2119205298013245,-6.2,-9.577142857142857,-14.76,0,0,0,0,0,0,0,0,0,0,0,no mains / natural or DC,26
0,0,16,220,-0.977690969573046,0.37476729636524553,-0.20789208655049288,-5.1085714285714285,-8.96,-15.062857142857142,0,0,0,0,0,0,0,0,0,0,0,no mains / natural or DC,26
0,0,16,230,-0.977690969573046,0.37476729636524553,-0.20789208655049288,-5.1085714285714285,-8.96,-15.062857142857142,0,0,0,0,0,0,0,0,0,0,0,no mains / natural or DC,26
0,0,16,240,-0.9178746910000916,0.337168492690817,-0.18402661214026306,-4.1085714285714285,-10.297142857142857,-15.891428571428571,0,0,0,0,0,0,0,0,0,0,0,no mains / natural or DC,26
0,0,16,250,-0.9178746910000916,0.337168492690817,-0.18402661214026306,-3.2285714285714286,-14.245714285714286,-18.245714285714286,0,0,0,0,0,0,0,0,0,0,0,no mains / natural or DC,26
0,0,16,260,-1.0040589617603077,0.32081057161168247,-0.1750541703543199,-3.2285714285714286,-14.245714285714286,-18.245714285714286,0,0,0,0,0,0,0,0,0,0,0,no mains / natural or DC,26
0,0,16,270,-1.5586413159581287,0.4076662495803705,-0.09826960051271096,-1.5142857142857142,-20.46857142857143,-17.554285714285715,0,0,0,0,0,0,0,0,0,0,0,no mains / natural or DC,26
0,0,16,280,-1.5586413159581287,0.4076662495803705,-0.09826960051271096,-1.5142857142857142,-20.46857142857143,-17.554285714285715,0,0,0,0,0,0,0,0,0,0,0,no mains / natural or DC,26
0,0,16,290,-0.9850764488662374,0.28034302804651023,-0.058107242042298654,-0.8,-11.308571428571428,-15.297142857142857,0,0,0,0,0,0,0,0,0,0,0,no mains / natural or DC,26
0,0,16,300,-0.9850764488662374,0.28034302804651023,-0.058107242042298654,-0.8,-11.308571428571428,-15.297142857142857,0,0,0,0,0,0,0,0,0,0,0,no mains / natural or DC,26
0,0,16,310,-1.150486770226142,0.26990569780571916,0.026001770073549608,0.8514285714285714,-16.925714285714285,-15.845714285714285,0,0,0,0,0,0,0,0,0,0,0,no mains / natural or DC,26
0,0,16,320,-1.150486770226142,0.26990569780571916,0.026001770073549608,0.8514285714285714,-16.925714285714285,-15.845714285714285,0,0,0,0,0,0,0,0,0,0,0,no mains / natural or DC,26
0,0,16,330,-1.295083468123417,0.07013153477584155,0.23987548448133794,1.4457142857142857,-23.005714285714287,-18.234285714285715,0,0,0,0,0,0,0,0,0,0,0,no mains / natural or DC,26
0,0,16,340,-1.295083468123417,0.07013153477584155,0.23987548448133794,1.4457142857142857,-23.005714285714287,-18.234285714285715,0,0,0,0,0,0,0,0,0,0,0,no mains / natural or DC,26
0,0,16,350,-1.153660695211646,-0.2196111941892758,0.3687856685079501,0.4342857142857143,-26.005714285714287,-29.268571428571427,0,0,0,0,0,0,0,0,0,0,0,no mains / natural or DC,26
0,0,16,360,-1.153660695211646,-0.2196111941892758,0.3687856685079501,0.4342857142857143,-26.005714285714287,-29.268571428571427,0,0,0,0,0,0,0,0,0,0,0,no mains / natural or DC,26
0,0,16,370,-1.182714316232795,-0.4400769066438795,0.5142368846705527,-2.422857142857143,-38.245714285714286,-44.04,0,0,0,0,0,0,0,0,0,0,0,no mains / natural or DC,26
0,0,16,380,-1.182714316232795,-0.4400769066438795,0.5142368846705527,-2.422857142857143,-38.245714285714286,-44.04,0,0,0,0,0,0,0,0,0,0,0,no mains / natural or DC,26
0,0,16,390,-1.458174382763146,-0.3944212164677877,0.5236976226081118,-6.017142857142857,-38.13142857142857,-40.53142857142857,0,0,0,0,0,0,0,0,0,0,0,no mains / natural or DC,26
0,0,16,400,-1.4363841669972839,-0.435132908108768,0.5306558427686392,-7.622857142857143,-19.822857142857142,-24.89142857142857,0,0,0,0,0,0,0,0,0,0,0,no mains / natural or DC,26
0,0,16,410,-1.4363841669972839,-0.435132908108768,0.5306558427686392,-7.622857142857143,-19.822857142857142,-24.89142857142857,0,0,0,0,0,0,0,0,0,0,0,no mains / natural or DC,26
0,0,16,420,-1.3624073000274666,-0.3756218146305734,0.4977568895535142,-8.102857142857143,-4.074285714285714,-10.377142857142857,0,0,0,0,0,0,0,0,0,0,0,no mains / natural or DC,26
0,0,16,430,-1.3624073000274666,-0.3756218146305734,0.4977568895535142,-8.102857142857143,-4.074285714285714,-10.377142857142857,0,0,0,0,0,0,0,0,0,0,0,no mains / natural or DC,26
0,0,16,440,-1.216956083864864,-0.31025116733298747,0.4449598681600391,-8.211428571428572,7.725714285714286,2.1542857142857144,0,0,0,0,0,0,0,0,0,0,0,no mains / natural or DC,26
0,0,16,450,-1.216956083864864,-0.31025116733298747,0.4449598681600391,-8.211428571428572,7.725714285714286,2.1542857142857144,0,0,0,0,0,0,0,0,0,0,0,no mains / natural or DC,26
0,0,16,460,-1.1044038209173863,-0.2109439374980926,0.35938596758934294,-8.0,15.525714285714285,11.211428571428572,0,0,0,0,0,0,0,0,0,0,0,no mains / natural or DC,26
0,0,16,470,-1.1044038209173863,-0.2109439374980926,0.35938596758934294,-8.0,15.525714285714285,11.211428571428572,0,0,0,0,0,0,0,0,0,0,0,no mains / natural or DC,26
0,0,16,480,-1.012604144413587,-0.1163365581225013,0.27454451124607077,-6.965714285714285,21.08,17.34285714285714,0,0,0,0,0,0,0,0,0,0,0,no mains / natural or DC,26
0,0,16,490,-1.012604144413587,-0.1163365581225013,0.27454451124607077,-6.965714285714285,21.08,17.34285714285714,0,0,0,0,0,0,0,0,0,0,0,no mains / natural or DC,26
0,0,16,500,-0.9292886135441145,-0.03558458204901273,0.19379253517258216,-5.44,25.485714285714284,21.554285714285715,0,0,0,0,0,0,0,0,0,0,0,no mains / natural or DC,26
0,0,16,510,-0.9292886135441145,-0.03558458204901273,0.19379253517258216,-5.44,25.485714285714284,21.554285714285715,0,0,0,0,0,0,0,0,0,0,0,no mains / natural or DC,26
0,0,16,520,-0.8580584124271371,0.01812799462874233,0.13879818109683523,-3.84,27.86285714285714,24.16,0,0,0,0,0,0,0,0,0,0,0,no mains / natural or DC,26
0,0,16,530,-0.8580584124271371,0.01812799462874233,0.13879818109683523,-2.7085714285714286,28.994285714285713,25.697142857142858,0,0,0,0,0,0,0,0,0,0,0,no mains / natural or DC,26
0,0,16,540,-0.7577745902890103,0.06054872280037843,0.09588915677358317,-2.7085714285714286,28.994285714285713,25.697142857142858,0,0,0,0,0,0,0,0,0,0,0,no mains / natural or DC,26
0,0,16,550,-0.684896389660329,0.09936826685384686,0.058473464156010624,-1.9657142857142857,28.337142857142858,26.6,0,0,0,0,0,0,0,0,0,0,0,no mains / natural or DC,26
0,0,16,560,-0.684896389660329,0.09936826685384686,0.058473464156010624,-1.9657142857142857,28.337142857142858,26.6,0,0,0,0,0,0,0,0,0,0,0,no mains / natural or DC,26
0,0,16,570,-0.630878627887814,0.13428144169438766,0.035157322916348765,-1.5542857142857143,26.98857142857143,26.634285714285713,0,0,0,0,0,0,0,0,0,0,0,no mains / natural or DC,26
0,0,16,580,-0.630878627887814,0.13428144169438766,0.035157322916348765,-1.5542857142857143,26.98857142857143,26.634285714285713,0,0,0,0,0,0,0,0,0,0,0,no mains / natural or DC,26
0,0,16,590,-0.6025574510940885,0.17426068910794396,0.0031128879665517136,-1.1485714285714286,25.70285714285714,25.914285714285715,0,0,0,0,0,0,0,0,0,0,0,no mains / natural or DC,26
0,0,16,600,-0.6025574510940885,0.17426068910794396,0.0031128879665517136,-1.1485714285714286,25.70285714285714,25.914285714285715,0,0,0,0,0,0,0,0,0,0,0,no mains / natural or DC,26
0,0,16,610,-0.618549150059511,0.2141178624835963,-0.017395550401318398,-0.37142857142857144,24.291428571428572,24.062857142857144,0,0,0,0,0,0,0,0,0,0,0,no mains / natural or DC,26
0,0,16,620,-0.618549150059511,0.2141178624835963,-0.017395550401318398,-0.37142857142857144,24.291428571428572,24.062857142857144,0,0,0,0,0,0,0,0,0,0,0,no mains / natural or DC,26
0,0,16,630,-0.6347849971007415,0.2490310373241371,-0.03729361857966857,0.5371428571428571,23.76,21.577142857142857,0,0,0,0,0,0,0,0,0,0,0,no mains / natural or DC,26
0,0,16,640,-0.6347849971007415,0.2490310373241371,-0.03729361857966857,0.5371428571428571,23.76,21.577142857142857,0,0,0,0,0,0,0,0,0,0,0,no mains / natural or DC,27
0,0,16,650,-0.6430249946592609,0.27979369487594224,-0.065248573259682,1.1942857142857144,23.285714285714285,19.068571428571428,0,0,0,0,0,0,0,0,0,0,0,no mains / natural or DC,27
0,0,16,660,-0.6430249946592609,0.27979369487594224,-0.065248573259682,1.1942857142857144,21.822857142857142,15.845714285714285,0,0,0,0,0,0,0,0,0,0,0,no mains / natural or DC,27
0,0,16,670,-0.6533402508621479,0.2995696890163884,-0.0794091616565447,1.6857142857142857,21.428571428571427,15.845714285714285,0,0,0,0,0,0,0,0,0,0,0,no mains / natural or DC,27
0,0,16,680,-0.6882534257026887,0.3217261268959624,-0.09320352793969543,1.9028571428571428,18.685714285714287,11.605714285714285,0,0,0,0,0,0,0,0,0,0,0,no mains / natural or DC,27
0,0,16,690,-0.6882534257026887,0.3217261268959624,-0.09320352793969543,1.9028571428571428,18.685714285714287,11.605714285714285,0,0,0,0,0,0,0,0,0,0,0,no mains / natural or DC,27
0,0,16,700,-0.7373271889400922,0.34522537919248025,-0.09595019379253517,1.5657142857142856,15.074285714285715,7.2057142857142855,0,0,0,0,0,0,0,0,0,0,0,no mains / natural or DC,27
0,0,16,710,-0.7373271889400922,0.34522537919248025,-0.09595019379253517,1.5657142857142856,15.074285714285715,7.2057142857142855,0,0,0,0,0,0,0,0,0,0,0,no mains / natural or DC,27
0,0,16,720,-0.7653431806390576,0.3560899685659352,-0.09637745292519913,0.5257142857142857,11.205714285714286,3.72,0,0,0,0,0,0,0,0,0,0,0,no mains / natural or DC,27
0,0,16,730,-0.7653431806390576,0.3560899685659352,-0.09637745292519913,0.5257142857142857,11.205714285714286,3.72,0,0,0,0,0,0,0,0,0,0,0,no mains / natural or DC,27
0,0,16,740,-0.7975096896267586,0.3567613757744072,-0.08893093661305582,-1.2114285714285715,7.017142857142857,0.4,0,0,0,0,0,0,0,0,0,0,0,no mains / natural or DC,27
0,0,16,750,-0.7975096896267586,0.3567613757744072,-0.08893093661305582,-1.2114285714285715,7.017142857142857,0.4,0,0,0,0,0,0,0,0,0,0,0,no mains / natural or DC,27
0,0,16,760,-0.8523209326456496,0.35993530075991087,-0.07336649678029725,-3.3714285714285714,3.2,-3.1885714285714286,0,0,0,0,0,0,0,0,0,0,0,no mains / natural or DC,27
0,0,16,770,-0.8523209326456496,0.35993530075991087,-0.07336649678029725,-3.3714285714285714,3.2,-3.1885714285714286,0,0,0,0,0,0,0,0,0,0,0,no mains / natural or DC,27
0,0,16,780,-0.8996246223334452,0.347911008026368,-0.05389568773461104,-5.628571428571429,0.6685714285714286,-7.9314285714285715,0,0,0,0,0,0,0,0,0,0,0,no mains / natural or DC,27
0,0,16,790,-0.8996246223334452,0.347911008026368,-0.05389568773461104,-5.628571428571429,0.6685714285714286,-7.9314285714285715,0,0,0,0,0,0,0,0,0,0,0,no mains / natural or DC,27
0,0,16,800,-0.9148228400524918,0.34113589892269663,-0.04119998779259621,-7.577142857142857,-0.3657142857142857,-14.102857142857143,0,0,0,0,0,0,0,0,0,0,0,no mains / natural or DC,27
0,0,16,810,-0.9148228400524918,0.34113589892269663,-0.029847102267525252,-9.2,-0.4742857142857143,-19.36,0,0,0,0,0,0,0,0,0,0,0,no mains / natural or DC,27
0,0,16,820,-0.9202551347392194,0.3331400494399854,-0.029847102267525252,-9.2,-0.4742857142857143,-19.36,0,0,0,0,0,0,0,0,0,0,0,no mains / natural or DC,27
0,0,16,830,-0.9095736564226203,0.30896938993499556,-0.02270577105014191,-10.668571428571429,-0.36,-22.685714285714287,0,0,0,0,0,0,0,0,0,0,0,no mains / natural or DC,27
0,0,16,840,-0.9095736564226203,0.30896938993499556,-0.02270577105014191,-10.668571428571429,-0.36,-22.685714285714287,0,0,0,0,0,0,0,0,0,0,0,no mains / natural or DC,27
0,0,16,850,-0.9383831293679616,0.28113650929288614,-0.02459791863765374,-11.98857142857143,-0.7257142857142858,-25.337142857142858,0,0,0,0,0,0,0,0,0,0,0,no mains / natural or DC,27
0,0,16,860,-0.9383831293679616,0.28113650929288614,-0.02459791863765374,-11.98857142857143,-0.7257142857142858,-25.337142857142858,0,0,0,0,0,0,0,0,0,0,0,no mains / natural or DC,27
0,0,16,870,-1.0084536271248512,0.249885555589465,-0.04943998535111545,-12.954285714285714,-0.8514285714285714,-28.062857142857144,0,0,0,0,0,0,0,0,0,0,0,no mains / natural or DC,27
0,0,16,880,-1.0084536271248512,0.249885555589465,-0.04943998535111545,-12.954285714285714,-0.8514285714285714,-28.062857142857144,0,0,0,0,0,0,0,0,0,0,0,no mains / natural or DC,27
0,0,16,890,-1.5412457655568101,0.3142796105838191,-0.06311227759636219,-12.977142857142857,-3.5428571428571427,-29.257142857142856,0,0,0,0,0,0,0,0,0,0,0,no mains / natural or DC,27
0,0,16,900,-1.5412457655568101,0.3142796105838191,-0.06311227759636219,-12.977142857142857,-3.5428571428571427,-29.257142857142856,0,0,0,0,0,0,0,0,0,0,0,no mains / natural or DC,27
0,0,16,910,-1.1055635242774744,0.19501327555162207,-0.10052797021393475,-13.84,3.434285714285714,-28.48,0,0,0,0,0,0,0,0,0,0,0,no mains / natural or DC,27
0,0,16,920,-1.1055635242774744,0.19501327555162207,-0.10052797021393475,-13.84,3.434285714285714,-28.48,0,0,0,0,0,0,0,0,0,0,0,no mains / natural or DC,27
0,0,16,930,-1.0390331736198004,0.13873714407788323,-0.20282601397747735,-13.097142857142858,2.045714285714286,-29.84,0,0,0,0,0,0,0,0,0,0,0,no mains / natural or DC,27
0,0,16,940,-1.0390331736198004,0.13873714407788323,-0.20282601397747735,-10.354285714285714,-1.0514285714285714,-35.777142857142856,0,0,0,0,0,0,0,0,0,0,0,no mains / natural or DC,27
0,0,16,950,-1.3066805017242957,-0.016602069154942473,-0.21918393505661182,-10.354285714285714,-1.0514285714285714,-35.777142857142856,0,0,0,0,0,0,0,0,0,0,0,no mains / natural or DC,27
0,0,16,960,-1.2883083590197455,-0.24274422437208168,-0.2143620105594043,-7.2628571428571425,2.262857142857143,-49.371428571428574,0,0,0,0,0,0,0,0,0,0,0,no mains / natural or DC,27
0,0,16,970,-1.2883083590197455,-0.24274422437208168,-0.2143620105594043,-7.2628571428571425,2.262857142857143,-49.371428571428574,0,0,0,0,0,0,0,0,0,0,0,no mains / natural or DC,27
0,0,16,980,-1.1012909329508347,-0.3772698141422773,-0.2293160802026429,-6.411428571428571,-0.8342857142857143,-59.542857142857144,0,0,0,0,0,0,0,0,0,0,0,no mains / natural or DC,27
0,0,16,990,-1.1012909329508347,-0.3772698141422773,-0.2293160802026429,-6.411428571428571,-0.8342857142857143,-59.542857142857144,0,0,0,0,0,0,0,0,0,0,0,no mains / natural or DC,27
0,0,17,0,-1.1673940244758445,-0.41706595049897766,-0.2554399243140965,-7.8742857142857146,-11.314285714285715,-51.502857142857145,0,0,0,0,0,0,0,0,0,0,0,no mains / natural or DC,27
0,0,17,10,-1.1673940244758445,-0.41706595049897766,-0.2554399243140965,-7.8742857142857146,-11.314285714285715,-51.502857142857145,0,0,0,0,0,0,0,0,0,0,0,no mains / natural or DC,27
0,0,17,20,-1.282387768181402,-0.4113895077364422,-0.23432111575670644,-9.565714285714286,-16.634285714285713,-33.30285714285714,0,0,0,0,0,0,0,0,0,0,0,no mains / natural or DC,27
0,0,17,30,-1.282387768181402,-0.4113895077364422,-0.23432111575670644,-9.565714285714286,-16.634285714285713,-33.30285714285714,0,0,0,0,0,0,0,0,0,0,0,no mains / natural or DC,27
0,0,17,40,-1.2902005066072573,-0.3783684804834132,-0.2228461561937315,-10.154285714285715,-14.09142857142857,-14.96,0,0,0,0,0,0,0,0,0,0,0,no mains / natural or DC,27
0,0,17,50,-1.2902005066072573,-0.3783684804834132,-0.2228461561937315,-10.154285714285715,-14.09142857142857,-14.96,0,0,0,0,0,0,0,0,0,0,0,no mains / natural or DC,27
0,0,17,60,-1.259498886074404,-0.3531601916562395,-0.18951994384594256,-10.377142857142857,-10.2,-1.7542857142857142,0,0,0,0,0,0,0,0,0,0,0,no mains / natural or DC,27
0,0,17,70,-1.259498886074404,-0.3531601916562395,-0.18951994384594256,-10.377142857142857,-10.2,7.022857142857143,0,0,0,0,0,0,0,0,0,0,0,no mains / natural or DC,27
0,0,17,80,-1.1344340342417676,-0.32367931150242624,-0.1510666219061861,-11.72,-6.388571428571429,6.188571428571429,0,0,0,0,0,0,0,0,0,0,0,no mains / natural or DC,27
0,0,17,90,-1.022980437635426,-0.25708792382580037,-0.11798455763420515,-14.114285714285714,-5.897142857142857,11.348571428571429,0,0,0,0,0,0,0,0,0,0,0,no mains / natural or DC,27
0,0,17,100,-1.022980437635426,-0.25708792382580037,-0.11798455763420515,-14.114285714285714,-5.897142857142857,11.348571428571429,0,0,0,0,0,0,0,0,0,0,0,no mains / natural or DC,27
0,0,17,110,-0.9467452009643849,-0.18292794579912716,-0.10608233893856624,-16.514285714285716,-6.908571428571428,15.634285714285713,0,0,0,0,0,0,0,0,0,0,0,no mains / natural or DC,27
0,0,17,120,-0.9467452009643849,-0.18292794579912716,-0.10608233893856624,-16.514285714285716,-6.908571428571428,15.634285714285713,0,0,0,0,0,0,0,0,0,0,0,no mains / natural or DC,27
0,0,17,130,-0.8412732322153386,-0.12860499893185218,-0.0838038270210883,-17.81142857142857,-7.137142857142857,18.548571428571428,0,0,0,0,0,0,0,0,0,0,0,no mains / natural or DC,27
0,0,17,140,-0.8412732322153386,-0.12860499893185218,-0.0838038270210883,-17.81142857142857,-7.137142857142857,18.548571428571428,0,0,0,0,0,0,0,0,0,0,0,no mains / natural or DC,27
0,0,17,150,-0.7200537125766777,-0.056886501663258766,-0.09210486159855953,-17.965714285714284,-6.514285714285714,21.94857142857143,0,0,0,0,0,0,0,0,0,0,0,no mains / natural or DC,27
0,0,17,160,-0.7200537125766777,-0.056886501663258766,-0.09210486159855953,-17.965714285714284,-6.514285714285714,21.94857142857143,0,0,0,0,0,0,0,0,0,0,0,no mains / natural or DC,27
0,0,17,170,-0.6627399517807551,-0.0050050355540635395,-0.08563493758964812,-16.908571428571427,-6.851428571428571,25.297142857142855,0,0,0,0,0,0,0,0,0,0,0,no mains / natural or DC,27
0,0,17,180,-0.6627399517807551,-0.0050050355540635395,-0.08563493758964812,-16.908571428571427,-6.851428571428571,25.297142857142855,0,0,0,0,0,0,0,0,0,0,0,no mains / natural or DC,27
0,0,17,190,-0.62984099856563,0.03717154454176458,-0.08093508713034456,-15.114285714285714,-6.828571428571428,28.21142857142857,0,0,0,0,0,0,0,0,0,0,0,no mains / natural or DC,27
0,0,17,200,-0.62984099856563,0.03717154454176458,-0.08093508713034456,-15.114285714285714,-6.828571428571428,28.21142857142857,0,0,0,0,0,0,0,0,0,0,0,no mains / natural or DC,27
0,0,17,210,-0.6122623371074557,0.07190160832544938,-0.07867671742912076,-13.017142857142858,-7.377142857142857,30.08,0,0,0,0,0,0,0,0,0,0,0,no mains / natural or DC,27
0,0,17,220,-0.6122623371074557,0.07190160832544938,-0.0630512405774102,-10.862857142857143,-8.337142857142856,30.965714285714284,0,0,0,0,0,0,0,0,0,0,0,no mains / natural or DC,27
0,0,17,230,-0.6250190740684225,0.1054109317300943,-0.07617419965208899,-10.862857142857143,-8.337142857142856,30.965714285714284,0,0,0,0,0,0,0,0,0,0,0,no mains / natural or DC,27
0,0,17,240,-0.6684163945432905,0.13531907101657156,-0.07623523667104098,-8.771428571428572,-9.257142857142858,30.85142857142857,0,0,0,0,0,0,0,0,0,0,0,no mains / natural or DC,27
0,0,17,250,-0.6684163945432905,0.13531907101657156,-0.07623523667104098,-8.771428571428572,-9.257142857142858,30.85142857142857,0,0,0,0,0,0,0,0,0,0,0,no mains / natural or DC,27
0,0,17,260,-0.728232673116245,0.1577806939909055,-0.07153538621173741,-7.0685714285714285,-9.902857142857142,29.565714285714286,0,0,0,0,0,0,0,0,0,0,0,no mains / natural or DC,27
0,0,17,270,-0.728232673116245,0.1577806939909055,-0.07153538621173741,-7.0685714285714285,-9.902857142857142,29.565714285714286,0,0,0,0,0,0,0,0,0,0,0,no mains / natural or DC,27
0,0,17,280,-0.7394634846034119,0.17114780114139225,-0.06573686941129796,-5.8914285714285715,-9.82857142857143,27.24,0,0,0,0,0,0,0,0,0,0,0,no mains / natural or DC,28
0,0,17,290,-0.7394634846034119,0.17114780114139225,-0.06573686941129796,-5.8914285714285715,-9.82857142857143,27.24,0,0,0,0,0,0,0,0,0,0,0,no mains / natural or DC,28
0,0,17,300,-0.7735221411786248,0.1837214270455031,-0.06384472182378613,-5.034285714285715,-9.874285714285714,23.874285714285715,0,0,0,0,0,0,0,0,0,0,0,no mains / natural or DC,28
0,0,17,310,-0.7735221411786248,0.1837214270455031,-0.06384472182378613,-5.034285714285715,-9.874285714285714,23.874285714285715,0,0,0,0,0,0,0,0,0,0,0,no mains / natural or DC,28
0,0,17,320,-0.8387707144383069,0.19367046113467817,-0.0609149449140904,-4.2057142857142855,-9.182857142857143,19.297142857142855,0,0,0,0,0,0,0,0,0,0,0,no mains / natural or DC,28
0,0,17,330,-0.8387707144383069,0.19367046113467817,-0.0609149449140904,-4.2057142857142855,-9.182857142857143,19.297142857142855,0,0,0,0,0,0,0,0,0,0,0,no mains / natural or DC,28
0,0,17,340,-0.9265419476912747,0.2205877864925077,-0.06854457228308969,-3.48,-8.205714285714286,14.685714285714285,0,0,0,0,0,0,0,0,0,0,0,no mains / natural or DC,28
0,0,17,350,-0.9265419476912747,0.2205877864925077,-0.06854457228308969,-3.48,-6.788571428571428,11.028571428571428,0,0,0,0,0,0,0,0,0,0,0,no mains / natural or DC,28
0,0,17,360,-0.9700613422040467,0.23847163304544206,-0.0826441236610004,-2.6285714285714286,-6.788571428571428,11.028571428571428,0,0,0,0,0,0,0,0,0,0,0,no mains / natural or DC,28
0,0,17,370,-0.967741935483871,0.24738303781243323,-0.10522782067323833,-1.417142857142857,-5.32,8.628571428571428,0,0,0,0,0,0,0,0,0,0,0,no mains / natural or DC,28
0,0,17,380,-0.967741935483871,0.24738303781243323,-0.10522782067323833,-1.417142857142857,-5.32,8.628571428571428,0,0,0,0,0,0,0,0,0,0,0,no mains / natural or DC,28
0,0,17,390,-1.009247108371227,0.26587725455488753,-0.12860499893185218,0.24571428571428572,-4.537142857142857,7.685714285714286,0,0,0,0,0,0,0,0,0,0,0,no mains / natural or DC,28
0,0,17,400,-1.009247108371227,0.26587725455488753,-0.12860499893185218,0.24571428571428572,-4.537142857142857,7.685714285714286,0,0,0,0,0,0,0,0,0,0,0,no mains / natural or DC,28
0,0,17,410,-1.0293893246253853,0.28437147129734186,-0.14600054933317058,2.125714285714286,-3.2057142857142855,8.325714285714286,0,0,0,0,0,0,0,0,0,0,0,no mains / natural or DC,28
0,0,17,420,-1.0293893246253853,0.28437147129734186,-0.14600054933317058,2.125714285714286,-3.2057142857142855,8.325714285714286,0,0,0,0,0,0,0,0,0,0,0,no mains / natural or DC,28
0,0,17,430,-1.009430219428083,0.29071932126834926,-0.1564378795739616,4.011428571428572,-2.9485714285714284,9.622857142857143,0,0,0,0,0,0,0,0,0,0,0,no mains / natural or DC,28
0,0,17,440,-1.009430219428083,0.29071932126834926,-0.1564378795739616,4.011428571428572,-2.9485714285714284,9.622857142857143,0,0,0,0,0,0,0,0,0,0,0,no mains / natural or DC,28
0,0,17,450,-0.9695120090334788,0.27210303048799095,-0.1488692892239143,5.668571428571428,-4.525714285714286,10.148571428571428,0,0,0,0,0,0,0,0,0,0,0,no mains / natural or DC,28
0,0,17,460,-0.9695120090334788,0.27210303048799095,-0.1488692892239143,5.668571428571428,-4.525714285714286,10.148571428571428,0,0,0,0,0,0,0,0,0,0,0,no mains / natural or DC,28
0,0,17,470,-1.0337839899899288,0.2792443617053743,-0.14954069643238624,7.085714285714285,-7.914285714285715,8.72,0,0,0,0,0,0,0,0,0,0,0,no mains / natural or DC,28
0,0,17,480,-1.0337839899899288,0.2792443617053743,-0.14954069643238624,7.085714285714285,-7.914285714285715,8.72,0,0,0,0,0,0,0,0,0,0,0,no mains / natural or DC,28
0,0,17,490,-1.4498733481856747,0.3651844843897824,-0.09729300820947905,8.965714285714286,-13.485714285714286,8.337142857142856,0,0,0,0,0,0,0,0,0,0,0,no mains / natural or DC,28
0,0,17,500,-1.4498733481856747,0.26483962523270366,-0.05700857570116276,9.577142857142857,-7.234285714285714,8.028571428571428,0,0,0,0,0,0,0,0,0,0,0,no mains / natural or DC,28
0,0,17,510,-0.978972746971038,0.26483962523270366,-0.05700857570116276,9.577142857142857,-7.234285714285714,8.028571428571428,0,0,0,0,0,0,0,0,0,0,0,no mains / natural or DC,28
0,0,17,520,-0.9522385326700644,0.25739310892056033,-0.002990813928647725,9.56,-12.062857142857142,6.04,0,0,0,0,0,0,0,0,0,0,0,no mains / natural or DC,28
0,0,17,530,-0.9522385326700644,0.25739310892056033,-0.002990813928647725,9.56,-12.062857142857142,6.04,0,0,0,0,0,0,0,0,0,0,0,no mains / natural or DC,28
0,0,17,540,-1.108432264168218,0.1878109073152867,0.14520706808679465,8.342857142857143,-20.474285714285713,1.7314285714285713,0,0,0,0,0,0,0,0,0,0,0,no mains / natural or DC,28
0,0,17,550,-1.108432264168218,0.1878109073152867,0.14520706808679465,8.342857142857143,-20.474285714285713,1.7314285714285713,0,0,0,0,0,0,0,0,0,0,0,no mains / natural or DC,28
0,0,17,560,-1.1692251350444045,0.14178899502548295,0.22467726676229133,6.1257142857142854,-29.405714285714286,-9.09142857142857,0,0,0,0,0,0,0,0,0,0,0,no mains / natural or DC,28
0,0,17,570,-1.1692251350444045,0.14178899502548295,0.22467726676229133,6.1257142857142854,-29.405714285714286,-9.09142857142857,0,0,0,0,0,0,0,0,0,0,0,no mains / natural or DC,28
0,0,17,580,-1.2164067506942962,0.06799523911252174,0.32642597735526596,5.897142857142857,-39.497142857142855,-26.76,0,0,0,0,0,0,0,0,0,0,0,no mains / natural or DC,28
0,0,17,590,-1.2164067506942962,0.06799523911252174,0.32642597735526596,5.897142857142857,-39.497142857142855,-26.76,0,0,0,0,0,0,0,0,0,0,0,no mains / natural or DC,28
0,0,17,600,-1.262001403851436,0.026490066225165563,0.38581499679555653,7.4,-39.497142857142855,-42.2,0,0,0,0,0,0,0,0,0,0,0,no mains / natural or DC,28
0,0,17,610,-1.262001403851436,0.026490066225165563,0.38581499679555653,7.4,-39.497142857142855,-42.2,0,0,0,0,0,0,0,0,0,0,0,no mains / natural or DC,28
0,0,17,620,-1.2864162114322337,-0.0027466658528397473,0.42976165044099246,8.805714285714286,-32.82857142857143,-49.63428571428572,0,0,0,0,0,0,0,0,0,0,0,no mains / natural or DC,28
0,0,17,630,-1.2864162114322337,-0.0027466658528397473,0.42976165044099246,8.4,-24.65142857142857,-45.88,0,0,0,0,0,0,0,0,0,0,0,no mains / natural or DC,28
0,0,17,640,-1.2088991973632008,-0.004821924497207556,0.4314706869716483,8.4,-24.65142857142857,-45.88,0,0,0,0,0,0,0,0,0,0,0,no mains / natural or DC,28
0,0,17,650,-1.1150242622150335,-0.0053102206488235115,0.4077272865993225,6.091428571428572,-18.748571428571427,-34.83428571428571,0,0,0,0,0,0,0,0,0,0,0,no mains / natural or DC,28
0,0,17,660,-1.1150242622150335,-0.0053102206488235115,0.4077272865993225,6.091428571428572,-18.748571428571427,-34.83428571428571,0,0,0,0,0,0,0,0,0,0,0,no mains / natural or DC,28
0,0,17,670,-1.0205389568773462,0.010193182164983062,0.3488876003295999,3.1885714285714286,-10.96,-20.274285714285714,0,0,0,0,0,0,0,0,0,0,0,no mains / natural or DC,28
0,0,17,680,-1.0205389568773462,0.010193182164983062,0.3488876003295999,3.1885714285714286,-10.96,-20.274285714285714,0,0,0,0,0,0,0,0,0,0,0,no mains / natural or DC,28
0,0,17,690,-0.9212927640614033,0.008239997558519242,0.30487990966521195,1.217142857142857,-1.16,-8.165714285714285,0,0,0,0,0,0,0,0,0,0,0,no mains / natural or DC,28
0,0,17,700,-0.9212927640614033,0.008239997558519242,0.30487990966521195,1.217142857142857,-1.16,-8.165714285714285,0,0,0,0,0,0,0,0,0,0,0,no mains / natural or DC,28
0,0,17,710,-0.8192999053926207,0.022461622974333934,0.25452436902981657,0.19428571428571428,9.085714285714285,0.16,0,0,0,0,0,0,0,0,0,0,0,no mains / natural or DC,28
0,0,17,720,-0.8192999053926207,0.022461622974333934,0.25452436902981657,0.19428571428571428,9.085714285714285,0.16,0,0,0,0,0,0,0,0,0,0,0,no mains / natural or DC,28
0,0,17,730,-0.7417218543046358,0.04504531998657185,0.21045564134647665,-0.4742857142857143,17.50857142857143,6.994285714285715,0,0,0,0,0,0,0,0,0,0,0,no mains / natural or DC,28
0,0,17,740,-0.7417218543046358,0.04504531998657185,0.21045564134647665,-0.4742857142857143,17.50857142857143,6.994285714285715,0,0,0,0,0,0,0,0,0,0,0,no mains / natural or DC,28
0,0,17,750,-0.6904507583849605,0.05121005890072329,0.1706595049897763,-1.0971428571428572,24.64,12.605714285714285,0,0,0,0,0,0,0,0,0,0,0,no mains / natural or DC,28
0,0,17,760,-0.6904507583849605,0.05121005890072329,0.1706595049897763,-1.0971428571428572,24.64,15.697142857142858,0,0,0,0,0,0,0,0,0,0,0,no mains / natural or DC,28
0,0,17,770,-0.6811731315042573,0.08453627124851222,0.14435254982146672,-1.7142857142857142,28.68,15.697142857142858,0,0,0,0,0,0,0,0,0,0,0,no mains / natural or DC,28
0,0,17,780,-0.6723838007751701,0.1141392254402295,0.11755729850154119,-2.2114285714285713,31.102857142857143,18.725714285714286,0,0,0,0,0,0,0,0,0,0,0,no mains / natural or DC,28
0,0,17,790,-0.6723838007751701,0.1141392254402295,0.11755729850154119,-2.2114285714285713,31.102857142857143,18.725714285714286,0,0,0,0,0,0,0,0,0,0,0,no mains / natural or DC,28
0,0,17,800,-0.6778771324808497,0.14728232673116246,0.09430219428083132,-2.394285714285714,31.457142857142856,21.28,0,0,0,0,0,0,0,0,0,0,0,no mains / natural or DC,28
0,0,17,810,-0.6778771324808497,0.14728232673116246,0.09430219428083132,-2.394285714285714,31.457142857142856,21.28,0,0,0,0,0,0,0,0,0,0,0,no mains / natural or DC,28
0,0,17,820,-0.7008270516067995,0.18091372417371135,0.06988738670003357,-2.0742857142857143,30.68,23.302857142857142,0,0,0,0,0,0,0,0,0,0,0,no mains / natural or DC,28
0,0,17,830,-0.7008270516067995,0.18091372417371135,0.06988738670003357,-2.0742857142857143,30.68,23.302857142857142,0,0,0,0,0,0,0,0,0,0,0,no mains / natural or DC,28
0,0,17,840,-0.771691030610065,0.21991637928403576,0.04358043153172399,-1.1257142857142857,29.52,24.462857142857143,0,0,0,0,0,0,0,0,0,0,0,no mains / natural or DC,29
0,0,17,850,-0.771691030610065,0.21991637928403576,0.04358043153172399,-1.1257142857142857,29.52,24.462857142857143,0,0,0,0,0,0,0,0,0,0,0,no mains / natural or DC,29
0,0,17,860,-0.8303476058229317,0.250068666646321,0.02130191961424604,0.4,29.04,24.65142857142857,0,0,0,0,0,0,0,0,0,0,0,no mains / natural or DC,29
0,0,17,870,-0.8303476058229317,0.250068666646321,0.02130191961424604,0.4,29.04,24.65142857142857,0,0,0,0,0,0,0,0,0,0,0,no mains / natural or DC,29
0,0,17,880,-0.8506729331339458,0.271858882412183,-0.00012207403790398877,2.1485714285714286,28.742857142857144,23.805714285714284,0,0,0,0,0,0,0,0,0,0,0,no mains / natural or DC,29
0,0,17,890,-0.8506729331339458,0.271858882412183,-0.00012207403790398877,2.1485714285714286,28.742857142857144,23.805714285714284,0,0,0,0,0,0,0,0,0,0,0,no mains / natural or DC,29
0,0,17,900,-0.8777733695486313,0.2868739890743736,-0.016052735984374525,3.8114285714285714,26.84,21.645714285714284,0,0,0,0,0,0,0,0,0,0,0,no mains / natural or DC,29
0,0,17,910,-0.8777733695486313,0.2868739890743736,-0.016052735984374525,5.057142857142857,23.617142857142856,18.502857142857142,0,0,0,0,0,0,0,0,0,0,0,no mains / natural or DC,29
0,0,17,920,-0.9005401776177252,0.30347605822931606,-0.02105777153843806,5.057142857142857,23.617142857142856,18.502857142857142,0,0,0,0,0,0,0,0,0,0,0,no mains / natural or DC,29
0,0,17,930,-0.9196447645496993,0.3176976836451308,-0.014221625415814692,5.542857142857143,19.86857142857143,15.622857142857143,0,0,0,0,0,0,0,0,0,0,0,no mains / natural or DC,29
0,0,17,940,-0.9196447645496993,0.3176976836451308,-0.014221625415814692,5.542857142857143,19.86857142857143,15.622857142857143,0,0,0,0,0,0,0,0,0,0,0,no mains / natural or DC,29
0,0,17,950,-0.9161046174504838,0.3303933835871456,-0.0018311105685598315,5.04,16.017142857142858,13.297142857142857,0,0,0,0,0,0,0,0,0,0,0,no mains / natural or DC,29
0,0,17,960,-0.9161046174504838,0.3303933835871456,-0.0018311105685598315,5.04,16.017142857142858,13.297142857142857,0,0,0,0,0,0,0,0,0,0,0,no mains / natural or DC,29
0,0,17,970,-0.93588061159093,0.35584582049012725,0.005493331705679495,3.88,13.428571428571429,11.594285714285714,0,0,0,0,0,0,0,0,0,0,0,no mains / natural or DC,29
0,0,17,980,-0.93588061159093,0.35584582049012725,0.005493331705679495,3.88,13.428571428571429,11.594285714285714,0,0,0,0,0,0,0,0,0,0,0,no mains / natural or DC,29
0,0,17,990,-0.9752494888149663,0.38862269966734825,0.012756736960966826,2.6,13.222857142857142,10.617142857142857,0,0,0,0,0,0,0,0,0,0,0,no mains / natural or DC,29
0,0,18,0,-0.9752494888149663,0.38862269966734825,0.012756736960966826,2.6,13.222857142857142,10.617142857142857,0,0,0,0,0,0,0,0,0,0,0,no mains / natural or DC,29
0,0,18,10,-0.9486983855708487,0.4106570635090182,0.008606219672231208,1.5714285714285714,15.422857142857143,10.08,0,0,0,0,0,0,0,0,0,0,0,no mains / natural or DC,29
0,0,18,20,-0.9486983855708487,0.4106570635090182,0.008606219672231208,1.5714285714285714,15.422857142857143,10.08,0,0,0,0,0,0,0,0,0,0,0,no mains / natural or DC,29
0,0,18,30,-0.8967558824427015,0.40687276833399455,-0.003784295175023652,0.7657142857142857,17.794285714285714,9.285714285714286,0,0,0,0,0,0,0,0,0,0,0,no mains / natural or DC,29
0,0,18,40,-0.8967558824427015,0.40687276833399455,-0.003784295175023652,0.7657142857142857,19.44,7.182857142857143,0,0,0,0,0,0,0,0,0,0,0,no mains / natural or DC,29
0,0,18,50,-0.8446302682576983,0.39204077272865995,-0.026123844111453597,0.14285714285714285,19.44,7.182857142857143,0,0,0,0,0,0,0,0,0,0,0,no mains / natural or DC,29
0,0,18,60,-0.9012726218451491,0.3891720328379162,-0.08166753135776848,-0.11428571428571428,19.66857142857143,3.7314285714285713,0,0,0,0,0,0,0,0,0,0,0,no mains / natural or DC,29
0,0,18,70,-0.9012726218451491,0.3891720328379162,-0.08166753135776848,-0.11428571428571428,19.66857142857143,3.7314285714285713,0,0,0,0,0,0,0,0,0,0,0,no mains / natural or DC,29
0,0,18,80,-1.5161595507675405,0.49519333475753047,-0.10272530289620654,0.8571428571428571,17.251428571428573,2.5314285714285716,0,0,0,0,0,0,0,0,0,0,0,no mains / natural or DC,29
0,0,18,90,-1.5161595507675405,0.49519333475753047,-0.10272530289620654,0.8571428571428571,17.251428571428573,2.5314285714285716,0,0,0,0,0,0,0,0,0,0,0,no mains / natural or DC,29
0,0,18,100,-1.0691854609820857,0.3631702627643666,-0.16901150547807245,0.8057142857142857,25.925714285714285,1.8057142857142856,0,0,0,0,0,0,0,0,0,0,0,no mains / natural or DC,29
0,0,18,110,-1.0691854609820857,0.3631702627643666,-0.16901150547807245,0.8057142857142857,25.925714285714285,1.8057142857142856,0,0,0,0,0,0,0,0,0,0,0,no mains / natural or DC,29
0,0,18,120,-1.0171819208349864,0.27344584490493484,-0.2619708853419599,2.4,23.228571428571428,-6.097142857142857,0,0,0,0,0,0,0,0,0,0,0,no mains / natural or DC,29
0,0,18,130,-1.0171819208349864,0.27344584490493484,-0.2619708853419599,2.4,23.228571428571428,-6.097142857142857,0,0,0,0,0,0,0,0,0,0,0,no mains / natural or DC,29
0,0,18,140,-1.1459089938047426,0.14404736472670676,-0.2816248054445021,4.645714285714286,17.708571428571428,-22.65142857142857,0,0,0,0,0,0,0,0,0,0,0,no mains / natural or DC,29
0,0,18,150,-1.1459089938047426,0.14404736472670676,-0.2816248054445021,4.645714285714286,17.708571428571428,-22.65142857142857,0,0,0,0,0,0,0,0,0,0,0,no mains / natural or DC,29
0,0,18,160,-1.2308725241859189,0.019531846064638203,-0.315622425000763,6.062857142857143,16.114285714285714,-44.56,0,0,0,0,0,0,0,0,0,0,0,no mains / natural or DC,29
0,0,18,170,-1.2308725241859189,0.019531846064638203,-0.315622425000763,6.062857142857143,16.114285714285714,-44.56,0,0,0,0,0,0,0,0,0,0,0,no mains / natural or DC,29
0,0,18,180,-1.1457869197668387,-0.12097537156285287,-0.29285561693166906,5.325714285714286,10.548571428571428,-67.56571428571428,0,0,0,0,0,0,0,0,0,0,0,no mains / natural or DC,29
0,0,18,190,-1.0520340586565753,-0.12213507492294076,-0.336680196539201,1.9714285714285715,0.8457142857142858,-78.42857142857143,0,0,0,0,0,0,0,0,0,0,0,no mains / natural or DC,29
0,0,18,200,-1.0600299081392865,-0.12213507492294076,-0.336680196539201,1.9714285714285715,0.8457142857142858,-78.42857142857143,0,0,0,0,0,0,0,0,0,0,0,no mains / natural or DC,29
0,0,18,210,-1.0138248847926268,-0.10126041444135868,-0.34064760277108064,-0.6742857142857143,-7.948571428571428,-71.71428571428571,0,0,0,0,0,0,0,0,0,0,0,no mains / natural or DC,29
0,0,18,220,-1.0138248847926268,-0.10126041444135868,-0.34064760277108064,-0.6742857142857143,-7.948571428571428,-71.71428571428571,0,0,0,0,0,0,0,0,0,0,0,no mains / natural or DC,29
0,0,18,230,-1.042573320719016,-0.12573625904110844,-0.30707724234748374,-1.4857142857142858,-8.942857142857143,-52.205714285714286,0,0,0,0,0,0,0,0,0,0,0,no mains / natural or DC,29
0,0,18,240,-1.042573320719016,-0.12573625904110844,-0.30707724234748374,-1.4857142857142858,-8.942857142857143,-52.205714285714286,0,0,0,0,0,0,0,0,0,0,0,no mains / natural or DC,29
0,0,18,250,-1.0456251716666158,-0.1313516647846919,-0.26911221655934325,-0.84,-6.314285714285714,-30.611428571428572,0,0,0,0,0,0,0,0,0,0,0,no mains / natural or DC,29
0,0,18,260,-1.0456251716666158,-0.1313516647846919,-0.26911221655934325,-0.84,-6.314285714285714,-30.611428571428572,0,0,0,0,0,0,0,0,0,0,0,no mains / natural or DC,29
0,0,18,270,-0.9748832667012544,-0.1553392132328257,-0.22870571001312295,0.6971428571428572,-4.411428571428571,-13.622857142857143,0,0,0,0,0,0,0,0,0,0,0,no mains / natural or DC,29
0,0,18,280,-0.9748832667012544,-0.1553392132328257,-0.22870571001312295,0.6971428571428572,-4.411428571428571,-13.622857142857143,0,0,0,0,0,0,0,0,0,0,0,no mains / natural or DC,29
0,0,18,290,-0.890713217566454,-0.1511276589251381,-0.21021149327066865,2.4114285714285715,-5.0285714285714285,-3.217142857142857,0,0,0,0,0,0,0,0,0,0,0,no mains / natural or DC,29
0,0,18,300,-0.890713217566454,-0.1511276589251381,-0.21021149327066865,2.4114285714285715,-5.0285714285714285,-3.217142857142857,0,0,0,0,0,0,0,0,0,0,0,no mains / natural or DC,29
0,0,18,310,-0.8055665761284219,-0.12195196386608478,-0.2021546067690054,4.365714285714286,-6.097142857142857,2.9085714285714284,0,0,0,0,0,0,0,0,0,0,0,no mains / natural or DC,29
0,0,18,320,-0.8055665761284219,-0.12195196386608478,-0.2021546067690054,6.422857142857143,-8.04,8.565714285714286,0,0,0,0,0,0,0,0,0,0,0,no mains / natural or DC,29
0,0,18,330,-0.7367168187505723,-0.08172856837672048,-0.1969664601580859,6.422857142857143,-8.04,8.565714285714286,0,0,0,0,0,0,0,0,0,0,0,no mains / natural or DC,29
0,0,18,340,-0.6806848353526413,-0.06579790643024995,-0.18604083376567887,8.045714285714286,-11.04,14.382857142857143,0,0,0,0,0,0,0,0,0,0,0,no mains / natural or DC,29
0,0,18,350,-0.6806848353526413,-0.06579790643024995,-0.18604083376567887,8.045714285714286,-11.04,14.382857142857143,0,0,0,0,0,0,0,0,0,0,0,no mains / natural or DC,29
0,0,18,360,-0.6782433545945616,-0.030152287362285226,-0.18335520493179114,9.137142857142857,-14.6,19.497142857142858,0,0,0,0,0,0,0,0,0,0,0,no mains / natural or DC,29
0,0,18,370,-0.6782433545945616,-0.030152287362285226,-0.18335520493179114,9.137142857142857,-14.6,19.497142857142858,0,0,0,0,0,0,0,0,0,0,0,no mains / natural or DC,29
0,0,18,380,-0.6991790520950957,-0.0009155552842799158,-0.17108676412244025,9.82857142857143,-17.005714285714287,23.782857142857143,0,0,0,0,0,0,0,0,0,0,0,no mains / natural or DC,30
0,0,18,390,-0.6991790520950957,-0.0009155552842799158,-0.17108676412244025,9.82857142857143,-17.005714285714287,23.782857142857143,0,0,0,0,0,0,0,0,0,0,0,no mains / natural or DC,30
0,0,18,400,-0.727744376964629,0.04107791375469222,-0.1533860286263619,10.034285714285714,-18.66857142857143,26.92,0,0,0,0,0,0,0,0,0,0,0,no mains / natural or DC,30
0,0,18,410,-0.727744376964629,0.04107791375469222,-0.1533860286263619,10.034285714285714,-18.66857142857143,26.92,0,0,0,0,0,0,0,0,0,0,0,no mains / natural or DC,30
0,0,18,420,-0.7550279244361705,0.08984649189733573,-0.13757744071779535,9.948571428571428,-20.222857142857144,29.262857142857143,0,0,0,0,0,0,0,0,0,0,0,no mains / natural or DC,30
0,0,18,430,-0.7550279244361705,0.08984649189733573,-0.13757744071779535,9.948571428571428,-20.222857142857144,29.262857142857143,0,0,0,0,0,0,0,0,0,0,0,no mains / natural or DC,30
0,0,18,440,-0.7671742912076174,0.13446455275124364,-0.11584826197088534,9.822857142857142,-20.81714285714286,30.81714285714286,0,0,0,0,0,0,0,0,0,0,0,no mains / natural or DC,30
0,0,18,450,-0.7671742912076174,0.13446455275124364,-0.11584826197088534,9.822857142857142,-20.81714285714286,31.36,0,0,0,0,0,0,0,0,0,0,0,no mains / natural or DC,30
0,0,18,460,-0.8338267159031952,0.1923276467177343,-0.09949034089175085,9.82857142857143,-20.53142857142857,31.36,0,0,0,0,0,0,0,0,0,0,0,no mains / natural or DC,30
0,0,18,470,-0.8756981109042634,0.24042481765190588,-0.08398693807794427,10.102857142857143,-18.142857142857142,30.857142857142858,0,0,0,0,0,0,0,0,0,0,0,no mains / natural or DC,30
0,0,18,480,-0.8756981109042634,0.24042481765190588,-0.08398693807794427,10.102857142857143,-18.142857142857142,30.857142857142858,0,0,0,0,0,0,0,0,0,0,0,no mains / natural or DC,30
0,0,18,490,-0.9053010650959807,0.2761314737388226,-0.08136234626300852,10.765714285714285,-15.314285714285715,27.731428571428573,0,0,0,0,0,0,0,0,0,0,0,no mains / natural or DC,30
0,0,18,500,-0.9053010650959807,0.2761314737388226,-0.08136234626300852,10.765714285714285,-15.314285714285715,27.731428571428573,0,0,0,0,0,0,0,0,0,0,0,no mains / natural or DC,30
0,0,18,510,-0.9310586870937223,0.30567339091158785,-0.08648945585497604,11.845714285714285,-12.925714285714285,21.765714285714285,0,0,0,0,0,0,0,0,0,0,0,no mains / natural or DC,30
0,0,18,520,-0.9310586870937223,0.30567339091158785,-0.08648945585497604,11.845714285714285,-12.925714285714285,21.765714285714285,0,0,0,0,0,0,0,0,0,0,0,no mains / natural or DC,30
0,0,18,530,-0.9460737937559129,0.3254493850520341,-0.09942930387279886,13.394285714285715,-11.194285714285714,13.834285714285715,0,0,0,0,0,0,0,0,0,0,0,no mains / natural or DC,30
0,0,18,540,-0.9460737937559129,0.3254493850520341,-0.09942930387279886,13.394285714285715,-11.194285714285714,13.834285714285715,0,0,0,0,0,0,0,0,0,0,0,no mains / natural or DC,30
0,0,18,550,-0.9490646076845607,0.3350321970274972,-0.11365092928861355,15.382857142857143,-10.302857142857142,5.102857142857143,0,0,0,0,0,0,0,0,0,0,0,no mains / natural or DC,30
0,0,18,560,-0.9490646076845607,0.3350321970274972,-0.11365092928861355,15.382857142857143,-10.302857142857142,5.102857142857143,0,0,0,0,0,0,0,0,0,0,0,no mains / natural or DC,30
0,0,18,570,-0.9226966154972991,0.33277382732627336,-0.1295815912350841,17.514285714285716,-10.297142857142857,-3.702857142857143,0,0,0,0,0,0,0,0,0,0,0,no mains / natural or DC,30
0,0,18,580,-0.9226966154972991,0.33277382732627336,-0.1295815912350841,17.514285714285716,-10.297142857142857,-3.702857142857143,0,0,0,0,0,0,0,0,0,0,0,no mains / natural or DC,30
0,0,18,590,-0.9374065370647298,0.33613086336863307,-0.14380321665089876,19.44,-10.657142857142857,-10.725714285714286,0,0,0,0,0,0,0,0,0,0,0,no mains / natural or DC,30
0,0,18,600,-0.9374065370647298,0.33613086336863307,-0.15234839930417798,20.794285714285714,-10.82857142857143,-14.731428571428571,0,0,0,0,0,0,0,0,0,0,0,no mains / natural or DC,30
0,0,18,610,-0.9282509842219306,0.3386944181646168,-0.15234839930417798,20.794285714285714,-10.82857142857143,-14.731428571428571,0,0,0,0,0,0,0,0,0,0,0,no mains / natural or DC,30
0,0,18,620,-0.8850978118228706,0.3240455336161382,-0.1476485488448744,21.81714285714286,-11.04,-16.708571428571428,0,0,0,0,0,0,0,0,0,0,0,no mains / natural or DC,30
0,0,18,630,-0.8850978118228706,0.3240455336161382,-0.1476485488448744,21.81714285714286,-11.04,-16.708571428571428,0,0,0,0,0,0,0,0,0,0,0,no mains / natural or DC,30
0,0,18,640,-0.8381603442487869,0.2977996154667806,-0.12048707541123692,22.85142857142857,-12.32,-18.66857142857143,0,0,0,0,0,0,0,0,0,0,0,no mains / natural or DC,30
0,0,18,650,-0.8381603442487869,0.2977996154667806,-0.12048707541123692,22.85142857142857,-12.32,-18.66857142857143,0,0,0,0,0,0,0,0,0,0,0,no mains / natural or DC,30
0,0,18,660,-1.2972808008056886,0.3667104098635823,-0.13995788445692312,24.86857142857143,-17.274285714285714,-21.388571428571428,0,0,0,0,0,0,0,0,0,0,0,no mains / natural or DC,30
0,0,18,670,-1.2972808008056886,0.3667104098635823,-0.13995788445692312,24.86857142857143,-17.274285714285714,-21.388571428571428,0,0,0,0,0,0,0,0,0,0,0,no mains / natural or DC,30
0,0,18,680,-1.3965269936216316,0.34528641621143225,-0.015564439832758568,27.497142857142858,-18.908571428571427,-24.69142857142857,0,0,0,0,0,0,0,0,0,0,0,no mains / natural or DC,30
0,0,18,690,-1.3965269936216316,0.34528641621143225,-0.015564439832758568,27.497142857142858,-18.908571428571427,-24.69142857142857,0,0,0,0,0,0,0,0,0,0,0,no mains / natural or DC,30
0,0,18,700,-0.9870296334727012,0.27253028962065495,-0.0022583697012237922,31.114285714285714,-10.314285714285715,-30.10857142857143,0,0,0,0,0,0,0,0,0,0,0,no mains / natural or DC,30
0,0,18,710,-0.9870296334727012,0.27253028962065495,-0.0022583697012237922,31.114285714285714,-10.314285714285715,-30.10857142857143,0,0,0,0,0,0,0,0,0,0,0,no mains / natural or DC,30
0,0,18,720,-0.9958189642017884,0.18970305490279854,0.11560411389507737,35.73714285714286,-17.64,-40.205714285714286,0,0,0,0,0,0,0,0,0,0,0,no mains / natural or DC,30
0,0,18,730,-0.9958189642017884,0.18970305490279854,0.11560411389507737,40.70857142857143,-22.765714285714285,-48.668571428571425,0,0,0,0,0,0,0,0,0,0,0,no mains / natural or DC,30
0,0,18,740,-1.240150151066622,0.15521713919492172,0.2207098605304117,40.70857142857143,-22.765714285714285,-48.668571428571425,0,0,0,0,0,0,0,0,0,0,0,no mains / natural or DC,30
0,0,18,750,-1.0787682729575487,0.01654103213599048,0.3108005005035554,44.52,-24.30857142857143,-56.21714285714286,0,0,0,0,0,0,0,0,0,0,0,no mains / natural or DC,30
0,0,18,760,-1.0787682729575487,0.01654103213599048,0.3108005005035554,44.52,-24.30857142857143,-56.21714285714286,0,0,0,0,0,0,0,0,0,0,0,no mains / natural or DC,30
0,0,18,770,-1.131260109256264,-0.08276619769890439,0.37672048097170935,47.65714285714286,-30.05142857142857,-63.628571428571426,0,0,0,0,0,0,0,0,0,0,0,no mains / natural or DC,30
0,0,18,780,-1.131260109256264,-0.08276619769890439,0.37672048097170935,47.65714285714286,-30.05142857142857,-63.628571428571426,0,0,0,0,0,0,0,0,0,0,0,no mains / natural or DC,30
0,0,18,790,-1.2146977141636401,-0.16388439588610493,0.4198736533707694,48.777142857142856,-30.65142857142857,-62.56,0,0,0,0,0,0,0,0,0,0,0,no mains / natural or DC,30
0,0,18,800,-1.2146977141636401,-0.16388439588610493,0.4198736533707694,48.777142857142856,-30.65142857142857,-62.56,0,0,0,0,0,0,0,0,0,0,0,no mains / natural or DC,30
0,0,18,810,-1.2204962309640797,-0.2619708853419599,0.42786950285348063,48.26285714285714,-21.462857142857143,-56.06285714285714,0,0,0,0,0,0,0,0,0,0,0,no mains / natural or DC,30
0,0,18,820,-1.2204962309640797,-0.2619708853419599,0.42786950285348063,48.26285714285714,-21.462857142857143,-56.06285714285714,0,0,0,0,0,0,0,0,0,0,0,no mains / natural or DC,30
0,0,18,830,-1.13052766502884,-0.3108615375225074,0.424085207678457,46.26857142857143,-10.82857142857143,-49.88,0,0,0,0,0,0,0,0,0,0,0,no mains / natural or DC,30
0,0,18,840,-1.13052766502884,-0.3108615375225074,0.424085207678457,46.26857142857143,-10.82857142857143,-49.88,0,0,0,0,0,0,0,0,0,0,0,no mains / natural or DC,30
0,0,18,850,-1.0242011780144658,-0.32001709036530657,0.3653065584276864,43.57714285714286,1.0685714285714285,-43.371428571428574,0,0,0,0,0,0,0,0,0,0,0,no mains / natural or DC,30
0,0,18,860,-1.0242011780144658,-0.32001709036530657,0.3653065584276864,43.57714285714286,1.0685714285714285,-43.371428571428574,0,0,0,0,0,0,0,0,0,0,0,no mains / natural or DC,30
0,0,18,870,-0.9620654927213355,-0.30140079958494825,0.30195013275551624,41.114285714285714,11.074285714285715,-37.97142857142857,0,0,0,0,0,0,0,0,0,0,0,no mains / natural or DC,30
0,0,18,880,-0.8929715872676779,-0.30268257698294015,0.24359874263740958,39.354285714285716,20.645714285714284,-31.388571428571428,0,0,0,0,0,0,0,0,0,0,0,no mains / natural or DC,30
0,0,18,890,-0.8929715872676779,-0.30268257698294015,0.24359874263740958,39.354285714285716,20.645714285714284,-31.388571428571428,0,0,0,0,0,0,0,0,0,0,0,no mains / natural or DC,30
0,0,18,900,-0.825342570268868,-0.31348612933744313,0.19641712698751793,37.668571428571425,25.805714285714284,-25.765714285714285,0,0,0,0,0,0,0,0,0,0,0,no mains / natural or DC,30
0,0,18,910,-0.825342570268868,-0.31348612933744313,0.19641712698751793,37.668571428571425,25.805714285714284,-25.765714285714285,0,0,0,0,0,0,0,0,0,0,0,no mains / natural or DC,30
0,0,18,920,-0.7853022858363597,-0.31788079470198677,0.16382335886715294,35.86857142857143,25.982857142857142,-20.53142857142857,0,0,0,0,0,0,0,0,0,0,0,no mains / natural or DC,30
0,0,18,930,-0.7853022858363597,-0.31788079470198677,0.16382335886715294,35.86857142857143,25.982857142857142,-20.53142857142857,0,0,0,0,0,0,0,0,0,0,0,no mains / natural or DC,30
0,0,18,940,-0.7618030335398419,-0.3336893826105533,0.15271462141788994,33.77142857142857,22.622857142857143,-16.285714285714285,0,0,0,0,0,0,0,0,0,0,0,no mains / natural or DC,30
0,0,18,950,-0.7618030335398419,-0.3336893826105533,0.15271462141788994,33.77142857142857,22.622857142857143,-16.285714285714285,0,0,0,0,0,0,0,0,0,0,0,no mains / natural or DC,31
0,0,18,960,-0.7311014130069887,-0.34321115756706444,0.14789269692068238,31.251428571428573,16.737142857142857,-13.588571428571429,0,0,0,0,0,0,0,0,0,0,0,no mains / natural or DC,31
0,0,18,970,-0.7311014130069887,-0.34321115756706444,0.14789269692068238,31.251428571428573,16.737142857142857,-13.588571428571429,0,0,0,0,0,0,0,0,0,0,0,no mains / natural or DC,31
0,0,18,980,-0.7459944456312754,-0.3483993041779839,0.14099551377910702,28.49142857142857,9.588571428571429,-12.17142857142857,0,0,0,0,0,0,0,0,0,0,0,no mains / natural or DC,31
0,0,18,990,-0.7459944456312754,-0.3483993041779839,0.14099551377910702,28.49142857142857,9.588571428571429,-12.17142857142857,0,0,0,0,0,0,0,0,0,0,0,no mains / natural or DC,31
0,0,19,0,-0.8000122074037904,-0.35584582049012725,0.13849299600207526,25.765714285714285,3.6,-12.04,0,0,0,0,0,0,0,0,0,0,0,no mains / natural or DC,31
0,0,19,10,-0.8000122074037904,-0.35584582049012725,0.13849299600207526,22.98857142857143,-0.56,-13.485714285714286,0,0,0,0,0,0,0,0,0,0,0,no mains / natural or DC,31
0,0,19,20,-0.8493911557359538,-0.3756828516495254,0.1434369945371868,22.98857142857143,-0.56,-13.485714285714286,0,0,0,0,0,0,0,0,0,0,0,no mains / natural or DC,31
0,0,19,30,-0.881191442609943,-0.39143040253913997,0.14947965941343425,19.88,-3.9314285714285715,-16.154285714285713,0,0,0,0,0,0,0,0,0,0,0,no mains / natural or DC,31
0,0,19,40,-0.881191442609943,-0.39143040253913997,0.14947965941343425,19.88,-3.9314285714285715,-16.154285714285713,0,0,0,0,0,0,0,0,0,0,0,no mains / natural or DC,31
0,0,19,50,-0.9193395794549394,-0.3972899563585314,0.14093447676015503,16.462857142857143,-6.0685714285714285,-17.674285714285713,0,0,0,0,0,0,0,0,0,0,0,no mains / natural or DC,31
0,0,19,60,-0.9193395794549394,-0.3972899563585314,0.14093447676015503,16.462857142857143,-6.0685714285714285,-17.674285714285713,0,0,0,0,0,0,0,0,0,0,0,no mains / natural or DC,31
0,0,19,70,-0.9701223792229987,-0.3947874385814997,0.13708914456617938,13.16,-6.2,-16.034285714285716,0,0,0,0,0,0,0,0,0,0,0,no mains / natural or DC,31
0,0,19,80,-0.9701223792229987,-0.3947874385814997,0.13708914456617938,13.16,-6.2,-16.034285714285716,0,0,0,0,0,0,0,0,0,0,0,no mains / natural or DC,31
0,0,19,90,-0.9814142277291177,-0.3875240333262123,0.11395611438337351,10.222857142857142,-3.5942857142857143,-11.708571428571428,0,0,0,0,0,0,0,0,0,0,0,no mains / natural or DC,31
0,0,19,100,-0.9814142277291177,-0.3875240333262123,0.11395611438337351,10.222857142857142,-3.5942857142857143,-11.708571428571428,0,0,0,0,0,0,0,0,0,0,0,no mains / natural or DC,31
0,0,19,110,-1.0046693319498277,-0.37104403820917387,0.10559404278695028,7.685714285714286,-1.3257142857142856,-7.531428571428571,0,0,0,0,0,0,0,0,0,0,0,no mains / natural or DC,31
0,0,19,120,-1.0046693319498277,-0.37104403820917387,0.10559404278695028,7.685714285714286,-1.3257142857142856,-7.531428571428571,0,0,0,0,0,0,0,0,0,0,0,no mains / natural or DC,31
0,0,19,130,-0.9512009033478805,-0.34723960081789607,0.08996856593523972,5.571428571428571,1.457142857142857,-2.605714285714286,0,0,0,0,0,0,0,0,0,0,0,no mains / natural or DC,31
0,0,19,140,-0.9512009033478805,-0.34723960081789607,0.08996856593523972,5.571428571428571,2.92,1.2742857142857142,0,0,0,0,0,0,0,0,0,0,0,no mains / natural or DC,31
0,0,19,150,-0.9169591357158117,-0.33979308450575274,0.08575701162755212,3.3771428571428572,2.777142857142857,1.2742857142857142,0,0,0,0,0,0,0,0,0,0,0,no mains / natural or DC,31
0,0,19,160,-0.9328897976622822,-0.30549027985473187,0.07123020111697745,1.2742857142857142,3.32,3.702857142857143,0,0,0,0,0,0,0,0,0,0,0,no mains / natural or DC,31
0,0,19,170,-0.9328897976622822,-0.30549027985473187,0.07123020111697745,1.2742857142857142,3.32,3.702857142857143,0,0,0,0,0,0,0,0,0,0,0,no mains / natural or DC,31
0,0,19,180,-0.9418622394482253,-0.28241828669087804,0.06341746269112217,-0.44571428571428573,3.9657142857142857,4.7371428571428575,0,0,0,0,0,0,0,0,0,0,0,no mains / natural or DC,31
0,0,19,190,-0.9418622394482253,-0.28241828669087804,0.06341746269112217,-0.44571428571428573,3.9657142857142857,4.7371428571428575,0,0,0,0,0,0,0,0,0,0,0,no mains / natural or DC,31
0,0,19,200,-0.9295937986388745,-0.25458540604876856,0.05413983581041902,-1.8057142857142856,4.034285714285715,4.022857142857143,0,0,0,0,0,0,0,0,0,0,0,no mains / natural or DC,31
0,0,19,210,-0.9295937986388745,-0.25458540604876856,0.05413983581041902,-1.8057142857142856,4.034285714285715,4.022857142857143,0,0,0,0,0,0,0,0,0,0,0,no mains / natural or DC,31
0,0,19,220,-0.9363078707235939,-0.22888882106997893,0.03985717337565233,-2.8057142857142856,3.1085714285714285,2.657142857142857,0,0,0,0,0,0,0,0,0,0,0,no mains / natural or DC,31
0,0,19,230,-0.9363078707235939,-0.22888882106997893,0.03985717337565233,-2.8057142857142856,3.1085714285714285,2.657142857142857,0,0,0,0,0,0,0,0,0,0,0,no mains / natural or DC,31
0,0,19,240,-0.9754936368907743,-0.19812616351817378,0.026978362376781518,-3.4171428571428573,2.0514285714285716,1.3942857142857144,0,0,0,0,0,0,0,0,0,0,0,no mains / natural or DC,31
0,0,19,250,-0.9754936368907743,-0.19812616351817378,0.026978362376781518,-3.4171428571428573,2.0514285714285716,1.3942857142857144,0,0,0,0,0,0,0,0,0,0,0,no mains / natural or DC,31
0,0,19,260,-0.9756767479476303,-0.18237861262855923,0.019226660969878233,-3.577142857142857,1.5771428571428572,0.6914285714285714,0,0,0,0,0,0,0,0,0,0,0,no mains / natural or DC,31
0,0,19,270,-0.9756767479476303,-0.18237861262855923,0.019226660969878233,-3.577142857142857,1.5771428571428572,0.6914285714285714,0,0,0,0,0,0,0,0,0,0,0,no mains / natural or DC,31
0,0,19,280,-0.9336222418897061,-0.17365031891842403,0.009277626880703146,-3.3714285714285714,0.37714285714285717,0.37142857142857144,0,0,0,0,0,0,0,0,0,0,0,no mains / natural or DC,31
0,0,19,290,-0.9336222418897061,-0.15802484206671347,-0.00891140476699118,-2.662857142857143,-1.68,0.5028571428571429,0,0,0,0,0,0,0,0,0,0,0,no mains / natural or DC,31
0,0,19,300,-0.9151280251472518,-0.16187017426068911,-0.00891140476699118,-2.662857142857143,-1.68,0.5028571428571429,0,0,0,0,0,0,0,0,0,0,0,no mains / natural or DC,31
0,0,19,310,-1.1597033600878932,-0.0989410077211829,-0.009582811975463118,1.8685714285714285,2.0,4.554285714285714,0,0,0,0,0,0,0,0,0,0,0,no mains / natural or DC,31
0,0,19,320,-1.1597033600878932,-0.0989410077211829,-0.009582811975463118,1.8685714285714285,2.0,4.554285714285714,0,0,0,0,0,0,0,0,0,0,0,no mains / natural or DC,31
0,0,19,330,-0.7798089541306803,-0.1861018707846309,-0.03985717337565233,4.32,18.97142857142857,7.897142857142857,0,0,0,0,0,0,0,0,0,0,0,no mains / natural or DC,31
0,0,19,340,-0.7798089541306803,-0.1861018707846309,-0.03985717337565233,4.32,18.97142857142857,7.897142857142857,0,0,0,0,0,0,0,0,0,0,0,no mains / natural or DC,31
0,0,19,350,-0.9909360026856289,-0.1512497329630421,-0.03430280465102084,6.977142857142857,4.725714285714286,6.228571428571429,0,0,0,0,0,0,0,0,0,0,0,no mains / natural or DC,31
0,0,19,360,-0.9909360026856289,-0.1512497329630421,-0.03430280465102084,6.977142857142857,4.725714285714286,6.228571428571429,0,0,0,0,0,0,0,0,0,0,0,no mains / natural or DC,31
0,0,19,370,-0.9548631244850001,-0.21778008362071596,-0.03405865657521287,9.06857142857143,7.057142857142857,6.8,0,0,0,0,0,0,0,0,0,0,0,no mains / natural or DC,31
0,0,19,380,-0.9548631244850001,-0.21778008362071596,-0.03405865657521287,9.06857142857143,7.057142857142857,6.8,0,0,0,0,0,0,0,0,0,0,0,no mains / natural or DC,31
0,0,19,390,-0.9541917172765282,-0.20996734519486068,-0.05499435407574694,8.782857142857143,7.222857142857142,7.56,0,0,0,0,0,0,0,0,0,0,0,no mains / natural or DC,31
0,0,19,400,-0.9541917172765282,-0.20996734519486068,-0.05499435407574694,8.782857142857143,7.222857142857142,7.56,0,0,0,0,0,0,0,0,0,0,0,no mains / natural or DC,31
0,0,19,410,-0.956266975920896,-0.18305001983703115,-0.050050355540635395,6.92,5.954285714285715,6.714285714285714,0,0,0,0,0,0,0,0,0,0,0,no mains / natural or DC,31
0,0,19,420,-0.956266975920896,-0.18305001983703115,-0.050050355540635395,4.2057142857142855,6.2457142857142856,5.542857142857143,0,0,0,0,0,0,0,0,0,0,0,no mains / natural or DC,31
0,0,19,430,-0.8885158848841822,-0.173955504013184,-0.05883968626972259,4.2057142857142855,6.2457142857142856,5.542857142857143,0,0,0,0,0,0,0,0,0,0,0,no mains / natural or DC,31
0,0,19,440,-0.7115085299233985,-0.19251075777459029,-0.11975463118381298,0.7314285714285714,-0.6228571428571429,-0.3485714285714286,0,0,0,0,0,0,0,0,0,0,0,no mains / natural or DC,31
0,0,19,450,-0.7115085299233985,-0.19251075777459029,-0.11975463118381298,0.7314285714285714,-0.6228571428571429,-0.3485714285714286,0,0,0,0,0,0,0,0,0,0,0,no mains / natural or DC,31
0,0,19,460,-1.227698599200415,-0.17645802179021577,0.0446180608539079,0.68,-25.428571428571427,-6.451428571428571,0,0,0,0,0,0,0,0,0,0,0,no mains / natural or DC,31
0,0,19,470,-1.227698599200415,-0.17645802179021577,0.0446180608539079,0.68,-25.428571428571427,-6.451428571428571,0,0,0,0,0,0,0,0,0,0,0,no mains / natural or DC,31
0,0,19,480,-0.934598834192938,-0.1889095736564226,-0.03399761955626087,2.217142857142857,-9.491428571428571,1.6514285714285715,0,0,0,0,0,0,0,0,0,0,0,no mains / natural or DC,31
0,0,19,490,-0.934598834192938,-0.1889095736564226,-0.03399761955626087,2.217142857142857,-9.491428571428571,1.6514285714285715,0,0,0,0,0,0,0,0,0,0,0,no mains / natural or DC,31
0,0,19,500,-1.0400708029419843,-0.19611194189275796,0.008606219672231208,3.6857142857142855,-8.845714285714285,1.8,0,0,0,0,0,0,0,0,0,0,0,no mains / natural or DC,31
0,0,19,510,-1.0400708029419843,-0.19611194189275796,0.008606219672231208,3.6857142857142855,-8.845714285714285,1.8,0,0,0,0,0,0,0,0,0,0,0,no mains / natural or DC,31
0,0,19,520,-1.0458693197424238,-0.12048707541123692,-0.012878810998870815,4.7542857142857144,1.2971428571428572,5.0,0,0,0,0,0,0,0,0,0,0,0,no mains / natural or DC,31
0,0,19,530,-1.0458693197424238,-0.12048707541123692,-0.012878810998870815,4.7542857142857144,1.2971428571428572,5.0,0,0,0,0,0,0,0,0,0,0,0,no mains / natural or DC,31
0,0,19,540,-1.010650959807123,-0.12549211096530044,-0.04077272865993225,5.394285714285714,13.822857142857142,6.902857142857143,0,0,0,0,0,0,0,0,0,0,0,no mains / natural or DC,31
0,0,19,550,-1.010650959807123,-0.12549211096530044,-0.04077272865993225,5.394285714285714,13.822857142857142,9.82857142857143,0,0,0,0,0,0,0,0,0,0,0,no mains / natural or DC,31
0,0,19,560,-0.9842829676198614,-0.1108432264168218,-0.0739768669698172,5.12,20.10857142857143,9.12,0,0,0,0,0,0,0,0,0,0,0,no mains / natural or DC,31
0,0,19,570,-0.9463789788506729,-0.08087405011139256,-0.0935087130344554,5.788571428571428,16.057142857142857,8.977142857142857,0,0,0,0,0,0,0,0,0,0,0,no mains / natural or DC,31
0,0,19,580,-0.9463789788506729,-0.08087405011139256,-0.0935087130344554,5.788571428571428,16.057142857142857,8.977142857142857,0,0,0,0,0,0,0,0,0,0,0,no mains / natural or DC,31
0,0,19,590,-0.869960631122776,-0.17426068910794396,-0.02520828882717368,7.114285714285714,8.382857142857143,8.297142857142857,0,0,0,0,0,0,0,0,0,0,0,no mains / natural or DC,31
0,0,19,600,-0.869960631122776,-0.17426068910794396,-0.02520828882717368,7.114285714285714,8.382857142857143,8.297142857142857,0,0,0,0,0,0,0,0,0,0,0,no mains / natural or DC,31
0,0,19,610,-0.9084139530625325,-0.1479537339396344,-0.05212561418500321,6.571428571428571,5.1085714285714285,8.445714285714285,0,0,0,0,0,0,0,0,0,0,0,no mains / natural or DC,31
0,0,19,620,-0.9084139530625325,-0.1479537339396344,-0.05212561418500321,6.571428571428571,5.1085714285714285,8.445714285714285,0,0,0,0,0,0,0,0,0,0,0,no mains / natural or DC,31
0,0,19,630,-0.923490096743675,-0.12665181432538836,-0.04620502334665975,6.377142857142857,0.8057142857142857,7.1085714285714285,0,0,0,0,0,0,0,0,0,0,0,no mains / natural or DC,31
0,0,19,640,-0.923490096743675,-0.12665181432538836,-0.04620502334665975,6.377142857142857,0.8057142857142857,7.1085714285714285,0,0,0,0,0,0,0,0,0,0,0,no mains / natural or DC,31
0,0,19,650,-0.923001800592059,-0.22852259895626698,-0.006164738914151433,6.011428571428572,-4.148571428571429,3.1942857142857144,0,0,0,0,0,0,0,0,0,0,0,no mains / natural or DC,31
0,0,19,660,-0.923001800592059,-0.22852259895626698,-0.006164738914151433,6.011428571428572,-4.148571428571429,3.1942857142857144,0,0,0,0,0,0,0,0,0,0,0,no mains / natural or DC,31
0,0,19,670,-0.89089632862331,-0.05554368724631489,-0.21253089999084446,3.394285714285714,-7.222857142857142,-1.1885714285714286,0,0,0,0,0,0,0,0,0,0,0,no mains / natural or DC,31
0,0,19,680,-0.89089632862331,-0.05554368724631489,-0.21253089999084446,3.394285714285714,-7.222857142857142,-1.1885714285714286,0,0,0,0,0,0,0,0,0,0,0,no mains / natural or DC,31
0,0,19,690,-0.9521164586321604,-0.43549913022247994,0.20166631061738943,3.2685714285714287,-15.8,-0.52,0,0,0,0,0,0,0,0,0,0,0,no mains / natural or DC,31
0,0,19,700,-0.9521164586321604,-0.43549913022247994,-0.04834131900997955,-0.36,-3.737142857142857,2.388571428571429,0,0,0,0,0,0,0,0,0,0,0,no mains / natural or DC,31
0,0,19,710,-1.0202337717825862,0.018372142704550308,-0.05835139011810663,-0.36,-3.737142857142857,2.388571428571429,0,0,0,0,0,0,0,0,0,0,0,no mains / natural or DC,31
0,0,19,720,-1.021515549180578,0.02435377056184576,-0.10296945097201453,1.6171428571428572,-5.4,-0.49714285714285716,0,0,0,0,0,0,0,0,0,0,0,no mains / natural or DC,31
0,0,19,730,-1.021515549180578,0.02435377056184576,-0.10296945097201453,1.6171428571428572,-5.4,-0.49714285714285716,0,0,0,0,0,0,0,0,0,0,0,no mains / natural or DC,31
0,0,19,740,-0.9767143772698141,-0.15729239783928953,-0.0510879848628193,3.2914285714285714,-5.314285714285714,-1.4114285714285715,0,0,0,0,0,0,0,0,0,0,0,no mains / natural or DC,31
0,0,19,750,-0.9767143772698141,-0.15729239783928953,-0.0510879848628193,3.2914285714285714,-5.314285714285714,-1.4114285714285715,0,0,0,0,0,0,0,0,0,0,0,no mains / natural or DC,31
0,0,19,760,-0.9723807489242225,-0.1456953642384106,-0.03308206427198096,1.0914285714285714,-3.5542857142857143,-0.5942857142857143,0,0,0,0,0,0,0,0,0,0,0,no mains / natural or DC,31
0,0,19,770,-0.9723807489242225,-0.1456953642384106,-0.03308206427198096,1.0914285714285714,-3.5542857142857143,-0.5942857142857143,0,0,0,0,0,0,0,0,0,0,0,no mains / natural or DC,31
0,0,19,780,-0.9636524552140874,-0.1674855800042726,-0.032837916196172975,-0.2,-3.354285714285714,-0.3657142857142857,0,0,0,0,0,0,0,0,0,0,0,no mains / natural or DC,31
0,0,19,790,-0.9636524552140874,-0.1674855800042726,-0.032837916196172975,-0.2,-3.354285714285714,-0.3657142857142857,0,0,0,0,0,0,0,0,0,0,0,no mains / natural or DC,31
0,0,19,800,-0.9823908200323496,-0.1857356486709189,-0.03295999023407697,-2.12,-7.0685714285714285,-1.5085714285714287,0,0,0,0,0,0,0,0,0,0,0,no mains / natural or DC,31
0,0,19,810,-0.9823908200323496,-0.1857356486709189,-0.03295999023407697,-2.12,-7.0685714285714285,-1.5085714285714287,0,0,0,0,0,0,0,0,0,0,0,no mains / natural or DC,31
0,0,19,820,-0.9593798638874478,-0.17560350352488785,-0.026490066225165563,-5.485714285714286,-4.571428571428571,-6.977142857142857,0,0,0,0,0,0,0,0,0,0,0,no mains / natural or DC,31
0,0,19,830,-0.9593798638874478,-0.17560350352488785,-0.026490066225165563,-5.485714285714286,-5.297142857142857,-3.657142857142857,0,0,0,0,0,0,0,0,0,0,0,no mains / natural or DC,31
0,0,19,840,-0.9770195623645741,-0.15253151036103396,-0.03607287820062868,-7.531428571428571,-5.297142857142857,-3.657142857142857,0,0,0,0,0,0,0,0,0,0,0,no mains / natural or DC,31
0,0,19,850,-0.97811822870571,-0.14386425366985076,-0.02301095614490188,-10.2,-4.811428571428571,0.6457142857142857,0,0,0,0,0,0,0,0,0,0,0,no mains / natural or DC,31
0,0,19,860,-0.97811822870571,-0.14386425366985076,-0.02301095614490188,-10.2,-4.811428571428571,0.6457142857142857,0,0,0,0,0,0,0,0,0,0,0,no mains / natural or DC,31
0,0,19,870,-0.9670094912564471,-0.11493270668660542,-0.03302102725302896,-12.131428571428572,-3.5942857142857143,3.382857142857143,0,0,0,0,0,0,0,0,0,0,0,no mains / natural or DC,31
0,0,19,880,-0.9670094912564471,-0.11493270668660542,-0.03302102725302896,-12.131428571428572,-3.5942857142857143,3.382857142857143,0,0,0,0,0,0,0,0,0,0,0,no mains / natural or DC,31
0,0,19,890,-0.9730521561326945,-0.1327555162205878,-0.0391247291482284,-13.08,-2.6914285714285713,5.2628571428571425,0,0,0,0,0,0,0,0,0,0,0,no mains / natural or DC,31
0,0,19,900,-0.9730521561326945,-0.1327555162205878,-0.0391247291482284,-13.08,-2.6914285714285713,5.2628571428571425,0,0,0,0,0,0,0,0,0,0,0,no mains / natural or DC,31
0,0,19,910,-0.9627368999298074,-0.13861507003997925,-0.020630512405774102,-14.52,-3.125714285714286,3.045714285714286,0,0,0,0,0,0,0,0,0,0,0,no mains / natural or DC,31
0,0,19,920,-0.9627368999298074,-0.13861507003997925,-0.020630512405774102,-14.52,-3.125714285714286,3.045714285714286,0,0,0,0,0,0,0,0,0,0,0,no mains / natural or DC,31
0,0,19,930,-0.934110538041322,-0.17761772515030366,-0.02630695516830958,-15.594285714285714,-4.131428571428572,4.154285714285714,0,0,0,0,0,0,0,0,0,0,0,no mains / natural or DC,31
0,0,19,940,-0.934110538041322,-0.17761772515030366,-0.02630695516830958,-15.594285714285714,-4.131428571428572,4.154285714285714,0,0,0,0,0,0,0,0,0,0,0,no mains / natural or DC,31
0,0,19,950,-0.9700613422040467,-0.00793481246375927,-0.038453321939756466,-16.388571428571428,-9.868571428571428,4.445714285714286,0,0,0,0,0,0,0,0,0,0,0,no mains / natural or DC,31
0,0,19,960,-0.9700613422040467,-0.00793481246375927,-0.038453321939756466,-16.388571428571428,-9.868571428571428,4.445714285714286,0,0,0,0,0,0,0,0,0,0,0,no mains / natural or DC,31
0,0,19,970,-0.9722586748863186,-0.17230750450148014,-0.009582811975463118,-13.72,-7.765714285714286,10.211428571428572,0,0,0,0,0,0,0,0,0,0,0,no mains / natural or DC,31
0,0,19,980,-0.9722586748863186,-0.12543107394634845,0.0042115543076876125,-13.85142857142857,-7.805714285714286,7.611428571428571,0,0,0,0,0,0,0,0,0,0,0,no mains / natural or DC,31
0,0,19,990,-0.9756767479476303,-0.12854396191290018,0.0042115543076876125,-13.85142857142857,-7.805714285714286,7.611428571428571,0,0,0,0,0,0,0,0,0,0,0,no mains / natural or DC,31
0,0,20,0,-0.9856868190557573,-0.08142338328196051,-0.007995849482711264,-12.691428571428572,-7.057142857142857,7.76,0,0,0,0,0,0,0,0,0,0,0,no mains / natural or DC,31
0,0,20,10,-0.9856868190557573,-0.08142338328196051,-0.007995849482711264,-12.691428571428572,-7.057142857142857,7.76,0,0,0,0,0,0,0,0,0,0,0,no mains / natural or DC,31
0,0,20,20,-0.966460158085879,-0.0738547929319132,-0.02044740134891812,-10.714285714285714,-6.868571428571428,6.742857142857143,0,0,0,0,0,0,0,0,0,0,0,no mains / natural or DC,31
0,0,20,30,-0.966460158085879,-0.0738547929319132,-0.02044740134891812,-10.714285714285714,-6.868571428571428,6.742857142857143,0,0,0,0,0,0,0,0,0,0,0,no mains / natural or DC,31
0,0,20,40,-1.0270088808862574,-0.1282387768181402,0.049745170445875425,-8.76,-8.582857142857144,4.714285714285714,0,0,0,0,0,0,0,0,0,0,0,no mains / natural or DC,31
0,0,20,50,-1.0270088808862574,-0.1282387768181402,0.049745170445875425,-8.76,-8.582857142857144,4.714285714285714,0,0,0,0,0,0,0,0,0,0,0,no mains / natural or DC,31
0,0,20,60,-0.9742118594927823,-0.11487166966765343,0.010803552354503006,-7.725714285714286,-1.72,6.445714285714286,0,0,0,0,0,0,0,0,0,0,0,no mains / natural or DC,31
0,0,20,70,-0.9742118594927823,-0.11487166966765343,0.010803552354503006,-7.725714285714286,-1.72,6.445714285714286,0,0,0,0,0,0,0,0,0,0,0,no mains / natural or DC,31
0,0,20,80,-1.0160832544938505,-0.07678456984160893,0.040589617603076264,-6.691428571428571,4.508571428571429,10.377142857142857,0,0,0,0,0,0,0,0,0,0,0,no mains / natural or DC,31
0,0,20,90,-1.0160832544938505,-0.07678456984160893,0.040589617603076264,-6.691428571428571,4.508571428571429,10.377142857142857,0,0,0,0,0,0,0,0,0,0,0,no mains / natural or DC,31
0,0,20,100,-0.91293069246498,0.07660145878475295,-0.11542100283822138,-6.405714285714286,9.348571428571429,7.851428571428571,0,0,0,0,0,0,0,0,0,0,0,no mains / natural or DC,31
0,0,20,110,-0.91293069246498,0.07660145878475295,-0.11542100283822138,-2.4,-12.245714285714286,-0.5085714285714286,0,0,0,0,0,0,0,0,0,0,0,no mains / natural or DC,31
0,0,20,120,-0.9288003173924986,-0.059083834345530564,-0.076052125614185,-2.4,-12.245714285714286,-0.5085714285714286,0,0,0,0,0,0,0,0,0,0,0,no mains / natural or DC,31
0,0,20,130,-1.0702230903042695,-0.12537003692739646,0.12524796288949247,-1.5314285714285714,-4.457142857142857,5.84,0,0,0,0,0,0,0,0,0,0,0,no mains / natural or DC,31
0,0,20,140,-1.0702230903042695,-0.12537003692739646,0.12524796288949247,-1.5314285714285714,-4.457142857142857,5.84,0,0,0,0,0,0,0,0,0,0,0,no mains / natural or DC,31
0,0,20,150,-0.9383220923490097,-0.05444502090517899,-0.0028077028717917417,-1.92,7.074285714285714,6.725714285714286,0,0,0,0,0,0,0,0,0,0,0,no mains / natural or DC,31
0,0,20,160,-0.9383220923490097,-0.05444502090517899,-0.0028077028717917417,-1.92,7.074285714285714,6.725714285714286,0,0,0,0,0,0,0,0,0,0,0,no mains / natural or DC,31
0,0,20,170,-1.0333567308572649,0.12482070375682852,-0.08502456740012818,1.9714285714285715,3.6857142857142855,5.72,0,0,0,0,0,0,0,0,0,0,0,no mains / natural or DC,31
0,0,20,180,-1.0333567308572649,0.12482070375682852,-0.08502456740012818,1.9714285714285715,3.6857142857142855,5.72,0,0,0,0,0,0,0,0,0,0,0,no mains / natural or DC,31
0,0,20,190,-0.9846491897335734,0.020142216254158147,-0.04773094882045961,6.502857142857143,6.965714285714285,4.782857142857143,0,0,0,0,0,0,0,0,0,0,0,no mains / natural or DC,31
0,0,20,200,-0.9846491897335734,0.020142216254158147,-0.04773094882045961,6.502857142857143,6.965714285714285,4.782857142857143,0,0,0,0,0,0,0,0,0,0,0,no mains / natural or DC,31
0,0,20,210,-0.9861751152073732,0.04852443006683554,-0.05163731803338725,8.92,4.44,9.017142857142858,0,0,0,0,0,0,0,0,0,0,0,no mains / natural or DC,31
0,0,20,220,-0.9861751152073732,0.04852443006683554,-0.05163731803338725,8.92,4.44,9.017142857142858,0,0,0,0,0,0,0,0,0,0,0,no mains / natural or DC,31
0,0,20,230,-1.0272530289620654,0.002197332682271798,-0.007751701406903287,13.062857142857142,0.5314285714285715,9.085714285714285,0,0,0,0,0,0,0,0,0,0,0,no mains / natural or DC,31
0,0,20,240,-1.0272530289620654,0.002197332682271798,-0.007751701406903287,13.062857142857142,0.5314285714285715,2.3085714285714287,0,0,0,0,0,0,0,0,0,0,0,no mains / natural or DC,31
0,0,20,250,-0.9815973387859737,-0.02459791863765374,-0.03143406476027711,14.93142857142857,8.68,2.3085714285714287,0,0,0,0,0,0,0,0,0,0,0,no mains / natural or DC,31
0,0,20,260,-0.9335612048707541,-0.1281777397991882,0.014160588396862697,16.662857142857142,1.457142857142857,-0.34285714285714286,0,0,0,0,0,0,0,0,0,0,0,no mains / natural or DC,31
0,0,20,270,-0.9335612048707541,-0.1281777397991882,0.014160588396862697,16.662857142857142,1.457142857142857,-0.34285714285714286,0,0,0,0,0,0,0,0,0,0,0,no mains / natural or DC,31
0,0,20,280,-0.9698171941282387,-0.06884975737784967,-0.017578661458174383,16.074285714285715,2.337142857142857,2.0742857142857143,0,0,0,0,0,0,0,0,0,0,0,no mains / natural or DC,31
0,0,20,290,-0.9698171941282387,-0.06884975737784967,-0.017578661458174383,16.074285714285715,2.337142857142857,2.0742857142857143,0,0,0,0,0,0,0,0,0,0,0,no mains / natural or DC,31
0,0,20,300,-0.9589526047547837,-0.05829035309915464,-0.054261909848323006,15.057142857142857,5.217142857142857,5.057142857142857,0,0,0,0,0,0,0,0,0,0,0,no mains / natural or DC,31
0,0,20,310,-0.9589526047547837,-0.05829035309915464,-0.054261909848323006,15.057142857142857,5.217142857142857,5.057142857142857,0,0,0,0,0,0,0,0,0,0,0,no mains / natural or DC,31
0,0,20,320,-0.9762871181371502,-0.019287697988830226,-0.06720175786614582,12.845714285714285,4.771428571428571,3.525714285714286,0,0,0,0,0,0,0,0,0,0,0,no mains / natural or DC,31
0,0,20,330,-0.9762871181371502,-0.019287697988830226,-0.06720175786614582,12.845714285714285,4.771428571428571,3.525714285714286,0,0,0,0,0,0,0,0,0,0,0,no mains / natural or DC,31
0,0,20,340,-0.9821466719565416,-0.04315317239906003,-0.03888058107242042,11.245714285714286,4.017142857142857,3.217142857142857,0,0,0,0,0,0,0,0,0,0,0,no mains / natural or DC,31
0,0,20,350,-0.9821466719565416,-0.04315317239906003,-0.03888058107242042,11.245714285714286,4.017142857142857,3.217142857142857,0,0,0,0,0,0,0,0,0,0,0,no mains / natural or DC,31
0,0,20,360,-0.9475386822107609,-0.04364146855067599,-0.011352885525070956,11.765714285714285,1.9542857142857142,3.1028571428571428,0,0,0,0,0,0,0,0,0,0,0,no mains / natural or DC,31
0,0,20,370,-0.9475386822107609,-0.04364146855067599,-0.011352885525070956,11.765714285714285,1.9542857142857142,3.1028571428571428,0,0,0,0,0,0,0,0,0,0,0,no mains / natural or DC,31
0,0,20,380,-0.966582232123783,-0.038636432996612444,-0.06793420209356975,12.268571428571429,0.96,3.7942857142857145,0,0,0,0,0,0,0,0,0,0,0,no mains / natural or DC,31
0,0,20,390,-0.966582232123783,-0.038636432996612444,-0.03668324839014862,10.131428571428572,-0.12,3.8,0,0,0,0,0,0,0,0,0,0,0,no mains / natural or DC,31
