hh,mm,ss,sss,acc_x,acc_y,acc_z,gyro_x,gyro_y,gyro_z,f1,f2,f3,f4,f5,f6,f7,f8,clear,nir,mains_hz,mains_category,step_count
0,0,0,0,-0.9620044557023835,-0.0934476760155034,-0.018860438856166263,1.5085714285714287,-4.188571428571429,-5.868571428571428,0,0,0,0,0,0,0,0,0,0,0,no mains / natural or DC,0
0,0,0,10,-0.9620044557023835,-0.0934476760155034,-0.018860438856166263,1.5085714285714287,-4.188571428571429,-5.868571428571428,0,0,0,0,0,0,0,0,0,0,0,no mains / natural or DC,0
0,0,0,20,-0.9654835657826472,-0.09833063753166295,-0.020142216254158147,0.7771428571428571,-4.725714285714286,-5.565714285714286,0,0,0,0,0,0,0,0,0,0,0,no mains / natural or DC,0
0,0,0,30,-0.9654835657826472,-0.09833063753166295,-0.020142216254158147,0.7771428571428571,-4.725714285714286,-5.565714285714286,0,0,0,0,0,0,0,0,0,0,0,no mains / natural or DC,0
0,0,0,40,-0.9738456373790704,-0.10461745048371837,-0.018311105685598315,0.09714285714285714,-5.1085714285714285,-4.84,0,0,0,0,0,0,0,0,0,0,0,no mains / natural or DC,0
0,0,0,50,-0.9738456373790704,-0.10461745048371837,-0.018311105685598315,0.09714285714285714,-5.1085714285714285,-4.84,0,0,0,0,0,0,0,0,0,0,0,no mains / natural or DC,0
0,0,0,60,-0.9714041566209907,-0.11450544755394146,-0.015076143681142613,-0.49142857142857144,-5.211428571428572,-4.057142857142857,0,0,0,0,0,0,0,0,0,0,0,no mains / natural or DC,0
0,0,0,70,-0.9714041566209907,-0.11450544755394146,-0.015076143681142613,-0.49142857142857144,-5.211428571428572,-4.057142857142857,0,0,0,0,0,0,0,0,0,0,0,no mains / natural or DC,0
0,0,0,80,-0.9704886013367107,-0.12109744560075686,-0.013122959074678793,-1.0285714285714285,-5.548571428571429,-3.4914285714285715,0,0,0,0,0,0,0,0,0,0,0,no mains / natural or DC,0
0,0,0,90,-0.9704886013367107,-0.12109744560075686,-0.013122959074678793,-1.0285714285714285,-5.548571428571429,-3.4914285714285715,0,0,0,0,0,0,0,0,0,0,0,no mains / natural or DC,0
0,0,0,100,-0.9749443037202064,-0.1218298898281808,-0.012085329752494888,-1.4,-5.948571428571428,-2.96,0,0,0,0,0,0,0,0,0,0,0,no mains / natural or DC,0
0,0,0,110,-0.9749443037202064,-0.1218298898281808,-0.012085329752494888,-1.4,-5.948571428571428,-2.0685714285714285,0,0,0,0,0,0,0,0,0,0,0,no mains / natural or DC,0
0,0,0,120,-0.9770195623645741,-0.11981566820276497,-0.010620441297647023,-1.44,-5.788571428571428,-2.0685714285714285,0,0,0,0,0,0,0,0,0,0,0,no mains / natural or DC,0
0,0,0,130,-0.9714041566209907,-0.1174962614825892,-0.009155552842799158,-1.2,-5.468571428571429,-0.8971428571428571,0,0,0,0,0,0,0,0,0,0,0,no mains / natural or DC,0
0,0,0,140,-0.9714041566209907,-0.1174962614825892,-0.009155552842799158,-1.2,-5.468571428571429,-0.8971428571428571,0,0,0,0,0,0,0,0,0,0,0,no mains / natural or DC,0
0,0,0,150,-0.9687185277871029,-0.11401715140232552,-0.006164738914151433,-0.7257142857142858,-5.36,0.36,0,0,0,0,0,0,0,0,0,0,0,no mains / natural or DC,0
0,0,0,160,-0.9687185277871029,-0.11401715140232552,-0.006164738914151433,-0.7257142857142858,-5.36,0.36,0,0,0,0,0,0,0,0,0,0,0,no mains / natural or DC,0
0,0,0,170,-0.9688406018250069,-0.11023285622730186,-0.005859553819391461,-0.16,-5.32,1.6685714285714286,0,0,0,0,0,0,0,0,0,0,0,no mains / natural or DC,0
0,0,0,180,-0.9688406018250069,-0.11023285622730186,-0.005859553819391461,-0.16,-5.32,1.6685714285714286,0,0,0,0,0,0,0,0,0,0,0,no mains / natural or DC,0
0,0,0,190,-0.9715262306588947,-0.1098055970946379,-0.0023194067201757866,0.4,-5.182857142857143,2.7314285714285713,0,0,0,0,0,0,0,0,0,0,0,no mains / natural or DC,0
0,0,0,200,-0.9715262306588947,-0.1098055970946379,-0.0023194067201757866,0.4,-5.182857142857143,2.7314285714285713,0,0,0,0,0,0,0,0,0,0,0,no mains / natural or DC,0
0,0,0,210,-0.9715872676778466,-0.11273537400433363,0.0034180730613116855,0.7485714285714286,-5.1657142857142855,3.394285714285714,0,0,0,0,0,0,0,0,0,0,0,no mains / natural or DC,0
0,0,0,220,-0.9715872676778466,-0.11273537400433363,0.0034180730613116855,0.7485714285714286,-5.1657142857142855,3.394285714285714,0,0,0,0,0,0,0,0,0,0,0,no mains / natural or DC,0
0,0,0,230,-0.9687795648060549,-0.11713003936887723,0.008667256691183203,0.6228571428571429,-5.28,3.76,0,0,0,0,0,0,0,0,0,0,0,no mains / natural or DC,0
0,0,0,240,-0.9687795648060549,-0.11713003936887723,0.008667256691183203,0.6228571428571429,-5.28,3.76,0,0,0,0,0,0,0,0,0,0,0,no mains / natural or DC,0
0,0,0,250,-0.9685964537491989,-0.12109744560075686,0.015198217719046602,0.017142857142857144,-5.485714285714286,3.994285714285714,0,0,0,0,0,0,0,0,0,0,0,no mains / natural or DC,0
0,0,0,260,-0.9685964537491989,-0.12109744560075686,0.02203436384166997,-0.9657142857142857,-5.662857142857143,4.045714285714285,0,0,0,0,0,0,0,0,0,0,0,no mains / natural or DC,0
0,0,0,270,-0.9771416364024781,-0.12341685232093265,0.02203436384166997,-0.9657142857142857,-5.662857142857143,4.045714285714285,0,0,0,0,0,0,0,0,0,0,0,no mains / natural or DC,0
0,0,0,280,-0.9828791161839656,-0.1229285561693167,0.025513473921933653,-2.1942857142857144,-5.662857142857143,3.7657142857142856,0,0,0,0,0,0,0,0,0,0,0,no mains / natural or DC,0
0,0,0,290,-0.9828791161839656,-0.1229285561693167,0.025513473921933653,-2.1942857142857144,-5.662857142857143,3.7657142857142856,0,0,0,0,0,0,0,0,0,0,0,no mains / natural or DC,0
0,0,0,300,-0.9862971892452772,-0.12048707541123692,0.02978606524857326,-3.4571428571428573,-5.371428571428571,3.177142857142857,0,0,0,0,0,0,0,0,0,0,0,no mains / natural or DC,0
0,0,0,310,-0.9862971892452772,-0.12048707541123692,0.02978606524857326,-3.4571428571428573,-5.371428571428571,3.177142857142857,0,0,0,0,0,0,0,0,0,0,0,no mains / natural or DC,0
0,0,0,320,-0.9855647450178533,-0.11664174321726127,0.031922360911893065,-4.531428571428571,-4.811428571428571,2.2914285714285714,0,0,0,0,0,0,0,0,0,0,0,no mains / natural or DC,0
0,0,0,330,-0.9855647450178533,-0.11664174321726127,0.031922360911893065,-4.531428571428571,-4.811428571428571,2.2914285714285714,0,0,0,0,0,0,0,0,0,0,0,no mains / natural or DC,0
0,0,0,340,-0.9843440046388134,-0.11163670766319773,0.03143406476027711,-5.228571428571429,-4.24,1.1542857142857144,0,0,0,0,0,0,0,0,0,0,0,no mains / natural or DC,0
0,0,0,350,-0.9843440046388134,-0.11163670766319773,0.03143406476027711,-5.228571428571429,-4.24,1.1542857142857144,0,0,0,0,0,0,0,0,0,0,0,no mains / natural or DC,0
0,0,0,360,-0.9826349681081576,-0.10705893124179815,0.03131199072237312,-5.514285714285714,-3.6685714285714286,-0.017142857142857144,0,0,0,0,0,0,0,0,0,0,0,no mains / natural or DC,0
0,0,0,370,-0.9826349681081576,-0.10705893124179815,0.03131199072237312,-5.514285714285714,-3.6685714285714286,-0.017142857142857144,0,0,0,0,0,0,0,0,0,0,0,no mains / natural or DC,0
0,0,0,380,-0.97872859889523,-0.09973448896755882,0.027344584490493484,-5.3428571428571425,-3.24,-1.302857142857143,0,0,0,0,0,0,0,0,0,0,0,no mains / natural or DC,0
0,0,0,390,-0.97872859889523,-0.09973448896755882,0.027344584490493484,-4.668571428571428,-2.84,-2.6857142857142855,0,0,0,0,0,0,0,0,0,0,0,no mains / natural or DC,0
0,0,0,400,-0.9799493392742699,-0.09375286111026337,0.022339548936429945,-4.668571428571428,-2.84,-2.6857142857142855,0,0,0,0,0,0,0,0,0,0,0,no mains / natural or DC,0
0,0,0,410,-0.9726248970000305,-0.09033478804895169,0.017212439344462416,-3.537142857142857,-2.2857142857142856,-4.057142857142857,0,0,0,0,0,0,0,0,0,0,0,no mains / natural or DC,0
0,0,0,420,-0.9726248970000305,-0.09033478804895169,0.017212439344462416,-3.537142857142857,-2.2857142857142856,-4.057142857142857,0,0,0,0,0,0,0,0,0,0,0,no mains / natural or DC,0
0,0,0,430,-0.966704306161687,-0.09015167699209571,0.014099551377910703,-2.217142857142857,-1.9942857142857142,-5.228571428571429,0,0,0,0,0,0,0,0,0,0,0,no mains / natural or DC,0
0,0,0,440,-0.966704306161687,-0.09015167699209571,0.014099551377910703,-2.217142857142857,-1.9942857142857142,-5.228571428571429,0,0,0,0,0,0,0,0,0,0,0,no mains / natural or DC,0
0,0,0,450,-0.9662770470290231,-0.0912503433332316,0.008667256691183203,-0.8171428571428572,-1.9714285714285715,-5.994285714285715,0,0,0,0,0,0,0,0,0,0,0,no mains / natural or DC,0
0,0,0,460,-0.9662770470290231,-0.0912503433332316,0.008667256691183203,-0.8171428571428572,-1.9714285714285715,-5.994285714285715,0,0,0,0,0,0,0,0,0,0,0,no mains / natural or DC,0
0,0,0,470,-0.9734183782464064,-0.0925321207312235,0.0028077028717917417,0.6457142857142857,-1.96,-6.6,0,0,0,0,0,0,0,0,0,0,0,no mains / natural or DC,0
0,0,0,480,-0.9734183782464064,-0.0925321207312235,0.0028077028717917417,0.6457142857142857,-1.96,-6.6,0,0,0,0,0,0,0,0,0,0,0,no mains / natural or DC,0
0,0,0,490,-0.9828791161839656,-0.09515671254615925,-0.0009155552842799158,2.0742857142857143,-1.72,-7.04,0,0,0,0,0,0,0,0,0,0,0,no mains / natural or DC,0
0,0,0,500,-0.9828791161839656,-0.09515671254615925,-0.0009155552842799158,2.0742857142857143,-1.72,-7.04,0,0,0,0,0,0,0,0,0,0,0,no mains / natural or DC,0
0,0,0,510,-0.9947202978606525,-0.10260322885830256,-0.003906369212927641,3.2457142857142856,-1.5657142857142856,-7.422857142857143,0,0,0,0,0,0,0,0,0,0,0,no mains / natural or DC,0
0,0,0,520,-0.9947202978606525,-0.10260322885830256,-0.003906369212927641,3.2457142857142856,-1.5657142857142856,-7.422857142857143,0,0,0,0,0,0,0,0,0,0,0,no mains / natural or DC,0
0,0,0,530,-0.9924619281594287,-0.10608233893856624,-0.008850367748039186,4.051428571428572,-1.3885714285714286,-7.64,0,0,0,0,0,0,0,0,0,0,0,no mains / natural or DC,0
0,0,0,540,-0.9867854853968933,-0.10919522690511796,-0.011902218695638905,4.531428571428571,-1.1142857142857143,-7.731428571428571,0,0,0,0,0,0,0,0,0,0,0,no mains / natural or DC,0
0,0,0,550,-0.9867854853968933,-0.10919522690511796,-0.011902218695638905,4.531428571428571,-1.1142857142857143,-7.731428571428571,0,0,0,0,0,0,0,0,0,0,0,no mains / natural or DC,0
0,0,0,560,-0.9756157109286783,-0.11120944853053377,-0.014954069643238624,4.777142857142858,-0.6,-7.542857142857143,0,0,0,0,0,0,0,0,0,0,0,no mains / natural or DC,0
0,0,0,570,-0.9756157109286783,-0.11120944853053377,-0.014954069643238624,4.777142857142858,-0.6,-7.542857142857143,0,0,0,0,0,0,0,0,0,0,0,no mains / natural or DC,0
0,0,0,580,-0.9637134922330394,-0.1142002624591815,-0.01812799462874233,4.828571428571428,-0.2914285714285714,-7.102857142857143,0,0,0,0,0,0,0,0,0,0,0,no mains / natural or DC,0
0,0,0,590,-0.9637134922330394,-0.1142002624591815,-0.01812799462874233,4.828571428571428,-0.2914285714285714,-7.102857142857143,0,0,0,0,0,0,0,0,0,0,0,no mains / natural or DC,0
0,0,0,600,-0.9555955687124241,-0.11761833552049318,-0.019409772026734214,4.7371428571428575,-0.26285714285714284,-6.525714285714286,0,0,0,0,0,0,0,0,0,0,0,no mains / natural or DC,0
0,0,0,610,-0.9555955687124241,-0.11761833552049318,-0.019409772026734214,4.7371428571428575,-0.26285714285714284,-6.525714285714286,0,0,0,0,0,0,0,0,0,0,0,no mains / natural or DC,0
0,0,0,620,-0.9513840144047365,-0.11993774224066897,-0.02142399365215003,4.6,-0.56,-6.177142857142857,0,0,0,0,0,0,0,0,0,0,0,no mains / natural or DC,0
0,0,0,630,-0.9513840144047365,-0.11993774224066897,-0.02142399365215003,4.6,-0.56,-6.177142857142857,0,0,0,0,0,0,0,0,0,0,0,no mains / natural or DC,0
0,0,0,640,-0.9524826807458724,-0.12244026001770074,-0.0228278450880459,4.502857142857143,-1.0114285714285713,-6.3428571428571425,0,0,0,0,0,0,0,0,0,0,0,no mains / natural or DC,0
0,0,0,650,-0.9524826807458724,-0.12244026001770074,-0.0228278450880459,4.502857142857143,-1.0114285714285713,-6.3428571428571425,0,0,0,0,0,0,0,0,0,0,0,no mains / natural or DC,0
0,0,0,660,-0.9548631244850001,-0.12408825952940458,-0.024475844599749746,4.485714285714286,-1.4342857142857144,-7.057142857142857,0,0,0,0,0,0,0,0,0,0,0,no mains / natural or DC,0
0,0,0,670,-0.9548631244850001,-0.12408825952940458,-0.024475844599749746,4.56,-1.72,-7.777142857142858,0,0,0,0,0,0,0,0,0,0,0,no mains / natural or DC,0
0,0,0,680,-0.9607226783043916,-0.12549211096530044,-0.02423169652394177,4.56,-1.72,-7.777142857142858,0,0,0,0,0,0,0,0,0,0,0,no mains / natural or DC,0
0,0,0,690,-0.9649952696310312,-0.12878810998870815,-0.023743400372325814,4.685714285714286,-1.8057142857142856,-8.251428571428571,0,0,0,0,0,0,0,0,0,0,0,no mains / natural or DC,0
0,0,0,700,-0.9649952696310312,-0.12878810998870815,-0.023743400372325814,4.685714285714286,-1.8057142857142856,-8.251428571428571,0,0,0,0,0,0,0,0,0,0,0,no mains / natural or DC,0
0,0,0,710,-0.966704306161687,-0.13074129459517198,-0.02130191961424604,4.862857142857143,-1.8628571428571428,-8.52,0,0,0,0,0,0,0,0,0,0,0,no mains / natural or DC,0
0,0,0,720,-0.966704306161687,-0.13074129459517198,-0.02130191961424604,4.862857142857143,-1.8628571428571428,-8.52,0,0,0,0,0,0,0,0,0,0,0,no mains / natural or DC,0
0,0,0,730,-0.967741935483871,-0.1312906277657399,-0.019226660969878233,5.085714285714285,-1.8342857142857143,-8.605714285714285,0,0,0,0,0,0,0,0,0,0,0,no mains / natural or DC,0
0,0,0,740,-0.967741935483871,-0.1312906277657399,-0.019226660969878233,5.085714285714285,-1.8342857142857143,-8.605714285714285,0,0,0,0,0,0,0,0,0,0,0,no mains / natural or DC,0
0,0,0,750,-0.9701223792229987,-0.12939848017822808,-0.016357921079134495,5.434285714285714,-1.6057142857142856,-8.422857142857143,0,0,0,0,0,0,0,0,0,0,0,no mains / natural or DC,0
0,0,0,760,-0.9701223792229987,-0.12939848017822808,-0.016357921079134495,5.434285714285714,-1.6057142857142856,-8.422857142857143,0,0,0,0,0,0,0,0,0,0,0,no mains / natural or DC,0
0,0,0,770,-0.9671315652943511,-0.12762840662862027,-0.01434369945371868,5.994285714285715,-1.1542857142857144,-7.84,0,0,0,0,0,0,0,0,0,0,0,no mains / natural or DC,0
0,0,0,780,-0.9671315652943511,-0.12762840662862027,-0.01434369945371868,5.994285714285715,-1.1542857142857144,-7.84,0,0,0,0,0,0,0,0,0,0,0,no mains / natural or DC,0
0,0,0,790,-0.9621265297402875,-0.12421033356730857,-0.011597033600878933,6.7542857142857144,-0.6571428571428571,-7.022857142857143,0,0,0,0,0,0,0,0,0,0,0,no mains / natural or DC,0
0,0,0,800,-0.9621265297402875,-0.12421033356730857,-0.011597033600878933,6.7542857142857144,-0.6571428571428571,-6.034285714285715,0,0,0,0,0,0,0,0,0,0,0,no mains / natural or DC,0
0,0,0,810,-0.9618823816644795,-0.11554307687612538,-0.011230811487166967,7.731428571428571,-0.2,-6.034285714285715,0,0,0,0,0,0,0,0,0,0,0,no mains / natural or DC,0
0,0,0,820,-0.9608447523422956,-0.10364085818048646,-0.008789330729087191,9.04,0.3485714285714286,-4.862857142857143,0,0,0,0,0,0,0,0,0,0,0,no mains / natural or DC,0
0,0,0,830,-0.9608447523422956,-0.10364085818048646,-0.008789330729087191,9.04,0.3485714285714286,-4.862857142857143,0,0,0,0,0,0,0,0,0,0,0,no mains / natural or DC,0
0,0,0,840,-0.9527268288216804,-0.09375286111026337,-0.00445570238349559,10.605714285714285,0.8571428571428571,-3.4914285714285715,0,0,0,0,0,0,0,0,0,0,0,no mains / natural or DC,0
0,0,0,850,-0.9527268288216804,-0.09375286111026337,-0.00445570238349559,10.605714285714285,0.8571428571428571,-3.4914285714285715,0,0,0,0,0,0,0,0,0,0,0,no mains / natural or DC,0
0,0,0,860,-0.9532151249732963,-0.08288827173680838,-0.00018311105685598315,12.302857142857142,0.9428571428571428,-2.0114285714285716,0,0,0,0,0,0,0,0,0,0,0,no mains / natural or DC,0
0,0,0,870,-0.9532151249732963,-0.08288827173680838,-0.00018311105685598315,12.302857142857142,0.9428571428571428,-2.0114285714285716,0,0,0,0,0,0,0,0,0,0,0,no mains / natural or DC,0
0,0,0,880,-0.9579149754325998,-0.0738547929319132,0.006042664876247444,14.057142857142857,0.9542857142857143,-0.6057142857142858,0,0,0,0,0,0,0,0,0,0,0,no mains / natural or DC,0
0,0,0,890,-0.9579149754325998,-0.0738547929319132,0.006042664876247444,14.057142857142857,0.9542857142857143,-0.6057142857142858,0,0,0,0,0,0,0,0,0,0,0,no mains / natural or DC,0
0,0,0,900,-0.9693288979766228,-0.06250190740684225,0.01281777397991882,15.72,0.7085714285714285,0.6057142857142858,0,0,0,0,0,0,0,0,0,0,0,no mains / natural or DC,0
0,0,0,910,-0.9693288979766228,-0.06250190740684225,0.01281777397991882,15.72,0.7085714285714285,0.6057142857142858,0,0,0,0,0,0,0,0,0,0,0,no mains / natural or DC,0
0,0,0,920,-0.9870296334727012,-0.048402356028931545,0.019837031159398173,17.388571428571428,0.44,1.64,0,0,0,0,0,0,0,0,0,0,0,no mains / natural or DC,0
0,0,0,930,-0.9870296334727012,-0.048402356028931545,0.019837031159398173,17.388571428571428,0.44,1.64,0,0,0,0,0,0,0,0,0,0,0,no mains / natural or DC,0
0,0,0,940,-0.9873348185674612,-0.03570665608691671,0.022461622974333934,19.13142857142857,0.68,2.605714285714286,0,0,0,0,0,0,0,0,0,0,0,no mains / natural or DC,0
0,0,0,950,-0.9873348185674612,-0.02008117923520615,0.023133030182805873,20.942857142857143,1.1657142857142857,3.3485714285714288,0,0,0,0,0,0,0,0,0,0,0,no mains / natural or DC,0
0,0,0,960,-0.9911191137424848,-0.022522659993285926,0.023133030182805873,20.942857142857143,1.1657142857142857,3.3485714285714288,0,0,0,0,0,0,0,0,0,0,0,no mains / natural or DC,0
0,0,0,970,-0.9983214819788202,-0.013000885036774804,0.023316141239661855,22.84,2.0514285714285716,3.7885714285714287,0,0,0,0,0,0,0,0,0,0,0,no mains / natural or DC,0
0,0,0,980,-0.9983214819788202,-0.013000885036774804,0.023316141239661855,22.84,2.0514285714285716,3.7885714285714287,0,0,0,0,0,0,0,0,0,0,0,no mains / natural or DC,0
0,0,0,990,-0.9994811853389081,-0.010681478316599017,0.02423169652394177,24.62857142857143,2.9771428571428573,3.6342857142857143,0,0,0,0,0,0,0,0,0,0,0,no mains / natural or DC,0
0,0,1,0,-0.9994811853389081,-0.010681478316599017,0.02423169652394177,24.62857142857143,2.9771428571428573,3.6342857142857143,0,0,0,0,0,0,0,0,0,0,0,no mains / natural or DC,0
0,0,1,10,-0.9932554094058046,-0.01141392254402295,0.024719992675557724,26.205714285714286,3.657142857142857,2.6342857142857143,0,0,0,0,0,0,0,0,0,0,0,no mains / natural or DC,0
0,0,1,20,-0.9942930387279886,-0.005920590838343455,0.025696584978789634,27.605714285714285,3.8114285714285714,0.8914285714285715,0,0,0,0,0,0,0,0,0,0,0,no mains / natural or DC,0
0,0,1,30,-0.9942930387279886,-0.005920590838343455,0.025696584978789634,27.605714285714285,3.8114285714285714,0.8914285714285715,0,0,0,0,0,0,0,0,0,0,0,no mains / natural or DC,0
0,0,1,40,-0.9942930387279886,-0.005920590838343455,0.025696584978789634,27.605714285714285,3.8114285714285714,0.8914285714285715,0,0,0,0,0,0,0,0,0,0,0,no mains / natural or DC,0
0,0,1,50,-1.0133365886410108,0.0028077028717917417,0.02172917874691,29.18285714285714,3.6742857142857144,-0.9714285714285714,0,0,0,0,0,0,0,0,0,0,0,no mains / natural or DC,0
0,0,1,60,-1.0133365886410108,0.0028077028717917417,0.02172917874691,29.18285714285714,3.6742857142857144,-0.9714285714285714,0,0,0,0,0,0,0,0,0,0,0,no mains / natural or DC,0
0,0,1,70,-1.0190740684224981,0.015503402813806574,0.021912289803765986,31.2,3.742857142857143,-2.3485714285714288,0,0,0,0,0,0,0,0,0,0,0,no mains / natural or DC,0
0,0,1,80,-1.0190740684224981,0.015503402813806574,0.021912289803765986,33.41142857142857,4.24,-2.72,0,0,0,0,0,0,0,0,0,0,0,no mains / natural or DC,0
0,0,1,90,-0.9615161595507675,0.008239997558519242,0.01812799462874233,33.41142857142857,4.24,-2.72,0,0,0,0,0,0,0,0,0,0,0,no mains / natural or DC,0
0,0,1,100,-0.9512619403668325,0.019531846064638203,0.008606219672231208,35.61714285714286,3.5885714285714285,-2.7542857142857144,0,0,0,0,0,0,0,0,0,0,0,no mains / natural or DC,0
0,0,1,110,-0.9512619403668325,0.019531846064638203,0.008606219672231208,35.61714285714286,3.5885714285714285,-2.7542857142857144,0,0,0,0,0,0,0,0,0,0,0,no mains / natural or DC,0
0,0,1,120,-0.9506515701773125,0.032898953215124975,-0.0012207403790398877,38.46857142857143,4.017142857142857,-1.9885714285714287,0,0,0,0,0,0,0,0,0,0,0,no mains / natural or DC,0
0,0,1,130,-0.9506515701773125,0.032898953215124975,-0.0012207403790398877,38.46857142857143,4.017142857142857,-1.9885714285714287,0,0,0,0,0,0,0,0,0,0,0,no mains / natural or DC,0
0,0,1,140,-0.9476607562486649,0.042542802209540084,-0.005554368724631489,42.17142857142857,5.1257142857142854,-0.6514285714285715,0,0,0,0,0,0,0,0,0,0,0,no mains / natural or DC,0
0,0,1,150,-0.9476607562486649,0.042542802209540084,-0.005554368724631489,42.17142857142857,5.1257142857142854,-0.6514285714285715,0,0,0,0,0,0,0,0,0,0,0,no mains / natural or DC,0
0,0,1,160,-0.945951719718009,0.04492324594866787,-0.002075258644367809,46.38285714285714,6.451428571428571,0.9885714285714285,0,0,0,0,0,0,0,0,0,0,0,no mains / natural or DC,0
0,0,1,170,-0.945951719718009,0.04492324594866787,-0.002075258644367809,46.38285714285714,6.451428571428571,0.9885714285714285,0,0,0,0,0,0,0,0,0,0,0,no mains / natural or DC,0
0,0,1,180,-0.945646534623249,0.04309213538010803,0.003967406231879635,50.52,7.257142857142857,2.9885714285714284,0,0,0,0,0,0,0,0,0,0,0,no mains / natural or DC,0
0,0,1,190,-0.945646534623249,0.04309213538010803,0.003967406231879635,50.52,7.257142857142857,2.9885714285714284,0,0,0,0,0,0,0,0,0,0,0,no mains / natural or DC,0
0,0,1,200,-0.9433881649220253,0.033509323404644915,0.011780144657734916,53.885714285714286,7.331428571428572,5.3028571428571425,0,0,0,0,0,0,0,0,0,0,0,no mains / natural or DC,0
0,0,1,210,-0.9433881649220253,0.033509323404644915,0.011780144657734916,53.885714285714286,7.331428571428572,6.765714285714286,0,0,0,0,0,0,0,0,0,0,0,no mains / natural or DC,0
0,0,1,220,-0.9493087557603687,0.023743400372325814,0.015198217719046602,56.12,6.577142857142857,7.2628571428571425,0,0,0,0,0,0,0,0,0,0,0,no mains / natural or DC,0
0,0,1,230,-0.9668263801995911,0.016113773003326518,0.01770073549607837,57.23428571428571,5.491428571428571,8.28,0,0,0,0,0,0,0,0,0,0,0,no mains / natural or DC,0
0,0,1,240,-0.9668263801995911,0.016113773003326518,0.01770073549607837,57.23428571428571,5.491428571428571,8.28,0,0,0,0,0,0,0,0,0,0,0,no mains / natural or DC,0
0,0,1,250,-0.9783623767815179,0.012512588885158849,0.02075258644367809,57.34285714285714,4.88,8.382857142857143,0,0,0,0,0,0,0,0,0,0,0,no mains / natural or DC,0
0,0,1,260,-0.9783623767815179,0.012512588885158849,0.02075258644367809,57.34285714285714,4.88,8.382857142857143,0,0,0,0,0,0,0,0,0,0,0,no mains / natural or DC,0
0,0,1,270,-0.9747001556443984,0.00891140476699118,0.02044740134891812,56.57714285714286,4.525714285714286,7.7942857142857145,0,0,0,0,0,0,0,0,0,0,0,no mains / natural or DC,0
0,0,1,280,-0.9747001556443984,0.00891140476699118,0.02044740134891812,56.57714285714286,4.525714285714286,7.7942857142857145,0,0,0,0,0,0,0,0,0,0,0,no mains / natural or DC,0
0,0,1,290,-0.9699392681661427,0.01239051484725486,0.01947080904568621,55.331428571428575,3.8285714285714287,6.914285714285715,0,0,0,0,0,0,0,0,0,0,0,no mains / natural or DC,0
0,0,1,300,-0.9699392681661427,0.01239051484725486,0.01947080904568621,55.331428571428575,3.8285714285714287,6.914285714285715,0,0,0,0,0,0,0,0,0,0,0,no mains / natural or DC,0
0,0,1,310,-0.9630420850245675,0.008056886501663259,0.0184942167424543,53.77142857142857,3.3771428571428572,6.137142857142857,0,0,0,0,0,0,0,0,0,0,0,no mains / natural or DC,0
0,0,1,320,-0.9630420850245675,0.008056886501663259,0.0184942167424543,53.77142857142857,3.3771428571428572,6.137142857142857,0,0,0,0,0,0,0,0,0,0,0,no mains / natural or DC,0
0,0,1,330,-0.9615771965697195,0.008423108615375225,0.01654103213599048,51.605714285714285,2.9371428571428573,5.388571428571429,0,0,0,0,0,0,0,0,0,0,0,no mains / natural or DC,0
0,0,1,340,-0.9615771965697195,0.008423108615375225,0.01654103213599048,51.605714285714285,2.9371428571428573,5.388571428571429,0,0,0,0,0,0,0,0,0,0,0,no mains / natural or DC,0
0,0,1,350,-0.9549241615039521,0.012695699942014832,0.011719107638782922,48.925714285714285,2.6914285714285713,5.097142857142857,0,0,0,0,0,0,0,0,0,0,0,no mains / natural or DC,0
0,0,1,360,-0.9549241615039521,0.012695699942014832,0.011719107638782922,46.05142857142857,2.5485714285714285,5.102857142857143,0,0,0,0,0,0,0,0,0,0,0,no mains / natural or DC,0
0,0,1,370,-0.9385052034058656,0.01654103213599048,0.008850367748039186,46.05142857142857,2.5485714285714285,5.102857142857143,0,0,0,0,0,0,0,0,0,0,0,no mains / natural or DC,0
0,0,1,380,-0.9369792779320658,0.020569475386822106,0.005066072573015534,43.21142857142857,2.2342857142857144,4.9714285714285715,0,0,0,0,0,0,0,0,0,0,0,no mains / natural or DC,0
0,0,1,390,-0.9369792779320658,0.020569475386822106,0.005066072573015534,43.21142857142857,2.2342857142857144,4.9714285714285715,0,0,0,0,0,0,0,0,0,0,0,no mains / natural or DC,0
0,0,1,400,-0.9527878658406324,0.029602954191717275,0.0023194067201757866,40.6,2.2057142857142855,4.3028571428571425,0,0,0,0,0,0,0,0,0,0,0,no mains / natural or DC,0
0,0,1,410,-0.9527878658406324,0.029602954191717275,0.0023194067201757866,40.6,2.2057142857142855,4.3028571428571425,0,0,0,0,0,0,0,0,0,0,0,no mains / natural or DC,0
0,0,1,420,-0.9825739310892057,0.04602191228980376,-0.002685628833887753,38.40571428571428,2.4285714285714284,3.4,0,0,0,0,0,0,0,0,0,0,0,no mains / natural or DC,0
0,0,1,430,-0.9825739310892057,0.04602191228980376,-0.002685628833887753,38.40571428571428,2.4285714285714284,3.4,0,0,0,0,0,0,0,0,0,0,0,no mains / natural or DC,0
0,0,1,440,-0.9930112613299966,0.05920590838343455,-0.0032349620044557024,36.925714285714285,3.165714285714286,2.605714285714286,0,0,0,0,0,0,0,0,0,0,0,no mains / natural or DC,0
0,0,1,450,-0.9930112613299966,0.05920590838343455,-0.0032349620044557024,36.925714285714285,3.165714285714286,2.605714285714286,0,0,0,0,0,0,0,0,0,0,0,no mains / natural or DC,0
0,0,1,460,-0.9939878536332285,0.06451612903225806,-0.003906369212927641,36.04,3.7657142857142856,2.4457142857142857,0,0,0,0,0,0,0,0,0,0,0,no mains / natural or DC,0
0,0,1,470,-0.9939878536332285,0.06451612903225806,-0.003906369212927641,36.04,3.7657142857142856,2.4457142857142857,0,0,0,0,0,0,0,0,0,0,0,no mains / natural or DC,0
0,0,1,480,-1.0028992584002197,0.06585894344920194,-0.006042664876247444,35.542857142857144,3.8,2.222857142857143,0,0,0,0,0,0,0,0,0,0,0,no mains / natural or DC,0
0,0,1,490,-1.0028992584002197,0.06585894344920194,-0.006042664876247444,35.542857142857144,3.84,1.7257142857142858,0,0,0,0,0,0,0,0,0,0,0,no mains / natural or DC,0
0,0,1,500,-1.0044251838740197,0.06567583239234595,-0.001586962492751854,35.72,3.84,1.7257142857142858,0,0,0,0,0,0,0,0,0,0,0,no mains / natural or DC,0
0,0,1,510,-1.085970641193884,0.06958220160527359,-0.02362132633442183,37.23428571428571,3.222857142857143,1.16,0,0,0,0,0,0,0,0,0,0,0,no mains / natural or DC,0
0,0,1,520,-1.085970641193884,0.06958220160527359,-0.02362132633442183,37.23428571428571,3.222857142857143,1.16,0,0,0,0,0,0,0,0,0,0,0,no mains / natural or DC,0
0,0,1,530,-1.423871578112125,0.14856410412915433,-0.02575762199774163,41.23428571428571,2.7485714285714287,0.7885714285714286,0,0,0,0,0,0,0,0,0,0,0,no mains / natural or DC,0
0,0,1,540,-1.423871578112125,0.14856410412915433,-0.02575762199774163,41.23428571428571,2.7485714285714287,0.7885714285714286,0,0,0,0,0,0,0,0,0,0,0,no mains / natural or DC,0
0,0,1,550,-1.2756126590777306,0.03601184118167669,0.05664235358745079,45.565714285714286,12.462857142857143,2.434285714285714,0,0,0,0,0,0,0,0,0,0,0,no mains / natural or DC,0
0,0,1,560,-1.2756126590777306,0.03601184118167669,0.05664235358745079,45.565714285714286,12.462857142857143,2.434285714285714,0,0,0,0,0,0,0,0,0,0,0,no mains / natural or DC,0
0,0,1,570,-1.1653187658314768,-0.007263405255287332,0.042909024323252054,48.222857142857144,14.022857142857143,2.2285714285714286,0,0,0,0,0,0,0,0,0,0,0,no mains / natural or DC,0
0,0,1,580,-1.1653187658314768,-0.007263405255287332,0.042909024323252054,48.222857142857144,14.022857142857143,2.2285714285714286,0,0,0,0,0,0,0,0,0,0,0,no mains / natural or DC,0
0,0,1,590,-1.1894283883175145,-0.05829035309915464,0.08313241981261635,50.95428571428572,7.577142857142857,-2.48,0,0,0,0,0,0,0,0,0,0,0,no mains / natural or DC,0
0,0,1,600,-1.1894283883175145,-0.05829035309915464,0.08313241981261635,50.95428571428572,7.577142857142857,-2.48,0,0,0,0,0,0,0,0,0,0,0,no mains / natural or DC,0
0,0,1,610,-1.1224707785271768,-0.11877803888058107,0.12231818597979674,55.0,5.171428571428572,-9.788571428571428,0,0,0,0,0,0,0,0,0,0,0,no mains / natural or DC,0
0,0,1,620,-1.1224707785271768,-0.11877803888058107,0.12231818597979674,55.0,5.171428571428572,-9.788571428571428,0,0,0,0,0,0,0,0,0,0,0,no mains / natural or DC,0
0,0,1,630,-1.0307321390423292,-0.1759086886196478,0.16492202520828883,60.582857142857144,1.9028571428571428,-17.754285714285714,0,0,0,0,0,0,0,0,0,0,0,no mains / natural or DC,0
0,0,1,640,-1.0307321390423292,-0.21161534470656454,0.19806512649922178,67.62285714285714,0.49142857142857144,-21.44,0,0,0,0,0,0,0,0,0,0,0,no mains / natural or DC,0
0,0,1,650,-1.0036927396465956,-0.21161534470656454,0.19806512649922178,67.62285714285714,0.49142857142857144,-21.44,0,0,0,0,0,0,0,0,0,0,0,no mains / natural or DC,0
0,0,1,660,-0.9840998565630055,-0.260383922849208,0.21887874996185186,73.93142857142857,4.045714285714285,-18.245714285714286,0,0,0,0,0,0,0,0,0,0,0,no mains / natural or DC,0
0,0,1,670,-0.9840998565630055,-0.260383922849208,0.21887874996185186,73.93142857142857,4.045714285714285,-18.245714285714286,0,0,0,0,0,0,0,0,0,0,0,no mains / natural or DC,0
0,0,1,680,-0.9435102389599292,-0.2918790246284371,0.21491134372997223,78.44,8.885714285714286,-10.834285714285715,0,0,0,0,0,0,0,0,0,0,0,no mains / natural or DC,0
0,0,1,690,-0.9435102389599292,-0.2918790246284371,0.21491134372997223,78.44,8.885714285714286,-10.834285714285715,0,0,0,0,0,0,0,0,0,0,0,no mains / natural or DC,0
0,0,1,700,-0.9546189764091921,-0.30561235389263586,0.1892147587511826,81.97714285714285,12.971428571428572,-2.902857142857143,0,0,0,0,0,0,0,0,0,0,0,no mains / natural or DC,0
0,0,1,710,-0.9546189764091921,-0.30561235389263586,0.1892147587511826,81.97714285714285,12.971428571428572,-2.902857142857143,0,0,0,0,0,0,0,0,0,0,0,no mains / natural or DC,0
0,0,1,720,-0.9332560197759942,-0.3465071565904721,0.1564989165929136,84.13714285714286,18.222857142857144,3.68,0,0,0,0,0,0,0,0,0,0,0,no mains / natural or DC,0
0,0,1,730,-0.9332560197759942,-0.3465071565904721,0.1564989165929136,84.13714285714286,18.222857142857144,3.68,0,0,0,0,0,0,0,0,0,0,0,no mains / natural or DC,0
0,0,1,740,-0.9367961668752098,-0.3674428540910062,0.09521774956511124,83.68571428571428,20.742857142857144,7.8914285714285715,0,0,0,0,0,0,0,0,0,0,0,no mains / natural or DC,0
0,0,1,750,-0.9367961668752098,-0.3674428540910062,0.09521774956511124,83.68571428571428,20.742857142857144,7.8914285714285715,0,0,0,0,0,0,0,0,0,0,0,no mains / natural or DC,0
0,0,1,760,-0.9316690572832422,-0.37202063051240575,0.043336283455916016,81.17142857142858,20.70285714285714,10.32,0,0,0,0,0,0,0,0,0,0,0,no mains / natural or DC,0
0,0,1,770,-0.9316690572832422,-0.37202063051240575,0.043336283455916016,76.88571428571429,18.794285714285714,12.348571428571429,0,0,0,0,0,0,0,0,0,0,0,no mains / natural or DC,0
0,0,1,780,-0.8971831415753655,-0.3790398876918851,-0.008423108615375225,76.88571428571429,18.794285714285714,12.348571428571429,0,0,0,0,0,0,0,0,0,0,0,no mains / natural or DC,0
0,0,1,790,-0.8871120334482864,-0.35364848780785546,-0.04718161564989166,70.92,14.102857142857143,14.205714285714286,0,0,0,0,0,0,0,0,0,0,0,no mains / natural or DC,0
0,0,1,800,-0.8871120334482864,-0.35364848780785546,-0.04718161564989166,70.92,14.102857142857143,14.205714285714286,0,0,0,0,0,0,0,0,0,0,0,no mains / natural or DC,0
0,0,1,810,-0.9032258064516129,-0.2868739890743736,-0.07788323618274484,64.64571428571429,10.422857142857143,16.285714285714285,0,0,0,0,0,0,0,0,0,0,0,no mains / natural or DC,0
0,0,1,820,-0.9032258064516129,-0.2868739890743736,-0.07788323618274484,64.64571428571429,10.422857142857143,16.285714285714285,0,0,0,0,0,0,0,0,0,0,0,no mains / natural or DC,0
0,0,1,830,-0.9047517319254128,-0.2153996398815882,-0.10602130191961424,59.83428571428571,9.474285714285715,18.565714285714286,0,0,0,0,0,0,0,0,0,0,0,no mains / natural or DC,0
0,0,1,840,-0.9047517319254128,-0.2153996398815882,-0.10602130191961424,59.83428571428571,9.474285714285715,18.565714285714286,0,0,0,0,0,0,0,0,0,0,0,no mains / natural or DC,0
0,0,1,850,-0.8849757377849666,-0.16809595019379253,-0.13647877437665945,56.925714285714285,10.485714285714286,20.194285714285716,0,0,0,0,0,0,0,0,0,0,0,no mains / natural or DC,0
0,0,1,860,-0.8849757377849666,-0.16809595019379253,-0.13647877437665945,56.925714285714285,10.485714285714286,20.194285714285716,0,0,0,0,0,0,0,0,0,0,0,no mains / natural or DC,0
0,0,1,870,-0.8763084810937833,-0.12445448164311655,-0.17773979918820765,55.57142857142857,11.325714285714286,21.102857142857143,0,0,0,0,0,0,0,0,0,0,0,no mains / natural or DC,0
0,0,1,880,-0.8763084810937833,-0.12445448164311655,-0.17773979918820765,55.57142857142857,11.325714285714286,21.102857142857143,0,0,0,0,0,0,0,0,0,0,0,no mains / natural or DC,0
0,0,1,890,-0.8447523422956023,-0.11902218695638905,-0.20471816156498918,55.26857142857143,11.965714285714286,21.56,0,0,0,0,0,0,0,0,0,0,0,no mains / natural or DC,0
0,0,1,900,-0.8447523422956023,-0.11902218695638905,-0.20471816156498918,55.26857142857143,11.965714285714286,21.445714285714285,0,0,0,0,0,0,0,0,0,0,0,no mains / natural or DC,0
0,0,1,910,-0.8109378337961974,-0.12134159367656483,-0.22998748741111485,54.8,11.028571428571428,21.445714285714285,0,0,0,0,0,0,0,0,0,0,0,no mains / natural or DC,0
0,0,1,920,-0.814233832819605,-0.12152470473342082,-0.24536881618701742,53.714285714285715,8.754285714285714,21.034285714285716,0,0,0,0,0,0,0,0,0,0,0,no mains / natural or DC,0
0,0,1,930,-0.814233832819605,-0.12152470473342082,-0.24536881618701742,53.714285714285715,8.754285714285714,21.034285714285716,0,0,0,0,0,0,0,0,0,0,0,no mains / natural or DC,0
0,0,1,940,-0.8289437543870357,-0.12860499893185218,-0.25165562913907286,51.97714285714286,7.1657142857142855,20.085714285714285,0,0,0,0,0,0,0,0,0,0,0,no mains / natural or DC,0
0,0,1,950,-0.8289437543870357,-0.12860499893185218,-0.25165562913907286,51.97714285714286,7.1657142857142855,20.085714285714285,0,0,0,0,0,0,0,0,0,0,0,no mains / natural or DC,0
0,0,1,960,-0.8423108615375225,-0.14648884548478652,-0.2507400738547929,49.05714285714286,5.594285714285714,18.514285714285716,0,0,0,0,0,0,0,0,0,0,0,no mains / natural or DC,0
0,0,1,970,-0.8423108615375225,-0.14648884548478652,-0.2507400738547929,49.05714285714286,5.594285714285714,18.514285714285716,0,0,0,0,0,0,0,0,0,0,0,no mains / natural or DC,0
0,0,1,980,-0.8622089297158727,-0.15558336130863368,-0.24738303781243323,44.78285714285714,3.8857142857142857,16.53142857142857,0,0,0,0,0,0,0,0,0,0,0,no mains / natural or DC,0
0,0,1,990,-0.8622089297158727,-0.15558336130863368,-0.24738303781243323,44.78285714285714,3.8857142857142857,16.53142857142857,0,0,0,0,0,0,0,0,0,0,0,no mains / natural or DC,0
0,0,2,0,-0.8966948454237496,-0.1486861781670583,-0.24073000274666584,39.674285714285716,2.1485714285714286,14.342857142857143,0,0,0,0,0,0,0,0,0,0,0,no mains / natural or DC,0
0,0,2,10,-0.8966948454237496,-0.1486861781670583,-0.24073000274666584,39.674285714285716,2.1485714285714286,14.342857142857143,0,0,0,0,0,0,0,0,0,0,0,no mains / natural or DC,0
0,0,2,20,-0.9300820947904904,-0.12421033356730857,-0.23889889217810603,34.94285714285714,0.8,12.234285714285715,0,0,0,0,0,0,0,0,0,0,0,no mains / natural or DC,0
0,0,2,30,-0.9300820947904904,-0.12421033356730857,-0.23889889217810603,34.94285714285714,0.8,12.234285714285715,0,0,0,0,0,0,0,0,0,0,0,no mains / natural or DC,0
0,0,2,40,-0.9508346812341685,-0.11548203985717337,-0.23529770805993835,31.068571428571428,-0.49714285714285716,10.08,0,0,0,0,0,0,0,0,0,0,0,no mains / natural or DC,0
0,0,2,50,-0.9648121585741752,-0.11066011535996582,-0.23456526383251441,27.731428571428573,-1.7314285714285713,7.851428571428571,0,0,0,0,0,0,0,0,0,0,0,no mains / natural or DC,0
0,0,2,60,-0.9648121585741752,-0.11066011535996582,-0.23456526383251441,27.731428571428573,-1.7314285714285713,7.851428571428571,0,0,0,0,0,0,0,0,0,0,0,no mains / natural or DC,0
0,0,2,70,-0.9633472701193274,-0.10290841395306254,-0.23621326334421827,25.01142857142857,-2.394285714285714,5.748571428571428,0,0,0,0,0,0,0,0,0,0,0,no mains / natural or DC,0
0,0,2,80,-0.9633472701193274,-0.10290841395306254,-0.23621326334421827,25.01142857142857,-2.394285714285714,5.748571428571428,0,0,0,0,0,0,0,0,0,0,0,no mains / natural or DC,0
0,0,2,90,-0.9580980864894558,-0.0879543443098239,-0.24079103976561786,23.005714285714287,-2.565714285714286,4.811428571428571,0,0,0,0,0,0,0,0,0,0,0,no mains / natural or DC,0
0,0,2,100,-0.9580980864894558,-0.0879543443098239,-0.24079103976561786,23.005714285714287,-2.565714285714286,4.811428571428571,0,0,0,0,0,0,0,0,0,0,0,no mains / natural or DC,0
0,0,2,110,-0.9447920163579211,-0.07782219916379284,-0.24805444502090518,21.69142857142857,-2.422857142857143,5.28,0,0,0,0,0,0,0,0,0,0,0,no mains / natural or DC,0
0,0,2,120,-0.9447920163579211,-0.07782219916379284,-0.24805444502090518,21.69142857142857,-2.422857142857143,5.28,0,0,0,0,0,0,0,0,0,0,0,no mains / natural or DC,0
0,0,2,130,-0.9389934995574816,-0.06280709250160223,-0.25299844355601675,21.10857142857143,-2.28,6.445714285714286,0,0,0,0,0,0,0,0,0,0,0,no mains / natural or DC,0
0,0,2,140,-0.9389934995574816,-0.06280709250160223,-0.25299844355601675,21.10857142857143,-2.28,6.445714285714286,0,0,0,0,0,0,0,0,0,0,0,no mains / natural or DC,0
0,0,2,150,-0.9387493514816736,-0.04205450605792413,-0.2641682180242317,21.28,-1.9714285714285715,8.01142857142857,0,0,0,0,0,0,0,0,0,0,0,no mains / natural or DC,0
0,0,2,160,-0.9387493514816736,-0.04205450605792413,-0.2641682180242317,21.28,-1.9714285714285715,8.01142857142857,0,0,0,0,0,0,0,0,0,0,0,no mains / natural or DC,0
0,0,2,170,-0.9469283120212408,-0.026490066225165563,-0.2688070314645833,22.01142857142857,-2.0114285714285716,9.782857142857143,0,0,0,0,0,0,0,0,0,0,0,no mains / natural or DC,0
0,0,2,180,-0.9469283120212408,-0.026490066225165563,-0.2688070314645833,22.01142857142857,-2.32,10.531428571428572,0,0,0,0,0,0,0,0,0,0,0,no mains / natural or DC,0
0,0,2,190,-0.9405804620502335,-0.031189916684469132,-0.27002777184362314,22.794285714285714,-2.32,10.531428571428572,0,0,0,0,0,0,0,0,0,0,0,no mains / natural or DC,0
0,0,2,200,-0.9640186773277993,-0.03210547196874905,-0.26239814447462384,23.13142857142857,-3.737142857142857,9.17142857142857,0,0,0,0,0,0,0,0,0,0,0,no mains / natural or DC,0
0,0,2,210,-0.9640186773277993,-0.03210547196874905,-0.26239814447462384,23.13142857142857,-3.737142857142857,9.17142857142857,0,0,0,0,0,0,0,0,0,0,0,no mains / natural or DC,0
0,0,2,220,-0.9649342326120792,-0.044495986816003905,-0.2402417065950499,22.931428571428572,-4.72,6.742857142857143,0,0,0,0,0,0,0,0,0,0,0,no mains / natural or DC,0
0,0,2,230,-0.9649342326120792,-0.044495986816003905,-0.2402417065950499,22.931428571428572,-4.72,6.742857142857143,0,0,0,0,0,0,0,0,0,0,0,no mains / natural or DC,0
0,0,2,240,-0.9447920163579211,-0.04522843104342784,-0.2139957884456923,21.771428571428572,-5.76,4.451428571428571,0,0,0,0,0,0,0,0,0,0,0,no mains / natural or DC,0
0,0,2,250,-0.9447920163579211,-0.04522843104342784,-0.2139957884456923,21.771428571428572,-5.76,4.451428571428571,0,0,0,0,0,0,0,0,0,0,0,no mains / natural or DC,0
0,0,2,260,-0.9335612048707541,-0.02618488113040559,-0.17578661458174383,20.28,-6.714285714285714,2.5885714285714285,0,0,0,0,0,0,0,0,0,0,0,no mains / natural or DC,0
0,0,2,270,-0.9335612048707541,-0.02618488113040559,-0.17578661458174383,20.28,-6.714285714285714,2.5885714285714285,0,0,0,0,0,0,0,0,0,0,0,no mains / natural or DC,0
0,0,2,280,-0.912076174199652,0.004577776421399579,-0.12512588885158848,19.474285714285713,-6.988571428571428,0.9428571428571428,0,0,0,0,0,0,0,0,0,0,0,no mains / natural or DC,0
0,0,2,290,-0.912076174199652,0.004577776421399579,-0.12512588885158848,19.474285714285713,-6.988571428571428,0.9428571428571428,0,0,0,0,0,0,0,0,0,0,0,no mains / natural or DC,0
0,0,2,300,-0.9518112735374005,0.04187139500106815,-0.09729300820947905,20.17142857142857,-7.462857142857143,-1.3485714285714285,0,0,0,0,0,0,0,0,0,0,0,no mains / natural or DC,0
0,0,2,310,-0.9518112735374005,0.04187139500106815,-0.09729300820947905,20.17142857142857,-7.462857142857143,-1.3485714285714285,0,0,0,0,0,0,0,0,0,0,0,no mains / natural or DC,0
0,0,2,320,-1.5345927304910427,0.21576586199530015,-0.1393475142674032,24.514285714285716,-6.84,-5.405714285714286,0,0,0,0,0,0,0,0,0,0,0,no mains / natural or DC,0
0,0,2,330,-1.0033265175328836,-0.01599169896542253,-0.031189916684469132,29.02857142857143,6.502857142857143,-11.097142857142858,0,0,0,0,0,0,0,0,0,0,0,no mains / natural or DC,0
0,0,2,340,-1.0032654805139316,-0.01599169896542253,-0.031189916684469132,29.02857142857143,6.502857142857143,-11.097142857142858,0,0,0,0,0,0,0,0,0,0,0,no mains / natural or DC,0
0,0,2,350,-1.0202337717825862,0.0956450086977752,-0.10657063509018219,30.17142857142857,0.84,-14.428571428571429,0,0,0,0,0,0,0,0,0,0,0,no mains / natural or DC,0
0,0,2,360,-1.0202337717825862,0.0956450086977752,-0.10657063509018219,30.17142857142857,0.84,-14.428571428571429,0,0,0,0,0,0,0,0,0,0,0,no mains / natural or DC,0
0,0,2,370,-1.1569566942350535,0.04229865413373211,-0.006164738914151433,30.662857142857142,-4.668571428571428,-15.72,0,0,0,0,0,0,0,0,0,0,0,no mains / natural or DC,0
0,0,2,380,-1.1569566942350535,0.04229865413373211,-0.006164738914151433,30.662857142857142,-4.668571428571428,-15.72,0,0,0,0,0,0,0,0,0,0,0,no mains / natural or DC,0
0,0,2,390,-1.1590319528794213,0.0674459059419538,0.002868739890743736,31.262857142857143,1.4857142857142858,-15.817142857142857,0,0,0,0,0,0,0,0,0,0,0,no mains / natural or DC,0
0,0,2,400,-1.1590319528794213,0.0674459059419538,0.002868739890743736,31.262857142857143,1.4857142857142858,-15.817142857142857,0,0,0,0,0,0,0,0,0,0,0,no mains / natural or DC,0
0,0,2,410,-1.0166325876644184,0.001281777397991882,0.033814508499404886,30.92,1.542857142857143,-16.617142857142856,0,0,0,0,0,0,0,0,0,0,0,no mains / natural or DC,0
0,0,2,420,-1.0166325876644184,0.001281777397991882,0.033814508499404886,30.92,1.542857142857143,-16.617142857142856,0,0,0,0,0,0,0,0,0,0,0,no mains / natural or DC,0
0,0,2,430,-1.0680867946409498,-6.103701895199438e-05,0.05011139255958739,29.48,-3.2342857142857144,-16.102857142857143,0,0,0,0,0,0,0,0,0,0,0,no mains / natural or DC,0
0,0,2,440,-1.0680867946409498,-6.103701895199438e-05,0.05011139255958739,29.48,-3.2342857142857144,-16.102857142857143,0,0,0,0,0,0,0,0,0,0,0,no mains / natural or DC,0
0,0,2,450,-1.0947599719229713,0.004943998535111545,0.038697470015564436,28.611428571428572,-0.4742857142857143,-12.422857142857143,0,0,0,0,0,0,0,0,0,0,0,no mains / natural or DC,0
0,0,2,460,-1.0947599719229713,0.004943998535111545,0.038697470015564436,27.82857142857143,2.8685714285714288,-7.822857142857143,0,0,0,0,0,0,0,0,0,0,0,no mains / natural or DC,0
0,0,2,470,-1.075655384990997,-0.009521774956511124,0.02227851191747795,27.82857142857143,2.8685714285714288,-7.822857142857143,0,0,0,0,0,0,0,0,0,0,0,no mains / natural or DC,0
0,0,2,480,-1.0289620654927214,-0.024109622486037784,0.01239051484725486,26.548571428571428,3.474285714285714,-3.177142857142857,0,0,0,0,0,0,0,0,0,0,0,no mains / natural or DC,0
0,0,2,490,-1.0289620654927214,-0.024109622486037784,0.01239051484725486,26.548571428571428,3.474285714285714,-3.177142857142857,0,0,0,0,0,0,0,0,0,0,0,no mains / natural or DC,0
0,0,2,500,-1.000030518509476,-0.03637806329538865,-0.0018311105685598315,24.588571428571427,2.52,0.6971428571428572,0,0,0,0,0,0,0,0,0,0,0,no mains / natural or DC,0
0,0,2,510,-1.000030518509476,-0.03637806329538865,-0.0018311105685598315,24.588571428571427,2.52,0.6971428571428572,0,0,0,0,0,0,0,0,0,0,0,no mains / natural or DC,0
0,0,2,520,-0.9361247596667379,-0.048097170934171575,-0.004089480269783624,22.13714285714286,1.262857142857143,2.9771428571428573,0,0,0,0,0,0,0,0,0,0,0,no mains / natural or DC,0
0,0,2,530,-0.9361247596667379,-0.048097170934171575,-0.004089480269783624,22.13714285714286,1.262857142857143,2.9771428571428573,0,0,0,0,0,0,0,0,0,0,0,no mains / natural or DC,0
0,0,2,540,-0.8796044801171911,-0.05487228003784295,-0.016785180211798457,19.325714285714287,-0.32571428571428573,4.045714285714285,0,0,0,0,0,0,0,0,0,0,0,no mains / natural or DC,0
0,0,2,550,-0.8796044801171911,-0.05487228003784295,-0.016785180211798457,19.325714285714287,-0.32571428571428573,4.045714285714285,0,0,0,0,0,0,0,0,0,0,0,no mains / natural or DC,0
0,0,2,560,-0.8644062623981444,-0.06646931363872188,-0.027344584490493484,16.074285714285715,-1.6228571428571428,3.9657142857142857,0,0,0,0,0,0,0,0,0,0,0,no mains / natural or DC,0
0,0,2,570,-0.8644062623981444,-0.06646931363872188,-0.027344584490493484,16.074285714285715,-1.6228571428571428,3.9657142857142857,0,0,0,0,0,0,0,0,0,0,0,no mains / natural or DC,0
0,0,2,580,-0.8675191503646962,-0.07837153233436078,-0.04474013489181188,12.222857142857142,-0.8171428571428572,3.1942857142857144,0,0,0,0,0,0,0,0,0,0,0,no mains / natural or DC,0
0,0,2,590,-0.8675191503646962,-0.07837153233436078,-0.04474013489181188,12.222857142857142,0.6457142857142857,1.8971428571428572,0,0,0,0,0,0,0,0,0,0,0,no mains / natural or DC,0
0,0,2,600,-0.8659321878719444,-0.10046693319498276,-0.06604205450605792,7.331428571428572,0.7314285714285714,1.8971428571428572,0,0,0,0,0,0,0,0,0,0,0,no mains / natural or DC,0
0,0,2,610,-0.8553117465742973,-0.12329477828302865,-0.08606219672231208,1.3085714285714285,1.8057142857142856,0.38857142857142857,0,0,0,0,0,0,0,0,0,0,0,no mains / natural or DC,0
0,0,2,620,-0.8553117465742973,-0.12329477828302865,-0.08606219672231208,1.3085714285714285,1.8057142857142856,0.38857142857142857,0,0,0,0,0,0,0,0,0,0,0,no mains / natural or DC,0
0,0,2,630,-0.8604388561662648,-0.13617358928189946,-0.1054109317300943,-5.64,2.52,-0.9028571428571428,0,0,0,0,0,0,0,0,0,0,0,no mains / natural or DC,0
0,0,2,640,-0.8604388561662648,-0.13617358928189946,-0.1054109317300943,-5.64,2.52,-0.9028571428571428,0,0,0,0,0,0,0,0,0,0,0,no mains / natural or DC,0
0,0,2,650,-0.8755760368663594,-0.1400189214758751,-0.1336710715048677,-13.182857142857143,3.5885714285714285,-1.5542857142857143,0,0,0,0,0,0,0,0,0,0,0,no mains / natural or DC,0
0,0,2,660,-0.8755760368663594,-0.1400189214758751,-0.1336710715048677,-13.182857142857143,3.5885714285714285,-1.5542857142857143,0,0,0,0,0,0,0,0,0,0,0,no mains / natural or DC,0
0,0,2,670,-0.8901638843958861,-0.14490188299203466,-0.15582750938444168,-21.18857142857143,4.005714285714285,-1.8342857142857143,0,0,0,0,0,0,0,0,0,0,0,no mains / natural or DC,0
0,0,2,680,-0.8901638843958861,-0.14490188299203466,-0.15582750938444168,-21.18857142857143,4.005714285714285,-1.8342857142857143,0,0,0,0,0,0,0,0,0,0,0,no mains / natural or DC,0
0,0,2,690,-0.8870509964293344,-0.16003906369212928,-0.1791436506241035,-29.8,3.5142857142857142,-1.8514285714285714,0,0,0,0,0,0,0,0,0,0,0,no mains / natural or DC,0
0,0,2,700,-0.8870509964293344,-0.16003906369212928,-0.1791436506241035,-29.8,3.5142857142857142,-1.8514285714285714,0,0,0,0,0,0,0,0,0,0,0,no mains / natural or DC,0
0,0,2,710,-0.87008270516068,-0.19623401593066195,-0.19592883083590198,-40.0,1.0914285714285714,-1.6,0,0,0,0,0,0,0,0,0,0,0,no mains / natural or DC,0
0,0,2,720,-0.87008270516068,-0.19623401593066195,-0.19592883083590198,-40.0,1.0914285714285714,-1.6,0,0,0,0,0,0,0,0,0,0,0,no mains / natural or DC,0
0,0,2,730,-0.858851893673513,-0.21680349131748405,-0.20508438367870113,-52.62285714285714,-3.4514285714285715,-1.0171428571428571,0,0,0,0,0,0,0,0,0,0,0,no mains / natural or DC,0
0,0,2,740,-0.858851893673513,-0.21680349131748405,-0.20294808801538133,-66.63428571428571,-8.64,-0.17714285714285713,0,0,0,0,0,0,0,0,0,0,0,no mains / natural or DC,0
0,0,2,750,-0.8769798883022553,-0.21478926969206824,-0.20294808801538133,-66.63428571428571,-8.64,-0.17714285714285713,0,0,0,0,0,0,0,0,0,0,0,no mains / natural or DC,0
0,0,2,760,-0.8763084810937833,-0.1989806817835017,-0.1945249794000061,-81.17714285714285,-12.371428571428572,0.45714285714285713,0,0,0,0,0,0,0,0,0,0,0,no mains / natural or DC,0
0,0,2,770,-0.8763084810937833,-0.1989806817835017,-0.1945249794000061,-81.17714285714285,-12.371428571428572,0.45714285714285713,0,0,0,0,0,0,0,0,0,0,0,no mains / natural or DC,0
0,0,2,780,-0.880336924344615,-0.13232825708792384,-0.185064241462447,-94.82285714285715,-16.68,-0.19428571428571428,0,0,0,0,0,0,0,0,0,0,0,no mains / natural or DC,0
0,0,2,790,-0.880336924344615,-0.13232825708792384,-0.185064241462447,-94.82285714285715,-16.68,-0.19428571428571428,0,0,0,0,0,0,0,0,0,0,0,no mains / natural or DC,0
0,0,2,800,-0.8807641834772789,-0.06079287087618641,-0.16766869106112858,-105.57714285714286,-20.34857142857143,-2.1314285714285712,0,0,0,0,0,0,0,0,0,0,0,no mains / natural or DC,0
0,0,2,810,-0.8807641834772789,-0.06079287087618641,-0.16766869106112858,-105.57714285714286,-20.34857142857143,-2.1314285714285712,0,0,0,0,0,0,0,0,0,0,0,no mains / natural or DC,0
0,0,2,820,-0.8720358897671437,-0.01043733024079104,-0.14362010559404279,-113.65714285714286,-23.525714285714287,-5.411428571428571,0,0,0,0,0,0,0,0,0,0,0,no mains / natural or DC,0
0,0,2,830,-0.8720358897671437,-0.01043733024079104,-0.14362010559404279,-113.65714285714286,-23.525714285714287,-5.411428571428571,0,0,0,0,0,0,0,0,0,0,0,no mains / natural or DC,0
0,0,2,840,-0.8861354411450545,0.054933317056794946,-0.12689596240119633,-119.62285714285714,-27.53142857142857,-9.222857142857142,0,0,0,0,0,0,0,0,0,0,0,no mains / natural or DC,0
0,0,2,850,-0.8861354411450545,0.054933317056794946,-0.12689596240119633,-119.62285714285714,-27.53142857142857,-9.222857142857142,0,0,0,0,0,0,0,0,0,0,0,no mains / natural or DC,0
0,0,2,860,-0.8962065492721335,0.11163670766319773,-0.11542100283822138,-122.25714285714285,-30.37142857142857,-13.137142857142857,0,0,0,0,0,0,0,0,0,0,0,no mains / natural or DC,0
0,0,2,870,-0.8962065492721335,0.11163670766319773,-0.11542100283822138,-121.48,-31.748571428571427,-18.12,0,0,0,0,0,0,0,0,0,0,0,no mains / natural or DC,0
0,0,2,880,-0.9093905453657644,0.13446455275124364,-0.11102633747367778,-121.48,-31.748571428571427,-18.12,0,0,0,0,0,0,0,0,0,0,0,no mains / natural or DC,0
0,0,2,890,-0.9192175054170354,0.13446455275124364,-0.10687582018494217,-118.90285714285714,-32.26857142857143,-24.005714285714287,0,0,0,0,0,0,0,0,0,0,0,no mains / natural or DC,0
0,0,2,900,-0.9192175054170354,0.13446455275124364,-0.10687582018494217,-118.90285714285714,-32.26857142857143,-24.005714285714287,0,0,0,0,0,0,0,0,0,0,0,no mains / natural or DC,0
0,0,2,910,-0.9314249092074343,0.13672292245246742,-0.10455641346476638,-115.18285714285715,-32.74285714285714,-29.708571428571428,0,0,0,0,0,0,0,0,0,0,0,no mains / natural or DC,0
0,0,2,920,-0.9314249092074343,0.13672292245246742,-0.10455641346476638,-115.18285714285715,-32.74285714285714,-29.708571428571428,0,0,0,0,0,0,0,0,0,0,0,no mains / natural or DC,0
0,0,2,930,-0.9366740928373058,0.13538010803552356,-0.09906308175908689,-110.62857142857143,-32.8,-33.94285714285714,0,0,0,0,0,0,0,0,0,0,0,no mains / natural or DC,0
0,0,2,940,-0.9366740928373058,0.13538010803552356,-0.09906308175908689,-110.62857142857143,-32.8,-33.94285714285714,0,0,0,0,0,0,0,0,0,0,0,no mains / natural or DC,0
0,0,2,950,-0.9408246101260415,0.13214514603106783,-0.0913113803521836,-105.62285714285714,-33.31428571428572,-36.308571428571426,0,0,0,0,0,0,0,0,0,0,0,no mains / natural or DC,0
0,0,2,960,-0.9408246101260415,0.13214514603106783,-0.0913113803521836,-105.62285714285714,-33.31428571428572,-36.308571428571426,0,0,0,0,0,0,0,0,0,0,0,no mains / natural or DC,0
0,0,2,970,-0.9405804620502335,0.11529892880031739,-0.0836817529831843,-99.94857142857143,-33.69714285714286,-37.10285714285714,0,0,0,0,0,0,0,0,0,0,0,no mains / natural or DC,0
0,0,2,980,-0.9405804620502335,0.11529892880031739,-0.0836817529831843,-99.94857142857143,-33.69714285714286,-37.10285714285714,0,0,0,0,0,0,0,0,0,0,0,no mains / natural or DC,0
0,0,2,990,-0.9510788293099764,0.09198278756065553,-0.06244087038789026,-93.51428571428572,-34.308571428571426,-36.95428571428572,0,0,0,0,0,0,0,0,0,0,0,no mains / natural or DC,0
0,0,3,0,-0.9510788293099764,0.09198278756065553,-0.06244087038789026,-93.51428571428572,-34.308571428571426,-36.95428571428572,0,0,0,0,0,0,0,0,0,0,0,no mains / natural or DC,0
0,0,3,10,-0.9428998687704092,0.04559465315713981,-0.026001770073549608,-86.80571428571429,-34.54857142857143,-35.61714285714286,0,0,0,0,0,0,0,0,0,0,0,no mains / natural or DC,0
0,0,3,20,-0.9441816461684012,-0.024719992675557724,0.027466658528397473,-80.89142857142858,-35.47428571428571,-32.85142857142857,0,0,0,0,0,0,0,0,0,0,0,no mains / natural or DC,0
0,0,3,30,-0.9441816461684012,-0.024719992675557724,0.027466658528397473,-80.89142857142858,-35.47428571428571,-32.85142857142857,0,0,0,0,0,0,0,0,0,0,0,no mains / natural or DC,0
0,0,3,40,-0.9762260811181982,-0.08209479049043245,0.0826441236610004,-76.52571428571429,-36.26285714285714,-26.714285714285715,0,0,0,0,0,0,0,0,0,0,0,no mains / natural or DC,0
0,0,3,50,-0.9762260811181982,-0.08209479049043245,0.0826441236610004,-76.52571428571429,-36.26285714285714,-26.714285714285715,0,0,0,0,0,0,0,0,0,0,0,no mains / natural or DC,0
0,0,3,60,-1.2733542893765069,-0.12903225806451613,-0.0038453321939756462,-72.77142857142857,-32.69714285714286,-16.388571428571428,0,0,0,0,0,0,0,0,0,0,0,no mains / natural or DC,0
0,0,3,70,-1.2733542893765069,-0.12903225806451613,-0.0038453321939756462,-72.77142857142857,-32.69714285714286,-16.388571428571428,0,0,0,0,0,0,0,0,0,0,0,no mains / natural or DC,0
0,0,3,80,-1.7039094210638752,-0.10846278267769402,0.22266304513687551,-68.62285714285714,-22.6,-9.24,0,0,0,0,0,0,0,0,0,0,0,no mains / natural or DC,0
0,0,3,90,-1.7039094210638752,-0.10846278267769402,0.22266304513687551,-68.62285714285714,-22.6,-9.24,0,0,0,0,0,0,0,0,0,0,0,no mains / natural or DC,0
0,0,3,100,-1.067293313394574,-0.4045533616138188,0.3203833124790185,-69.32,-10.491428571428571,-0.8971428571428571,0,0,0,0,0,0,0,0,0,0,0,no mains / natural or DC,0
0,0,3,110,-1.067293313394574,-0.4045533616138188,0.3203833124790185,-69.32,-10.491428571428571,-0.8971428571428571,0,0,0,0,0,0,0,0,0,0,0,no mains / natural or DC,0
0,0,3,120,-0.9572435682241279,-0.3759880367442854,0.22101504562517166,-72.90857142857143,-17.805714285714284,5.417142857142857,0,0,0,0,0,0,0,0,0,0,0,no mains / natural or DC,0
0,0,3,130,-0.9572435682241279,-0.3759880367442854,0.22101504562517166,-72.90857142857143,-17.805714285714284,5.417142857142857,0,0,0,0,0,0,0,0,0,0,0,no mains / natural or DC,0
0,0,3,140,-1.0722373119296853,-0.5254676961577197,0.3318582720419935,-76.84571428571428,-33.645714285714284,4.222857142857142,0,0,0,0,0,0,0,0,0,0,0,no mains / natural or DC,0
0,0,3,150,-1.0722373119296853,-0.5254676961577197,0.3318582720419935,-80.24,-34.37714285714286,1.3485714285714285,0,0,0,0,0,0,0,0,0,0,0,no mains / natural or DC,0
0,0,3,160,-1.06381420331431,-0.47791985839411605,0.3191015350810266,-80.24,-34.37714285714286,1.3485714285714285,0,0,0,0,0,0,0,0,0,0,0,no mains / natural or DC,0
0,0,3,170,-1.108737449262978,-0.42439039277321694,0.27271340067751093,-80.46285714285715,-34.40571428571428,0.2,0,0,0,0,0,0,0,0,0,0,0,no mains / natural or DC,0
0,0,3,180,-1.108737449262978,-0.42439039277321694,0.27271340067751093,-80.46285714285715,-34.40571428571428,0.2,0,0,0,0,0,0,0,0,0,0,0,no mains / natural or DC,0
0,0,3,190,-1.1368144779808955,-0.3736686300241096,0.271675771355327,-77.26285714285714,-31.428571428571427,1.542857142857143,0,0,0,0,0,0,0,0,0,0,0,no mains / natural or DC,0
0,0,3,200,-1.1368144779808955,-0.3736686300241096,0.271675771355327,-77.26285714285714,-31.428571428571427,1.542857142857143,0,0,0,0,0,0,0,0,0,0,0,no mains / natural or DC,0
0,0,3,210,-0.9828791161839656,-0.380748924222541,0.24378185369426558,-73.41142857142857,-24.02285714285714,6.765714285714286,0,0,0,0,0,0,0,0,0,0,0,no mains / natural or DC,0
0,0,3,220,-0.9828791161839656,-0.380748924222541,0.24378185369426558,-73.41142857142857,-24.02285714285714,6.765714285714286,0,0,0,0,0,0,0,0,0,0,0,no mains / natural or DC,0
0,0,3,230,-1.0182195501571703,-0.3645130771813105,0.2347483748893704,-70.44571428571429,-23.13714285714286,11.48,0,0,0,0,0,0,0,0,0,0,0,no mains / natural or DC,0
0,0,3,240,-1.0182195501571703,-0.3645130771813105,0.2347483748893704,-70.44571428571429,-23.13714285714286,11.48,0,0,0,0,0,0,0,0,0,0,0,no mains / natural or DC,0
0,0,3,250,-0.9770195623645741,-0.37018951994384597,0.22974333933530686,-68.18857142857142,-19.554285714285715,14.674285714285714,0,0,0,0,0,0,0,0,0,0,0,no mains / natural or DC,0
0,0,3,260,-0.9770195623645741,-0.37018951994384597,0.22974333933530686,-68.18857142857142,-19.554285714285715,14.674285714285714,0,0,0,0,0,0,0,0,0,0,0,no mains / natural or DC,0
0,0,3,270,-0.9383831293679616,-0.3305154576250496,0.21375164036988434,-66.82285714285715,-17.542857142857144,16.411428571428573,0,0,0,0,0,0,0,0,0,0,0,no mains / natural or DC,0
0,0,3,280,-0.9383831293679616,-0.3305154576250496,0.21375164036988434,-66.82285714285715,-14.617142857142857,19.37142857142857,0,0,0,0,0,0,0,0,0,0,0,no mains / natural or DC,0
0,0,3,290,-0.881069368572039,-0.28247932370983003,0.1892757957701346,-65.00571428571429,-14.605714285714285,19.37142857142857,0,0,0,0,0,0,0,0,0,0,0,no mains / natural or DC,0
0,0,3,300,-0.8538468581194495,-0.22370067445905942,0.1605883968626972,-62.48,-11.834285714285715,23.097142857142856,0,0,0,0,0,0,0,0,0,0,0,no mains / natural or DC,0
0,0,3,310,-0.8538468581194495,-0.22370067445905942,0.1605883968626972,-62.48,-11.834285714285715,23.097142857142856,0,0,0,0,0,0,0,0,0,0,0,no mains / natural or DC,0
0,0,3,320,-0.826197088534196,-0.1825006866664632,0.1479537339396344,-59.502857142857145,-8.822857142857142,26.737142857142857,0,0,0,0,0,0,0,0,0,0,0,no mains / natural or DC,0
0,0,3,330,-0.826197088534196,-0.1825006866664632,0.1479537339396344,-59.502857142857145,-8.822857142857142,26.737142857142857,0,0,0,0,0,0,0,0,0,0,0,no mains / natural or DC,0
0,0,3,340,-0.8107547227393415,-0.12860499893185218,0.12353892635883663,-56.70285714285714,-5.531428571428571,29.931428571428572,0,0,0,0,0,0,0,0,0,0,0,no mains / natural or DC,0
0,0,3,350,-0.8107547227393415,-0.12860499893185218,0.12353892635883663,-56.70285714285714,-5.531428571428571,29.931428571428572,0,0,0,0,0,0,0,0,0,0,0,no mains / natural or DC,0
0,0,3,360,-0.814477980895413,-0.07007049775688956,0.10119937742240669,-53.97714285714286,-2.874285714285714,32.417142857142856,0,0,0,0,0,0,0,0,0,0,0,no mains / natural or DC,0
0,0,3,370,-0.814477980895413,-0.07007049775688956,0.10119937742240669,-53.97714285714286,-2.874285714285714,32.417142857142856,0,0,0,0,0,0,0,0,0,0,0,no mains / natural or DC,0
0,0,3,380,-0.8114871669667654,-0.01867732779931028,0.08630634479812006,-50.90857142857143,-0.3028571428571429,34.182857142857145,0,0,0,0,0,0,0,0,0,0,0,no mains / natural or DC,0
0,0,3,390,-0.8114871669667654,-0.01867732779931028,0.08630634479812006,-50.90857142857143,-0.3028571428571429,34.182857142857145,0,0,0,0,0,0,0,0,0,0,0,no mains / natural or DC,0
0,0,3,400,-0.8073976866969818,0.027954954680013428,0.0673848689230018,-47.542857142857144,2.005714285714286,35.462857142857146,0,0,0,0,0,0,0,0,0,0,0,no mains / natural or DC,0
0,0,3,410,-0.8073976866969818,0.027954954680013428,0.0673848689230018,-47.542857142857144,2.005714285714286,35.462857142857146,0,0,0,0,0,0,0,0,0,0,0,no mains / natural or DC,0
0,0,3,420,-0.8113650929288614,0.06256294442579424,0.05066072573015534,-44.04571428571428,3.1142857142857143,36.011428571428574,0,0,0,0,0,0,0,0,0,0,0,no mains / natural or DC,0
0,0,3,430,-0.8113650929288614,0.0781884212775048,0.03442487868892483,-40.565714285714286,3.0628571428571427,35.4,0,0,0,0,0,0,0,0,0,0,0,no mains / natural or DC,0
0,0,3,440,-0.8273567918942839,0.09210486159855953,0.03442487868892483,-40.565714285714286,3.0628571428571427,35.4,0,0,0,0,0,0,0,0,0,0,0,no mains / natural or DC,0
0,0,3,450,-0.8406628620258186,0.1152378917813654,0.01977599414044618,-36.97142857142857,2.611428571428571,33.66285714285714,0,0,0,0,0,0,0,0,0,0,0,no mains / natural or DC,0
0,0,3,460,-0.8406628620258186,0.1152378917813654,0.01977599414044618,-36.97142857142857,2.611428571428571,33.66285714285714,0,0,0,0,0,0,0,0,0,0,0,no mains / natural or DC,0
0,0,3,470,-0.8694112979522081,0.14203314310129092,0.008239997558519242,-33.18857142857143,1.5542857142857143,30.462857142857143,0,0,0,0,0,0,0,0,0,0,0,no mains / natural or DC,0
0,0,3,480,-0.8694112979522081,0.14203314310129092,0.008239997558519242,-33.18857142857143,1.5542857142857143,30.462857142857143,0,0,0,0,0,0,0,0,0,0,0,no mains / natural or DC,0
0,0,3,490,-0.9161656544694358,0.16785180211798456,0.0003662221137119663,-28.97714285714286,0.7142857142857143,25.902857142857144,0,0,0,0,0,0,0,0,0,0,0,no mains / natural or DC,0
0,0,3,500,-0.9161656544694358,0.16785180211798456,0.0003662221137119663,-28.97714285714286,0.7142857142857143,25.902857142857144,0,0,0,0,0,0,0,0,0,0,0,no mains / natural or DC,0
0,0,3,510,-0.9431440168462172,0.1890926847132786,-0.009033478804895169,-24.354285714285716,0.35428571428571426,20.44,0,0,0,0,0,0,0,0,0,0,0,no mains / natural or DC,0
0,0,3,520,-0.9431440168462172,0.1890926847132786,-0.009033478804895169,-24.354285714285716,0.35428571428571426,20.44,0,0,0,0,0,0,0,0,0,0,0,no mains / natural or DC,0
0,0,3,530,-0.9515671254615925,0.19415875728629414,-0.01977599414044618,-19.542857142857144,-0.18285714285714286,14.537142857142857,0,0,0,0,0,0,0,0,0,0,0,no mains / natural or DC,0
0,0,3,540,-0.9515671254615925,0.19415875728629414,-0.01977599414044618,-19.542857142857144,-0.18285714285714286,14.537142857142857,0,0,0,0,0,0,0,0,0,0,0,no mains / natural or DC,0
0,0,3,550,-0.9543748283333842,0.19501327555162207,-0.02728354747154149,-14.8,-0.8285714285714286,8.925714285714285,0,0,0,0,0,0,0,0,0,0,0,no mains / natural or DC,0
0,0,3,560,-0.9543748283333842,0.19501327555162207,-0.02728354747154149,-10.302857142857142,-1.24,4.0685714285714285,0,0,0,0,0,0,0,0,0,0,0,no mains / natural or DC,0
0,0,3,570,-0.9480269783623768,0.18659016693624683,-0.035462508011108736,-10.302857142857142,-1.24,4.0685714285714285,0,0,0,0,0,0,0,0,0,0,0,no mains / natural or DC,0
0,0,3,580,-0.9643238624225593,0.18237861262855923,-0.04144413586840419,-6.217142857142857,-2.0171428571428573,0.2,0,0,0,0,0,0,0,0,0,0,0,no mains / natural or DC,0
0,0,3,590,-0.9643238624225593,0.18237861262855923,-0.04144413586840419,-6.217142857142857,-2.0171428571428573,0.2,0,0,0,0,0,0,0,0,0,0,0,no mains / natural or DC,0
0,0,3,600,-0.9549851985229041,0.17011017181920834,-0.0446180608539079,-2.857142857142857,-2.422857142857143,-2.3257142857142856,0,0,0,0,0,0,0,0,0,0,0,no mains / natural or DC,0
0,0,3,610,-0.9549851985229041,0.17011017181920834,-0.0446180608539079,-2.857142857142857,-2.422857142857143,-2.3257142857142856,0,0,0,0,0,0,0,0,0,0,0,no mains / natural or DC,0
0,0,3,620,-0.9516891994994965,0.15918454542680135,-0.04858546708578753,-0.5257142857142857,-3.4514285714285715,-3.4514285714285715,0,0,0,0,0,0,0,0,0,0,0,no mains / natural or DC,0
0,0,3,630,-0.9516891994994965,0.15918454542680135,-0.04858546708578753,-0.5257142857142857,-3.4514285714285715,-3.4514285714285715,0,0,0,0,0,0,0,0,0,0,0,no mains / natural or DC,0
0,0,3,640,-0.9439374980925932,0.15063936277352213,-0.05182042909024323,0.8514285714285714,-4.171428571428572,-3.217142857142857,0,0,0,0,0,0,0,0,0,0,0,no mains / natural or DC,0
0,0,3,650,-0.9439374980925932,0.15063936277352213,-0.05182042909024323,0.8514285714285714,-4.171428571428572,-3.217142857142857,0,0,0,0,0,0,0,0,0,0,0,no mains / natural or DC,0
0,0,3,660,-0.9117709891048921,0.14221625415814693,-0.04986724448377941,1.7542857142857142,-4.3028571428571425,-2.302857142857143,0,0,0,0,0,0,0,0,0,0,0,no mains / natural or DC,0
0,0,3,670,-0.9117709891048921,0.14221625415814693,-0.04986724448377941,1.7542857142857142,-4.3028571428571425,-2.302857142857143,0,0,0,0,0,0,0,0,0,0,0,no mains / natural or DC,0
0,0,3,680,-0.8966948454237496,0.12726218451490828,-0.03888058107242042,2.434285714285714,-4.64,-1.4857142857142858,0,0,0,0,0,0,0,0,0,0,0,no mains / natural or DC,0
0,0,3,690,-0.8966948454237496,0.12726218451490828,-0.03888058107242042,2.434285714285714,-4.64,-1.4857142857142858,0,0,0,0,0,0,0,0,0,0,0,no mains / natural or DC,0
0,0,3,700,-0.9931943723868526,0.11828974272896511,-0.034546952726828825,2.7657142857142856,-5.88,-2.04,0,0,0,0,0,0,0,0,0,0,0,no mains / natural or DC,0
0,0,3,710,-1.6817529831843012,0.2445142979216895,0.00933866389965514,3.742857142857143,-9.154285714285715,-1.0971428571428572,0,0,0,0,0,0,0,0,0,0,0,no mains / natural or DC,0
0,0,3,720,-1.6817529831843012,0.2445142979216895,0.00933866389965514,3.742857142857143,-9.154285714285715,-1.0971428571428572,0,0,0,0,0,0,0,0,0,0,0,no mains / natural or DC,0
0,0,3,730,-1.2254402294991913,0.040040284432508316,0.12561418500320445,4.628571428571429,-3.76,-9.897142857142857,0,0,0,0,0,0,0,0,0,0,0,no mains / natural or DC,0
0,0,3,740,-1.2254402294991913,0.040040284432508316,0.12561418500320445,4.628571428571429,-3.76,-9.897142857142857,0,0,0,0,0,0,0,0,0,0,0,no mains / natural or DC,0
0,0,3,750,-0.9762871181371502,-0.0424207281716361,0.1400189214758751,4.514285714285714,-5.817142857142857,-22.302857142857142,0,0,0,0,0,0,0,0,0,0,0,no mains / natural or DC,0
0,0,3,760,-0.9762871181371502,-0.0424207281716361,0.1400189214758751,4.514285714285714,-5.817142857142857,-22.302857142857142,0,0,0,0,0,0,0,0,0,0,0,no mains / natural or DC,0
0,0,3,770,-0.9353923154393139,-0.24854274117252112,0.293343913083285,2.88,-17.674285714285713,-36.034285714285716,0,0,0,0,0,0,0,0,0,0,0,no mains / natural or DC,0
0,0,3,780,-0.9353923154393139,-0.24854274117252112,0.293343913083285,2.88,-17.674285714285713,-36.034285714285716,0,0,0,0,0,0,0,0,0,0,0,no mains / natural or DC,0
0,0,3,790,-1.0619830927457503,-0.3248390148625141,0.34046449171422466,-0.76,-24.08,-44.137142857142855,0,0,0,0,0,0,0,0,0,0,0,no mains / natural or DC,0
0,0,3,800,-1.0619830927457503,-0.3248390148625141,0.34046449171422466,-0.76,-24.08,-44.137142857142855,0,0,0,0,0,0,0,0,0,0,0,no mains / natural or DC,0
0,0,3,810,-1.2848292489394817,-0.33832819605090486,0.37336344492934964,-4.462857142857143,-24.994285714285713,-41.51428571428571,0,0,0,0,0,0,0,0,0,0,0,no mains / natural or DC,0
0,0,3,820,-1.2848292489394817,-0.33832819605090486,0.37336344492934964,-4.462857142857143,-24.994285714285713,-41.51428571428571,0,0,0,0,0,0,0,0,0,0,0,no mains / natural or DC,0
0,0,3,830,-1.2127445295571764,-0.39851069673757133,0.4226813562425611,-6.914285714285715,-15.205714285714286,-31.737142857142857,0,0,0,0,0,0,0,0,0,0,0,no mains / natural or DC,0
0,0,3,840,-1.2127445295571764,-0.39851069673757133,0.39143040253913997,-7.84,-4.2,-19.005714285714287,0,0,0,0,0,0,0,0,0,0,0,no mains / natural or DC,0
0,0,3,850,-1.1373638111514635,-0.3835566270943327,0.39484847560045166,-7.84,-4.2,-19.005714285714287,0,0,0,0,0,0,0,0,0,0,0,no mains / natural or DC,0
0,0,3,860,-1.119541001617481,-0.3427838984344005,0.3784295175023652,-7.8742857142857146,1.7942857142857143,-6.977142857142857,0,0,0,0,0,0,0,0,0,0,0,no mains / natural or DC,0
0,0,3,870,-1.119541001617481,-0.3427838984344005,0.3784295175023652,-7.8742857142857146,1.7942857142857143,-6.977142857142857,0,0,0,0,0,0,0,0,0,0,0,no mains / natural or DC,0
0,0,3,880,-1.0339671010467848,-0.2955412457655568,0.3350321970274972,-7.348571428571429,7.868571428571428,3.394285714285714,0,0,0,0,0,0,0,0,0,0,0,no mains / natural or DC,0
0,0,3,890,-1.0339671010467848,-0.2955412457655568,0.3350321970274972,-7.348571428571429,7.868571428571428,3.394285714285714,0,0,0,0,0,0,0,0,0,0,0,no mains / natural or DC,0
0,0,3,900,-0.9610889004181036,-0.2412793359172338,0.28437147129734186,-6.577142857142857,11.228571428571428,10.88,0,0,0,0,0,0,0,0,0,0,0,no mains / natural or DC,0
0,0,3,910,-0.9610889004181036,-0.2412793359172338,0.28437147129734186,-6.577142857142857,11.228571428571428,10.88,0,0,0,0,0,0,0,0,0,0,0,no mains / natural or DC,0
0,0,3,920,-0.8996856593523972,-0.1780449842829676,0.23065889461958677,-5.502857142857143,14.428571428571429,16.417142857142856,0,0,0,0,0,0,0,0,0,0,0,no mains / natural or DC,0
0,0,3,930,-0.8996856593523972,-0.1780449842829676,0.23065889461958677,-5.502857142857143,14.428571428571429,16.417142857142856,0,0,0,0,0,0,0,0,0,0,0,no mains / natural or DC,0
0,0,3,940,-0.8490249336222419,-0.11255226294747764,0.1771294289986877,-4.291428571428572,17.165714285714287,20.97142857142857,0,0,0,0,0,0,0,0,0,0,0,no mains / natural or DC,0
0,0,3,950,-0.8490249336222419,-0.11255226294747764,0.1771294289986877,-4.291428571428572,17.165714285714287,20.97142857142857,0,0,0,0,0,0,0,0,0,0,0,no mains / natural or DC,0
0,0,3,960,-0.8066652424695577,-0.06750694296090579,0.13287759025849177,-2.7085714285714286,18.925714285714285,23.777142857142856,0,0,0,0,0,0,0,0,0,0,0,no mains / natural or DC,0
0,0,3,970,-0.8066652424695577,-0.06750694296090579,0.13287759025849177,-2.7085714285714286,19.94857142857143,24.554285714285715,0,0,0,0,0,0,0,0,0,0,0,no mains / natural or DC,0
0,0,3,980,-0.7918332468642232,-0.03247169408246101,0.09802545243690299,-0.9371428571428572,19.94857142857143,24.554285714285715,0,0,0,0,0,0,0,0,0,0,0,no mains / natural or DC,0
0,0,3,990,-0.7801751762443923,-0.002685628833887753,0.07013153477584155,0.7314285714285714,20.588571428571427,23.731428571428573,0,0,0,0,0,0,0,0,0,0,0,no mains / natural or DC,0
0,0,4,0,-0.7801751762443923,-0.002685628833887753,0.07013153477584155,0.7314285714285714,20.588571428571427,23.731428571428573,0,0,0,0,0,0,0,0,0,0,0,no mains / natural or DC,0
0,0,4,10,-0.7618640705587939,0.021607104709006012,0.050050355540635395,2.2114285714285713,20.82857142857143,22.068571428571428,0,0,0,0,0,0,0,0,0,0,0,no mains / natural or DC,0
0,0,4,20,-0.7618640705587939,0.021607104709006012,0.050050355540635395,2.2114285714285713,20.82857142857143,22.068571428571428,0,0,0,0,0,0,0,0,0,0,0,no mains / natural or DC,0
0,0,4,30,-0.7296365245521409,0.040955839716788234,0.03363139744254891,3.2857142857142856,19.885714285714286,20.34285714285714,0,0,0,0,0,0,0,0,0,0,0,no mains / natural or DC,0
0,0,4,40,-0.7296365245521409,0.040955839716788234,0.03363139744254891,3.2857142857142856,19.885714285714286,20.34285714285714,0,0,0,0,0,0,0,0,0,0,0,no mains / natural or DC,0
0,0,4,50,-0.7259132663960692,0.060731833857234414,0.01586962492751854,4.005714285714285,17.474285714285713,18.89142857142857,0,0,0,0,0,0,0,0,0,0,0,no mains / natural or DC,0
0,0,4,60,-0.7259132663960692,0.060731833857234414,0.01586962492751854,4.005714285714285,17.474285714285713,18.89142857142857,0,0,0,0,0,0,0,0,0,0,0,no mains / natural or DC,0
0,0,4,70,-0.7965330973235267,0.0879543443098239,0.005371257667775506,4.422857142857143,14.325714285714286,17.82857142857143,0,0,0,0,0,0,0,0,0,0,0,no mains / natural or DC,0
0,0,4,80,-0.8307138279366436,0.0967436750389111,-0.003357036042359691,4.605714285714286,12.56,16.754285714285714,0,0,0,0,0,0,0,0,0,0,0,no mains / natural or DC,0
0,0,4,90,-0.8307138279366436,0.0967436750389111,-0.003357036042359691,4.605714285714286,12.56,16.754285714285714,0,0,0,0,0,0,0,0,0,0,0,no mains / natural or DC,0
0,0,4,100,-0.8307138279366436,0.0967436750389111,-0.003357036042359691,4.605714285714286,12.56,16.754285714285714,0,0,0,0,0,0,0,0,0,0,0,no mains / natural or DC,0
0,0,4,110,-0.8436536759544664,0.10138248847926268,-0.006714072084719382,4.405714285714286,10.811428571428571,14.548571428571428,0,0,0,0,0,0,0,0,0,0,0,no mains / natural or DC,0
0,0,4,120,-0.8436536759544664,0.11023285622730186,-0.007568590350047304,3.702857142857143,8.691428571428572,12.045714285714286,0,0,0,0,0,0,0,0,0,0,0,no mains / natural or DC,0
0,0,4,130,-0.880520035401471,0.11023285622730186,-0.007568590350047304,3.702857142857143,8.691428571428572,12.045714285714286,0,0,0,0,0,0,0,0,0,0,0,no mains / natural or DC,0
0,0,4,140,-0.924527726065859,0.11444441053498947,-0.0004272591326639607,2.4285714285714284,6.645714285714286,9.714285714285714,0,0,0,0,0,0,0,0,0,0,0,no mains / natural or DC,0
0,0,4,150,-0.924527726065859,0.11444441053498947,-0.0004272591326639607,2.4285714285714284,6.645714285714286,9.714285714285714,0,0,0,0,0,0,0,0,0,0,0,no mains / natural or DC,0
0,0,4,160,-0.945341349528489,0.11932737205114902,0.008667256691183203,0.5314285714285715,4.72,7.554285714285714,0,0,0,0,0,0,0,0,0,0,0,no mains / natural or DC,0
0,0,4,170,-0.945341349528489,0.11932737205114902,0.008667256691183203,0.5314285714285715,4.72,7.554285714285714,0,0,0,0,0,0,0,0,0,0,0,no mains / natural or DC,0
0,0,4,180,-0.9551683095797602,0.1206091494491409,0.01947080904568621,-1.9428571428571428,2.7942857142857145,6.011428571428572,0,0,0,0,0,0,0,0,0,0,0,no mains / natural or DC,0
0,0,4,190,-0.9551683095797602,0.1206091494491409,0.01947080904568621,-1.9428571428571428,2.7942857142857145,6.011428571428572,0,0,0,0,0,0,0,0,0,0,0,no mains / natural or DC,0
0,0,4,200,-0.9648121585741752,0.1284829248939482,0.030945768608661155,-4.708571428571428,1.0342857142857143,5.44,0,0,0,0,0,0,0,0,0,0,0,no mains / natural or DC,0
0,0,4,210,-0.9648121585741752,0.1284829248939482,0.030945768608661155,-4.708571428571428,1.0342857142857143,5.44,0,0,0,0,0,0,0,0,0,0,0,no mains / natural or DC,0
0,0,4,220,-0.9496139408551286,0.13147373882259591,0.039979247413556324,-7.428571428571429,-0.09142857142857143,5.634285714285714,0,0,0,0,0,0,0,0,0,0,0,no mains / natural or DC,0
0,0,4,230,-0.9496139408551286,0.13147373882259591,0.039979247413556324,-7.428571428571429,-0.09142857142857143,5.634285714285714,0,0,0,0,0,0,0,0,0,0,0,no mains / natural or DC,0
0,0,4,240,-0.9486983855708487,0.14294869838557084,0.04632709738456374,-9.88,-0.96,6.354285714285714,0,0,0,0,0,0,0,0,0,0,0,no mains / natural or DC,0
0,0,4,250,-0.9486983855708487,0.14294869838557084,0.04632709738456374,-12.062857142857142,-1.502857142857143,7.862857142857143,0,0,0,0,0,0,0,0,0,0,0,no mains / natural or DC,0
0,0,4,260,-0.9286782433545946,0.14154484694967498,0.05529953917050691,-12.062857142857142,-1.502857142857143,7.862857142857143,0,0,0,0,0,0,0,0,0,0,0,no mains / natural or DC,0
0,0,4,270,-0.8962065492721335,0.12756736960966827,0.06146427808465835,-14.462857142857143,-2.942857142857143,9.17142857142857,0,0,0,0,0,0,0,0,0,0,0,no mains / natural or DC,0
0,0,4,280,-0.8962065492721335,0.12756736960966827,0.06146427808465835,-14.462857142857143,-2.942857142857143,9.17142857142857,0,0,0,0,0,0,0,0,0,0,0,no mains / natural or DC,0
0,0,4,290,-0.8728293710135197,0.1142002624591815,0.062379833368938264,-17.085714285714285,-5.04,9.662857142857144,0,0,0,0,0,0,0,0,0,0,0,no mains / natural or DC,0
0,0,4,300,-0.8728293710135197,0.1142002624591815,0.062379833368938264,-17.085714285714285,-5.04,9.662857142857144,0,0,0,0,0,0,0,0,0,0,0,no mains / natural or DC,0
0,0,4,310,-1.380413220618305,0.19061861018707846,0.05407879879146703,-19.222857142857144,-9.285714285714286,10.057142857142857,0,0,0,0,0,0,0,0,0,0,0,no mains / natural or DC,0
0,0,4,320,-1.380413220618305,0.19061861018707846,0.05407879879146703,-19.222857142857144,-9.285714285714286,10.057142857142857,0,0,0,0,0,0,0,0,0,0,0,no mains / natural or DC,0
0,0,4,330,-1.237708670308542,0.15936765648365733,0.09015167699209571,-21.771428571428572,-8.611428571428572,9.925714285714285,0,0,0,0,0,0,0,0,0,0,0,no mains / natural or DC,0
0,0,4,340,-1.237708670308542,0.15936765648365733,0.09015167699209571,-21.771428571428572,-8.611428571428572,9.925714285714285,0,0,0,0,0,0,0,0,0,0,0,no mains / natural or DC,0
0,0,4,350,-0.9065828424939726,0.10376293221839045,0.029358806115909297,-23.942857142857143,-6.405714285714286,6.908571428571428,0,0,0,0,0,0,0,0,0,0,0,no mains / natural or DC,0
0,0,4,360,-0.9065828424939726,0.10376293221839045,0.029358806115909297,-23.942857142857143,-6.405714285714286,6.908571428571428,0,0,0,0,0,0,0,0,0,0,0,no mains / natural or DC,0
0,0,4,370,-1.0190130314035462,0.09747611926633504,0.0045167394024475845,-24.725714285714286,-11.125714285714286,0.37714285714285717,0,0,0,0,0,0,0,0,0,0,0,no mains / natural or DC,0
0,0,4,380,-1.0190130314035462,0.09747611926633504,0.0045167394024475845,-24.725714285714286,-11.125714285714286,-9.251428571428571,0,0,0,0,0,0,0,0,0,0,0,no mains / natural or DC,0
0,0,4,390,-1.3056428724021119,0.1152378917813654,-0.045167394024475845,-22.937142857142856,-4.617142857142857,-9.251428571428571,0,0,0,0,0,0,0,0,0,0,0,no mains / natural or DC,0
0,0,4,400,-1.5159764397106845,0.06817835016937773,-0.08075197607348857,-18.902857142857144,6.897142857142857,-25.611428571428572,0,0,0,0,0,0,0,0,0,0,0,no mains / natural or DC,0
0,0,4,410,-1.5159764397106845,0.06817835016937773,-0.08075197607348857,-18.902857142857144,6.897142857142857,-25.611428571428572,0,0,0,0,0,0,0,0,0,0,0,no mains / natural or DC,0
0,0,4,420,-1.3212073122348704,-0.07165746024964141,-0.0739768669698172,-14.68,18.457142857142856,-47.90857142857143,0,0,0,0,0,0,0,0,0,0,0,no mains / natural or DC,0
0,0,4,430,-1.3212073122348704,-0.07165746024964141,-0.0739768669698172,-14.68,18.457142857142856,-47.90857142857143,0,0,0,0,0,0,0,0,0,0,0,no mains / natural or DC,0
0,0,4,440,-1.0111392559587389,-0.18591875972777488,-0.11468855861079745,-12.811428571428571,21.36,-65.48,0,0,0,0,0,0,0,0,0,0,0,no mains / natural or DC,0
0,0,4,450,-1.0111392559587389,-0.18591875972777488,-0.11468855861079745,-12.811428571428571,21.36,-65.48,0,0,0,0,0,0,0,0,0,0,0,no mains / natural or DC,0
0,0,4,460,-0.9638966032898953,-0.2520828882717368,-0.17761772515030366,-12.64,11.834285714285715,-65.50285714285714,0,0,0,0,0,0,0,0,0,0,0,no mains / natural or DC,0
0,0,4,470,-0.9638966032898953,-0.2520828882717368,-0.17761772515030366,-12.64,11.834285714285715,-65.50285714285714,0,0,0,0,0,0,0,0,0,0,0,no mains / natural or DC,0
0,0,4,480,-1.042573320719016,-0.3220923490096744,-0.1871395001068148,-11.82857142857143,2.142857142857143,-49.348571428571425,0,0,0,0,0,0,0,0,0,0,0,no mains / natural or DC,0
0,0,4,490,-1.042573320719016,-0.3220923490096744,-0.1871395001068148,-11.82857142857143,2.142857142857143,-49.348571428571425,0,0,0,0,0,0,0,0,0,0,0,no mains / natural or DC,0
0,0,4,500,-1.0207220679342022,-0.34260078737754446,-0.18024231696523943,-10.125714285714286,0.07428571428571429,-29.194285714285716,0,0,0,0,0,0,0,0,0,0,0,no mains / natural or DC,0
0,0,4,510,-1.0207220679342022,-0.34260078737754446,-0.18024231696523943,-10.125714285714286,0.07428571428571429,-29.194285714285716,0,0,0,0,0,0,0,0,0,0,0,no mains / natural or DC,0
0,0,4,520,-0.9829401532029176,-0.33399456770531327,-0.15527817621387371,-8.274285714285714,-0.7771428571428571,-12.005714285714285,0,0,0,0,0,0,0,0,0,0,0,no mains / natural or DC,0
0,0,4,530,-0.9829401532029176,-0.33399456770531327,-0.13299966429639576,-6.571428571428571,-1.6914285714285715,0.12571428571428572,0,0,0,0,0,0,0,0,0,0,0,no mains / natural or DC,0
0,0,4,540,-0.9266640217291787,-0.2966399121066927,-0.13299966429639576,-6.571428571428571,-1.6914285714285715,0.12571428571428572,0,0,0,0,0,0,0,0,0,0,0,no mains / natural or DC,0
0,0,4,550,-0.8505508590960418,-0.24073000274666584,-0.11871700186162908,-5.005714285714285,-2.177142857142857,8.188571428571429,0,0,0,0,0,0,0,0,0,0,0,no mains / natural or DC,0
0,0,4,560,-0.8505508590960418,-0.24073000274666584,-0.11871700186162908,-5.005714285714285,-2.177142857142857,8.188571428571429,0,0,0,0,0,0,0,0,0,0,0,no mains / natural or DC,0
0,0,4,570,-0.782128360850856,-0.1795098727378155,-0.10705893124179815,-3.5085714285714285,-2.6742857142857144,14.217142857142857,0,0,0,0,0,0,0,0,0,0,0,no mains / natural or DC,0
0,0,4,580,-0.782128360850856,-0.1795098727378155,-0.10705893124179815,-3.5085714285714285,-2.6742857142857144,14.217142857142857,0,0,0,0,0,0,0,0,0,0,0,no mains / natural or DC,0
0,0,4,590,-0.7524643696401868,-0.10846278267769402,-0.10376293221839045,-2.085714285714286,-3.1714285714285713,19.314285714285713,0,0,0,0,0,0,0,0,0,0,0,no mains / natural or DC,0
0,0,4,600,-0.7524643696401868,-0.10846278267769402,-0.10376293221839045,-2.085714285714286,-3.1714285714285713,19.314285714285713,0,0,0,0,0,0,0,0,0,0,0,no mains / natural or DC,0
0,0,4,610,-0.7474593340861232,-0.046449171422467725,-0.0998565630054628,-0.6228571428571429,-3.342857142857143,23.571428571428573,0,0,0,0,0,0,0,0,0,0,0,no mains / natural or DC,0
0,0,4,620,-0.7474593340861232,-0.046449171422467725,-0.0998565630054628,-0.6228571428571429,-3.342857142857143,23.571428571428573,0,0,0,0,0,0,0,0,0,0,0,no mains / natural or DC,0
0,0,4,630,-0.7036957914975432,-0.004882961516159551,-0.09918515579699087,0.8114285714285714,-3.085714285714286,26.594285714285714,0,0,0,0,0,0,0,0,0,0,0,no mains / natural or DC,0
0,0,4,640,-0.7036957914975432,-0.004882961516159551,-0.09918515579699087,0.8114285714285714,-3.085714285714286,26.594285714285714,0,0,0,0,0,0,0,0,0,0,0,no mains / natural or DC,0
0,0,4,650,-0.7045503097628711,0.03949095126194037,-0.10486159855952636,2.12,-3.5314285714285716,28.091428571428573,0,0,0,0,0,0,0,0,0,0,0,no mains / natural or DC,0
0,0,4,660,-0.7045503097628711,0.03949095126194037,-0.10486159855952636,3.5828571428571427,-4.0685714285714285,28.228571428571428,0,0,0,0,0,0,0,0,0,0,0,no mains / natural or DC,0
0,0,4,670,-0.7516098513748588,0.08282723471785639,-0.10895107882930997,3.4971428571428573,-4.0685714285714285,28.228571428571428,0,0,0,0,0,0,0,0,0,0,0,no mains / natural or DC,0
0,0,4,680,-0.7764519180883206,0.11212500381481369,-0.11133152256843776,4.84,-3.8285714285714287,27.18857142857143,0,0,0,0,0,0,0,0,0,0,0,no mains / natural or DC,0
0,0,4,690,-0.7764519180883206,0.11212500381481369,-0.11133152256843776,4.84,-3.8285714285714287,27.18857142857143,0,0,0,0,0,0,0,0,0,0,0,no mains / natural or DC,0
0,0,4,700,-0.7997680593279825,0.13989684743797112,-0.11505478072450942,5.7942857142857145,-4.1657142857142855,25.337142857142858,0,0,0,0,0,0,0,0,0,0,0,no mains / natural or DC,0
0,0,4,710,-0.7997680593279825,0.13989684743797112,-0.11505478072450942,5.7942857142857145,-4.1657142857142855,25.337142857142858,0,0,0,0,0,0,0,0,0,0,0,no mains / natural or DC,0
0,0,4,720,-0.8307748649555956,0.16016113773003327,-0.11145359660634174,6.394285714285714,-5.1085714285714285,22.662857142857142,0,0,0,0,0,0,0,0,0,0,0,no mains / natural or DC,0
0,0,4,730,-0.8307748649555956,0.16016113773003327,-0.11145359660634174,6.394285714285714,-5.1085714285714285,22.662857142857142,0,0,0,0,0,0,0,0,0,0,0,no mains / natural or DC,0
0,0,4,740,-0.8651997436445203,0.18347727896969512,-0.11181981872005371,6.628571428571429,-6.502857142857143,19.177142857142858,0,0,0,0,0,0,0,0,0,0,0,no mains / natural or DC,0
0,0,4,750,-0.8651997436445203,0.18347727896969512,-0.11181981872005371,6.628571428571429,-6.502857142857143,19.177142857142858,0,0,0,0,0,0,0,0,0,0,0,no mains / natural or DC,0
0,0,4,760,-0.9145176549577319,0.20685445722830897,-0.11743522446363719,6.805714285714286,-8.062857142857142,15.194285714285714,0,0,0,0,0,0,0,0,0,0,0,no mains / natural or DC,0
0,0,4,770,-0.9145176549577319,0.20685445722830897,-0.11743522446363719,6.805714285714286,-8.062857142857142,15.194285714285714,0,0,0,0,0,0,0,0,0,0,0,no mains / natural or DC,0
0,0,4,780,-0.9606616412854396,0.22876674703207495,-0.1249427777947325,7.142857142857143,-8.994285714285715,10.971428571428572,0,0,0,0,0,0,0,0,0,0,0,no mains / natural or DC,0
0,0,4,790,-0.9606616412854396,0.22876674703207495,-0.1249427777947325,7.142857142857143,-8.994285714285715,10.971428571428572,0,0,0,0,0,0,0,0,0,0,0,no mains / natural or DC,0
0,0,4,800,-0.978301339762566,0.24695577867976928,-0.13538010803552356,7.64,-8.885714285714286,7.062857142857143,0,0,0,0,0,0,0,0,0,0,0,no mains / natural or DC,0
0,0,4,810,-0.9939268166142765,0.2617267372661519,-0.1455122531815546,8.274285714285714,-8.668571428571429,4.44,0,0,0,0,0,0,0,0,0,0,0,no mains / natural or DC,0
0,0,4,820,-0.9927671132541886,0.2617267372661519,-0.1455122531815546,8.274285714285714,-8.668571428571429,4.44,0,0,0,0,0,0,0,0,0,0,0,no mains / natural or DC,0
0,0,4,830,-0.9945982238227485,0.26850184636982327,-0.14831995605334636,9.005714285714285,-8.12,3.2742857142857145,0,0,0,0,0,0,0,0,0,0,0,no mains / natural or DC,0
0,0,4,840,-0.9945982238227485,0.26850184636982327,-0.14831995605334636,9.005714285714285,-8.12,3.2742857142857145,0,0,0,0,0,0,0,0,0,0,0,no mains / natural or DC,0
0,0,4,850,-0.967986083559679,0.2661824396496475,-0.1434980315561388,9.754285714285714,-7.777142857142858,3.217142857142857,0,0,0,0,0,0,0,0,0,0,0,no mains / natural or DC,0
0,0,4,860,-0.967986083559679,0.2661824396496475,-0.1434980315561388,9.754285714285714,-7.777142857142858,3.217142857142857,0,0,0,0,0,0,0,0,0,0,0,no mains / natural or DC,0
0,0,4,870,-0.945402386547441,0.2534257026886807,-0.12244026001770074,10.422857142857143,-8.485714285714286,3.2114285714285713,0,0,0,0,0,0,0,0,0,0,0,no mains / natural or DC,0
0,0,4,880,-0.945402386547441,0.2534257026886807,-0.12244026001770074,10.422857142857143,-8.485714285714286,3.2114285714285713,0,0,0,0,0,0,0,0,0,0,0,no mains / natural or DC,0
0,0,4,890,-0.9151280251472518,0.23310037537766656,-0.08966338084047976,11.04,-9.98857142857143,2.1028571428571428,0,0,0,0,0,0,0,0,0,0,0,no mains / natural or DC,0
0,0,4,900,-0.9151280251472518,0.23310037537766656,-0.08966338084047976,11.04,-9.98857142857143,2.1028571428571428,0,0,0,0,0,0,0,0,0,0,0,no mains / natural or DC,0
0,0,4,910,-0.881435590685751,0.20404675435651723,-0.0554216132084109,11.748571428571429,-11.90857142857143,-0.37142857142857144,0,0,0,0,0,0,0,0,0,0,0,no mains / natural or DC,0
0,0,4,920,-0.881435590685751,0.20404675435651723,-0.0554216132084109,11.748571428571429,-11.90857142857143,-0.37142857142857144,0,0,0,0,0,0,0,0,0,0,0,no mains / natural or DC,0
0,0,4,930,-1.4984588152714622,0.31446272164067507,-0.052674947355571156,13.508571428571429,-17.417142857142856,-2.76,0,0,0,0,0,0,0,0,0,0,0,no mains / natural or DC,0
0,0,4,940,-1.4984588152714622,0.31446272164067507,-0.052674947355571156,15.411428571428571,-17.08,-5.1257142857142854,0,0,0,0,0,0,0,0,0,0,0,no mains / natural or DC,0
0,0,4,950,-1.4267403180028688,0.24713888973662526,0.06347849971007416,15.411428571428571,-17.08,-5.1257142857142854,0,0,0,0,0,0,0,0,0,0,0,no mains / natural or DC,0
0,0,4,960,-0.9552903836176642,0.14697714163640246,0.05145420697653127,17.4,-8.371428571428572,-10.285714285714286,0,0,0,0,0,0,0,0,0,0,0,no mains / natural or DC,0
0,0,4,970,-0.9552903836176642,0.14697714163640246,0.05145420697653127,17.4,-8.371428571428572,-10.285714285714286,0,0,0,0,0,0,0,0,0,0,0,no mains / natural or DC,0
0,0,4,980,-0.9671926023133031,0.048402356028931545,0.12353892635883663,19.262857142857143,-17.594285714285714,-19.662857142857142,0,0,0,0,0,0,0,0,0,0,0,no mains / natural or DC,0
0,0,4,990,-0.9671926023133031,0.048402356028931545,0.12353892635883663,19.262857142857143,-17.594285714285714,-19.662857142857142,0,0,0,0,0,0,0,0,0,0,0,no mains / natural or DC,0
0,0,5,0,-1.0290231025116734,-0.12787255470442824,0.24964140751365704,20.37142857142857,-24.525714285714287,-32.33714285714286,0,0,0,0,0,0,0,0,0,0,0,no mains / natural or DC,0
0,0,5,10,-1.0290231025116734,-0.12787255470442824,0.24964140751365704,20.37142857142857,-24.525714285714287,-32.33714285714286,0,0,0,0,0,0,0,0,0,0,0,no mains / natural or DC,0
0,0,5,20,-1.0755333109530931,-0.20484023560289316,0.2724082155827509,19.34285714285714,-30.377142857142857,-42.26857142857143,0,0,0,0,0,0,0,0,0,0,0,no mains / natural or DC,0
0,0,5,30,-1.0755333109530931,-0.20484023560289316,0.2724082155827509,19.34285714285714,-30.377142857142857,-42.26857142857143,0,0,0,0,0,0,0,0,0,0,0,no mains / natural or DC,0
0,0,5,40,-1.2221442304757835,-0.21466719565416426,0.32978301339762567,18.102857142857143,-36.34285714285714,-43.6,0,0,0,0,0,0,0,0,0,0,0,no mains / natural or DC,0
0,0,5,50,-1.2221442304757835,-0.21466719565416426,0.32978301339762567,18.102857142857143,-36.34285714285714,-43.6,0,0,0,0,0,0,0,0,0,0,0,no mains / natural or DC,0
0,0,5,60,-1.1824091311380351,-0.22669148838770714,0.35572374645222327,16.96,-32.285714285714285,-33.857142857142854,0,0,0,0,0,0,0,0,0,0,0,no mains / natural or DC,0
0,0,5,70,-1.1824091311380351,-0.22669148838770714,0.35572374645222327,16.96,-27.897142857142857,-18.474285714285713,0,0,0,0,0,0,0,0,0,0,0,no mains / natural or DC,0
0,0,5,80,-1.1444441053498946,-0.2207098605304117,0.36341441084017456,16.451428571428572,-28.017142857142858,-18.474285714285713,0,0,0,0,0,0,0,0,0,0,0,no mains / natural or DC,0
0,0,5,90,-1.0452589495529039,-0.19812616351817378,0.3463850825525681,16.36,-24.062857142857144,-2.0914285714285716,0,0,0,0,0,0,0,0,0,0,0,no mains / natural or DC,0
0,0,5,100,-1.0452589495529039,-0.19812616351817378,0.3463850825525681,16.36,-24.062857142857144,-2.0914285714285716,0,0,0,0,0,0,0,0,0,0,0,no mains / natural or DC,0
0,0,5,110,-0.9928281502731406,-0.16156498916592912,0.3058565019684439,16.85142857142857,-21.18857142857143,10.748571428571429,0,0,0,0,0,0,0,0,0,0,0,no mains / natural or DC,0
0,0,5,120,-0.9928281502731406,-0.16156498916592912,0.3058565019684439,16.85142857142857,-21.18857142857143,10.748571428571429,0,0,0,0,0,0,0,0,0,0,0,no mains / natural or DC,0
0,0,5,130,-0.9526047547837764,-0.13452558977019563,0.27222510452589493,17.914285714285715,-18.4,17.82857142857143,0,0,0,0,0,0,0,0,0,0,0,no mains / natural or DC,0
0,0,5,140,-0.9526047547837764,-0.13452558977019563,0.27222510452589493,17.914285714285715,-18.4,17.82857142857143,0,0,0,0,0,0,0,0,0,0,0,no mains / natural or DC,0
0,0,5,150,-0.8896145512253182,-0.10071108127079073,0.23725089266640217,19.142857142857142,-13.605714285714285,20.674285714285713,0,0,0,0,0,0,0,0,0,0,0,no mains / natural or DC,0
0,0,5,160,-0.8896145512253182,-0.10071108127079073,0.23725089266640217,19.142857142857142,-13.605714285714285,20.674285714285713,0,0,0,0,0,0,0,0,0,0,0,no mains / natural or DC,0
0,0,5,170,-0.8752098147526475,-0.05914487136448256,0.20966216010010072,20.2,-8.36,21.388571428571428,0,0,0,0,0,0,0,0,0,0,0,no mains / natural or DC,0
0,0,5,180,-0.8752098147526475,-0.05914487136448256,0.20966216010010072,20.2,-8.36,21.388571428571428,0,0,0,0,0,0,0,0,0,0,0,no mains / natural or DC,0
0,0,5,190,-0.8459730826746422,-0.031250953703421125,0.19202246162297434,20.685714285714287,-1.737142857142857,21.542857142857144,0,0,0,0,0,0,0,0,0,0,0,no mains / natural or DC,0
0,0,5,200,-0.8459730826746422,-0.031250953703421125,0.19202246162297434,20.685714285714287,-1.737142857142857,21.542857142857144,0,0,0,0,0,0,0,0,0,0,0,no mains / natural or DC,0
0,0,5,210,-0.8129520554216132,-0.004272591326639607,0.16534928434095278,20.291428571428572,5.005714285714285,21.222857142857144,0,0,0,0,0,0,0,0,0,0,0,no mains / natural or DC,0
0,0,5,220,-0.8129520554216132,-0.004272591326639607,0.14441358684041872,19.205714285714286,10.102857142857143,20.097142857142856,0,0,0,0,0,0,0,0,0,0,0,no mains / natural or DC,0
0,0,5,230,-0.7891476180303354,0.013489181188390759,0.14441358684041872,19.205714285714286,10.102857142857143,20.097142857142856,0,0,0,0,0,0,0,0,0,0,0,no mains / natural or DC,0
0,0,5,240,-0.7791375469222083,0.0271614734336375,0.12591937009796442,17.622857142857143,13.937142857142858,17.931428571428572,0,0,0,0,0,0,0,0,0,0,0,no mains / natural or DC,0
0,0,5,250,-0.7791375469222083,0.0271614734336375,0.12591937009796442,17.622857142857143,13.937142857142858,17.931428571428572,0,0,0,0,0,0,0,0,0,0,0,no mains / natural or DC,0
0,0,5,260,-0.7984252449110385,0.04913480025635548,0.11029389324625385,15.605714285714285,15.82857142857143,14.782857142857143,0,0,0,0,0,0,0,0,0,0,0,no mains / natural or DC,0
0,0,5,270,-0.7984252449110385,0.04913480025635548,0.11029389324625385,15.605714285714285,15.82857142857143,14.782857142857143,0,0,0,0,0,0,0,0,0,0,0,no mains / natural or DC,0
0,0,5,280,-0.8235724967192602,0.07196264534440137,0.09479049043244728,13.2,16.13714285714286,11.497142857142856,0,0,0,0,0,0,0,0,0,0,0,no mains / natural or DC,0
0,0,5,290,-0.8235724967192602,0.07196264534440137,0.09479049043244728,13.2,16.13714285714286,11.497142857142856,0,0,0,0,0,0,0,0,0,0,0,no mains / natural or DC,0
0,0,5,300,-0.8540299691763055,0.09765923032319102,0.07641834772789696,10.628571428571428,15.44,8.428571428571429,0,0,0,0,0,0,0,0,0,0,0,no mains / natural or DC,0
0,0,5,310,-0.8540299691763055,0.09765923032319102,0.07641834772789696,10.628571428571428,15.44,8.428571428571429,0,0,0,0,0,0,0,0,0,0,0,no mains / natural or DC,0
0,0,5,320,-0.8861964781640065,0.11761833552049318,0.05499435407574694,8.148571428571428,14.885714285714286,5.685714285714286,0,0,0,0,0,0,0,0,0,0,0,no mains / natural or DC,0
0,0,5,330,-0.8861964781640065,0.11761833552049318,0.05499435407574694,8.148571428571428,14.885714285714286,5.685714285714286,0,0,0,0,0,0,0,0,0,0,0,no mains / natural or DC,0
0,0,5,340,-0.9225135044404431,0.13495284890285958,0.04077272865993225,5.8914285714285715,14.794285714285714,3.005714285714286,0,0,0,0,0,0,0,0,0,0,0,no mains / natural or DC,0
0,0,5,350,-0.9225135044404431,0.13495284890285958,0.04077272865993225,3.5485714285714285,14.605714285714285,0.09142857142857143,0,0,0,0,0,0,0,0,0,0,0,no mains / natural or DC,0
0,0,5,360,-0.9424115726187933,0.14386425366985076,0.037659840693380534,3.5485714285714285,14.605714285714285,0.09142857142857143,0,0,0,0,0,0,0,0,0,0,0,no mains / natural or DC,0
0,0,5,370,-0.9500411999877926,0.15186010315256204,0.04174932096316416,0.9771428571428571,13.76,-2.737142857142857,0,0,0,0,0,0,0,0,0,0,0,no mains / natural or DC,0
0,0,5,380,-0.9500411999877926,0.15186010315256204,0.04174932096316416,0.9771428571428571,13.76,-2.737142857142857,0,0,0,0,0,0,0,0,0,0,0,no mains / natural or DC,0
0,0,5,390,-0.9501022370067446,0.1587572862941374,0.05639820551164281,-1.84,12.462857142857143,-5.04,0,0,0,0,0,0,0,0,0,0,0,no mains / natural or DC,0
0,0,5,400,-0.9501022370067446,0.1587572862941374,0.05639820551164281,-1.84,12.462857142857143,-5.04,0,0,0,0,0,0,0,0,0,0,0,no mains / natural or DC,0
0,0,5,410,-0.9524216437269204,0.1685232093264565,0.07220679342020936,-4.725714285714286,11.09142857142857,-6.714285714285714,0,0,0,0,0,0,0,0,0,0,0,no mains / natural or DC,0
0,0,5,420,-0.9524216437269204,0.1685232093264565,0.07220679342020936,-4.725714285714286,11.09142857142857,-6.714285714285714,0,0,0,0,0,0,0,0,0,0,0,no mains / natural or DC,0
0,0,5,430,-0.956450086977752,0.17554246650593586,0.09033478804895169,-7.537142857142857,10.217142857142857,-7.68,0,0,0,0,0,0,0,0,0,0,0,no mains / natural or DC,0
0,0,5,440,-0.956450086977752,0.17554246650593586,0.09033478804895169,-7.537142857142857,10.217142857142857,-7.68,0,0,0,0,0,0,0,0,0,0,0,no mains / natural or DC,0
0,0,5,450,-0.9616382335886715,0.18213446455275123,0.10705893124179815,-10.177142857142858,10.051428571428572,-7.982857142857143,0,0,0,0,0,0,0,0,0,0,0,no mains / natural or DC,0
0,0,5,460,-0.9616382335886715,0.18213446455275123,0.10705893124179815,-10.177142857142858,10.051428571428572,-7.982857142857143,0,0,0,0,0,0,0,0,0,0,0,no mains / natural or DC,0
0,0,5,470,-0.9693899349955748,0.1871395001068148,0.11474959562974944,-12.554285714285715,10.84,-7.817142857142857,0,0,0,0,0,0,0,0,0,0,0,no mains / natural or DC,0
0,0,5,480,-0.9693899349955748,0.1871395001068148,0.11474959562974944,-12.554285714285715,10.84,-7.817142857142857,0,0,0,0,0,0,0,0,0,0,0,no mains / natural or DC,0
0,0,5,490,-0.9668874172185431,0.1861018707846309,0.10943937498092593,-14.457142857142857,12.891428571428571,-7.742857142857143,0,0,0,0,0,0,0,0,0,0,0,no mains / natural or DC,0
0,0,5,500,-0.9588305307168797,0.18189031647694326,0.09802545243690299,-15.76,15.571428571428571,-8.234285714285715,0,0,0,0,0,0,0,0,0,0,0,no mains / natural or DC,0
0,0,5,510,-0.9588305307168797,0.18189031647694326,0.09802545243690299,-15.76,15.571428571428571,-8.234285714285715,0,0,0,0,0,0,0,0,0,0,0,no mains / natural or DC,0
0,0,5,520,-0.9335001678518021,0.16602069154942473,0.07843256935331279,-16.52,17.777142857142856,-9.554285714285715,0,0,0,0,0,0,0,0,0,0,0,no mains / natural or DC,0
0,0,5,530,-0.9335001678518021,0.16602069154942473,0.07843256935331279,-16.52,17.777142857142856,-9.554285714285715,0,0,0,0,0,0,0,0,0,0,0,no mains / natural or DC,0
0,0,5,540,-0.9513840144047365,0.14539017914365063,0.05340739158299509,-16.822857142857142,18.782857142857143,-12.314285714285715,0,0,0,0,0,0,0,0,0,0,0,no mains / natural or DC,0
0,0,5,550,-0.9513840144047365,0.14539017914365063,0.05340739158299509,-16.822857142857142,18.782857142857143,-12.314285714285715,0,0,0,0,0,0,0,0,0,0,0,no mains / natural or DC,0
0,0,5,560,-1.4972991119113743,0.22351756340220344,0.08954130680257576,-16.577142857142857,14.371428571428572,-15.217142857142857,0,0,0,0,0,0,0,0,0,0,0,no mains / natural or DC,0
0,0,5,570,-1.4972991119113743,0.22351756340220344,0.08954130680257576,-16.577142857142857,14.371428571428572,-15.217142857142857,0,0,0,0,0,0,0,0,0,0,0,no mains / natural or DC,0
0,0,5,580,-1.1478011413922544,0.16669209875789667,0.0478530228583636,-17.82857142857143,15.702857142857143,-18.994285714285713,0,0,0,0,0,0,0,0,0,0,0,no mains / natural or DC,0
0,0,5,590,-1.1478011413922544,0.16669209875789667,0.0478530228583636,-17.82857142857143,15.702857142857143,-18.994285714285713,0,0,0,0,0,0,0,0,0,0,0,no mains / natural or DC,0
0,0,5,600,-1.066988128299814,0.12189092684713279,-0.046143986327707755,-17.737142857142857,16.205714285714286,-23.69142857142857,0,0,0,0,0,0,0,0,0,0,0,no mains / natural or DC,0
0,0,5,610,-1.066988128299814,0.12189092684713279,-0.046143986327707755,-17.737142857142857,16.205714285714286,-23.69142857142857,0,0,0,0,0,0,0,0,0,0,0,no mains / natural or DC,0
0,0,5,620,-1.2261116367076632,0.02990813928647725,-0.09277626880703146,-16.13714285714286,18.537142857142857,-31.34857142857143,0,0,0,0,0,0,0,0,0,0,0,no mains / natural or DC,0
0,0,5,630,-1.2261116367076632,0.02990813928647725,-0.09277626880703146,-13.605714285714285,26.954285714285714,-44.42857142857143,0,0,0,0,0,0,0,0,0,0,0,no mains / natural or DC,0
0,0,5,640,-1.1989501632740256,-0.12378307443464462,-0.13727225562303538,-13.605714285714285,26.954285714285714,-44.42857142857143,0,0,0,0,0,0,0,0,0,0,0,no mains / natural or DC,0
0,0,5,650,-0.9931333353679006,-0.26075014496292004,-0.1793877986999115,-11.577142857142857,30.377142857142857,-58.53142857142857,0,0,0,0,0,0,0,0,0,0,0,no mains / natural or DC,0
0,0,5,660,-0.9931333353679006,-0.26075014496292004,-0.1793877986999115,-11.577142857142857,30.377142857142857,-58.53142857142857,0,0,0,0,0,0,0,0,0,0,0,no mains / natural or DC,0
0,0,5,670,-0.9174474318674276,-0.2737510299996948,-0.23895992919705802,-10.382857142857143,26.097142857142856,-58.8,0,0,0,0,0,0,0,0,0,0,0,no mains / natural or DC,0
0,0,5,680,-0.9174474318674276,-0.2737510299996948,-0.23895992919705802,-10.382857142857143,26.097142857142856,-58.8,0,0,0,0,0,0,0,0,0,0,0,no mains / natural or DC,0
0,0,5,690,-0.9494308297982726,-0.2923062837611011,-0.25611133152256843,-8.782857142857143,17.674285714285713,-41.87428571428571,0,0,0,0,0,0,0,0,0,0,0,no mains / natural or DC,0
0,0,5,700,-0.9494308297982726,-0.2923062837611011,-0.25611133152256843,-8.782857142857143,17.674285714285713,-41.87428571428571,0,0,0,0,0,0,0,0,0,0,0,no mains / natural or DC,0
0,0,5,710,-0.979216895046846,-0.3093356120487075,-0.249946592608417,-7.371428571428571,12.965714285714286,-19.50857142857143,0,0,0,0,0,0,0,0,0,0,0,no mains / natural or DC,0
0,0,5,720,-0.979216895046846,-0.3093356120487075,-0.249946592608417,-7.371428571428571,12.965714285714286,-19.50857142857143,0,0,0,0,0,0,0,0,0,0,0,no mains / natural or DC,0
0,0,5,730,-0.9857478560747093,-0.2880336924344615,-0.23615222632526628,-6.32,10.291428571428572,-1.1428571428571428,0,0,0,0,0,0,0,0,0,0,0,no mains / natural or DC,0
0,0,5,740,-0.9857478560747093,-0.2880336924344615,-0.23615222632526628,-6.32,10.291428571428572,-1.1428571428571428,0,0,0,0,0,0,0,0,0,0,0,no mains / natural or DC,0
0,0,5,750,-0.9361247596667379,-0.260994293038728,-0.22052674947355572,-5.628571428571429,7.485714285714286,10.211428571428572,0,0,0,0,0,0,0,0,0,0,0,no mains / natural or DC,0
0,0,5,760,-0.9361247596667379,-0.260994293038728,-0.22052674947355572,-5.628571428571429,3.097142857142857,15.497142857142856,0,0,0,0,0,0,0,0,0,0,0,no mains / natural or DC,0
0,0,5,770,-0.8916287728507339,-0.22632526627399518,-0.21430097354045227,-5.44,4.131428571428572,15.497142857142856,0,0,0,0,0,0,0,0,0,0,0,no mains / natural or DC,0
0,0,5,780,-0.8760032959990234,-0.1892147587511826,-0.2153996398815882,-5.525714285714286,-0.11428571428571428,16.417142857142856,0,0,0,0,0,0,0,0,0,0,0,no mains / natural or DC,0
0,0,5,790,-0.8760032959990234,-0.1892147587511826,-0.2153996398815882,-5.525714285714286,-0.11428571428571428,16.417142857142856,0,0,0,0,0,0,0,0,0,0,0,no mains / natural or DC,0
0,0,5,800,-0.8732566301461837,-0.15247047334208197,-0.2161320841090121,-5.617142857142857,-4.268571428571429,15.057142857142857,0,0,0,0,0,0,0,0,0,0,0,no mains / natural or DC,0
0,0,5,810,-0.8732566301461837,-0.15247047334208197,-0.2161320841090121,-5.617142857142857,-4.268571428571429,15.057142857142857,0,0,0,0,0,0,0,0,0,0,0,no mains / natural or DC,0
0,0,5,820,-0.8441419721060823,-0.12659077730643636,-0.21027253028962065,-5.691428571428571,-7.617142857142857,13.445714285714285,0,0,0,0,0,0,0,0,0,0,0,no mains / natural or DC,0
0,0,5,830,-0.8441419721060823,-0.12659077730643636,-0.21027253028962065,-5.691428571428571,-7.617142857142857,13.445714285714285,0,0,0,0,0,0,0,0,0,0,0,no mains / natural or DC,0
0,0,5,840,-0.8168584246345408,-0.10425122837000642,-0.19647816400646992,-5.9714285714285715,-10.754285714285714,12.0,0,0,0,0,0,0,0,0,0,0,0,no mains / natural or DC,0
0,0,5,850,-0.8168584246345408,-0.10425122837000642,-0.19647816400646992,-5.9714285714285715,-10.754285714285714,12.0,0,0,0,0,0,0,0,0,0,0,0,no mains / natural or DC,0
0,0,5,860,-0.8105716116824855,-0.08215582750938444,-0.1773735770744957,-6.6,-13.788571428571428,11.314285714285715,0,0,0,0,0,0,0,0,0,0,0,no mains / natural or DC,0
0,0,5,870,-0.8105716116824855,-0.08215582750938444,-0.1773735770744957,-6.6,-13.788571428571428,11.314285714285715,0,0,0,0,0,0,0,0,0,0,0,no mains / natural or DC,0
0,0,5,880,-0.8019043549913022,-0.06122013000885037,-0.1588793603320414,-7.491428571428571,-16.142857142857142,11.4,0,0,0,0,0,0,0,0,0,0,0,no mains / natural or DC,0
0,0,5,890,-0.8019043549913022,-0.06122013000885037,-0.1588793603320414,-7.491428571428571,-16.142857142857142,11.4,0,0,0,0,0,0,0,0,0,0,0,no mains / natural or DC,0
0,0,5,900,-0.7817621387371441,-0.042909024323252054,-0.14191106906338694,-8.588571428571429,-18.205714285714286,11.617142857142857,0,0,0,0,0,0,0,0,0,0,0,no mains / natural or DC,0
0,0,5,910,-0.7817621387371441,-0.011658070619830927,-0.12775048066652425,-9.897142857142857,-20.091428571428573,12.268571428571429,0,0,0,0,0,0,0,0,0,0,0,no mains / natural or DC,0
0,0,5,920,-0.7984252449110385,-0.01532029175695059,-0.12775048066652425,-9.897142857142857,-20.091428571428573,12.268571428571429,0,0,0,0,0,0,0,0,0,0,0,no mains / natural or DC,0
0,0,5,930,-0.8186895352031007,0.010254219183935057,-0.10968352305673391,-11.154285714285715,-21.13142857142857,13.12,0,0,0,0,0,0,0,0,0,0,0,no mains / natural or DC,0
0,0,5,940,-0.8186895352031007,0.010254219183935057,-0.10968352305673391,-11.154285714285715,-21.13142857142857,13.12,0,0,0,0,0,0,0,0,0,0,0,no mains / natural or DC,0
0,0,5,950,-0.8291879024628437,0.030518509475997192,-0.09625537888729514,-12.302857142857142,-21.645714285714284,13.697142857142858,0,0,0,0,0,0,0,0,0,0,0,no mains / natural or DC,0
0,0,5,960,-0.8291879024628437,0.030518509475997192,-0.09625537888729514,-12.302857142857142,-21.645714285714284,13.697142857142858,0,0,0,0,0,0,0,0,0,0,0,no mains / natural or DC,0
0,0,5,970,-0.8635517441328165,0.050355540635395366,-0.08526871547593616,-13.188571428571429,-21.942857142857143,13.622857142857143,0,0,0,0,0,0,0,0,0,0,0,no mains / natural or DC,0
0,0,5,980,-0.8635517441328165,0.050355540635395366,-0.08526871547593616,-13.188571428571429,-21.942857142857143,13.622857142857143,0,0,0,0,0,0,0,0,0,0,0,no mains / natural or DC,0
0,0,5,990,-0.8892483291116062,0.06756797997985778,-0.07641834772789696,-13.84,-21.234285714285715,13.057142857142857,0,0,0,0,0,0,0,0,0,0,0,no mains / natural or DC,0
0,0,6,0,-0.8892483291116062,0.06756797997985778,-0.07641834772789696,-13.84,-21.234285714285715,13.057142857142857,0,0,0,0,0,0,0,0,0,0,0,no mains / natural or DC,0
0,0,6,10,-0.9125034333323161,0.08844264046143986,-0.07348857081820123,-14.16,-20.062857142857144,12.28,0,0,0,0,0,0,0,0,0,0,0,no mains / natural or DC,0
0,0,6,20,-0.9125034333323161,0.08844264046143986,-0.07348857081820123,-14.16,-20.062857142857144,12.28,0,0,0,0,0,0,0,0,0,0,0,no mains / natural or DC,0
0,0,6,30,-0.93557542649617,0.10925626392406995,-0.07342753379924924,-14.114285714285714,-18.582857142857144,11.605714285714285,0,0,0,0,0,0,0,0,0,0,0,no mains / natural or DC,0
0,0,6,40,-0.93557542649617,0.10925626392406995,-0.07342753379924924,-13.6,-16.377142857142857,11.52,0,0,0,0,0,0,0,0,0,0,0,no mains / natural or DC,0
0,0,6,50,-0.9557176427503281,0.13348796044801173,-0.07788323618274484,-13.6,-16.377142857142857,11.52,0,0,0,0,0,0,0,0,0,0,0,no mains / natural or DC,0
0,0,6,60,-0.9552903836176642,0.15448469496749778,-0.08435316019165624,-12.668571428571429,-14.017142857142858,12.291428571428572,0,0,0,0,0,0,0,0,0,0,0,no mains / natural or DC,0
0,0,6,70,-0.9552903836176642,0.15448469496749778,-0.08435316019165624,-12.668571428571429,-14.017142857142858,12.291428571428572,0,0,0,0,0,0,0,0,0,0,0,no mains / natural or DC,0
0,0,6,80,-0.9374675740836818,0.16547135837885676,-0.08880886257515183,-11.605714285714285,-12.274285714285714,13.788571428571428,0,0,0,0,0,0,0,0,0,0,0,no mains / natural or DC,0
0,0,6,90,-0.9374675740836818,0.16547135837885676,-0.08880886257515183,-11.605714285714285,-12.274285714285714,13.788571428571428,0,0,0,0,0,0,0,0,0,0,0,no mains / natural or DC,0
0,0,6,100,-0.9180578020569475,0.1748710592974639,-0.08856471449934385,-10.782857142857143,-11.914285714285715,15.548571428571428,0,0,0,0,0,0,0,0,0,0,0,no mains / natural or DC,0
0,0,6,110,-0.9180578020569475,0.1748710592974639,-0.08856471449934385,-10.782857142857143,-11.914285714285715,15.548571428571428,0,0,0,0,0,0,0,0,0,0,0,no mains / natural or DC,0
0,0,6,120,-0.9195226905117954,0.18298898281807915,-0.08514664143803216,-10.337142857142856,-13.108571428571429,17.18285714285714,0,0,0,0,0,0,0,0,0,0,0,no mains / natural or DC,0
0,0,6,130,-0.9195226905117954,0.18298898281807915,-0.08514664143803216,-10.337142857142856,-13.108571428571429,17.18285714285714,0,0,0,0,0,0,0,0,0,0,0,no mains / natural or DC,0
0,0,6,140,-0.924771874141667,0.18768883327738273,-0.0750755333109531,-10.382857142857143,-15.051428571428572,18.062857142857144,0,0,0,0,0,0,0,0,0,0,0,no mains / natural or DC,0
0,0,6,150,-0.924771874141667,0.18768883327738273,-0.0750755333109531,-10.382857142857143,-15.051428571428572,18.062857142857144,0,0,0,0,0,0,0,0,0,0,0,no mains / natural or DC,0
0,0,6,160,-0.945158238471633,0.1879329813531907,-0.06060975981933042,-10.92,-17.251428571428573,17.902857142857144,0,0,0,0,0,0,0,0,0,0,0,no mains / natural or DC,0
0,0,6,170,-0.945158238471633,0.1879329813531907,-0.06060975981933042,-10.92,-17.251428571428573,14.977142857142857,0,0,0,0,0,0,0,0,0,0,0,no mains / natural or DC,0
0,0,6,180,-0.9305703909421064,0.16711935789056062,-0.038331247901852473,-11.925714285714285,-18.965714285714284,16.08,0,0,0,0,0,0,0,0,0,0,0,no mains / natural or DC,0
0,0,6,190,-1.3890194402905363,0.24536881618701742,-0.04553361613818781,-13.022857142857143,-23.291428571428572,12.44,0,0,0,0,0,0,0,0,0,0,0,no mains / natural or DC,0
0,0,6,200,-1.3890194402905363,0.24536881618701742,-0.04553361613818781,-13.022857142857143,-23.291428571428572,12.44,0,0,0,0,0,0,0,0,0,0,0,no mains / natural or DC,0
0,0,6,210,-1.532517471846675,0.25934629352702415,0.015076143681142613,-14.674285714285714,-24.05142857142857,10.44,0,0,0,0,0,0,0,0,0,0,0,no mains / natural or DC,0
0,0,6,220,-1.532517471846675,0.25934629352702415,0.015076143681142613,-14.674285714285714,-24.05142857142857,10.44,0,0,0,0,0,0,0,0,0,0,0,no mains / natural or DC,0
0,0,6,230,-0.9955137791070284,0.13226722006897182,0.00695822016052736,-16.297142857142855,-14.485714285714286,5.32,0,0,0,0,0,0,0,0,0,0,0,no mains / natural or DC,0
0,0,6,240,-0.9955137791070284,0.13226722006897182,0.00695822016052736,-16.297142857142855,-14.485714285714286,5.32,0,0,0,0,0,0,0,0,0,0,0,no mains / natural or DC,0
0,0,6,250,-0.8715475936155278,0.08941923276467177,0.06414990691854609,-18.53142857142857,-21.04,-3.7657142857142856,0,0,0,0,0,0,0,0,0,0,0,no mains / natural or DC,0
0,0,6,260,-0.8715475936155278,0.08941923276467177,0.06414990691854609,-18.53142857142857,-21.04,-3.7657142857142856,0,0,0,0,0,0,0,0,0,0,0,no mains / natural or DC,0
0,0,6,270,-0.9832453382976776,0.004394665364543596,0.1480147709585864,-21.64,-27.765714285714285,-14.48,0,0,0,0,0,0,0,0,0,0,0,no mains / natural or DC,0
0,0,6,280,-0.9832453382976776,0.004394665364543596,0.1480147709585864,-21.64,-27.765714285714285,-14.48,0,0,0,0,0,0,0,0,0,0,0,no mains / natural or DC,0
0,0,6,290,-0.9571214941862239,-0.1784112063966796,0.24530777916806543,-26.291428571428572,-35.885714285714286,-32.417142857142856,0,0,0,0,0,0,0,0,0,0,0,no mains / natural or DC,0
0,0,6,300,-0.9571214941862239,-0.1784112063966796,0.24530777916806543,-26.291428571428572,-35.885714285714286,-32.417142857142856,0,0,0,0,0,0,0,0,0,0,0,no mains / natural or DC,0
0,0,6,310,-0.8063600573747978,-0.3567613757744072,0.3380230109561449,-32.57142857142857,-46.94857142857143,-55.65714285714286,0,0,0,0,0,0,0,0,0,0,0,no mains / natural or DC,0
0,0,6,320,-0.8063600573747978,-0.3567613757744072,0.32239753410443434,-39.18857142857143,-56.47428571428571,-70.46857142857142,0,0,0,0,0,0,0,0,0,0,0,no mains / natural or DC,0
0,0,6,330,-0.924466689046907,-0.31470686971648304,0.3196508682515946,-39.18857142857143,-56.47428571428571,-70.46857142857142,0,0,0,0,0,0,0,0,0,0,0,no mains / natural or DC,0
0,0,6,340,-1.1902829065828424,-0.22675252540665913,0.3411969359416486,-42.36,-54.68571428571428,-65.07428571428571,0,0,0,0,0,0,0,0,0,0,0,no mains / natural or DC,0
0,0,6,350,-1.1902829065828424,-0.22675252540665913,0.3411969359416486,-42.36,-54.68571428571428,-65.07428571428571,0,0,0,0,0,0,0,0,0,0,0,no mains / natural or DC,0
0,0,6,360,-1.1258278145695364,-0.2684408093508713,0.36024048585467083,-41.64,-35.85142857142857,-44.52571428571429,0,0,0,0,0,0,0,0,0,0,0,no mains / natural or DC,0
0,0,6,370,-1.1258278145695364,-0.2684408093508713,0.36024048585467083,-41.64,-35.85142857142857,-44.52571428571429,0,0,0,0,0,0,0,0,0,0,0,no mains / natural or DC,0
0,0,6,380,-1.08584856715598,-0.3095187231055635,0.36762596514786217,-39.14857142857143,-20.21142857142857,-22.765714285714285,0,0,0,0,0,0,0,0,0,0,0,no mains / natural or DC,0
0,0,6,390,-1.08584856715598,-0.3095187231055635,0.36762596514786217,-39.14857142857143,-20.21142857142857,-22.765714285714285,0,0,0,0,0,0,0,0,0,0,0,no mains / natural or DC,0
0,0,6,400,-1.0789513840144047,-0.33625293740653706,0.38642536698507646,-37.19428571428571,-12.977142857142857,-6.0685714285714285,0,0,0,0,0,0,0,0,0,0,0,no mains / natural or DC,0
0,0,6,410,-1.0789513840144047,-0.33625293740653706,0.38642536698507646,-37.19428571428571,-12.977142857142857,-6.0685714285714285,0,0,0,0,0,0,0,0,0,0,0,no mains / natural or DC,0
0,0,6,420,-1.0199896237067783,-0.3360698263496811,0.36695455793939025,-36.17142857142857,-7.617142857142857,4.748571428571428,0,0,0,0,0,0,0,0,0,0,0,no mains / natural or DC,0
0,0,6,430,-1.0199896237067783,-0.3360698263496811,0.36695455793939025,-36.17142857142857,-7.617142857142857,4.748571428571428,0,0,0,0,0,0,0,0,0,0,0,no mains / natural or DC,0
0,0,6,440,-1.0080874050111392,-0.31153294473097937,0.3521225623340556,-36.51428571428571,-7.188571428571429,10.708571428571428,0,0,0,0,0,0,0,0,0,0,0,no mains / natural or DC,0
0,0,6,450,-1.0080874050111392,-0.31153294473097937,0.3521225623340556,-36.51428571428571,-6.908571428571428,13.697142857142858,0,0,0,0,0,0,0,0,0,0,0,no mains / natural or DC,0
0,0,6,460,-0.977690969573046,-0.28278450880459,0.3325907162694174,-37.47428571428571,-6.908571428571428,13.697142857142858,0,0,0,0,0,0,0,0,0,0,0,no mains / natural or DC,0
0,0,6,470,-0.9615161595507675,-0.22638630329294718,0.3106784264656514,-38.502857142857145,-6.651428571428571,15.428571428571429,0,0,0,0,0,0,0,0,0,0,0,no mains / natural or DC,0
0,0,6,480,-0.9615161595507675,-0.22638630329294718,0.3106784264656514,-38.502857142857145,-6.651428571428571,15.428571428571429,0,0,0,0,0,0,0,0,0,0,0,no mains / natural or DC,0
0,0,6,490,-0.967314676351207,-0.17786187322611163,0.2982879116183966,-39.30285714285714,-5.634285714285714,17.645714285714284,0,0,0,0,0,0,0,0,0,0,0,no mains / natural or DC,0
0,0,6,500,-0.967314676351207,-0.17786187322611163,0.2982879116183966,-39.30285714285714,-5.634285714285714,17.645714285714284,0,0,0,0,0,0,0,0,0,0,0,no mains / natural or DC,0
0,0,6,510,-0.9014557329020051,-0.1476485488448744,0.28321176793725394,-40.27428571428572,-3.222857142857143,20.245714285714286,0,0,0,0,0,0,0,0,0,0,0,no mains / natural or DC,0
0,0,6,520,-0.9014557329020051,-0.1476485488448744,0.28321176793725394,-40.27428571428572,-3.222857142857143,20.245714285714286,0,0,0,0,0,0,0,0,0,0,0,no mains / natural or DC,0
0,0,6,530,-0.8614764854884488,-0.11127048554948576,0.27191991943113497,-41.74285714285714,-0.6457142857142857,23.325714285714287,0,0,0,0,0,0,0,0,0,0,0,no mains / natural or DC,0
0,0,6,540,-0.8614764854884488,-0.11127048554948576,0.27191991943113497,-41.74285714285714,-0.6457142857142857,23.325714285714287,0,0,0,0,0,0,0,0,0,0,0,no mains / natural or DC,0
0,0,6,550,-0.8500625629444258,-0.07788323618274484,0.26783043916135135,-43.68571428571428,1.7085714285714286,26.49142857142857,0,0,0,0,0,0,0,0,0,0,0,no mains / natural or DC,0
0,0,6,560,-0.8500625629444258,-0.07788323618274484,0.26783043916135135,-43.68571428571428,1.7085714285714286,26.49142857142857,0,0,0,0,0,0,0,0,0,0,0,no mains / natural or DC,0
0,0,6,570,-0.847621082186346,-0.047425763725699635,0.2651448103274636,-46.05142857142857,3.8057142857142856,29.24,0,0,0,0,0,0,0,0,0,0,0,no mains / natural or DC,0
0,0,6,580,-0.847621082186346,-0.047425763725699635,0.2651448103274636,-46.05142857142857,3.8057142857142856,29.24,0,0,0,0,0,0,0,0,0,0,0,no mains / natural or DC,0
0,0,6,590,-0.8595233008819849,-0.02087466048158208,0.26581621753593554,-48.78285714285714,5.297142857142857,31.091428571428573,0,0,0,0,0,0,0,0,0,0,0,no mains / natural or DC,0
0,0,6,600,-0.8595233008819849,0.0005493331705679495,0.26789147618030335,-51.85142857142857,6.554285714285714,31.81142857142857,0,0,0,0,0,0,0,0,0,0,0,no mains / natural or DC,0
0,0,6,610,-0.8761253700369274,0.0005493331705679495,0.26789147618030335,-51.85142857142857,6.554285714285714,31.81142857142857,0,0,0,0,0,0,0,0,0,0,0,no mains / natural or DC,0
0,0,6,620,-0.8728293710135197,0.012695699942014832,0.2738731040375988,-55.31428571428572,7.702857142857143,31.245714285714286,0,0,0,0,0,0,0,0,0,0,0,no mains / natural or DC,0
0,0,6,630,-0.8728293710135197,0.012695699942014832,0.2738731040375988,-55.31428571428572,7.702857142857143,31.245714285714286,0,0,0,0,0,0,0,0,0,0,0,no mains / natural or DC,0
0,0,6,640,-0.8744773705252236,0.025513473921933653,0.27747428815576647,-59.245714285714286,8.588571428571429,29.8,0,0,0,0,0,0,0,0,0,0,0,no mains / natural or DC,0
0,0,6,650,-0.8744773705252236,0.025513473921933653,0.27747428815576647,-59.245714285714286,8.588571428571429,29.8,0,0,0,0,0,0,0,0,0,0,0,no mains / natural or DC,0
0,0,6,660,-0.8678853724784081,0.037110507522812586,0.2815027314065981,-63.674285714285716,9.291428571428572,27.908571428571427,0,0,0,0,0,0,0,0,0,0,0,no mains / natural or DC,0
0,0,6,670,-0.8678853724784081,0.037110507522812586,0.2815027314065981,-63.674285714285716,9.291428571428572,27.908571428571427,0,0,0,0,0,0,0,0,0,0,0,no mains / natural or DC,0
0,0,6,680,-0.8664204840235603,0.04278695028534806,0.28461561937314983,-68.6,9.708571428571428,25.737142857142857,0,0,0,0,0,0,0,0,0,0,0,no mains / natural or DC,0
0,0,6,690,-0.8664204840235603,0.04278695028534806,0.28461561937314983,-68.6,9.708571428571428,25.737142857142857,0,0,0,0,0,0,0,0,0,0,0,no mains / natural or DC,0
0,0,6,700,-0.8981597338785974,0.045167394024475845,0.29309976500747703,-74.30857142857143,9.377142857142857,23.285714285714285,0,0,0,0,0,0,0,0,0,0,0,no mains / natural or DC,0
0,0,6,710,-0.8981597338785974,0.045167394024475845,0.29309976500747703,-74.30857142857143,9.377142857142857,23.285714285714285,0,0,0,0,0,0,0,0,0,0,0,no mains / natural or DC,0
0,0,6,720,-0.9273964659566026,0.056581316568498796,0.3022553178502762,-80.74285714285715,9.102857142857143,20.337142857142858,0,0,0,0,0,0,0,0,0,0,0,no mains / natural or DC,0
0,0,6,730,-0.9273964659566026,0.056581316568498796,0.3022553178502762,-87.34285714285714,9.342857142857143,16.845714285714287,0,0,0,0,0,0,0,0,0,0,0,no mains / natural or DC,0
0,0,6,740,-0.9498580889309366,0.07000946073793755,0.3030487990966521,-87.34285714285714,9.342857142857143,16.845714285714287,0,0,0,0,0,0,0,0,0,0,0,no mains / natural or DC,0
0,0,6,750,-0.9403973509933775,0.08124027222510452,0.2968230231635487,-93.60571428571428,10.68,12.868571428571428,0,0,0,0,0,0,0,0,0,0,0,no mains / natural or DC,0
0,0,6,760,-0.9403973509933775,0.08124027222510452,0.2968230231635487,-93.60571428571428,10.68,12.868571428571428,0,0,0,0,0,0,0,0,0,0,0,no mains / natural or DC,0
0,0,6,770,-0.9170201727347637,0.08868678853724785,0.282235175634022,-99.14285714285714,12.965714285714286,8.428571428571429,0,0,0,0,0,0,0,0,0,0,0,no mains / natural or DC,0
0,0,6,780,-0.9170201727347637,0.08868678853724785,0.282235175634022,-99.14285714285714,12.965714285714286,8.428571428571429,0,0,0,0,0,0,0,0,0,0,0,no mains / natural or DC,0
0,0,6,790,-0.8526871547593615,0.08026367992187261,0.26233710745567185,-103.87428571428572,15.422857142857143,3.7542857142857144,0,0,0,0,0,0,0,0,0,0,0,no mains / natural or DC,0
0,0,6,800,-0.8526871547593615,0.08026367992187261,0.26233710745567185,-103.87428571428572,15.422857142857143,3.7542857142857144,0,0,0,0,0,0,0,0,0,0,0,no mains / natural or DC,0
0,0,6,810,-0.8099612414929654,0.0706808679464095,0.23548081911679433,-107.84,17.05142857142857,-1.0914285714285714,0,0,0,0,0,0,0,0,0,0,0,no mains / natural or DC,0
0,0,6,820,-0.8099612414929654,0.0706808679464095,0.23548081911679433,-107.84,17.05142857142857,-1.0914285714285714,0,0,0,0,0,0,0,0,0,0,0,no mains / natural or DC,0
0,0,6,830,-1.1890621662038026,0.1393475142674032,0.2709433271279031,-111.26857142857143,13.822857142857142,-4.7371428571428575,0,0,0,0,0,0,0,0,0,0,0,no mains / natural or DC,0
0,0,6,840,-1.1890621662038026,0.1393475142674032,0.2709433271279031,-111.26857142857143,13.822857142857142,-4.7371428571428575,0,0,0,0,0,0,0,0,0,0,0,no mains / natural or DC,0
0,0,6,850,-1.0044251838740197,0.1391033661915952,0.23999755851924193,-115.73142857142857,12.811428571428571,-4.937142857142857,0,0,0,0,0,0,0,0,0,0,0,no mains / natural or DC,0
0,0,6,860,-1.0044251838740197,0.1391033661915952,0.23999755851924193,-115.73142857142857,12.811428571428571,-3.645714285714286,0,0,0,0,0,0,0,0,0,0,0,no mains / natural or DC,0
0,0,6,870,-0.934476760155034,0.14313180944242684,0.15704824976348156,-119.42285714285714,11.685714285714285,-3.645714285714286,0,0,0,0,0,0,0,0,0,0,0,no mains / natural or DC,0
0,0,6,880,-1.2093874935148168,0.18311105685598317,0.09710989715262307,-120.66285714285715,12.451428571428572,-2.7314285714285713,0,0,0,0,0,0,0,0,0,0,0,no mains / natural or DC,0
0,0,6,890,-1.2093874935148168,0.18311105685598317,0.09710989715262307,-120.66285714285715,12.451428571428572,-2.7314285714285713,0,0,0,0,0,0,0,0,0,0,0,no mains / natural or DC,0
0,0,6,900,-1.3304849391155735,0.17658009582811976,0.008850367748039186,-118.81714285714285,25.325714285714287,-5.44,0,0,0,0,0,0,0,0,0,0,0,no mains / natural or DC,0
0,0,6,910,-1.3304849391155735,0.17658009582811976,0.008850367748039186,-118.81714285714285,25.325714285714287,-5.44,0,0,0,0,0,0,0,0,0,0,0,no mains / natural or DC,0
0,0,6,920,-1.2463759269997254,0.10608233893856624,-0.09015167699209571,-115.17714285714285,40.417142857142856,-14.76,0,0,0,0,0,0,0,0,0,0,0,no mains / natural or DC,0
0,0,6,930,-1.2463759269997254,0.10608233893856624,-0.09015167699209571,-115.17714285714285,40.417142857142856,-14.76,0,0,0,0,0,0,0,0,0,0,0,no mains / natural or DC,0
0,0,6,940,-1.1117893002105776,0.01684621723075045,-0.1676076540421766,-112.04571428571428,51.2,-27.611428571428572,0,0,0,0,0,0,0,0,0,0,0,no mains / natural or DC,0
0,0,6,950,-1.1117893002105776,0.01684621723075045,-0.1676076540421766,-112.04571428571428,51.2,-27.611428571428572,0,0,0,0,0,0,0,0,0,0,0,no mains / natural or DC,0
0,0,6,960,-0.9385662404248176,-0.05487228003784295,-0.24079103976561786,-111.30285714285715,54.62285714285714,-39.74285714285714,0,0,0,0,0,0,0,0,0,0,0,no mains / natural or DC,0
0,0,6,970,-0.9385662404248176,-0.05487228003784295,-0.24079103976561786,-111.30285714285715,54.62285714285714,-39.74285714285714,0,0,0,0,0,0,0,0,0,0,0,no mains / natural or DC,0
0,0,6,980,-0.8180791650135807,-0.11139255958738975,-0.32654805139316995,-113.09142857142857,48.6,-47.074285714285715,0,0,0,0,0,0,0,0,0,0,0,no mains / natural or DC,0
0,0,6,990,-0.8180791650135807,-0.11139255958738975,-0.32654805139316995,-113.09142857142857,48.6,-47.074285714285715,0,0,0,0,0,0,0,0,0,0,0,no mains / natural or DC,0
0,0,7,0,-0.7793816949980163,-0.16949980162968842,-0.38727988525040435,-116.66857142857143,35.73142857142857,-48.36,0,0,0,0,0,0,0,0,0,0,0,no mains / natural or DC,0
0,0,7,10,-0.7793816949980163,-0.16949980162968842,-0.42866298409985654,-121.0,22.13714285714286,-44.15428571428571,0,0,0,0,0,0,0,0,0,0,0,no mains / natural or DC,0
0,0,7,20,-0.7965330973235267,-0.1878719443342387,-0.42866298409985654,-121.0,22.13714285714286,-44.15428571428571,0,0,0,0,0,0,0,0,0,0,0,no mains / natural or DC,0
0,0,7,30,-0.8442030091250343,-0.16809595019379253,-0.43763542588579973,-123.90857142857143,12.662857142857144,-36.011428571428574,0,0,0,0,0,0,0,0,0,0,0,no mains / natural or DC,0
0,0,7,40,-0.8442030091250343,-0.16809595019379253,-0.43763542588579973,-123.90857142857143,12.662857142857144,-36.011428571428574,0,0,0,0,0,0,0,0,0,0,0,no mains / natural or DC,0
0,0,7,50,-0.8122806482131413,-0.1673024689474166,-0.42841883602404857,-125.01714285714286,6.508571428571429,-25.314285714285713,0,0,0,0,0,0,0,0,0,0,0,no mains / natural or DC,0
0,0,7,60,-0.8122806482131413,-0.1673024689474166,-0.42841883602404857,-125.01714285714286,6.508571428571429,-25.314285714285713,0,0,0,0,0,0,0,0,0,0,0,no mains / natural or DC,0
0,0,7,70,-0.8063600573747978,-0.17438276314584797,-0.42072817163609727,-125.01142857142857,-0.6685714285714286,-14.508571428571429,0,0,0,0,0,0,0,0,0,0,0,no mains / natural or DC,0
0,0,7,80,-0.8063600573747978,-0.17438276314584797,-0.42072817163609727,-125.01142857142857,-0.6685714285714286,-14.508571428571429,0,0,0,0,0,0,0,0,0,0,0,no mains / natural or DC,0
0,0,7,90,-0.8542130802331614,-0.16815698721274452,-0.3960692159794916,-123.98857142857143,-7.394285714285714,-6.2057142857142855,0,0,0,0,0,0,0,0,0,0,0,no mains / natural or DC,0
0,0,7,100,-0.8542130802331614,-0.16815698721274452,-0.3960692159794916,-123.98857142857143,-7.394285714285714,-6.2057142857142855,0,0,0,0,0,0,0,0,0,0,0,no mains / natural or DC,0
0,0,7,110,-0.8856471449934386,-0.1696218756675924,-0.3707388531144139,-122.17142857142858,-11.48,-1.1542857142857144,0,0,0,0,0,0,0,0,0,0,0,no mains / natural or DC,0
0,0,7,120,-0.8856471449934386,-0.1696218756675924,-0.3707388531144139,-122.17142857142858,-11.48,-1.1542857142857144,0,0,0,0,0,0,0,0,0,0,0,no mains / natural or DC,0
0,0,7,130,-0.9320352793969543,-0.15698721274452956,-0.35718863490707115,-120.10857142857142,-14.76,1.44,0,0,0,0,0,0,0,0,0,0,0,no mains / natural or DC,0
0,0,7,140,-0.9671315652943511,-0.1400189214758751,-0.3423566393017365,-117.54857142857144,-16.194285714285716,3.057142857142857,0,0,0,0,0,0,0,0,0,0,0,no mains / natural or DC,0
0,0,7,150,-0.9671315652943511,-0.1400189214758751,-0.3423566393017365,-117.54857142857144,-16.194285714285716,3.057142857142857,0,0,0,0,0,0,0,0,0,0,0,no mains / natural or DC,0
0,0,7,160,-0.9472334971160008,-0.12262337107455672,-0.3336283455916013,-114.6,-15.82857142857143,4.142857142857143,0,0,0,0,0,0,0,0,0,0,0,no mains / natural or DC,0
0,0,7,170,-0.9472334971160008,-0.12262337107455672,-0.3336283455916013,-114.6,-15.82857142857143,4.142857142857143,0,0,0,0,0,0,0,0,0,0,0,no mains / natural or DC,0
0,0,7,180,-0.9409466841639454,-0.09613330484939116,-0.3275246436964019,-111.42857142857143,-16.4,5.257142857142857,0,0,0,0,0,0,0,0,0,0,0,no mains / natural or DC,0
0,0,7,190,-0.9409466841639454,-0.09613330484939116,-0.3275246436964019,-111.42857142857143,-16.4,5.257142857142857,0,0,0,0,0,0,0,0,0,0,0,no mains / natural or DC,0
0,0,7,200,-0.9337443159276101,-0.06543168431653798,-0.32221442304757836,-107.91428571428571,-17.10857142857143,6.845714285714286,0,0,0,0,0,0,0,0,0,0,0,no mains / natural or DC,0
0,0,7,210,-0.9337443159276101,-0.06543168431653798,-0.32221442304757836,-107.91428571428571,-17.10857142857143,6.845714285714286,0,0,0,0,0,0,0,0,0,0,0,no mains / natural or DC,0
0,0,7,220,-0.9156773583178197,-0.0358897671437727,-0.3109225745414594,-104.06857142857143,-17.86285714285714,8.737142857142857,0,0,0,0,0,0,0,0,0,0,0,no mains / natural or DC,0
0,0,7,230,-0.9156773583178197,-0.0358897671437727,-0.3109225745414594,-104.06857142857143,-17.86285714285714,8.737142857142857,0,0,0,0,0,0,0,0,0,0,0,no mains / natural or DC,0
0,0,7,240,-0.8918729209265419,-0.014038514358958708,-0.2977996154667806,-100.09142857142857,-19.21142857142857,10.634285714285713,0,0,0,0,0,0,0,0,0,0,0,no mains / natural or DC,0
0,0,7,250,-0.8918729209265419,-0.014038514358958708,-0.2977996154667806,-100.09142857142857,-19.21142857142857,10.634285714285713,0,0,0,0,0,0,0,0,0,0,0,no mains / natural or DC,0
0,0,7,260,-0.879909665211951,0.009521774956511124,-0.2847376934110538,-96.08571428571429,-20.85142857142857,12.04,0,0,0,0,0,0,0,0,0,0,0,no mains / natural or DC,0
0,0,7,270,-0.879909665211951,0.009521774956511124,-0.2847376934110538,-96.08571428571429,-20.85142857142857,12.04,0,0,0,0,0,0,0,0,0,0,0,no mains / natural or DC,0
0,0,7,280,-0.880275887325663,0.031189916684469132,-0.27002777184362314,-91.84,-22.32,12.782857142857143,0,0,0,0,0,0,0,0,0,0,0,no mains / natural or DC,0
0,0,7,290,-0.880275887325663,0.05389568773461104,-0.2520218512527848,-87.38285714285715,-23.251428571428573,12.914285714285715,0,0,0,0,0,0,0,0,0,0,0,no mains / natural or DC,0
0,0,7,300,-0.8755149998474074,0.05389568773461104,-0.2520218512527848,-87.38285714285715,-23.251428571428573,12.914285714285715,0,0,0,0,0,0,0,0,0,0,0,no mains / natural or DC,0
0,0,7,310,-0.8869899594103824,0.07898190252388074,-0.2412182988982818,-82.77714285714286,-24.0,12.725714285714286,0,0,0,0,0,0,0,0,0,0,0,no mains / natural or DC,0
0,0,7,320,-0.8869899594103824,0.07898190252388074,-0.2412182988982818,-82.77714285714286,-24.0,12.725714285714286,0,0,0,0,0,0,0,0,0,0,0,no mains / natural or DC,0
0,0,7,330,-0.9091463972899564,0.10095522934659872,-0.22711874752037112,-78.12,-24.34285714285714,12.371428571428572,0,0,0,0,0,0,0,0,0,0,0,no mains / natural or DC,0
0,0,7,340,-0.9091463972899564,0.10095522934659872,-0.22711874752037112,-78.12,-24.34285714285714,12.371428571428572,0,0,0,0,0,0,0,0,0,0,0,no mains / natural or DC,0
0,0,7,350,-0.9279457991271707,0.12836085085604418,-0.22016052735984373,-73.57142857142857,-23.954285714285714,12.205714285714286,0,0,0,0,0,0,0,0,0,0,0,no mains / natural or DC,0
0,0,7,360,-0.9279457991271707,0.12836085085604418,-0.22016052735984373,-73.57142857142857,-23.954285714285714,12.205714285714286,0,0,0,0,0,0,0,0,0,0,0,no mains / natural or DC,0
0,0,7,370,-0.9216589861751152,0.1478316599017304,-0.21271401104770044,-69.02857142857142,-22.834285714285713,12.234285714285715,0,0,0,0,0,0,0,0,0,0,0,no mains / natural or DC,0
0,0,7,380,-0.9216589861751152,0.1478316599017304,-0.21271401104770044,-69.02857142857142,-22.834285714285713,12.234285714285715,0,0,0,0,0,0,0,0,0,0,0,no mains / natural or DC,0
0,0,7,390,-0.912991729483932,0.17444380016479996,-0.2118594927823725,-64.52571428571429,-21.074285714285715,12.76,0,0,0,0,0,0,0,0,0,0,0,no mains / natural or DC,0
0,0,7,400,-0.912991729483932,0.17444380016479996,-0.2118594927823725,-64.52571428571429,-21.074285714285715,12.76,0,0,0,0,0,0,0,0,0,0,0,no mains / natural or DC,0
0,0,7,410,-0.9141514328440199,0.19849238563188573,-0.20935697500534073,-60.06285714285714,-19.257142857142856,14.182857142857143,0,0,0,0,0,0,0,0,0,0,0,no mains / natural or DC,0
0,0,7,420,-0.9141514328440199,0.19849238563188573,-0.20935697500534073,-55.83428571428571,-17.382857142857144,16.085714285714285,0,0,0,0,0,0,0,0,0,0,0,no mains / natural or DC,0
0,0,7,430,-0.913174840540788,0.217169713431196,-0.20618305001983703,-55.83428571428571,-17.382857142857144,16.085714285714285,0,0,0,0,0,0,0,0,0,0,0,no mains / natural or DC,0
0,0,7,440,-0.9007843256935332,0.2271797845393231,-0.2042909024323252,-52.13142857142857,-15.92,17.82857142857143,0,0,0,0,0,0,0,0,0,0,0,no mains / natural or DC,0
0,0,7,450,-0.9007843256935332,0.2271797845393231,-0.2042909024323252,-52.13142857142857,-15.92,17.82857142857143,0,0,0,0,0,0,0,0,0,0,0,no mains / natural or DC,0
0,0,7,460,-0.8860744041261025,0.23126926480910673,-0.20343638416699728,-49.14857142857143,-15.034285714285714,19.057142857142857,0,0,0,0,0,0,0,0,0,0,0,no mains / natural or DC,0
0,0,7,470,-0.8860744041261025,0.23126926480910673,-0.20343638416699728,-49.14857142857143,-15.034285714285714,19.057142857142857,0,0,0,0,0,0,0,0,0,0,0,no mains / natural or DC,0
0,0,7,480,-0.8782616657002472,0.2314523758659627,-0.20093386638996552,-47.08571428571429,-14.788571428571428,19.537142857142857,0,0,0,0,0,0,0,0,0,0,0,no mains / natural or DC,0
0,0,7,490,-0.8782616657002472,0.2314523758659627,-0.20093386638996552,-47.08571428571429,-14.788571428571428,19.537142857142857,0,0,0,0,0,0,0,0,0,0,0,no mains / natural or DC,0
0,0,7,500,-0.8405407879879147,0.22632526627399518,-0.19727164525284585,-45.83428571428571,-14.32,19.17142857142857,0,0,0,0,0,0,0,0,0,0,0,no mains / natural or DC,0
0,0,7,510,-0.8405407879879147,0.22632526627399518,-0.19727164525284585,-45.83428571428571,-14.32,19.17142857142857,0,0,0,0,0,0,0,0,0,0,0,no mains / natural or DC,0
0,0,7,520,-0.8320566423535875,0.2262642292550432,-0.1826227607043672,-44.965714285714284,-13.605714285714285,17.69142857142857,0,0,0,0,0,0,0,0,0,0,0,no mains / natural or DC,0
0,0,7,530,-0.8320566423535875,0.2262642292550432,-0.1826227607043672,-44.965714285714284,-13.605714285714285,17.69142857142857,0,0,0,0,0,0,0,0,0,0,0,no mains / natural or DC,0
0,0,7,540,-0.9084749900814845,0.2401196325571459,-0.1672414319284646,-44.72,-14.394285714285715,16.62857142857143,0,0,0,0,0,0,0,0,0,0,0,no mains / natural or DC,0
0,0,7,550,-0.9084749900814845,0.2401196325571459,-0.1672414319284646,-44.72,-14.394285714285715,14.914285714285715,0,0,0,0,0,0,0,0,0,0,0,no mains / natural or DC,0
0,0,7,560,-0.9532151249732963,0.23651844843897823,-0.16461684011352887,-44.21142857142857,-14.085714285714285,14.914285714285715,0,0,0,0,0,0,0,0,0,0,0,no mains / natural or DC,0
0,0,7,570,-1.1574449903866695,0.2659382915738395,-0.14423047578356274,-42.42285714285714,-12.022857142857143,11.394285714285715,0,0,0,0,0,0,0,0,0,0,0,no mains / natural or DC,0
0,0,7,580,-1.1574449903866695,0.2659382915738395,-0.14423047578356274,-42.42285714285714,-12.022857142857143,11.394285714285715,0,0,0,0,0,0,0,0,0,0,0,no mains / natural or DC,0
0,0,7,590,-1.2231818597979676,0.2706991790520951,-0.07788323618274484,-40.08571428571429,-10.291428571428572,9.102857142857143,0,0,0,0,0,0,0,0,0,0,0,no mains / natural or DC,0
0,0,7,600,-1.2231818597979676,0.2706991790520951,-0.07788323618274484,-40.08571428571429,-10.291428571428572,9.102857142857143,0,0,0,0,0,0,0,0,0,0,0,no mains / natural or DC,0
0,0,7,610,-0.9080477309488204,0.14703817865535448,-0.04181035798211615,-38.325714285714284,-5.462857142857143,6.325714285714286,0,0,0,0,0,0,0,0,0,0,0,no mains / natural or DC,0
0,0,7,620,-0.9080477309488204,0.14703817865535448,-0.04181035798211615,-38.325714285714284,-5.462857142857143,6.325714285714286,0,0,0,0,0,0,0,0,0,0,0,no mains / natural or DC,0
0,0,7,630,-0.9846491897335734,0.09942930387279886,0.05310220648823512,-38.691428571428574,-11.434285714285714,0.18285714285714286,0,0,0,0,0,0,0,0,0,0,0,no mains / natural or DC,0
0,0,7,640,-0.9846491897335734,0.09942930387279886,0.05310220648823512,-38.691428571428574,-11.434285714285714,0.18285714285714286,0,0,0,0,0,0,0,0,0,0,0,no mains / natural or DC,0
0,0,7,650,-1.1341898861659596,0.015686513870662555,0.13769951475569933,-40.09142857142857,-18.32,-10.36,0,0,0,0,0,0,0,0,0,0,0,no mains / natural or DC,0
0,0,7,660,-1.1341898861659596,0.015686513870662555,0.13769951475569933,-40.09142857142857,-18.32,-10.36,0,0,0,0,0,0,0,0,0,0,0,no mains / natural or DC,0
0,0,7,670,-1.2482680745872372,-0.07135227515488143,0.18274483474227118,-41.245714285714286,-24.194285714285716,-28.97714285714286,0,0,0,0,0,0,0,0,0,0,0,no mains / natural or DC,0
0,0,7,680,-1.2482680745872372,-0.07135227515488143,0.18274483474227118,-41.245714285714286,-24.194285714285716,-28.97714285714286,0,0,0,0,0,0,0,0,0,0,0,no mains / natural or DC,0
0,0,7,690,-1.2568132572405164,-0.14178899502548295,0.2324900051881466,-41.2,-26.84,-51.38285714285714,0,0,0,0,0,0,0,0,0,0,0,no mains / natural or DC,0
0,0,7,700,-1.2568132572405164,-0.14178899502548295,0.2556840723899045,-39.84,-27.01142857142857,-64.74285714285715,0,0,0,0,0,0,0,0,0,0,0,no mains / natural or DC,0
0,0,7,710,-1.293618579668569,-0.12311166722617267,0.2556840723899045,-39.84,-27.01142857142857,-64.74285714285715,0,0,0,0,0,0,0,0,0,0,0,no mains / natural or DC,0
0,0,7,720,-1.2338633381145665,-0.1488692892239143,0.27680288094729455,-37.25142857142857,-26.33142857142857,-59.02857142857143,0,0,0,0,0,0,0,0,0,0,0,no mains / natural or DC,0
0,0,7,730,-1.2338633381145665,-0.1488692892239143,0.27680288094729455,-37.25142857142857,-26.33142857142857,-59.02857142857143,0,0,0,0,0,0,0,0,0,0,0,no mains / natural or DC,0
0,0,7,740,-1.140720847193823,-0.22675252540665913,0.2974944303720206,-33.57714285714286,-22.64,-43.13142857142857,0,0,0,0,0,0,0,0,0,0,0,no mains / natural or DC,0
0,0,7,750,-1.140720847193823,-0.22675252540665913,0.2974944303720206,-33.57714285714286,-22.64,-43.13142857142857,0,0,0,0,0,0,0,0,0,0,0,no mains / natural or DC,0
0,0,7,760,-1.1030610065004425,-0.26490066225165565,0.29981383709219644,-30.234285714285715,-18.92,-27.94857142857143,0,0,0,0,0,0,0,0,0,0,0,no mains / natural or DC,0
0,0,7,770,-1.1030610065004425,-0.26490066225165565,0.29981383709219644,-30.234285714285715,-18.92,-27.94857142857143,0,0,0,0,0,0,0,0,0,0,0,no mains / natural or DC,0
0,0,7,780,-1.0613116855372784,-0.2722861415448469,0.2835169530320139,-27.417142857142856,-13.72,-17.354285714285716,0,0,0,0,0,0,0,0,0,0,0,no mains / natural or DC,0
0,0,7,790,-1.0613116855372784,-0.2722861415448469,0.2835169530320139,-27.417142857142856,-13.72,-17.354285714285716,0,0,0,0,0,0,0,0,0,0,0,no mains / natural or DC,0
0,0,7,800,-0.9859309671315653,-0.2507400738547929,0.26013977477340006,-25.18857142857143,-8.251428571428571,-10.948571428571428,0,0,0,0,0,0,0,0,0,0,0,no mains / natural or DC,0
0,0,7,810,-0.9859309671315653,-0.2507400738547929,0.26013977477340006,-25.18857142857143,-8.251428571428571,-10.948571428571428,0,0,0,0,0,0,0,0,0,0,0,no mains / natural or DC,0
0,0,7,820,-0.9121982482375561,-0.21655934324167608,0.2315744499038667,-23.422857142857143,-4.074285714285714,-6.325714285714286,0,0,0,0,0,0,0,0,0,0,0,no mains / natural or DC,0
0,0,7,830,-0.9121982482375561,-0.21655934324167608,0.2315744499038667,-21.942857142857143,-1.2742857142857142,-2.0114285714285716,0,0,0,0,0,0,0,0,0,0,0,no mains / natural or DC,0
0,0,7,840,-0.8527481917783135,-0.1752983184301279,0.20789208655049288,-21.942857142857143,-1.2742857142857142,-2.0114285714285716,0,0,0,0,0,0,0,0,0,0,0,no mains / natural or DC,0
0,0,7,850,-0.8054445020905179,-0.1294595171971801,0.18854335154271065,-20.49142857142857,0.8571428571428571,2.56,0,0,0,0,0,0,0,0,0,0,0,no mains / natural or DC,0
0,0,7,860,-0.8054445020905179,-0.1294595171971801,0.18854335154271065,-20.49142857142857,0.8571428571428571,2.56,0,0,0,0,0,0,0,0,0,0,0,no mains / natural or DC,0
0,0,7,870,-0.7849971007415998,-0.08532975249488815,0.1748710592974639,-18.97714285714286,1.9714285714285715,6.96,0,0,0,0,0,0,0,0,0,0,0,no mains / natural or DC,0
0,0,7,880,-0.7849971007415998,-0.08532975249488815,0.1748710592974639,-18.97714285714286,1.9714285714285715,6.96,0,0,0,0,0,0,0,0,0,0,0,no mains / natural or DC,0
0,0,7,890,-0.782067323831904,-0.04638813440351573,0.16772972808008058,-17.365714285714287,2.4457142857142857,10.82857142857143,0,0,0,0,0,0,0,0,0,0,0,no mains / natural or DC,0
0,0,7,900,-0.782067323831904,-0.04638813440351573,0.16772972808008058,-17.365714285714287,2.4457142857142857,10.82857142857143,0,0,0,0,0,0,0,0,0,0,0,no mains / natural or DC,0
0,0,7,910,-0.771202734458449,-0.014221625415814692,0.16779076509903257,-15.777142857142858,2.7085714285714286,13.948571428571428,0,0,0,0,0,0,0,0,0,0,0,no mains / natural or DC,0
0,0,7,920,-0.771202734458449,-0.014221625415814692,0.16779076509903257,-15.777142857142858,2.7085714285714286,13.948571428571428,0,0,0,0,0,0,0,0,0,0,0,no mains / natural or DC,0
0,0,7,930,-0.7990356151005585,0.017029328287606435,0.17255165257728813,-14.354285714285714,2.045714285714286,16.16,0,0,0,0,0,0,0,0,0,0,0,no mains / natural or DC,0
0,0,7,940,-0.7990356151005585,0.017029328287606435,0.17255165257728813,-14.354285714285714,2.045714285714286,16.16,0,0,0,0,0,0,0,0,0,0,0,no mains / natural or DC,0
0,0,7,950,-0.8420056764427626,0.051026947843867305,0.17792291024506363,-13.142857142857142,1.262857142857143,17.64,0,0,0,0,0,0,0,0,0,0,0,no mains / natural or DC,0
0,0,7,960,-0.8420056764427626,0.051026947843867305,0.17792291024506363,-13.142857142857142,1.262857142857143,17.64,0,0,0,0,0,0,0,0,0,0,0,no mains / natural or DC,0
0,0,7,970,-0.8572649311807611,0.07348857081820123,0.17694631794183172,-12.01142857142857,1.3085714285714285,18.097142857142856,0,0,0,0,0,0,0,0,0,0,0,no mains / natural or DC,0
0,0,7,980,-0.8843043305764946,0.09833063753166295,0.1752983184301279,-10.902857142857142,1.6857142857142857,17.502857142857142,0,0,0,0,0,0,0,0,0,0,0,no mains / natural or DC,0
0,0,7,990,-0.8843043305764946,0.09833063753166295,0.1752983184301279,-10.902857142857142,1.6857142857142857,17.502857142857142,0,0,0,0,0,0,0,0,0,0,0,no mains / natural or DC,0
0,0,8,0,-0.9064607684560686,0.11279641102328562,0.1685842463454085,-9.85142857142857,2.737142857142857,16.154285714285713,0,0,0,0,0,0,0,0,0,0,0,no mains / natural or DC,0
0,0,8,10,-0.9064607684560686,0.11279641102328562,0.1685842463454085,-9.85142857142857,2.737142857142857,16.154285714285713,0,0,0,0,0,0,0,0,0,0,0,no mains / natural or DC,0
0,0,8,20,-0.9127475814081241,0.1239661854915006,0.16278572954496903,-9.045714285714286,4.2628571428571425,13.777142857142858,0,0,0,0,0,0,0,0,0,0,0,no mains / natural or DC,0
0,0,8,30,-0.9127475814081241,0.1239661854915006,0.16278572954496903,-9.045714285714286,4.2628571428571425,13.777142857142858,0,0,0,0,0,0,0,0,0,0,0,no mains / natural or DC,0
0,0,8,40,-0.9030426953947569,0.1325724051637318,0.15076143681142612,-8.337142857142856,5.702857142857143,10.965714285714286,0,0,0,0,0,0,0,0,0,0,0,no mains / natural or DC,0
0,0,8,50,-0.9030426953947569,0.1325724051637318,0.15076143681142612,-8.337142857142856,5.702857142857143,10.965714285714286,0,0,0,0,0,0,0,0,0,0,0,no mains / natural or DC,0
0,0,8,60,-0.8932767723624379,0.13562425611133153,0.1423993652150029,-7.822857142857143,6.817142857142857,8.028571428571428,0,0,0,0,0,0,0,0,0,0,0,no mains / natural or DC,0
0,0,8,70,-0.8932767723624379,0.13562425611133153,0.1423993652150029,-7.822857142857143,6.817142857142857,8.028571428571428,0,0,0,0,0,0,0,0,0,0,0,no mains / natural or DC,0
0,0,8,80,-0.8730735190893277,0.13965269936216315,0.13629566331980347,-7.68,7.822857142857143,5.4,0,0,0,0,0,0,0,0,0,0,0,no mains / natural or DC,0
0,0,8,90,-0.8730735190893277,0.13965269936216315,0.13629566331980347,-7.68,7.822857142857143,5.4,0,0,0,0,0,0,0,0,0,0,0,no mains / natural or DC,0
0,0,8,100,-0.8709372234260079,0.14575640125736258,0.13013092440565202,-7.862857142857143,8.09142857142857,3.5714285714285716,0,0,0,0,0,0,0,0,0,0,0,no mains / natural or DC,0
0,0,8,110,-0.8709372234260079,0.14575640125736258,0.13013092440565202,-8.131428571428572,8.08,2.1142857142857143,0,0,0,0,0,0,0,0,0,0,0,no mains / natural or DC,0
0,0,8,120,-0.9139683217871639,0.15765861995300148,0.1270180364391003,-8.131428571428572,8.08,2.1142857142857143,0,0,0,0,0,0,0,0,0,0,0,no mains / natural or DC,0
0,0,8,130,-0.9760429700613422,0.17755668813135167,0.12781151768547624,-8.177142857142858,8.262857142857143,0.6114285714285714,0,0,0,0,0,0,0,0,0,0,0,no mains / natural or DC,0
0,0,8,140,-0.9760429700613422,0.17755668813135167,0.12781151768547624,-8.177142857142858,8.262857142857143,0.6114285714285714,0,0,0,0,0,0,0,0,0,0,0,no mains / natural or DC,0
0,0,8,150,-0.967314676351207,0.18121890926847134,0.12695699942014832,-8.0,9.137142857142857,-0.6685714285714286,0,0,0,0,0,0,0,0,0,0,0,no mains / natural or DC,0
0,0,8,160,-0.967314676351207,0.18121890926847134,0.12695699942014832,-8.0,9.137142857142857,-0.6685714285714286,0,0,0,0,0,0,0,0,0,0,0,no mains / natural or DC,0
0,0,8,170,-0.9842219306009095,0.17694631794183172,0.11590929898983733,-7.9314285714285715,9.102857142857143,-1.28,0,0,0,0,0,0,0,0,0,0,0,no mains / natural or DC,0
0,0,8,180,-0.9842219306009095,0.17694631794183172,0.11590929898983733,-7.9314285714285715,9.102857142857143,-1.28,0,0,0,0,0,0,0,0,0,0,0,no mains / natural or DC,0
0,0,8,190,-1.0431836909085361,0.15186010315256204,0.10608233893856624,-7.937142857142857,8.834285714285715,-2.0285714285714285,0,0,0,0,0,0,0,0,0,0,0,no mains / natural or DC,0
0,0,8,200,-1.0431836909085361,0.15186010315256204,0.10608233893856624,-7.937142857142857,8.834285714285715,-2.0285714285714285,0,0,0,0,0,0,0,0,0,0,0,no mains / natural or DC,0
0,0,8,210,-1.121372112186041,0.08655049287392803,0.11542100283822138,-7.885714285714286,8.245714285714286,-5.571428571428571,0,0,0,0,0,0,0,0,0,0,0,no mains / natural or DC,0
0,0,8,220,-1.121372112186041,0.08655049287392803,0.11542100283822138,-7.885714285714286,8.245714285714286,-5.571428571428571,0,0,0,0,0,0,0,0,0,0,0,no mains / natural or DC,0
0,0,8,230,-1.0877407147434919,-0.03295999023407697,0.14862514114810632,-8.754285714285714,6.0,-13.982857142857142,0,0,0,0,0,0,0,0,0,0,0,no mains / natural or DC,0
0,0,8,240,-1.0877407147434919,-0.03295999023407697,0.14862514114810632,-8.754285714285714,0.14857142857142858,-26.08,0,0,0,0,0,0,0,0,0,0,0,no mains / natural or DC,0
0,0,8,250,-0.967741935483871,-0.1510666219061861,0.17688528092287972,-11.285714285714286,0.22285714285714286,-26.08,0,0,0,0,0,0,0,0,0,0,0,no mains / natural or DC,0
0,0,8,260,-1.2432630390331736,-0.15662099063081758,0.13953062532425917,-14.514285714285714,-9.794285714285714,-35.91428571428571,0,0,0,0,0,0,0,0,0,0,0,no mains / natural or DC,0
0,0,8,270,-1.2432630390331736,-0.15662099063081758,0.13953062532425917,-14.514285714285714,-9.794285714285714,-35.91428571428571,0,0,0,0,0,0,0,0,0,0,0,no mains / natural or DC,0
0,0,8,280,-1.349101229895932,-0.05932798242133854,0.1976378673665578,-17.714285714285715,-13.291428571428572,-27.205714285714286,0,0,0,0,0,0,0,0,0,0,0,no mains / natural or DC,0
0,0,8,290,-1.349101229895932,-0.05932798242133854,0.1976378673665578,-17.714285714285715,-13.291428571428572,-27.205714285714286,0,0,0,0,0,0,0,0,0,0,0,no mains / natural or DC,0
0,0,8,300,-1.2563249610889005,-0.053285317545091096,0.04205450605792413,-16.18285714285714,4.714285714285714,-0.07428571428571429,0,0,0,0,0,0,0,0,0,0,0,no mains / natural or DC,0
0,0,8,310,-1.2563249610889005,-0.053285317545091096,0.04205450605792413,-16.18285714285714,4.714285714285714,-0.07428571428571429,0,0,0,0,0,0,0,0,0,0,0,no mains / natural or DC,0
0,0,8,320,-1.1675771355327005,-0.14825891903439437,0.04730368968779565,-12.691428571428572,14.868571428571428,21.737142857142857,0,0,0,0,0,0,0,0,0,0,0,no mains / natural or DC,0
0,0,8,330,-1.1675771355327005,-0.14825891903439437,0.04730368968779565,-12.691428571428572,14.868571428571428,21.737142857142857,0,0,0,0,0,0,0,0,0,0,0,no mains / natural or DC,0
0,0,8,340,-1.141819513534959,-0.1784112063966796,0.006347849971007416,-7.56,32.4,34.01714285714286,0,0,0,0,0,0,0,0,0,0,0,no mains / natural or DC,0
0,0,8,350,-1.141819513534959,-0.1784112063966796,0.006347849971007416,-7.56,32.4,34.01714285714286,0,0,0,0,0,0,0,0,0,0,0,no mains / natural or DC,0
0,0,8,360,-1.1469466231269265,-0.14587847529526657,-0.021485030671102023,-3.28,43.49142857142857,35.794285714285714,0,0,0,0,0,0,0,0,0,0,0,no mains / natural or DC,0
0,0,8,370,-1.1469466231269265,-0.14587847529526657,-0.021485030671102023,-3.28,43.49142857142857,35.794285714285714,0,0,0,0,0,0,0,0,0,0,0,no mains / natural or DC,0
0,0,8,380,-1.10849330118717,-0.09704886013367107,-0.07061983092745751,0.19428571428571428,49.097142857142856,35.457142857142856,0,0,0,0,0,0,0,0,0,0,0,no mains / natural or DC,0
0,0,8,390,-1.10849330118717,-0.034546952726828825,-0.13544114505447555,2.3657142857142857,49.21714285714286,34.08,0,0,0,0,0,0,0,0,0,0,0,no mains / natural or DC,0
0,0,8,400,-1.0553910946989349,-0.042237617114780114,-0.13544114505447555,2.3657142857142857,49.21714285714286,34.08,0,0,0,0,0,0,0,0,0,0,0,no mains / natural or DC,0
0,0,8,410,-1.0353709524826809,0.004760887478255562,-0.19251075777459029,3.8971428571428572,45.84571428571429,31.81142857142857,0,0,0,0,0,0,0,0,0,0,0,no mains / natural or DC,0
0,0,8,420,-1.0353709524826809,0.004760887478255562,-0.19251075777459029,3.8971428571428572,45.84571428571429,31.81142857142857,0,0,0,0,0,0,0,0,0,0,0,no mains / natural or DC,0
0,0,8,430,-1.0019837031159398,0.024048585467085788,-0.21869563890499588,5.314285714285714,43.40571428571428,28.085714285714285,0,0,0,0,0,0,0,0,0,0,0,no mains / natural or DC,0
0,0,8,440,-1.0019837031159398,0.024048585467085788,-0.21869563890499588,5.314285714285714,43.40571428571428,28.085714285714285,0,0,0,0,0,0,0,0,0,0,0,no mains / natural or DC,0
0,0,8,450,-0.8937040314951018,0.03277687917722098,-0.23889889217810603,6.571428571428571,41.68571428571428,22.56,0,0,0,0,0,0,0,0,0,0,0,no mains / natural or DC,0
0,0,8,460,-0.8937040314951018,0.03277687917722098,-0.23889889217810603,6.571428571428571,41.68571428571428,22.56,0,0,0,0,0,0,0,0,0,0,0,no mains / natural or DC,0
0,0,8,470,-0.8135013885921811,0.04364146855067599,-0.25165562913907286,7.7542857142857144,38.28,16.377142857142857,0,0,0,0,0,0,0,0,0,0,0,no mains / natural or DC,0
0,0,8,480,-0.8135013885921811,0.04364146855067599,-0.25165562913907286,7.7542857142857144,38.28,16.377142857142857,0,0,0,0,0,0,0,0,0,0,0,no mains / natural or DC,0
0,0,8,490,-0.7726065858943449,0.06219672231208228,-0.26563310647907956,8.914285714285715,33.59428571428571,11.82857142857143,0,0,0,0,0,0,0,0,0,0,0,no mains / natural or DC,0
0,0,8,500,-0.7726065858943449,0.06219672231208228,-0.26563310647907956,8.914285714285715,33.59428571428571,11.82857142857143,0,0,0,0,0,0,0,0,0,0,0,no mains / natural or DC,0
0,0,8,510,-0.7367778557695243,0.0848414563432722,-0.2728965117343669,10.12,28.24,9.691428571428572,0,0,0,0,0,0,0,0,0,0,0,no mains / natural or DC,0
0,0,8,520,-0.7367778557695243,0.0848414563432722,-0.2728965117343669,11.125714285714286,22.365714285714287,9.777142857142858,0,0,0,0,0,0,0,0,0,0,0,no mains / natural or DC,0
0,0,8,530,-0.7136448255867184,0.1021149327066866,-0.2781456953642384,11.125714285714286,22.365714285714287,9.777142857142858,0,0,0,0,0,0,0,0,0,0,0,no mains / natural or DC,0
0,0,8,540,-0.6808069093905453,0.10956144901882992,-0.27436140018921473,11.405714285714286,15.102857142857143,11.4,0,0,0,0,0,0,0,0,0,0,0,no mains / natural or DC,0
0,0,8,550,-0.6808069093905453,0.10956144901882992,-0.27436140018921473,11.405714285714286,15.102857142857143,11.4,0,0,0,0,0,0,0,0,0,0,0,no mains / natural or DC,0
0,0,8,560,-0.6592608417004914,0.12134159367656483,-0.27246925260170296,10.777142857142858,6.102857142857143,13.177142857142858,0,0,0,0,0,0,0,0,0,0,0,no mains / natural or DC,0
0,0,8,570,-0.6592608417004914,0.12134159367656483,-0.27246925260170296,10.777142857142858,6.102857142857143,13.177142857142858,0,0,0,0,0,0,0,0,0,0,0,no mains / natural or DC,0
0,0,8,580,-0.6760460219122898,0.14520706808679465,-0.2632526627399518,9.417142857142856,-3.5942857142857143,14.628571428571428,0,0,0,0,0,0,0,0,0,0,0,no mains / natural or DC,0
0,0,8,590,-0.6760460219122898,0.14520706808679465,-0.2632526627399518,9.417142857142856,-3.5942857142857143,14.628571428571428,0,0,0,0,0,0,0,0,0,0,0,no mains / natural or DC,0
0,0,8,600,-0.7121189001129185,0.18347727896969512,-0.24829859309671315,8.017142857142858,-11.48,15.965714285714286,0,0,0,0,0,0,0,0,0,0,0,no mains / natural or DC,0
0,0,8,610,-0.7121189001129185,0.18347727896969512,-0.24829859309671315,8.017142857142858,-11.48,15.965714285714286,0,0,0,0,0,0,0,0,0,0,0,no mains / natural or DC,0
0,0,8,620,-0.7209082308420057,0.21906186101870784,-0.22565385906552324,7.005714285714285,-16.594285714285714,17.525714285714287,0,0,0,0,0,0,0,0,0,0,0,no mains / natural or DC,0
0,0,8,630,-0.7209082308420057,0.21906186101870784,-0.22565385906552324,7.005714285714285,-16.594285714285714,17.525714285714287,0,0,0,0,0,0,0,0,0,0,0,no mains / natural or DC,0
0,0,8,640,-0.7020477919858394,0.2413403729361858,-0.2052674947355571,6.222857142857142,-20.285714285714285,19.68,0,0,0,0,0,0,0,0,0,0,0,no mains / natural or DC,0
0,0,8,650,-0.7020477919858394,0.2413403729361858,-0.2052674947355571,6.222857142857142,-20.285714285714285,21.142857142857142,0,0,0,0,0,0,0,0,0,0,0,no mains / natural or DC,0
0,0,8,660,-0.7028412732322153,0.2667317728202155,-0.1891537217322306,5.514285714285714,-23.97142857142857,21.937142857142856,0,0,0,0,0,0,0,0,0,0,0,no mains / natural or DC,0
0,0,8,670,-0.7514267403180028,0.304574724570452,-0.17975402081362346,5.394285714285714,-26.582857142857144,23.451428571428572,0,0,0,0,0,0,0,0,0,0,0,no mains / natural or DC,0
0,0,8,680,-0.7514267403180028,0.304574724570452,-0.17975402081362346,5.394285714285714,-26.582857142857144,23.451428571428572,0,0,0,0,0,0,0,0,0,0,0,no mains / natural or DC,0
0,0,8,690,-0.8192999053926207,0.347788933988464,-0.1729178746910001,6.52,-26.46857142857143,23.634285714285713,0,0,0,0,0,0,0,0,0,0,0,no mains / natural or DC,0
0,0,8,700,-0.8192999053926207,0.347788933988464,-0.1729178746910001,6.52,-26.46857142857143,23.634285714285713,0,0,0,0,0,0,0,0,0,0,0,no mains / natural or DC,0
0,0,8,710,-0.8484145634327219,0.3730582598345897,-0.16797387615588855,8.88,-24.18857142857143,22.708571428571428,0,0,0,0,0,0,0,0,0,0,0,no mains / natural or DC,0
0,0,8,720,-0.8484145634327219,0.3730582598345897,-0.16797387615588855,8.88,-24.18857142857143,22.708571428571428,0,0,0,0,0,0,0,0,0,0,0,no mains / natural or DC,0
0,0,8,730,-0.8924222540971098,0.39704580828272346,-0.17664113284707175,12.04,-22.074285714285715,20.434285714285714,0,0,0,0,0,0,0,0,0,0,0,no mains / natural or DC,0
0,0,8,740,-0.8924222540971098,0.39704580828272346,-0.17664113284707175,12.04,-22.074285714285715,20.434285714285714,0,0,0,0,0,0,0,0,0,0,0,no mains / natural or DC,0
0,0,8,750,-0.945280312509537,0.42640461439863275,-0.1868343150120548,15.777142857142858,-19.542857142857144,17.902857142857144,0,0,0,0,0,0,0,0,0,0,0,no mains / natural or DC,0
0,0,8,760,-0.945280312509537,0.42640461439863275,-0.1868343150120548,15.777142857142858,-19.542857142857144,17.902857142857144,0,0,0,0,0,0,0,0,0,0,0,no mains / natural or DC,0
0,0,8,770,-0.9587694936979277,0.4405652027954955,-0.20050660725730154,20.062857142857144,-16.045714285714286,15.4,0,0,0,0,0,0,0,0,0,0,0,no mains / natural or DC,0
0,0,8,780,-0.9587694936979277,0.4405652027954955,-0.20050660725730154,20.062857142857144,-16.045714285714286,15.4,0,0,0,0,0,0,0,0,0,0,0,no mains / natural or DC,0
0,0,8,790,-0.9757377849665823,0.44929349650563066,-0.21271401104770044,24.234285714285715,-13.657142857142857,13.331428571428571,0,0,0,0,0,0,0,0,0,0,0,no mains / natural or DC,0
0,0,8,800,-0.9757377849665823,0.44929349650563066,-0.228339487899411,27.82857142857143,-11.537142857142857,12.36,0,0,0,0,0,0,0,0,0,0,0,no mains / natural or DC,0
0,0,8,810,-0.989288003173925,0.45722830896938993,-0.22687459944456312,27.82857142857143,-11.537142857142857,12.36,0,0,0,0,0,0,0,0,0,0,0,no mains / natural or DC,0
0,0,8,820,-0.967925046540727,0.45167394024475843,-0.2370067445905942,31.057142857142857,-8.93142857142857,11.765714285714285,0,0,0,0,0,0,0,0,0,0,0,no mains / natural or DC,0
0,0,8,830,-0.967925046540727,0.45167394024475843,-0.2370067445905942,31.057142857142857,-8.93142857142857,11.765714285714285,0,0,0,0,0,0,0,0,0,0,0,no mains / natural or DC,0
0,0,8,840,-0.924771874141667,0.41883602404858544,-0.2403027436140019,33.651428571428575,-7.017142857142857,10.628571428571428,0,0,0,0,0,0,0,0,0,0,0,no mains / natural or DC,0
0,0,8,850,-0.924771874141667,0.41883602404858544,-0.2403027436140019,33.651428571428575,-7.017142857142857,10.628571428571428,0,0,0,0,0,0,0,0,0,0,0,no mains / natural or DC,0
0,0,8,860,-1.0586870937223427,0.38660847804193244,-0.3010345774712363,35.31428571428572,-7.588571428571429,8.354285714285714,0,0,0,0,0,0,0,0,0,0,0,no mains / natural or DC,0
0,0,8,870,-1.0586870937223427,0.38660847804193244,-0.3010345774712363,35.31428571428572,-7.588571428571429,8.354285714285714,0,0,0,0,0,0,0,0,0,0,0,no mains / natural or DC,0
0,0,8,880,-1.3102206488235115,0.4607684560686056,-0.24384289071321757,37.51428571428571,-8.771428571428572,7.394285714285714,0,0,0,0,0,0,0,0,0,0,0,no mains / natural or DC,0
0,0,8,890,-1.3102206488235115,0.4607684560686056,-0.24384289071321757,37.51428571428571,-8.771428571428572,7.394285714285714,0,0,0,0,0,0,0,0,0,0,0,no mains / natural or DC,0
0,0,8,900,-1.032380138554033,0.3610950041199988,-0.23798333689382611,39.36,-3.4857142857142858,10.434285714285714,0,0,0,0,0,0,0,0,0,0,0,no mains / natural or DC,0
0,0,8,910,-1.032380138554033,0.3610950041199988,-0.23798333689382611,39.36,-3.4857142857142858,10.434285714285714,0,0,0,0,0,0,0,0,0,0,0,no mains / natural or DC,0
0,0,8,920,-1.0730918301950132,0.28754539628284553,-0.13708914456617938,39.84,-15.44,8.542857142857143,0,0,0,0,0,0,0,0,0,0,0,no mains / natural or DC,0
0,0,8,930,-1.0730918301950132,0.28754539628284553,-0.13708914456617938,39.84,-25.96,1.9485714285714286,0,0,0,0,0,0,0,0,0,0,0,no mains / natural or DC,0
0,0,8,940,-1.1793572801904355,0.1794488357188635,-0.01696829126865444,39.0,-25.96,1.9485714285714286,0,0,0,0,0,0,0,0,0,0,0,no mains / natural or DC,0
0,0,8,950,-1.2809228797265542,0.11474959562974944,0.08545182653279214,36.73142857142857,-36.605714285714285,-9.891428571428571,0,0,0,0,0,0,0,0,0,0,0,no mains / natural or DC,0
0,0,8,960,-1.2809228797265542,0.11474959562974944,0.08545182653279214,36.73142857142857,-36.605714285714285,-9.891428571428571,0,0,0,0,0,0,0,0,0,0,0,no mains / natural or DC,0
0,0,8,970,-1.2684713278603472,0.030701620532853177,0.18195135349589525,34.08,-42.16,-22.48,0,0,0,0,0,0,0,0,0,0,0,no mains / natural or DC,0
0,0,8,980,-1.2684713278603472,0.030701620532853177,0.18195135349589525,34.08,-42.16,-22.48,0,0,0,0,0,0,0,0,0,0,0,no mains / natural or DC,0
0,0,8,990,-1.2624286629841,-0.0030518509475997192,0.2294381542405469,30.68,-44.08,-32.605714285714285,0,0,0,0,0,0,0,0,0,0,0,no mains / natural or DC,0
0,0,9,0,-1.2624286629841,-0.0030518509475997192,0.2294381542405469,30.68,-44.08,-32.605714285714285,0,0,0,0,0,0,0,0,0,0,0,no mains / natural or DC,0
0,0,9,10,-1.2685323648792992,-0.014587847529526658,0.2672200689718314,26.8,-41.245714285714286,-35.78857142857143,0,0,0,0,0,0,0,0,0,0,0,no mains / natural or DC,0
0,0,9,20,-1.2685323648792992,-0.014587847529526658,0.2672200689718314,26.8,-41.245714285714286,-35.78857142857143,0,0,0,0,0,0,0,0,0,0,0,no mains / natural or DC,0
0,0,9,30,-1.1398663289284952,-0.0304574724570452,0.26569414349803155,22.44,-32.27428571428572,-31.062857142857144,0,0,0,0,0,0,0,0,0,0,0,no mains / natural or DC,0
0,0,9,40,-1.1398663289284952,-0.0304574724570452,0.26569414349803155,22.44,-32.27428571428572,-31.062857142857144,0,0,0,0,0,0,0,0,0,0,0,no mains / natural or DC,0
0,0,9,50,-1.0249336222418897,-0.02362132633442183,0.25739310892056033,18.045714285714286,-26.0,-22.28,0,0,0,0,0,0,0,0,0,0,0,no mains / natural or DC,0
0,0,9,60,-1.0249336222418897,-0.02362132633442183,0.25739310892056033,18.045714285714286,-26.0,-22.28,0,0,0,0,0,0,0,0,0,0,0,no mains / natural or DC,0
0,0,9,70,-0.9414960173345134,-0.00946073793755913,0.2347483748893704,14.365714285714287,-21.97714285714286,-12.64,0,0,0,0,0,0,0,0,0,0,0,no mains / natural or DC,0
0,0,9,80,-0.9414960173345134,0.012146366771446883,0.2021546067690054,12.394285714285715,-17.49142857142857,-5.582857142857143,0,0,0,0,0,0,0,0,0,0,0,no mains / natural or DC,0
0,0,9,90,-0.8891262550737022,0.012146366771446883,0.2021546067690054,12.394285714285715,-17.49142857142857,-5.582857142857143,0,0,0,0,0,0,0,0,0,0,0,no mains / natural or DC,0
0,0,9,100,-0.8175908688619647,0.02533036286507767,0.17450483718375195,11.782857142857143,-11.971428571428572,-1.6914285714285715,0,0,0,0,0,0,0,0,0,0,0,no mains / natural or DC,0
0,0,9,110,-0.8175908688619647,0.02533036286507767,0.17450483718375195,11.782857142857143,-11.971428571428572,-1.6914285714285715,0,0,0,0,0,0,0,0,0,0,0,no mains / natural or DC,0
0,0,9,120,-0.7593615527817621,0.038758507034516436,0.14539017914365063,11.742857142857142,-7.622857142857143,-0.29714285714285715,0,0,0,0,0,0,0,0,0,0,0,no mains / natural or DC,0
0,0,9,130,-0.7593615527817621,0.038758507034516436,0.14539017914365063,11.742857142857142,-7.622857142857143,-0.29714285714285715,0,0,0,0,0,0,0,0,0,0,0,no mains / natural or DC,0
0,0,9,140,-0.728293710135197,0.06256294442579424,0.12366100039674062,11.805714285714286,-4.52,0.14285714285714285,0,0,0,0,0,0,0,0,0,0,0,no mains / natural or DC,0
0,0,9,150,-0.728293710135197,0.06256294442579424,0.12366100039674062,11.805714285714286,-4.52,0.14285714285714285,0,0,0,0,0,0,0,0,0,0,0,no mains / natural or DC,0
0,0,9,160,-0.7101046784875027,0.08526871547593616,0.10150456251716666,11.891428571428571,-2.1142857142857143,0.64,0,0,0,0,0,0,0,0,0,0,0,no mains / natural or DC,0
0,0,9,170,-0.7101046784875027,0.08526871547593616,0.10150456251716666,11.891428571428571,-2.1142857142857143,0.64,0,0,0,0,0,0,0,0,0,0,0,no mains / natural or DC,0
0,0,9,180,-0.7316507461775567,0.11328470717490158,0.08728293710135197,11.857142857142858,-0.6342857142857142,1.4342857142857144,0,0,0,0,0,0,0,0,0,0,0,no mains / natural or DC,0
0,0,9,190,-0.7408062990203559,0.1389812921536912,0.08563493758964812,11.56,1.1142857142857143,2.874285714285714,0,0,0,0,0,0,0,0,0,0,0,no mains / natural or DC,0
0,0,9,200,-0.7408062990203559,0.1389812921536912,0.08563493758964812,11.56,1.1142857142857143,2.874285714285714,0,0,0,0,0,0,0,0,0,0,0,no mains / natural or DC,0
0,0,9,210,-0.7408062990203559,0.1389812921536912,0.08563493758964812,10.891428571428571,3.057142857142857,4.417142857142857,0,0,0,0,0,0,0,0,0,0,0,no mains / natural or DC,0
0,0,9,220,-0.7155369731742302,0.1565599536118656,0.08099612414929655,10.891428571428571,3.057142857142857,4.417142857142857,0,0,0,0,0,0,0,0,0,0,0,no mains / natural or DC,0
0,0,9,230,-0.7618640705587939,0.18958098086489455,0.07043671987060152,10.114285714285714,4.074285714285714,5.474285714285714,0,0,0,0,0,0,0,0,0,0,0,no mains / natural or DC,0
0,0,9,240,-0.7618640705587939,0.18958098086489455,0.07043671987060152,10.114285714285714,4.074285714285714,5.474285714285714,0,0,0,0,0,0,0,0,0,0,0,no mains / natural or DC,0
0,0,9,250,-0.8220465712454603,0.22119815668202764,0.05902279732657857,9.628571428571428,5.977142857142857,5.954285714285715,0,0,0,0,0,0,0,0,0,0,0,no mains / natural or DC,0
0,0,9,260,-0.8220465712454603,0.22119815668202764,0.05902279732657857,9.628571428571428,5.977142857142857,5.954285714285715,0,0,0,0,0,0,0,0,0,0,0,no mains / natural or DC,0
0,0,9,270,-0.8514664143803217,0.24274422437208168,0.04504531998657185,9.405714285714286,8.417142857142856,5.137142857142857,0,0,0,0,0,0,0,0,0,0,0,no mains / natural or DC,0
0,0,9,280,-0.8514664143803217,0.24274422437208168,0.04504531998657185,9.405714285714286,8.417142857142856,5.137142857142857,0,0,0,0,0,0,0,0,0,0,0,no mains / natural or DC,0
0,0,9,290,-0.8874782555619983,0.26569414349803155,0.02966399121066927,9.205714285714286,9.868571428571428,2.942857142857143,0,0,0,0,0,0,0,0,0,0,0,no mains / natural or DC,0
0,0,9,300,-0.8874782555619983,0.26569414349803155,0.02966399121066927,9.205714285714286,9.868571428571428,2.942857142857143,0,0,0,0,0,0,0,0,0,0,0,no mains / natural or DC,0
0,0,9,310,-0.923917355876339,0.28247932370983003,0.015259254737998596,8.942857142857143,10.668571428571429,0.10285714285714286,0,0,0,0,0,0,0,0,0,0,0,no mains / natural or DC,0
0,0,9,320,-0.923917355876339,0.28247932370983003,0.015259254737998596,8.942857142857143,10.668571428571429,0.10285714285714286,0,0,0,0,0,0,0,0,0,0,0,no mains / natural or DC,0
0,0,9,330,-0.9535203100680563,0.29096346934415723,0.008423108615375225,8.405714285714286,10.771428571428572,-3.3714285714285714,0,0,0,0,0,0,0,0,0,0,0,no mains / natural or DC,0
0,0,9,340,-0.9535203100680563,0.29096346934415723,0.008423108615375225,8.405714285714286,10.771428571428572,-6.662857142857143,0,0,0,0,0,0,0,0,0,0,0,no mains / natural or DC,0
0,0,9,350,-0.967802972502823,0.3007904293954283,0.008239997558519242,7.36,10.417142857142856,-6.662857142857143,0,0,0,0,0,0,0,0,0,0,0,no mains / natural or DC,0
0,0,9,360,-0.9842219306009095,0.30286568803979613,0.011902218695638905,5.605714285714286,9.24,-8.874285714285714,0,0,0,0,0,0,0,0,0,0,0,no mains / natural or DC,0
0,0,9,370,-0.9842219306009095,0.30286568803979613,0.011902218695638905,5.605714285714286,9.24,-8.874285714285714,0,0,0,0,0,0,0,0,0,0,0,no mains / natural or DC,0
0,0,9,380,-0.9801324503311258,0.2968840601825007,0.019592883083590196,3.16,7.571428571428571,-10.56,0,0,0,0,0,0,0,0,0,0,0,no mains / natural or DC,0
0,0,9,390,-0.9801324503311258,0.2968840601825007,0.019592883083590196,3.16,7.571428571428571,-10.56,0,0,0,0,0,0,0,0,0,0,0,no mains / natural or DC,0
0,0,9,400,-0.9493087557603687,0.28608050782799765,0.023071993163853877,0.5257142857142857,6.685714285714286,-11.948571428571428,0,0,0,0,0,0,0,0,0,0,0,no mains / natural or DC,0
0,0,9,410,-0.9493087557603687,0.28608050782799765,0.023071993163853877,0.5257142857142857,6.685714285714286,-11.948571428571428,0,0,0,0,0,0,0,0,0,0,0,no mains / natural or DC,0
0,0,9,420,-0.9382000183111057,0.27875606555375837,0.01782280953398236,-1.9142857142857144,6.542857142857143,-12.93142857142857,0,0,0,0,0,0,0,0,0,0,0,no mains / natural or DC,0
0,0,9,430,-0.9382000183111057,0.27875606555375837,0.01782280953398236,-1.9142857142857144,6.542857142857143,-12.93142857142857,0,0,0,0,0,0,0,0,0,0,0,no mains / natural or DC,0
0,0,9,440,-0.9423505355998413,0.26343577379680777,0.0,-3.7085714285714286,7.268571428571429,-13.822857142857142,0,0,0,0,0,0,0,0,0,0,0,no mains / natural or DC,0
0,0,9,450,-0.9423505355998413,0.26343577379680777,0.0,-3.7085714285714286,7.268571428571429,-13.822857142857142,0,0,0,0,0,0,0,0,0,0,0,no mains / natural or DC,0
0,0,9,460,-0.9270912808618427,0.22223578600421157,-0.01879940183721427,-4.788571428571428,7.782857142857143,-16.045714285714286,0,0,0,0,0,0,0,0,0,0,0,no mains / natural or DC,0
0,0,9,470,-0.9270912808618427,0.22223578600421157,-0.01879940183721427,-4.788571428571428,7.782857142857143,-16.045714285714286,0,0,0,0,0,0,0,0,0,0,0,no mains / natural or DC,0
0,0,9,480,-1.2410657063509019,0.2152165288247322,-0.09302041688283944,-5.04,5.9314285714285715,-20.354285714285716,0,0,0,0,0,0,0,0,0,0,0,no mains / natural or DC,0
0,0,9,490,-1.2410657063509019,0.2152165288247322,-0.02465895565660573,-4.502857142857143,4.782857142857143,-24.571428571428573,0,0,0,0,0,0,0,0,0,0,0,no mains / natural or DC,0
0,0,9,500,-1.4408398693807793,0.228339487899411,-0.02465895565660573,-4.502857142857143,4.782857142857143,-24.571428571428573,0,0,0,0,0,0,0,0,0,0,0,no mains / natural or DC,0
0,0,9,510,-1.0361644337290568,0.11493270668660542,-0.12756736960966827,-4.508571428571429,10.205714285714286,-26.72,0,0,0,0,0,0,0,0,0,0,0,no mains / natural or DC,0
0,0,9,520,-1.0361644337290568,0.11493270668660542,-0.12756736960966827,-4.508571428571429,10.205714285714286,-26.72,0,0,0,0,0,0,0,0,0,0,0,no mains / natural or DC,0
0,0,9,530,-1.073824274422437,0.012878810998870815,-0.17676320688497574,-3.9657142857142857,0.11428571428571428,-32.21142857142857,0,0,0,0,0,0,0,0,0,0,0,no mains / natural or DC,0
0,0,9,540,-1.073824274422437,0.012878810998870815,-0.17676320688497574,-3.9657142857142857,0.11428571428571428,-32.21142857142857,0,0,0,0,0,0,0,0,0,0,0,no mains / natural or DC,0
0,0,9,550,-1.2117679372539445,-0.11249122592852565,-0.1880550553910947,-1.4285714285714286,-0.16,-43.114285714285714,0,0,0,0,0,0,0,0,0,0,0,no mains / natural or DC,0
0,0,9,560,-1.2117679372539445,-0.11249122592852565,-0.1880550553910947,-1.4285714285714286,-0.16,-43.114285714285714,0,0,0,0,0,0,0,0,0,0,0,no mains / natural or DC,0
0,0,9,570,-1.2337412640766625,-0.16132084109012115,-0.20996734519486068,2.0628571428571427,3.44,-55.005714285714284,0,0,0,0,0,0,0,0,0,0,0,no mains / natural or DC,0
0,0,9,580,-1.2337412640766625,-0.16132084109012115,-0.20996734519486068,2.0628571428571427,3.44,-55.005714285714284,0,0,0,0,0,0,0,0,0,0,0,no mains / natural or DC,0
0,0,9,590,-1.2115237891781365,-0.1750541703543199,-0.24268318735312966,6.274285714285714,2.3314285714285714,-54.81142857142857,0,0,0,0,0,0,0,0,0,0,0,no mains / natural or DC,0
0,0,9,600,-1.2115237891781365,-0.1750541703543199,-0.24268318735312966,6.274285714285714,2.3314285714285714,-54.81142857142857,0,0,0,0,0,0,0,0,0,0,0,no mains / natural or DC,0
0,0,9,610,-1.1098361156041139,-0.24402600177007355,-0.2454908902249214,10.4,-0.17142857142857143,-40.94285714285714,0,0,0,0,0,0,0,0,0,0,0,no mains / natural or DC,0
0,0,9,620,-1.1098361156041139,-0.24402600177007355,-0.2454908902249214,13.325714285714286,-2.297142857142857,-21.205714285714286,0,0,0,0,0,0,0,0,0,0,0,no mains / natural or DC,0
0,0,9,630,-1.0581987975707265,-0.28528702658162175,-0.22650837733085116,13.314285714285715,-2.297142857142857,-21.205714285714286,0,0,0,0,0,0,0,0,0,0,0,no mains / natural or DC,0
0,0,9,640,-0.9978331858272041,-0.2959685048982208,-0.19061861018707846,14.565714285714286,-3.7942857142857145,-3.2342857142857144,0,0,0,0,0,0,0,0,0,0,0,no mains / natural or DC,0
0,0,9,650,-0.9978331858272041,-0.2959685048982208,-0.19061861018707846,14.565714285714286,-3.7942857142857145,-3.2342857142857144,0,0,0,0,0,0,0,0,0,0,0,no mains / natural or DC,0
0,0,9,660,-0.9109164708395642,-0.2892544328135014,-0.14532914212469863,13.914285714285715,-6.88,8.948571428571428,0,0,0,0,0,0,0,0,0,0,0,no mains / natural or DC,0
0,0,9,670,-0.9109164708395642,-0.2892544328135014,-0.14532914212469863,13.914285714285715,-6.88,8.948571428571428,0,0,0,0,0,0,0,0,0,0,0,no mains / natural or DC,0
0,0,9,680,-0.8637958922086245,-0.228217413861507,-0.11255226294747764,11.714285714285714,-11.657142857142857,16.222857142857144,0,0,0,0,0,0,0,0,0,0,0,no mains / natural or DC,0
0,0,9,690,-0.8637958922086245,-0.228217413861507,-0.11255226294747764,11.714285714285714,-11.657142857142857,16.222857142857144,0,0,0,0,0,0,0,0,0,0,0,no mains / natural or DC,0
0,0,9,700,-0.8290047914059877,-0.14893032624286628,-0.09161656544694358,9.36,-14.92,20.902857142857144,0,0,0,0,0,0,0,0,0,0,0,no mains / natural or DC,0
0,0,9,710,-0.8290047914059877,-0.14893032624286628,-0.09161656544694358,9.36,-14.92,20.902857142857144,0,0,0,0,0,0,0,0,0,0,0,no mains / natural or DC,0
0,0,9,720,-0.7807855464339122,-0.07232886745811334,-0.07757805108798486,7.571428571428571,-15.657142857142857,24.24,0,0,0,0,0,0,0,0,0,0,0,no mains / natural or DC,0
0,0,9,730,-0.7807855464339122,-0.07232886745811334,-0.07757805108798486,7.571428571428571,-15.657142857142857,24.24,0,0,0,0,0,0,0,0,0,0,0,no mains / natural or DC,0
0,0,9,740,-0.7380596331675161,-0.0012207403790398877,-0.06683553575243385,6.434285714285714,-14.8,27.045714285714286,0,0,0,0,0,0,0,0,0,0,0,no mains / natural or DC,0
0,0,9,750,-0.7380596331675161,-0.0012207403790398877,-0.06683553575243385,6.434285714285714,-14.8,27.045714285714286,0,0,0,0,0,0,0,0,0,0,0,no mains / natural or DC,0
0,0,9,760,-0.7191381572923978,0.053285317545091096,-0.060365611743522445,5.8,-13.06857142857143,28.771428571428572,0,0,0,0,0,0,0,0,0,0,0,no mains / natural or DC,0
0,0,9,770,-0.7191381572923978,0.10193182164983063,-0.06207464827417829,5.508571428571429,-10.971428571428572,28.857142857142858,0,0,0,0,0,0,0,0,0,0,0,no mains / natural or DC,0
0,0,9,780,-0.7207251197851496,0.10193182164983063,-0.06207464827417829,5.508571428571429,-10.971428571428572,28.857142857142858,0,0,0,0,0,0,0,0,0,0,0,no mains / natural or DC,0
0,0,9,790,-0.7295754875331889,0.1423383281960509,-0.06878872035889767,5.52,-8.891428571428571,27.32,0,0,0,0,0,0,0,0,0,0,0,no mains / natural or DC,0
0,0,9,800,-0.7295754875331889,0.1423383281960509,-0.06878872035889767,5.52,-8.891428571428571,27.32,0,0,0,0,0,0,0,0,0,0,0,no mains / natural or DC,0
0,0,9,810,-0.7436140018921475,0.18243964964751122,-0.08355967894528031,5.822857142857143,-7.257142857142857,24.685714285714287,0,0,0,0,0,0,0,0,0,0,0,no mains / natural or DC,0
0,0,9,820,-0.7436140018921475,0.18243964964751122,-0.08355967894528031,5.822857142857143,-7.257142857142857,24.685714285714287,0,0,0,0,0,0,0,0,0,0,0,no mains / natural or DC,0
0,0,9,830,-0.761070589312418,0.21973326822717978,-0.09759819330423902,6.56,-6.085714285714285,21.525714285714287,0,0,0,0,0,0,0,0,0,0,0,no mains / natural or DC,0
0,0,9,840,-0.761070589312418,0.21973326822717978,-0.09759819330423902,6.56,-6.085714285714285,21.525714285714287,0,0,0,0,0,0,0,0,0,0,0,no mains / natural or DC,0
0,0,9,850,-0.7767571031830806,0.2437208166753136,-0.10962248603778191,7.508571428571429,-5.44,18.34285714285714,0,0,0,0,0,0,0,0,0,0,0,no mains / natural or DC,0
0,0,9,860,-0.7767571031830806,0.2437208166753136,-0.10962248603778191,7.508571428571429,-5.44,18.34285714285714,0,0,0,0,0,0,0,0,0,0,0,no mains / natural or DC,0
0,0,9,870,-0.8015991698965422,0.25720999786370435,-0.11981566820276497,8.411428571428571,-5.851428571428571,14.937142857142858,0,0,0,0,0,0,0,0,0,0,0,no mains / natural or DC,0
0,0,9,880,-0.8015991698965422,0.25720999786370435,-0.11981566820276497,8.411428571428571,-5.851428571428571,14.937142857142858,0,0,0,0,0,0,0,0,0,0,0,no mains / natural or DC,0
0,0,9,890,-0.8119754631183813,0.25824762718588823,-0.1293374431592761,9.177142857142858,-6.645714285714286,11.234285714285715,0,0,0,0,0,0,0,0,0,0,0,no mains / natural or DC,0
0,0,9,900,-0.8119754631183813,0.25824762718588823,-0.1293374431592761,9.611428571428572,-7.708571428571428,7.251428571428572,0,0,0,0,0,0,0,0,0,0,0,no mains / natural or DC,0
0,0,9,910,-0.8329111606189153,0.2596514786217841,-0.13727225562303538,9.611428571428572,-7.708571428571428,7.251428571428572,0,0,0,0,0,0,0,0,0,0,0,no mains / natural or DC,0
0,0,9,920,-0.9038972136600848,0.27118747520371106,-0.1477095858638264,9.977142857142857,-9.062857142857142,3.342857142857143,0,0,0,0,0,0,0,0,0,0,0,no mains / natural or DC,0
0,0,9,930,-0.9038972136600848,0.27118747520371106,-0.1477095858638264,9.977142857142857,-9.062857142857142,3.342857142857143,0,0,0,0,0,0,0,0,0,0,0,no mains / natural or DC,0
0,0,9,940,-0.9514450514236885,0.28186895352031005,-0.15765861995300148,10.611428571428572,-9.645714285714286,-0.14857142857142858,0,0,0,0,0,0,0,0,0,0,0,no mains / natural or DC,0
0,0,9,950,-0.9514450514236885,0.28186895352031005,-0.15765861995300148,10.611428571428572,-9.645714285714286,-0.14857142857142858,0,0,0,0,0,0,0,0,0,0,0,no mains / natural or DC,0
0,0,9,960,-0.9758598590044862,0.2848597674489578,-0.16266365550706505,11.468571428571428,-10.405714285714286,-2.96,0,0,0,0,0,0,0,0,0,0,0,no mains / natural or DC,0
0,0,9,970,-0.9758598590044862,0.2848597674489578,-0.16266365550706505,11.468571428571428,-10.405714285714286,-2.96,0,0,0,0,0,0,0,0,0,0,0,no mains / natural or DC,0
0,0,9,980,-0.9971007415997802,0.2842493972594379,-0.16107669301431318,12.097142857142858,-12.137142857142857,-4.742857142857143,0,0,0,0,0,0,0,0,0,0,0,no mains / natural or DC,0
0,0,9,990,-0.9971007415997802,0.2842493972594379,-0.16107669301431318,12.097142857142858,-12.137142857142857,-4.742857142857143,0,0,0,0,0,0,0,0,0,0,0,no mains / natural or DC,0
0,0,10,0,-0.9936216315195165,0.27564317758720663,-0.15588854640339367,12.354285714285714,-13.93142857142857,-5.297142857142857,0,0,0,0,0,0,0,0,0,0,0,no mains / natural or DC,0
0,0,10,10,-0.9936216315195165,0.27564317758720663,-0.15588854640339367,12.354285714285714,-13.93142857142857,-5.297142857142857,0,0,0,0,0,0,0,0,0,0,0,no mains / natural or DC,0
0,0,10,20,-0.9822077089754936,0.25598925748466445,-0.14325388348033083,12.331428571428571,-15.062857142857142,-5.08,0,0,0,0,0,0,0,0,0,0,0,no mains / natural or DC,0
0,0,10,30,-0.9822077089754936,0.25598925748466445,-0.14325388348033083,12.331428571428571,-15.062857142857142,-5.217142857142857,0,0,0,0,0,0,0,0,0,0,0,no mains / natural or DC,0
0,0,10,40,-0.9583422345652638,0.2252265999328593,-0.11481063264870144,11.897142857142857,-15.68,-5.217142857142857,0,0,0,0,0,0,0,0,0,0,0,no mains / natural or DC,0
0,0,10,50,-0.9683523056733909,0.18195135349589525,-0.08453627124851222,10.925714285714285,-17.274285714285714,-6.851428571428571,0,0,0,0,0,0,0,0,0,0,0,no mains / natural or DC,0
0,0,10,60,-0.9683523056733909,0.18195135349589525,-0.08453627124851222,10.925714285714285,-17.274285714285714,-6.851428571428571,0,0,0,0,0,0,0,0,0,0,0,no mains / natural or DC,0
0,0,10,70,-1.5743278298287913,0.28028199102755824,-0.021790215765861994,10.771428571428572,-24.068571428571428,-10.01142857142857,0,0,0,0,0,0,0,0,0,0,0,no mains / natural or DC,0
0,0,10,80,-1.5743278298287913,0.28028199102755824,-0.021790215765861994,10.771428571428572,-24.068571428571428,-10.01142857142857,0,0,0,0,0,0,0,0,0,0,0,no mains / natural or DC,0
0,0,10,90,-1.2091433454390088,0.16870632038331249,0.08185064241462447,10.377142857142857,-18.50857142857143,-11.542857142857143,0,0,0,0,0,0,0,0,0,0,0,no mains / natural or DC,0
0,0,10,100,-1.2091433454390088,0.16870632038331249,0.08185064241462447,10.377142857142857,-18.50857142857143,-11.542857142857143,0,0,0,0,0,0,0,0,0,0,0,no mains / natural or DC,0
0,0,10,110,-0.9712210455641347,0.07708975493636891,0.1119418927579577,9.697142857142858,-20.217142857142857,-14.994285714285715,0,0,0,0,0,0,0,0,0,0,0,no mains / natural or DC,0
0,0,10,120,-0.9712210455641347,0.07708975493636891,0.1119418927579577,9.697142857142858,-20.217142857142857,-14.994285714285715,0,0,0,0,0,0,0,0,0,0,0,no mains / natural or DC,0
0,0,10,130,-1.0558793908505508,-0.065309610278634,0.28382213812677387,8.108571428571429,-35.651428571428575,-25.805714285714284,0,0,0,0,0,0,0,0,0,0,0,no mains / natural or DC,0
0,0,10,140,-1.0558793908505508,-0.065309610278634,0.28382213812677387,8.108571428571429,-35.651428571428575,-25.805714285714284,0,0,0,0,0,0,0,0,0,0,0,no mains / natural or DC,0
0,0,10,150,-1.0794396801660207,-0.13220618305001983,0.3471785637989441,5.36,-41.18857142857143,-38.25714285714286,0,0,0,0,0,0,0,0,0,0,0,no mains / natural or DC,0
0,0,10,160,-1.0794396801660207,-0.13220618305001983,0.3471785637989441,5.36,-41.18857142857143,-38.25714285714286,0,0,0,0,0,0,0,0,0,0,0,no mains / natural or DC,0
0,0,10,170,-1.2459486678670613,-0.09265419476912748,0.3681142612994781,3.057142857142857,-45.645714285714284,-45.97714285714286,0,0,0,0,0,0,0,0,0,0,0,no mains / natural or DC,0
0,0,10,180,-1.2459486678670613,-0.09265419476912748,0.4226203192236091,2.56,-40.97714285714286,-42.70857142857143,0,0,0,0,0,0,0,0,0,0,0,no mains / natural or DC,0
0,0,10,190,-1.2975249488814966,-0.08880886257515183,0.4226203192236091,2.56,-40.97714285714286,-42.70857142857143,0,0,0,0,0,0,0,0,0,0,0,no mains / natural or DC,0
0,0,10,200,-1.1939451277199622,-0.08941923276467177,0.423841059602649,3.422857142857143,-28.68,-32.04571428571428,0,0,0,0,0,0,0,0,0,0,0,no mains / natural or DC,0
0,0,10,210,-1.1939451277199622,-0.08941923276467177,0.423841059602649,3.422857142857143,-28.68,-32.04571428571428,0,0,0,0,0,0,0,0,0,0,0,no mains / natural or DC,0
0,0,10,220,-1.1592150639362773,-0.09491256447035126,0.4301889095736564,4.771428571428571,-20.194285714285716,-19.611428571428572,0,0,0,0,0,0,0,0,0,0,0,no mains / natural or DC,0
0,0,10,230,-1.1592150639362773,-0.09491256447035126,0.4301889095736564,4.771428571428571,-20.194285714285716,-19.611428571428572,0,0,0,0,0,0,0,0,0,0,0,no mains / natural or DC,0
0,0,10,240,-1.076631977294229,-0.09796441541795099,0.4000976592303232,5.948571428571428,-11.834285714285715,-8.285714285714286,0,0,0,0,0,0,0,0,0,0,0,no mains / natural or DC,0
0,0,10,250,-1.076631977294229,-0.09796441541795099,0.4000976592303232,5.948571428571428,-11.834285714285715,-8.285714285714286,0,0,0,0,0,0,0,0,0,0,0,no mains / natural or DC,0
0,0,10,260,-1.00045777764214,-0.09479049043244728,0.3561510055848872,6.948571428571428,-5.0,-1.0457142857142858,0,0,0,0,0,0,0,0,0,0,0,no mains / natural or DC,0
0,0,10,270,-1.00045777764214,-0.09479049043244728,0.3561510055848872,6.948571428571428,-5.0,-1.0457142857142858,0,0,0,0,0,0,0,0,0,0,0,no mains / natural or DC,0
0,0,10,280,-0.9485763115329447,-0.07727286599322489,0.3064058351390118,7.982857142857143,1.0571428571428572,2.388571428571429,0,0,0,0,0,0,0,0,0,0,0,no mains / natural or DC,0
0,0,10,290,-0.9485763115329447,-0.07727286599322489,0.3064058351390118,7.982857142857143,1.0571428571428572,2.388571428571429,0,0,0,0,0,0,0,0,0,0,0,no mains / natural or DC,0
0,0,10,300,-0.8604388561662648,-0.05554368724631489,0.25873592333750417,9.148571428571428,7.8,3.7885714285714287,0,0,0,0,0,0,0,0,0,0,0,no mains / natural or DC,0
0,0,10,310,-0.8604388561662648,-0.05554368724631489,0.25873592333750417,10.394285714285715,13.571428571428571,5.011428571428572,0,0,0,0,0,0,0,0,0,0,0,no mains / natural or DC,0
0,0,10,320,-0.7733390301217689,-0.03204443494979705,0.21869563890499588,10.394285714285715,13.571428571428571,5.011428571428572,0,0,0,0,0,0,0,0,0,0,0,no mains / natural or DC,0
0,0,10,330,-0.7146824549089023,-0.008545182653279214,0.18884853663747062,11.4,17.18857142857143,7.16,0,0,0,0,0,0,0,0,0,0,0,no mains / natural or DC,0
0,0,10,340,-0.7146824549089023,-0.008545182653279214,0.18884853663747062,11.4,17.18857142857143,7.16,0,0,0,0,0,0,0,0,0,0,0,no mains / natural or DC,0
0,0,10,350,-0.6850184636982329,0.01574755088961455,0.1610156559953612,11.862857142857143,19.24,10.417142857142856,0,0,0,0,0,0,0,0,0,0,0,no mains / natural or DC,0
0,0,10,360,-0.6850184636982329,0.01574755088961455,0.1610156559953612,11.862857142857143,19.24,10.417142857142856,0,0,0,0,0,0,0,0,0,0,0,no mains / natural or DC,0
0,0,10,370,-0.696005127109592,0.04150517288735618,0.13965269936216315,11.84,19.982857142857142,13.8,0,0,0,0,0,0,0,0,0,0,0,no mains / natural or DC,0
0,0,10,380,-0.696005127109592,0.04150517288735618,0.13965269936216315,11.84,19.982857142857142,13.8,0,0,0,0,0,0,0,0,0,0,0,no mains / natural or DC,0
0,0,10,390,-0.7007049775688955,0.06244087038789026,0.1218298898281808,11.554285714285715,20.931428571428572,16.6,0,0,0,0,0,0,0,0,0,0,0,no mains / natural or DC,0
0,0,10,400,-0.7007049775688955,0.06244087038789026,0.1218298898281808,11.554285714285715,20.931428571428572,16.6,0,0,0,0,0,0,0,0,0,0,0,no mains / natural or DC,0
0,0,10,410,-0.706564531388287,0.0847804193243202,0.09558397167882321,11.228571428571428,22.142857142857142,18.2,0,0,0,0,0,0,0,0,0,0,0,no mains / natural or DC,0
0,0,10,420,-0.706564531388287,0.0847804193243202,0.09558397167882321,11.228571428571428,22.142857142857142,18.2,0,0,0,0,0,0,0,0,0,0,0,no mains / natural or DC,0
0,0,10,430,-0.7716299935911131,0.11468855861079745,0.07318338572344127,10.965714285714286,23.205714285714286,18.89142857142857,0,0,0,0,0,0,0,0,0,0,0,no mains / natural or DC,0
0,0,10,440,-0.7716299935911131,0.11468855861079745,0.07318338572344127,10.965714285714286,23.205714285714286,18.89142857142857,0,0,0,0,0,0,0,0,0,0,0,no mains / natural or DC,0
0,0,10,450,-0.8243049409466842,0.14477980895413067,0.05029450361644337,10.794285714285714,25.194285714285716,18.937142857142856,0,0,0,0,0,0,0,0,0,0,0,no mains / natural or DC,0
0,0,10,460,-0.8523209326456496,0.16229743339335306,0.029236732078005312,10.422857142857143,26.34285714285714,18.28,0,0,0,0,0,0,0,0,0,0,0,no mains / natural or DC,0
0,0,10,470,-0.8523209326456496,0.16229743339335306,0.029236732078005312,10.422857142857143,26.34285714285714,18.28,0,0,0,0,0,0,0,0,0,0,0,no mains / natural or DC,0
0,0,10,480,-0.8838770714438307,0.16229743339335306,0.015564439832758568,9.331428571428571,25.611428571428572,16.537142857142857,0,0,0,0,0,0,0,0,0,0,0,no mains / natural or DC,0
0,0,10,490,-0.8838770714438307,0.16229743339335306,0.015564439832758568,9.331428571428571,25.611428571428572,16.537142857142857,0,0,0,0,0,0,0,0,0,0,0,no mains / natural or DC,0
0,0,10,500,-0.9363078707235939,0.16766869106112858,0.0,7.177142857142857,23.62857142857143,13.485714285714286,0,0,0,0,0,0,0,0,0,0,0,no mains / natural or DC,0
0,0,10,510,-0.9363078707235939,0.16766869106112858,0.0,7.177142857142857,23.62857142857143,13.485714285714286,0,0,0,0,0,0,0,0,0,0,0,no mains / natural or DC,0
0,0,10,520,-0.9937437055574205,0.18079165013580736,-0.007751701406903287,4.565714285714286,21.725714285714286,8.994285714285715,0,0,0,0,0,0,0,0,0,0,0,no mains / natural or DC,0
0,0,10,530,-0.9937437055574205,0.18079165013580736,-0.007751701406903287,4.565714285714286,21.725714285714286,8.994285714285715,0,0,0,0,0,0,0,0,0,0,0,no mains / natural or DC,0
0,0,10,540,-1.0332346568193609,0.19934690389721366,6.103701895199438e-05,2.2,20.291428571428572,3.822857142857143,0,0,0,0,0,0,0,0,0,0,0,no mains / natural or DC,0
0,0,10,550,-1.0332346568193609,0.19934690389721366,6.103701895199438e-05,2.2,20.291428571428572,3.822857142857143,0,0,0,0,0,0,0,0,0,0,0,no mains / natural or DC,0
0,0,10,560,-0.9806207464827418,0.1967223120822779,-0.0026245918149357585,-0.08571428571428572,18.86857142857143,-0.56,0,0,0,0,0,0,0,0,0,0,0,no mains / natural or DC,0
0,0,10,570,-0.9806207464827418,0.1967223120822779,-0.0026245918149357585,-0.08571428571428572,18.86857142857143,-0.56,0,0,0,0,0,0,0,0,0,0,0,no mains / natural or DC,0
0,0,10,580,-0.988555558946501,0.21210364085818048,-0.011719107638782922,-2.388571428571429,15.074285714285715,-3.3714285714285714,0,0,0,0,0,0,0,0,0,0,0,no mains / natural or DC,0
0,0,10,590,-0.988555558946501,0.21210364085818048,-0.011719107638782922,-4.091428571428572,12.245714285714286,-4.2057142857142855,0,0,0,0,0,0,0,0,0,0,0,no mains / natural or DC,0
0,0,10,600,-0.9985045930356762,0.2258980071413312,-0.022156437879573963,-4.091428571428572,12.245714285714286,-4.2057142857142855,0,0,0,0,0,0,0,0,0,0,0,no mains / natural or DC,0
0,0,10,610,-0.9735404522843104,0.21796319467757194,-0.03302102725302896,-5.148571428571429,10.611428571428572,-3.6857142857142855,0,0,0,0,0,0,0,0,0,0,0,no mains / natural or DC,0
0,0,10,620,-0.9735404522843104,0.21796319467757194,-0.03302102725302896,-5.148571428571429,10.611428571428572,-3.6857142857142855,0,0,0,0,0,0,0,0,0,0,0,no mains / natural or DC,0
0,0,10,630,-0.9605395672475356,0.19013031403546252,-0.04528946806237984,-5.868571428571428,9.165714285714285,-3.0914285714285716,0,0,0,0,0,0,0,0,0,0,0,no mains / natural or DC,0
0,0,10,640,-0.9605395672475356,0.19013031403546252,-0.04528946806237984,-5.868571428571428,9.165714285714285,-3.0914285714285716,0,0,0,0,0,0,0,0,0,0,0,no mains / natural or DC,0
0,0,10,650,-1.368449964903714,0.22742393261513108,-0.0837427900021363,-5.977142857142857,6.297142857142857,-3.9257142857142857,0,0,0,0,0,0,0,0,0,0,0,no mains / natural or DC,0
0,0,10,660,-1.368449964903714,0.22742393261513108,-0.0837427900021363,-5.977142857142857,6.297142857142857,-3.9257142857142857,0,0,0,0,0,0,0,0,0,0,0,no mains / natural or DC,0
0,0,10,670,-1.291970580156865,0.2237617114780114,-0.043214209418012024,-5.6971428571428575,8.06857142857143,-3.8285714285714287,0,0,0,0,0,0,0,0,0,0,0,no mains / natural or DC,0
0,0,10,680,-1.291970580156865,0.2237617114780114,-0.043214209418012024,-5.6971428571428575,8.06857142857143,-3.8285714285714287,0,0,0,0,0,0,0,0,0,0,0,no mains / natural or DC,0
0,0,10,690,-0.9495529038361766,0.15570543534653766,-0.12903225806451613,-5.222857142857142,11.697142857142858,-1.9942857142857142,0,0,0,0,0,0,0,0,0,0,0,no mains / natural or DC,0
0,0,10,700,-0.9495529038361766,0.15570543534653766,-0.12903225806451613,-5.222857142857142,11.697142857142858,-1.9942857142857142,0,0,0,0,0,0,0,0,0,0,0,no mains / natural or DC,0
0,0,10,710,-1.0895107882930997,0.1382488479262673,-0.1490524002807703,-3.96,1.2971428571428572,-4.44,0,0,0,0,0,0,0,0,0,0,0,no mains / natural or DC,0
0,0,10,720,-1.0895107882930997,0.1382488479262673,-0.1490524002807703,-3.96,2.097142857142857,-10.971428571428572,0,0,0,0,0,0,0,0,0,0,0,no mains / natural or DC,0
0,0,10,730,-1.2161015655995362,0.0837427900021363,-0.17877742851039155,-0.96,2.097142857142857,-10.971428571428572,0,0,0,0,0,0,0,0,0,0,0,no mains / natural or DC,0
0,0,10,740,-1.3083895382549515,0.016296884060182502,-0.19086275826288643,2.6342857142857143,3.8057142857142856,-25.554285714285715,0,0,0,0,0,0,0,0,0,0,0,no mains / natural or DC,0
0,0,10,750,-1.3083895382549515,0.016296884060182502,-0.19086275826288643,2.6342857142857143,3.8057142857142856,-25.554285714285715,0,0,0,0,0,0,0,0,0,0,0,no mains / natural or DC,0
0,0,10,760,-1.227637562181463,-0.05603198339793085,-0.1718802453688162,5.565714285714286,5.04,-43.95428571428572,0,0,0,0,0,0,0,0,0,0,0,no mains / natural or DC,0
0,0,10,770,-1.227637562181463,-0.05603198339793085,-0.1718802453688162,5.565714285714286,5.04,-43.95428571428572,0,0,0,0,0,0,0,0,0,0,0,no mains / natural or DC,0
0,0,10,780,-1.0203558458204902,-0.11047700430310983,-0.17139194921720025,6.805714285714286,2.2,-59.74285714285714,0,0,0,0,0,0,0,0,0,0,0,no mains / natural or DC,0
0,0,10,790,-1.0203558458204902,-0.11047700430310983,-0.17139194921720025,6.805714285714286,2.2,-59.74285714285714,0,0,0,0,0,0,0,0,0,0,0,no mains / natural or DC,0
0,0,10,800,-0.880153813287759,-0.17511520737327188,-0.1773735770744957,6.582857142857143,-6.7542857142857144,-67.74285714285715,0,0,0,0,0,0,0,0,0,0,0,no mains / natural or DC,0
0,0,10,810,-0.880153813287759,-0.17511520737327188,-0.1773735770744957,6.582857142857143,-6.7542857142857144,-67.74285714285715,0,0,0,0,0,0,0,0,0,0,0,no mains / natural or DC,0
0,0,10,820,-0.9118320261238441,-0.2162541581469161,-0.18280587176122318,6.091428571428572,-17.297142857142855,-65.11428571428571,0,0,0,0,0,0,0,0,0,0,0,no mains / natural or DC,0
0,0,10,830,-0.9118320261238441,-0.2162541581469161,-0.18280587176122318,6.091428571428572,-17.297142857142855,-65.11428571428571,0,0,0,0,0,0,0,0,0,0,0,no mains / natural or DC,0
0,0,10,840,-0.934781945249794,-0.26496169927060764,-0.1455122531815546,6.297142857142857,-22.72,-53.16571428571429,0,0,0,0,0,0,0,0,0,0,0,no mains / natural or DC,0
0,0,10,850,-0.934781945249794,-0.26496169927060764,-0.1455122531815546,6.297142857142857,-22.72,-53.16571428571429,0,0,0,0,0,0,0,0,0,0,0,no mains / natural or DC,0
0,0,10,860,-0.8530533768730735,-0.30842005676442763,-0.10699789422284615,6.725714285714286,-22.714285714285715,-36.74857142857143,0,0,0,0,0,0,0,0,0,0,0,no mains / natural or DC,0
0,0,10,870,-0.8530533768730735,-0.30842005676442763,-0.07202368236335338,6.6,-23.142857142857142,-21.302857142857142,0,0,0,0,0,0,0,0,0,0,0,no mains / natural or DC,0
0,0,10,880,-0.8350474562822352,-0.3066499832148198,-0.07202368236335338,6.6,-23.142857142857142,-21.302857142857142,0,0,0,0,0,0,0,0,0,0,0,no mains / natural or DC,0
0,0,10,890,-0.815149388103885,-0.27985473189489424,-0.04821924497207557,6.24,-21.908571428571427,-8.731428571428571,0,0,0,0,0,0,0,0,0,0,0,no mains / natural or DC,0
0,0,10,900,-0.815149388103885,-0.27985473189489424,-0.04821924497207557,6.24,-21.908571428571427,-8.731428571428571,0,0,0,0,0,0,0,0,0,0,0,no mains / natural or DC,0
0,0,10,910,-0.7885372478408155,-0.22949919125949889,-0.03656117435224464,5.942857142857143,-19.86285714285714,0.8457142857142858,0,0,0,0,0,0,0,0,0,0,0,no mains / natural or DC,0
0,0,10,920,-0.7885372478408155,-0.22949919125949889,-0.03656117435224464,5.942857142857143,-19.86285714285714,0.8457142857142858,0,0,0,0,0,0,0,0,0,0,0,no mains / natural or DC,0
0,0,10,930,-0.7737662892544328,-0.17102572710348826,-0.034485915707876826,5.7371428571428575,-18.165714285714287,8.771428571428572,0,0,0,0,0,0,0,0,0,0,0,no mains / natural or DC,0
0,0,10,940,-0.7737662892544328,-0.17102572710348826,-0.034485915707876826,5.7371428571428575,-18.165714285714287,8.771428571428572,0,0,0,0,0,0,0,0,0,0,0,no mains / natural or DC,0
0,0,10,950,-0.78255561998352,-0.11389507736442152,-0.036744285409100616,5.954285714285715,-16.154285714285713,15.371428571428572,0,0,0,0,0,0,0,0,0,0,0,no mains / natural or DC,0
0,0,10,960,-0.78255561998352,-0.11389507736442152,-0.036744285409100616,5.954285714285715,-16.154285714285713,15.371428571428572,0,0,0,0,0,0,0,0,0,0,0,no mains / natural or DC,0
0,0,10,970,-0.7944578386791589,-0.05951109347819453,-0.043885616626483964,6.691428571428571,-13.577142857142857,20.457142857142856,0,0,0,0,0,0,0,0,0,0,0,no mains / natural or DC,0
0,0,10,980,-0.7944578386791589,-0.05951109347819453,-0.043885616626483964,6.691428571428571,-13.577142857142857,20.457142857142856,0,0,0,0,0,0,0,0,0,0,0,no mains / natural or DC,0
0,0,10,990,-0.8114261299478134,-0.013733329264198737,-0.053651539658803066,7.8742857142857146,-10.822857142857142,24.114285714285714,0,0,0,0,0,0,0,0,0,0,0,no mains / natural or DC,0
0,0,11,0,-0.8114261299478134,-0.013733329264198737,-0.053651539658803066,9.085714285714285,-8.468571428571428,25.897142857142857,0,0,0,0,0,0,0,0,0,0,0,no mains / natural or DC,0
0,0,11,10,-0.8106326487014375,0.010925626392406995,-0.059389019440290534,9.085714285714285,-8.468571428571428,25.897142857142857,0,0,0,0,0,0,0,0,0,0,0,no mains / natural or DC,0
0,0,11,20,-0.8183843501083408,0.03210547196874905,-0.06561479537339396,9.92,-7.171428571428572,25.845714285714287,0,0,0,0,0,0,0,0,0,0,0,no mains / natural or DC,0
0,0,11,30,-0.8183843501083408,0.03210547196874905,-0.06561479537339396,9.92,-7.171428571428572,25.845714285714287,0,0,0,0,0,0,0,0,0,0,0,no mains / natural or DC,0
0,0,11,40,-0.8285775322733238,0.04687643055513169,-0.06805627613147373,10.211428571428572,-6.554285714285714,24.2,0,0,0,0,0,0,0,0,0,0,0,no mains / natural or DC,0
0,0,11,50,-0.8285775322733238,0.04687643055513169,-0.06805627613147373,10.211428571428572,-6.554285714285714,24.2,0,0,0,0,0,0,0,0,0,0,0,no mains / natural or DC,0
0,0,11,60,-0.8455458235419782,0.06720175786614582,-0.07361064485610523,10.022857142857143,-6.428571428571429,21.274285714285714,0,0,0,0,0,0,0,0,0,0,0,no mains / natural or DC,0
0,0,11,70,-0.8455458235419782,0.06720175786614582,-0.07361064485610523,10.022857142857143,-6.428571428571429,21.274285714285714,0,0,0,0,0,0,0,0,0,0,0,no mains / natural or DC,0
0,0,11,80,-0.8716086306344798,0.0859401226844081,-0.07428205206457716,9.64,-6.348571428571429,17.542857142857144,0,0,0,0,0,0,0,0,0,0,0,no mains / natural or DC,0
0,0,11,90,-0.8716086306344798,0.0859401226844081,-0.07428205206457716,9.64,-6.348571428571429,17.542857142857144,0,0,0,0,0,0,0,0,0,0,0,no mains / natural or DC,0
0,0,11,100,-0.8852198858607746,0.10467848750267036,-0.07953123569444868,9.24,-6.114285714285714,13.582857142857144,0,0,0,0,0,0,0,0,0,0,0,no mains / natural or DC,0
0,0,11,110,-0.8852198858607746,0.10467848750267036,-0.07953123569444868,9.24,-6.114285714285714,13.582857142857144,0,0,0,0,0,0,0,0,0,0,0,no mains / natural or DC,0
0,0,11,120,-0.9292275765251625,0.12732322153386028,-0.08661152989288003,8.897142857142857,-6.6,9.954285714285714,0,0,0,0,0,0,0,0,0,0,0,no mains / natural or DC,0
0,0,11,130,-0.9292275765251625,0.12732322153386028,-0.08661152989288003,8.897142857142857,-6.6,8.491428571428571,0,0,0,0,0,0,0,0,0,0,0,no mains / natural or DC,0
0,0,11,140,-0.9604785302285836,0.14404736472670676,-0.09875789666432691,8.857142857142858,-6.645714285714286,7.474285714285714,0,0,0,0,0,0,0,0,0,0,0,no mains / natural or DC,0
0,0,11,150,-1.0010681478316599,0.15576647236548968,-0.11120944853053377,9.028571428571428,-6.1657142857142855,5.9714285714285715,0,0,0,0,0,0,0,0,0,0,0,no mains / natural or DC,0
0,0,11,160,-1.0010681478316599,0.15576647236548968,-0.11120944853053377,9.028571428571428,-6.1657142857142855,5.9714285714285715,0,0,0,0,0,0,0,0,0,0,0,no mains / natural or DC,0
0,0,11,170,-1.0410473952452162,0.16888943144016846,-0.12109744560075686,9.022857142857143,-5.308571428571429,5.748571428571428,0,0,0,0,0,0,0,0,0,0,0,no mains / natural or DC,0
0,0,11,180,-1.0410473952452162,0.16888943144016846,-0.12109744560075686,9.022857142857143,-5.308571428571429,5.748571428571428,0,0,0,0,0,0,0,0,0,0,0,no mains / natural or DC,0
0,0,11,190,-1.0169988097781304,0.16498306222724082,-0.12524796288949247,8.657142857142857,-3.782857142857143,6.857142857142857,0,0,0,0,0,0,0,0,0,0,0,no mains / natural or DC,0
0,0,11,200,-1.0169988097781304,0.16498306222724082,-0.12524796288949247,8.657142857142857,-3.782857142857143,6.857142857142857,0,0,0,0,0,0,0,0,0,0,0,no mains / natural or DC,0
0,0,11,210,-0.9604785302285836,0.15027314065981018,-0.11951048310800501,7.862857142857143,-3.2057142857142855,7.977142857142857,0,0,0,0,0,0,0,0,0,0,0,no mains / natural or DC,0
0,0,11,220,-0.9698782311471907,0.130252998443556,-0.10559404278695028,6.845714285714286,-4.691428571428571,8.034285714285714,0,0,0,0,0,0,0,0,0,0,0,no mains / natural or DC,0
0,0,11,230,-0.9698782311471907,0.130252998443556,-0.10559404278695028,6.845714285714286,-4.691428571428571,8.034285714285714,0,0,0,0,0,0,0,0,0,0,0,no mains / natural or DC,0
0,0,11,240,-0.9698782311471907,0.130252998443556,-0.10559404278695028,6.845714285714286,-4.691428571428571,8.034285714285714,0,0,0,0,0,0,0,0,0,0,0,no mains / natural or DC,0
0,0,11,250,-1.5706656086916715,0.22540971098971527,-0.06488235114597003,6.8,-10.93142857142857,6.548571428571429,0,0,0,0,0,0,0,0,0,0,0,no mains / natural or DC,0
0,0,11,260,-1.5706656086916715,0.22540971098971527,-0.06488235114597003,6.8,-10.93142857142857,6.548571428571429,0,0,0,0,0,0,0,0,0,0,0,no mains / natural or DC,0
0,0,11,270,-1.3215124973296304,0.14612262337107457,0.033570360423596915,7.251428571428572,-7.137142857142857,5.32,0,0,0,0,0,0,0,0,0,0,0,no mains / natural or DC,0
0,0,11,280,-1.3215124973296304,0.14612262337107457,0.06482131412701804,7.845714285714286,-5.76,1.262857142857143,0,0,0,0,0,0,0,0,0,0,0,no mains / natural or DC,0
0,0,11,290,-1.0505691702017272,0.07354960783715324,0.06830042420728172,7.845714285714286,-5.76,1.262857142857143,0,0,0,0,0,0,0,0,0,0,0,no mains / natural or DC,0
0,0,11,300,-1.1744743186742759,-0.0021362956633198035,0.19922482985930967,7.96,-18.394285714285715,-8.84,0,0,0,0,0,0,0,0,0,0,0,no mains / natural or DC,0
0,0,11,310,-1.1744743186742759,-0.0021362956633198035,0.19922482985930967,7.96,-18.394285714285715,-8.84,0,0,0,0,0,0,0,0,0,0,0,no mains / natural or DC,0
0,0,11,320,-1.1810663167210913,-0.10827967162083804,0.2968840601825007,7.64,-25.417142857142856,-22.697142857142858,0,0,0,0,0,0,0,0,0,0,0,no mains / natural or DC,0
0,0,11,330,-1.1810663167210913,-0.10827967162083804,0.2968840601825007,7.64,-25.417142857142856,-22.697142857142858,0,0,0,0,0,0,0,0,0,0,0,no mains / natural or DC,0
0,0,11,340,-1.1098361156041139,-0.1978209784234138,0.35242774742881555,6.234285714285714,-32.97714285714286,-39.394285714285715,0,0,0,0,0,0,0,0,0,0,0,no mains / natural or DC,0
0,0,11,350,-1.1098361156041139,-0.1978209784234138,0.35242774742881555,6.234285714285714,-32.97714285714286,-39.394285714285715,0,0,0,0,0,0,0,0,0,0,0,no mains / natural or DC,0
0,0,11,360,-1.2136600848414563,-0.1706595049897763,0.3839228492080447,4.565714285714286,-38.78857142857143,-50.27428571428572,0,0,0,0,0,0,0,0,0,0,0,no mains / natural or DC,0
0,0,11,370,-1.2136600848414563,-0.1706595049897763,0.3839228492080447,4.565714285714286,-38.78857142857143,-50.27428571428572,0,0,0,0,0,0,0,0,0,0,0,no mains / natural or DC,0
0,0,11,380,-1.1922971282082584,-0.16705832087160863,0.3957640308847316,3.8857142857142857,-33.61142857142857,-50.074285714285715,0,0,0,0,0,0,0,0,0,0,0,no mains / natural or DC,0
0,0,11,390,-1.1922971282082584,-0.16705832087160863,0.3957640308847316,3.8857142857142857,-33.61142857142857,-50.074285714285715,0,0,0,0,0,0,0,0,0,0,0,no mains / natural or DC,0
0,0,11,400,-1.1382793664357433,-0.14740440076906644,0.3841669972838527,4.542857142857143,-24.897142857142857,-43.08571428571429,0,0,0,0,0,0,0,0,0,0,0,no mains / natural or DC,0
0,0,11,410,-1.1382793664357433,-0.14740440076906644,0.3841669972838527,4.542857142857143,-14.6,-31.474285714285713,0,0,0,0,0,0,0,0,0,0,0,no mains / natural or DC,0
0,0,11,420,-1.0492263557847834,-0.16504409924619282,0.3784295175023652,5.8342857142857145,-14.6,-31.474285714285713,0,0,0,0,0,0,0,0,0,0,0,no mains / natural or DC,0
0,0,11,430,-0.967986083559679,-0.16583758049256875,0.3358256782738731,6.868571428571428,-4.777142857142858,-18.965714285714284,0,0,0,0,0,0,0,0,0,0,0,no mains / natural or DC,0
0,0,11,440,-0.967986083559679,-0.16583758049256875,0.3358256782738731,6.868571428571428,-4.777142857142858,-18.965714285714284,0,0,0,0,0,0,0,0,0,0,0,no mains / natural or DC,0
0,0,11,450,-0.9096957304605243,-0.1605883968626972,0.2842493972594379,8.125714285714286,3.8514285714285714,-9.131428571428572,0,0,0,0,0,0,0,0,0,0,0,no mains / natural or DC,0
0,0,11,460,-0.9096957304605243,-0.1605883968626972,0.2842493972594379,8.125714285714286,3.8514285714285714,-9.131428571428572,0,0,0,0,0,0,0,0,0,0,0,no mains / natural or DC,0
0,0,11,470,-0.8414563432721945,-0.1478316599017304,0.23773918881801812,9.845714285714285,12.022857142857143,-3.12,0,0,0,0,0,0,0,0,0,0,0,no mains / natural or DC,0
0,0,11,480,-0.8414563432721945,-0.1478316599017304,0.23773918881801812,9.845714285714285,12.022857142857143,-3.12,0,0,0,0,0,0,0,0,0,0,0,no mains / natural or DC,0
0,0,11,490,-0.7889645069734794,-0.1282387768181402,0.19855342265083772,11.697142857142858,17.942857142857143,0.2,0,0,0,0,0,0,0,0,0,0,0,no mains / natural or DC,0
0,0,11,500,-0.7889645069734794,-0.1282387768181402,0.19855342265083772,11.697142857142858,17.942857142857143,0.2,0,0,0,0,0,0,0,0,0,0,0,no mains / natural or DC,0
0,0,11,510,-0.7365337076937163,-0.10498367259743034,0.17114780114139225,13.251428571428571,21.388571428571428,2.84,0,0,0,0,0,0,0,0,0,0,0,no mains / natural or DC,0
0,0,11,520,-0.7365337076937163,-0.10498367259743034,0.17114780114139225,13.251428571428571,21.388571428571428,2.84,0,0,0,0,0,0,0,0,0,0,0,no mains / natural or DC,0
0,0,11,530,-0.6939298684652242,-0.07812738425855281,0.14081240272225104,14.251428571428571,22.885714285714286,6.0285714285714285,0,0,0,0,0,0,0,0,0,0,0,no mains / natural or DC,0
0,0,11,540,-0.6939298684652242,-0.07812738425855281,0.14081240272225104,14.251428571428571,22.885714285714286,6.0285714285714285,0,0,0,0,0,0,0,0,0,0,0,no mains / natural or DC,0
0,0,11,550,-0.6946012756736961,-0.05475020599993896,0.12244026001770074,14.485714285714286,21.66857142857143,9.548571428571428,0,0,0,0,0,0,0,0,0,0,0,no mains / natural or DC,0
0,0,11,560,-0.6946012756736961,-0.03827021088290048,0.10992767113254188,14.108571428571429,19.594285714285714,12.72,0,0,0,0,0,0,0,0,0,0,0,no mains / natural or DC,0
0,0,11,570,-0.6963103122043519,-0.03827021088290048,0.10992767113254188,14.108571428571429,19.594285714285714,12.72,0,0,0,0,0,0,0,0,0,0,0,no mains / natural or DC,0
0,0,11,580,-0.7083346049378948,-0.017456587420270394,0.09143345439008758,13.445714285714285,17.931428571428572,14.588571428571429,0,0,0,0,0,0,0,0,0,0,0,no mains / natural or DC,0
0,0,11,590,-0.7083346049378948,-0.017456587420270394,0.09143345439008758,13.445714285714285,17.931428571428572,14.588571428571429,0,0,0,0,0,0,0,0,0,0,0,no mains / natural or DC,0
0,0,11,600,-0.7784661397137363,0.004638813440351573,0.07690664387951293,12.857142857142858,16.714285714285715,14.725714285714286,0,0,0,0,0,0,0,0,0,0,0,no mains / natural or DC,0
0,0,11,610,-0.7784661397137363,0.004638813440351573,0.07690664387951293,12.857142857142858,16.714285714285715,14.725714285714286,0,0,0,0,0,0,0,0,0,0,0,no mains / natural or DC,0
0,0,11,620,-0.8386486404004029,0.025452436902981657,0.06476027710806605,12.274285714285714,16.925714285714285,13.714285714285714,0,0,0,0,0,0,0,0,0,0,0,no mains / natural or DC,0
0,0,11,630,-0.8386486404004029,0.025452436902981657,0.06476027710806605,12.274285714285714,16.925714285714285,13.714285714285714,0,0,0,0,0,0,0,0,0,0,0,no mains / natural or DC,0
0,0,11,640,-0.881435590685751,0.05163731803338725,0.04474013489181188,11.617142857142857,17.645714285714284,12.09142857142857,0,0,0,0,0,0,0,0,0,0,0,no mains / natural or DC,0
0,0,11,650,-0.881435590685751,0.05163731803338725,0.04474013489181188,11.617142857142857,17.645714285714284,12.09142857142857,0,0,0,0,0,0,0,0,0,0,0,no mains / natural or DC,0
0,0,11,660,-0.924649800103763,0.06854457228308969,0.029175695059053316,10.845714285714285,18.05142857142857,10.16,0,0,0,0,0,0,0,0,0,0,0,no mains / natural or DC,0
0,0,11,670,-0.924649800103763,0.06854457228308969,0.029175695059053316,10.845714285714285,18.05142857142857,10.16,0,0,0,0,0,0,0,0,0,0,0,no mains / natural or DC,0
0,0,11,680,-0.9573046052430799,0.0782494582964568,0.018311105685598315,9.862857142857143,18.365714285714287,7.862857142857143,0,0,0,0,0,0,0,0,0,0,0,no mains / natural or DC,0
0,0,11,690,-0.9573046052430799,0.0782494582964568,0.018311105685598315,8.508571428571429,17.68,5.285714285714286,0,0,0,0,0,0,0,0,0,0,0,no mains / natural or DC,0
0,0,11,700,-0.9715262306588947,0.08313241981261635,0.018005920590838345,8.508571428571429,17.68,5.285714285714286,0,0,0,0,0,0,0,0,0,0,0,no mains / natural or DC,0
0,0,11,710,-0.9582201605273598,0.0836817529831843,0.021546067690054016,6.588571428571429,15.708571428571428,2.737142857142857,0,0,0,0,0,0,0,0,0,0,0,no mains / natural or DC,0
0,0,11,720,-0.9582201605273598,0.0836817529831843,0.021546067690054016,6.588571428571429,15.708571428571428,2.737142857142857,0,0,0,0,0,0,0,0,0,0,0,no mains / natural or DC,0
0,0,11,730,-0.9650563066499832,0.08862575151829585,0.02459791863765374,4.12,12.17142857142857,0.68,0,0,0,0,0,0,0,0,0,0,0,no mains / natural or DC,0
0,0,11,740,-0.9650563066499832,0.08862575151829585,0.02459791863765374,4.12,12.17142857142857,0.68,0,0,0,0,0,0,0,0,0,0,0,no mains / natural or DC,0
0,0,11,750,-0.9837946714682455,0.09863582262642293,0.025696584978789634,1.5085714285714287,8.874285714285714,-0.5142857142857142,0,0,0,0,0,0,0,0,0,0,0,no mains / natural or DC,0
0,0,11,760,-0.9837946714682455,0.09863582262642293,0.025696584978789634,1.5085714285714287,8.874285714285714,-0.5142857142857142,0,0,0,0,0,0,0,0,0,0,0,no mains / natural or DC,0
0,0,11,770,-0.9911801507614368,0.10510574663533433,0.02227851191747795,-0.8457142857142858,7.1257142857142854,-0.9771428571428571,0,0,0,0,0,0,0,0,0,0,0,no mains / natural or DC,0
0,0,11,780,-0.9911801507614368,0.10510574663533433,0.02227851191747795,-0.8457142857142858,7.1257142857142854,-0.9771428571428571,0,0,0,0,0,0,0,0,0,0,0,no mains / natural or DC,0
0,0,11,790,-0.9836115604113895,0.09991760002441481,0.02435377056184576,-2.702857142857143,6.674285714285714,-1.5085714285714287,0,0,0,0,0,0,0,0,0,0,0,no mains / natural or DC,0
0,0,11,800,-0.9836115604113895,0.09991760002441481,0.02435377056184576,-2.702857142857143,6.674285714285714,-1.5085714285714287,0,0,0,0,0,0,0,0,0,0,0,no mains / natural or DC,0
0,0,11,810,-0.9588305307168797,0.07678456984160893,0.023316141239661855,-4.154285714285714,6.817142857142857,-2.6685714285714286,0,0,0,0,0,0,0,0,0,0,0,no mains / natural or DC,0
0,0,11,820,-0.9588305307168797,0.07678456984160893,0.023316141239661855,-4.154285714285714,6.817142857142857,-5.765714285714286,0,0,0,0,0,0,0,0,0,0,0,no mains / natural or DC,0
0,0,11,830,-1.2447279274880214,0.07745597705008088,-0.04089480269783624,-5.0285714285714285,5.148571428571429,-5.765714285714286,0,0,0,0,0,0,0,0,0,0,0,no mains / natural or DC,0
0,0,11,840,-1.5200048829615163,0.12140263069551684,0.044862208929715874,-4.8,4.468571428571429,-9.16,0,0,0,0,0,0,0,0,0,0,0,no mains / natural or DC,0
0,0,11,850,-1.5200048829615163,0.12140263069551684,0.044862208929715874,-4.8,4.468571428571429,-9.16,0,0,0,0,0,0,0,0,0,0,0,no mains / natural or DC,0
0,0,11,860,-1.0190130314035462,-0.0012207403790398877,-0.0696432386242256,-4.0285714285714285,16.21142857142857,-12.045714285714286,0,0,0,0,0,0,0,0,0,0,0,no mains / natural or DC,0
0,0,11,870,-1.0190130314035462,-0.0012207403790398877,-0.0696432386242256,-4.0285714285714285,16.21142857142857,-12.045714285714286,0,0,0,0,0,0,0,0,0,0,0,no mains / natural or DC,0
0,0,11,880,-1.041962950529496,-0.0750144962920011,-0.14520706808679465,-3.2,9.651428571428571,-17.6,0,0,0,0,0,0,0,0,0,0,0,no mains / natural or DC,0
0,0,11,890,-1.041962950529496,-0.0750144962920011,-0.14520706808679465,-3.2,9.651428571428571,-17.6,0,0,0,0,0,0,0,0,0,0,0,no mains / natural or DC,0
0,0,11,900,-1.1581774346140934,-0.23017059846797083,-0.17548142948698386,-1.5142857142857142,9.16,-24.822857142857142,0,0,0,0,0,0,0,0,0,0,0,no mains / natural or DC,0
0,0,11,910,-1.1581774346140934,-0.23017059846797083,-0.17548142948698386,-1.5142857142857142,9.16,-24.822857142857142,0,0,0,0,0,0,0,0,0,0,0,no mains / natural or DC,0
0,0,11,920,-1.239051484725486,-0.2888882106997894,-0.19647816400646992,-0.06857142857142857,9.6,-33.73714285714286,0,0,0,0,0,0,0,0,0,0,0,no mains / natural or DC,0
0,0,11,930,-1.239051484725486,-0.2888882106997894,-0.19647816400646992,-0.06857142857142857,9.6,-33.73714285714286,0,0,0,0,0,0,0,0,0,0,0,no mains / natural or DC,0
0,0,11,940,-1.1240577410199286,-0.35792107913449506,-0.22040467543565173,2.04,7.485714285714286,-36.77142857142857,0,0,0,0,0,0,0,0,0,0,0,no mains / natural or DC,0
0,0,11,950,-1.1240577410199286,-0.35792107913449506,-0.22040467543565173,2.04,7.485714285714286,-36.77142857142857,0,0,0,0,0,0,0,0,0,0,0,no mains / natural or DC,0
0,0,11,960,-1.0567339091158787,-0.37665944395275736,-0.25818659016693624,4.154285714285714,1.8285714285714285,-33.14857142857143,0,0,0,0,0,0,0,0,0,0,0,no mains / natural or DC,0
0,0,11,970,-1.0567339091158787,-0.37665944395275736,-0.24463637195959348,6.542857142857143,-2.9485714285714284,-24.765714285714285,0,0,0,0,0,0,0,0,0,0,0,no mains / natural or DC,0
0,0,11,980,-1.0348826563310647,-0.36579485457930233,-0.24463637195959348,6.542857142857143,-2.9485714285714284,-24.765714285714285,0,0,0,0,0,0,0,0,0,0,0,no mains / natural or DC,0
0,0,11,990,-0.9689016388439589,-0.3520615253151036,-0.22199163792840357,8.662857142857144,-4.3428571428571425,-14.731428571428571,0,0,0,0,0,0,0,0,0,0,0,no mains / natural or DC,0
0,0,12,0,-0.9689016388439589,-0.3520615253151036,-0.22199163792840357,8.662857142857144,-4.3428571428571425,-14.731428571428571,0,0,0,0,0,0,0,0,0,0,0,no mains / natural or DC,0
0,0,12,10,-0.8964506973479415,-0.34723960081789607,-0.18085268715475936,9.48,-7.7542857142857144,-6.7942857142857145,0,0,0,0,0,0,0,0,0,0,0,no mains / natural or DC,0
0,0,12,20,-0.8964506973479415,-0.34723960081789607,-0.18085268715475936,9.48,-7.7542857142857144,-6.7942857142857145,0,0,0,0,0,0,0,0,0,0,0,no mains / natural or DC,0
0,0,12,30,-0.8351695303201392,-0.30494094668416394,-0.1565599536118656,9.017142857142858,-11.531428571428572,-0.9428571428571428,0,0,0,0,0,0,0,0,0,0,0,no mains / natural or DC,0
0,0,12,40,-0.8351695303201392,-0.30494094668416394,-0.1565599536118656,9.017142857142858,-11.531428571428572,-0.9428571428571428,0,0,0,0,0,0,0,0,0,0,0,no mains / natural or DC,0
0,0,12,50,-0.8119144260994293,-0.239143040253914,-0.1423993652150029,8.165714285714285,-14.16,3.742857142857143,0,0,0,0,0,0,0,0,0,0,0,no mains / natural or DC,0
0,0,12,60,-0.8119144260994293,-0.239143040253914,-0.1423993652150029,8.165714285714285,-14.16,3.742857142857143,0,0,0,0,0,0,0,0,0,0,0,no mains / natural or DC,0
0,0,12,70,-0.7906125064851832,-0.1727958006530961,-0.12475966673787653,7.645714285714286,-14.337142857142856,8.217142857142857,0,0,0,0,0,0,0,0,0,0,0,no mains / natural or DC,0
0,0,12,80,-0.7906125064851832,-0.1727958006530961,-0.12475966673787653,7.645714285714286,-14.337142857142856,8.217142857142857,0,0,0,0,0,0,0,0,0,0,0,no mains / natural or DC,0
0,0,12,90,-0.7661366618854335,-0.11755729850154119,-0.11438337351603747,7.434285714285714,-12.994285714285715,12.805714285714286,0,0,0,0,0,0,0,0,0,0,0,no mains / natural or DC,0
0,0,12,100,-0.7661366618854335,-0.11755729850154119,-0.11438337351603747,7.434285714285714,-11.194285714285714,17.52,0,0,0,0,0,0,0,0,0,0,0,no mains / natural or DC,0
0,0,12,110,-0.7518539994506668,-0.07141331217383343,-0.10596026490066225,7.325714285714286,-11.194285714285714,17.52,0,0,0,0,0,0,0,0,0,0,0,no mains / natural or DC,0
0,0,12,120,-0.761497848445082,-0.03570665608691671,-0.10498367259743034,7.285714285714286,-9.451428571428572,21.34857142857143,0,0,0,0,0,0,0,0,0,0,0,no mains / natural or DC,0
0,0,12,130,-0.761497848445082,-0.03570665608691671,-0.10498367259743034,7.285714285714286,-9.451428571428572,21.34857142857143,0,0,0,0,0,0,0,0,0,0,0,no mains / natural or DC,0
0,0,12,140,-0.7879879146702475,-0.0029297769096957305,-0.10431226538895841,7.4,-7.925714285714285,23.36,0,0,0,0,0,0,0,0,0,0,0,no mains / natural or DC,0
0,0,12,150,-0.7879879146702475,-0.0029297769096957305,-0.10431226538895841,7.4,-7.925714285714285,23.36,0,0,0,0,0,0,0,0,0,0,0,no mains / natural or DC,0
0,0,12,160,-0.7884762108218635,0.02630695516830958,-0.10791344950712607,7.348571428571429,-6.462857142857143,24.154285714285713,0,0,0,0,0,0,0,0,0,0,0,no mains / natural or DC,0
0,0,12,170,-0.7884762108218635,0.02630695516830958,-0.10791344950712607,7.348571428571429,-6.462857142857143,24.154285714285713,0,0,0,0,0,0,0,0,0,0,0,no mains / natural or DC,0
0,0,12,180,-0.7854243598742637,0.053834650715659044,-0.11432233649708548,6.92,-6.1657142857142855,24.365714285714287,0,0,0,0,0,0,0,0,0,0,0,no mains / natural or DC,0
0,0,12,190,-0.7854243598742637,0.053834650715659044,-0.11432233649708548,6.92,-6.1657142857142855,24.365714285714287,0,0,0,0,0,0,0,0,0,0,0,no mains / natural or DC,0
0,0,12,200,-0.793237098300119,0.0739768669698172,-0.11719107638782922,6.211428571428572,-6.628571428571429,24.16,0,0,0,0,0,0,0,0,0,0,0,no mains / natural or DC,0
0,0,12,210,-0.793237098300119,0.0739768669698172,-0.11719107638782922,6.211428571428572,-6.628571428571429,24.16,0,0,0,0,0,0,0,0,0,0,0,no mains / natural or DC,0
0,0,12,220,-0.8063600573747978,0.08807641834772789,-0.1152378917813654,5.24,-7.428571428571429,23.017142857142858,0,0,0,0,0,0,0,0,0,0,0,no mains / natural or DC,0
0,0,12,230,-0.8063600573747978,0.08807641834772789,-0.1152378917813654,5.24,-7.428571428571429,23.017142857142858,0,0,0,0,0,0,0,0,0,0,0,no mains / natural or DC,0
0,0,12,240,-0.8319345683156835,0.10022278511917478,-0.11316263313699759,4.194285714285714,-8.674285714285714,20.34857142857143,0,0,0,0,0,0,0,0,0,0,0,no mains / natural or DC,0
0,0,12,250,-0.880275887325663,0.11493270668660542,-0.10943937498092593,3.257142857142857,-10.017142857142858,16.33142857142857,0,0,0,0,0,0,0,0,0,0,0,no mains / natural or DC,0
0,0,12,260,-0.880275887325663,0.11493270668660542,-0.10943937498092593,3.257142857142857,-10.017142857142858,16.33142857142857,0,0,0,0,0,0,0,0,0,0,0,no mains / natural or DC,0
0,0,12,270,-0.9270302438428907,0.12555314798425246,-0.1108432264168218,2.56,-10.868571428571428,11.234285714285715,0,0,0,0,0,0,0,0,0,0,0,no mains / natural or DC,0
0,0,12,280,-0.9270302438428907,0.12555314798425246,-0.1108432264168218,2.56,-10.868571428571428,11.234285714285715,0,0,0,0,0,0,0,0,0,0,0,no mains / natural or DC,0
0,0,12,290,-0.9578539384136479,0.141361735892819,-0.1184118167668691,2.257142857142857,-11.074285714285715,5.868571428571428,0,0,0,0,0,0,0,0,0,0,0,no mains / natural or DC,0
0,0,12,300,-0.9578539384136479,0.141361735892819,-0.1184118167668691,2.257142857142857,-11.074285714285715,5.868571428571428,0,0,0,0,0,0,0,0,0,0,0,no mains / natural or DC,0
0,0,12,310,-1.0012512588885158,0.16162602618488114,-0.12683492538224433,2.48,-10.377142857142857,1.7542857142857142,0,0,0,0,0,0,0,0,0,0,0,no mains / natural or DC,0
0,0,12,320,-1.0012512588885158,0.16162602618488114,-0.12683492538224433,2.48,-10.377142857142857,1.7542857142857142,0,0,0,0,0,0,0,0,0,0,0,no mains / natural or DC,0
0,0,12,330,-1.0209662160100101,0.17358928189947204,-0.13501388592181157,3.24,-9.04,-0.6,0,0,0,0,0,0,0,0,0,0,0,no mains / natural or DC,0
0,0,12,340,-1.0209662160100101,0.17358928189947204,-0.13501388592181157,3.24,-9.04,-0.6,0,0,0,0,0,0,0,0,0,0,0,no mains / natural or DC,0
0,0,12,350,-1.0392162846766564,0.1770073549607837,-0.13525803399761954,4.28,-8.045714285714286,-1.4057142857142857,0,0,0,0,0,0,0,0,0,0,0,no mains / natural or DC,0
0,0,12,360,-1.0392162846766564,0.1770073549607837,-0.13525803399761954,4.28,-8.045714285714286,-1.4057142857142857,0,0,0,0,0,0,0,0,0,0,0,no mains / natural or DC,0
0,0,12,370,-1.000579851680044,0.15906247138889737,-0.12646870326853238,5.314285714285714,-7.177142857142857,-1.64,0,0,0,0,0,0,0,0,0,0,0,no mains / natural or DC,0
0,0,12,380,-1.000579851680044,0.15906247138889737,-0.12646870326853238,5.965714285714285,-7.52,-2.4914285714285715,0,0,0,0,0,0,0,0,0,0,0,no mains / natural or DC,0
0,0,12,390,-0.9560228278450881,0.12244026001770074,-0.0988799707022309,5.965714285714285,-7.52,-2.4914285714285715,0,0,0,0,0,0,0,0,0,0,0,no mains / natural or DC,0
0,0,12,400,-1.065218054750206,0.06390575884273812,-0.08337656788842433,6.142857142857143,-10.497142857142856,-5.948571428571428,0,0,0,0,0,0,0,0,0,0,0,no mains / natural or DC,0
0,0,12,410,-1.065218054750206,0.06390575884273812,-0.08337656788842433,6.142857142857143,-10.497142857142856,-5.948571428571428,0,0,0,0,0,0,0,0,0,0,0,no mains / natural or DC,0
0,0,12,420,-1.7559739982299265,0.130314035462508,0.015076143681142613,7.337142857142857,-18.445714285714285,-12.548571428571428,0,0,0,0,0,0,0,0,0,0,0,no mains / natural or DC,0
0,0,12,430,-1.7559739982299265,0.130314035462508,0.015076143681142613,7.337142857142857,-18.445714285714285,-12.548571428571428,0,0,0,0,0,0,0,0,0,0,0,no mains / natural or DC,0
0,0,12,440,-1.3115024262215034,0.00933866389965514,0.05957213049714652,8.394285714285715,-7.354285714285714,-18.417142857142856,0,0,0,0,0,0,0,0,0,0,0,no mains / natural or DC,0
0,0,12,450,-1.3115024262215034,0.00933866389965514,0.05957213049714652,8.394285714285715,-7.354285714285714,-18.417142857142856,0,0,0,0,0,0,0,0,0,0,0,no mains / natural or DC,0
0,0,12,460,-1.0937223426007874,-0.08227790154728842,0.0717795342875454,10.348571428571429,-3.257142857142857,-24.017142857142858,0,0,0,0,0,0,0,0,0,0,0,no mains / natural or DC,0
0,0,12,470,-1.0937223426007874,-0.08227790154728842,0.0717795342875454,10.348571428571429,-3.257142857142857,-24.017142857142858,0,0,0,0,0,0,0,0,0,0,0,no mains / natural or DC,0
0,0,12,480,-1.2353892635883663,-0.18280587176122318,0.19379253517258216,11.725714285714286,-10.262857142857143,-29.86857142857143,0,0,0,0,0,0,0,0,0,0,0,no mains / natural or DC,0
0,0,12,490,-1.2353892635883663,-0.18280587176122318,0.19379253517258216,11.725714285714286,-10.262857142857143,-29.86857142857143,0,0,0,0,0,0,0,0,0,0,0,no mains / natural or DC,0
0,0,12,500,-1.1308328501236,-0.26013977477340006,0.23957029938657795,11.72,-11.0,-32.8,0,0,0,0,0,0,0,0,0,0,0,no mains / natural or DC,0
0,0,12,510,-1.1308328501236,-0.26013977477340006,0.23957029938657795,11.72,-16.85142857142857,-33.89142857142857,0,0,0,0,0,0,0,0,0,0,0,no mains / natural or DC,0
0,0,12,520,-1.0625934629352702,-0.31153294473097937,0.2676473281044954,10.731428571428571,-16.337142857142858,-33.89142857142857,0,0,0,0,0,0,0,0,0,0,0,no mains / natural or DC,0
0,0,12,530,-1.1050752281258582,-0.27271340067751093,0.28382213812677387,9.84,-20.88,-29.737142857142857,0,0,0,0,0,0,0,0,0,0,0,no mains / natural or DC,0
0,0,12,540,-1.1050752281258582,-0.27271340067751093,0.28382213812677387,9.84,-20.88,-29.737142857142857,0,0,0,0,0,0,0,0,0,0,0,no mains / natural or DC,0
0,0,12,550,-1.021759697256386,-0.26984466078676717,0.2871791741691336,10.051428571428572,-18.2,-21.165714285714287,0,0,0,0,0,0,0,0,0,0,0,no mains / natural or DC,0
0,0,12,560,-1.021759697256386,-0.26984466078676717,0.2871791741691336,10.051428571428572,-18.2,-21.165714285714287,0,0,0,0,0,0,0,0,0,0,0,no mains / natural or DC,0
0,0,12,570,-1.0274971770378736,-0.23895992919705802,0.28534806360057374,10.977142857142857,-15.382857142857143,-12.502857142857144,0,0,0,0,0,0,0,0,0,0,0,no mains / natural or DC,0
0,0,12,580,-1.0274971770378736,-0.23895992919705802,0.28534806360057374,10.977142857142857,-15.382857142857143,-12.502857142857144,0,0,0,0,0,0,0,0,0,0,0,no mains / natural or DC,0
0,0,12,590,-0.9757988219855342,-0.206671346171453,0.27271340067751093,12.062857142857142,-10.497142857142856,-4.382857142857143,0,0,0,0,0,0,0,0,0,0,0,no mains / natural or DC,0
0,0,12,600,-0.9757988219855342,-0.206671346171453,0.27271340067751093,12.062857142857142,-10.497142857142856,-4.382857142857143,0,0,0,0,0,0,0,0,0,0,0,no mains / natural or DC,0
0,0,12,610,-0.8859523300881985,-0.17615283669545578,0.23627430036317026,12.954285714285714,-5.188571428571429,2.4628571428571426,0,0,0,0,0,0,0,0,0,0,0,no mains / natural or DC,0
0,0,12,620,-0.8859523300881985,-0.17615283669545578,0.23627430036317026,12.954285714285714,-5.188571428571429,2.4628571428571426,0,0,0,0,0,0,0,0,0,0,0,no mains / natural or DC,0
0,0,12,630,-0.8636738181707205,-0.13415936765648365,0.1980040894802698,13.93142857142857,-0.22857142857142856,7.811428571428571,0,0,0,0,0,0,0,0,0,0,0,no mains / natural or DC,0
0,0,12,640,-0.8636738181707205,-0.13415936765648365,0.1980040894802698,13.93142857142857,-0.22857142857142856,7.811428571428571,0,0,0,0,0,0,0,0,0,0,0,no mains / natural or DC,0
0,0,12,650,-0.8427381206701865,-0.09515671254615925,0.1673635059663686,15.125714285714286,5.6,11.725714285714286,0,0,0,0,0,0,0,0,0,0,0,no mains / natural or DC,0
0,0,12,660,-0.8427381206701865,-0.09515671254615925,0.14752647480697043,16.285714285714285,10.617142857142857,14.325714285714286,0,0,0,0,0,0,0,0,0,0,0,no mains / natural or DC,0
0,0,12,670,-0.7943968016602069,-0.0694601275673696,0.14752647480697043,16.285714285714285,10.617142857142857,14.325714285714286,0,0,0,0,0,0,0,0,0,0,0,no mains / natural or DC,0
0,0,12,680,-0.7687002166814173,-0.04559465315713981,0.1284218878749962,17.10857142857143,13.434285714285714,16.017142857142858,0,0,0,0,0,0,0,0,0,0,0,no mains / natural or DC,0
0,0,12,690,-0.7687002166814173,-0.04559465315713981,0.1284218878749962,17.10857142857143,13.434285714285714,16.017142857142858,0,0,0,0,0,0,0,0,0,0,0,no mains / natural or DC,0
0,0,12,700,-0.7580797753837702,-0.0239265114291818,0.11395611438337351,17.417142857142856,14.114285714285714,17.005714285714287,0,0,0,0,0,0,0,0,0,0,0,no mains / natural or DC,0
0,0,12,710,-0.7580797753837702,-0.0239265114291818,0.11395611438337351,17.417142857142856,14.114285714285714,17.005714285714287,0,0,0,0,0,0,0,0,0,0,0,no mains / natural or DC,0
0,0,12,720,-0.7695547349467452,-0.0037232581560716575,0.10419019135105441,17.18857142857143,13.405714285714286,17.577142857142857,0,0,0,0,0,0,0,0,0,0,0,no mains / natural or DC,0
0,0,12,730,-0.7695547349467452,-0.0037232581560716575,0.10419019135105441,17.18857142857143,13.405714285714286,17.577142857142857,0,0,0,0,0,0,0,0,0,0,0,no mains / natural or DC,0
0,0,12,740,-0.7580187383648183,0.007263405255287332,0.09735404522843104,16.354285714285716,12.56,17.76,0,0,0,0,0,0,0,0,0,0,0,no mains / natural or DC,0
0,0,12,750,-0.7580187383648183,0.007263405255287332,0.09735404522843104,16.354285714285716,12.56,17.76,0,0,0,0,0,0,0,0,0,0,0,no mains / natural or DC,0
0,0,12,760,-0.7645496993926817,0.02661214026306955,0.0814844203009125,14.874285714285714,11.474285714285715,17.457142857142856,0,0,0,0,0,0,0,0,0,0,0,no mains / natural or DC,0
0,0,12,770,-0.7645496993926817,0.02661214026306955,0.0814844203009125,14.874285714285714,11.474285714285715,17.457142857142856,0,0,0,0,0,0,0,0,0,0,0,no mains / natural or DC,0
0,0,12,780,-0.8300424207281716,0.05053865169225135,0.07312234870448928,13.194285714285714,10.502857142857144,16.548571428571428,0,0,0,0,0,0,0,0,0,0,0,no mains / natural or DC,0
0,0,12,790,-0.8300424207281716,0.05053865169225135,0.07312234870448928,11.365714285714287,10.68,15.045714285714286,0,0,0,0,0,0,0,0,0,0,0,no mains / natural or DC,0
0,0,12,800,-0.8664815210425123,0.07019257179479355,0.06616412854396192,11.365714285714287,10.68,15.045714285714286,0,0,0,0,0,0,0,0,0,0,0,no mains / natural or DC,0
0,0,12,810,-0.8757591479232154,0.07947019867549669,0.05664235358745079,9.382857142857143,10.514285714285714,12.765714285714285,0,0,0,0,0,0,0,0,0,0,0,no mains / natural or DC,0
0,0,12,820,-0.8757591479232154,0.07947019867549669,0.05664235358745079,9.382857142857143,10.514285714285714,12.765714285714285,0,0,0,0,0,0,0,0,0,0,0,no mains / natural or DC,0
0,0,12,830,-0.8957792901394696,0.06927701651051363,0.059755241554002504,7.2057142857142855,9.302857142857142,8.217142857142857,0,0,0,0,0,0,0,0,0,0,0,no mains / natural or DC,0
0,0,12,840,-0.8957792901394696,0.06927701651051363,0.059755241554002504,7.2057142857142855,9.302857142857142,8.217142857142857,0,0,0,0,0,0,0,0,0,0,0,no mains / natural or DC,0
0,0,12,850,-0.913357951597644,0.07678456984160893,0.05725272377697073,4.828571428571428,7.76,1.977142857142857,0,0,0,0,0,0,0,0,0,0,0,no mains / natural or DC,0
0,0,12,860,-0.913357951597644,0.07678456984160893,0.05725272377697073,4.828571428571428,7.76,1.977142857142857,0,0,0,0,0,0,0,0,0,0,0,no mains / natural or DC,0
0,0,12,870,-0.9535203100680563,0.0781884212775048,0.06372264778588213,2.52,6.062857142857143,-4.565714285714286,0,0,0,0,0,0,0,0,0,0,0,no mains / natural or DC,0
0,0,12,880,-0.9535203100680563,0.0781884212775048,0.06372264778588213,2.52,6.062857142857143,-4.565714285714286,0,0,0,0,0,0,0,0,0,0,0,no mains / natural or DC,0
0,0,12,890,-0.9542527542954802,0.08410901211584826,0.06933805352946562,0.33714285714285713,4.651428571428571,-10.16,0,0,0,0,0,0,0,0,0,0,0,no mains / natural or DC,0
0,0,12,900,-0.9542527542954802,0.08410901211584826,0.06933805352946562,0.33714285714285713,4.651428571428571,-10.16,0,0,0,0,0,0,0,0,0,0,0,no mains / natural or DC,0
0,0,12,910,-0.9637134922330394,0.08862575151829585,0.07446516312143314,-1.7085714285714286,3.2914285714285714,-14.028571428571428,0,0,0,0,0,0,0,0,0,0,0,no mains / natural or DC,0
0,0,12,920,-0.9637134922330394,0.08862575151829585,0.07446516312143314,-1.7085714285714286,3.2914285714285714,-14.028571428571428,0,0,0,0,0,0,0,0,0,0,0,no mains / natural or DC,0
0,0,12,930,-0.9801324503311258,0.08954130680257576,0.07733390301217688,-3.657142857142857,1.8971428571428572,-15.537142857142857,0,0,0,0,0,0,0,0,0,0,0,no mains / natural or DC,0
0,0,12,940,-0.9823297830133976,0.07959227271340068,0.0728171636097293,-5.451428571428571,0.8514285714285714,-15.485714285714286,0,0,0,0,0,0,0,0,0,0,0,no mains / natural or DC,0
0,0,12,950,-0.9823297830133976,0.07959227271340068,0.0728171636097293,-5.451428571428571,0.8514285714285714,-15.485714285714286,0,0,0,0,0,0,0,0,0,0,0,no mains / natural or DC,0
0,0,12,960,-0.9574266792809839,0.034485915707876826,0.055787835322122864,-6.948571428571428,0.2914285714285714,-15.628571428571428,0,0,0,0,0,0,0,0,0,0,0,no mains / natural or DC,0
0,0,12,970,-0.9574266792809839,0.034485915707876826,0.055787835322122864,-6.948571428571428,0.2914285714285714,-15.628571428571428,0,0,0,0,0,0,0,0,0,0,0,no mains / natural or DC,0
0,0,12,980,-1.4529862361522263,0.03363139744254891,-0.008423108615375225,-7.605714285714286,-2.5085714285714285,-18.245714285714286,0,0,0,0,0,0,0,0,0,0,0,no mains / natural or DC,0
0,0,12,990,-1.4529862361522263,0.03363139744254891,-0.008423108615375225,-7.605714285714286,-2.5085714285714285,-18.245714285714286,0,0,0,0,0,0,0,0,0,0,0,no mains / natural or DC,0
0,0,13,0,-1.5049287392803736,0.03234962004455702,0.09656056398205512,-7.994285714285715,-1.6057142857142856,-21.314285714285713,0,0,0,0,0,0,0,0,0,0,0,no mains / natural or DC,0
0,0,13,10,-1.5049287392803736,0.03234962004455702,0.09656056398205512,-7.994285714285715,-1.6057142857142856,-21.314285714285713,0,0,0,0,0,0,0,0,0,0,0,no mains / natural or DC,0
0,0,13,20,-0.8148442030091251,-0.1021149327066866,-0.04083376567888424,-8.845714285714285,9.805714285714286,-19.474285714285713,0,0,0,0,0,0,0,0,0,0,0,no mains / natural or DC,0
0,0,13,30,-0.8148442030091251,-0.1021149327066866,-0.04083376567888424,-8.845714285714285,9.805714285714286,-19.474285714285713,0,0,0,0,0,0,0,0,0,0,0,no mains / natural or DC,0
0,0,13,40,-0.8752098147526475,-0.18549150059511094,-0.11584826197088534,-9.542857142857143,-3.0742857142857143,-21.12,0,0,0,0,0,0,0,0,0,0,0,no mains / natural or DC,0
0,0,13,50,-0.8752098147526475,-0.18549150059511094,-0.11584826197088534,-9.542857142857143,-3.0742857142857143,-21.12,0,0,0,0,0,0,0,0,0,0,0,no mains / natural or DC,0
0,0,13,60,-1.2789696951200904,-0.25879696035645616,-0.1228675191503647,-8.451428571428572,-4.56,-23.13714285714286,0,0,0,0,0,0,0,0,0,0,0,no mains / natural or DC,0
0,0,13,70,-1.2789696951200904,-0.25879696035645616,-0.1228675191503647,-6.154285714285714,5.257142857142857,-27.708571428571428,0,0,0,0,0,0,0,0,0,0,0,no mains / natural or DC,0
0,0,13,80,-1.2738425855281228,-0.3295388653218177,-0.14490188299203466,-6.154285714285714,5.257142857142857,-27.708571428571428,0,0,0,0,0,0,0,0,0,0,0,no mains / natural or DC,0
0,0,13,90,-1.1438947721793267,-0.3876461073641163,-0.1575365459150975,-3.697142857142857,7.714285714285714,-31.497142857142858,0,0,0,0,0,0,0,0,0,0,0,no mains / natural or DC,0
0,0,13,100,-1.1438947721793267,-0.3876461073641163,-0.1575365459150975,-3.697142857142857,7.714285714285714,-31.497142857142858,0,0,0,0,0,0,0,0,0,0,0,no mains / natural or DC,0
0,0,13,110,-1.1205175939207128,-0.3946043275246437,-0.17377239295632801,-1.8171428571428572,4.011428571428572,-28.582857142857144,0,0,0,0,0,0,0,0,0,0,0,no mains / natural or DC,0
0,0,13,120,-1.1205175939207128,-0.3946043275246437,-0.17377239295632801,-1.8171428571428572,4.011428571428572,-28.582857142857144,0,0,0,0,0,0,0,0,0,0,0,no mains / natural or DC,0
0,0,13,130,-1.1000091555528428,-0.3737907040620136,-0.18433179723502305,0.56,2.125714285714286,-20.65714285714286,0,0,0,0,0,0,0,0,0,0,0,no mains / natural or DC,0
0,0,13,140,-1.1000091555528428,-0.3737907040620136,-0.18433179723502305,0.56,2.125714285714286,-20.65714285714286,0,0,0,0,0,0,0,0,0,0,0,no mains / natural or DC,0
0,0,13,150,-1.0202337717825862,-0.3532822656941435,-0.18213446455275123,3.6,1.9714285714285715,-12.245714285714286,0,0,0,0,0,0,0,0,0,0,0,no mains / natural or DC,0
0,0,13,160,-1.0202337717825862,-0.3532822656941435,-0.18213446455275123,3.6,1.9714285714285715,-12.245714285714286,0,0,0,0,0,0,0,0,0,0,0,no mains / natural or DC,0
0,0,13,170,-0.9449751274147771,-0.3248390148625141,-0.17792291024506363,6.594285714285714,0.8742857142857143,-5.182857142857143,0,0,0,0,0,0,0,0,0,0,0,no mains / natural or DC,0
0,0,13,180,-0.9449751274147771,-0.3248390148625141,-0.17792291024506363,6.594285714285714,0.8742857142857143,-5.182857142857143,0,0,0,0,0,0,0,0,0,0,0,no mains / natural or DC,0
0,0,13,190,-0.9285561693166906,-0.2869350260933256,-0.16541032135990477,9.188571428571429,-1.1714285714285715,0.2857142857142857,0,0,0,0,0,0,0,0,0,0,0,no mains / natural or DC,0
0,0,13,200,-0.9285561693166906,-0.2869350260933256,-0.16541032135990477,9.188571428571429,-2.302857142857143,4.3028571428571425,0,0,0,0,0,0,0,0,0,0,0,no mains / natural or DC,0
0,0,13,210,-0.8848536637470626,-0.24646748252815331,-0.15234839930417798,11.474285714285715,-2.302857142857143,4.3028571428571425,0,0,0,0,0,0,0,0,0,0,0,no mains / natural or DC,0
0,0,13,220,-0.8304696798608356,-0.20044557023834955,-0.14709921567430648,13.36,-3.217142857142857,7.628571428571429,0,0,0,0,0,0,0,0,0,0,0,no mains / natural or DC,0
0,0,13,230,-0.8304696798608356,-0.20044557023834955,-0.14709921567430648,13.36,-3.217142857142857,7.628571428571429,0,0,0,0,0,0,0,0,0,0,0,no mains / natural or DC,0
0,0,13,240,-0.783532212286752,-0.1554612872707297,-0.13660084841456344,14.90857142857143,-3.954285714285714,11.205714285714286,0,0,0,0,0,0,0,0,0,0,0,no mains / natural or DC,0
0,0,13,250,-0.783532212286752,-0.1554612872707297,-0.13660084841456344,14.90857142857143,-3.954285714285714,11.205714285714286,0,0,0,0,0,0,0,0,0,0,0,no mains / natural or DC,0
0,0,13,260,-0.739158299508652,-0.11316263313699759,-0.13006988738670003,16.01142857142857,-4.1257142857142854,15.474285714285715,0,0,0,0,0,0,0,0,0,0,0,no mains / natural or DC,0
0,0,13,270,-0.739158299508652,-0.11316263313699759,-0.13006988738670003,16.01142857142857,-4.1257142857142854,15.474285714285715,0,0,0,0,0,0,0,0,0,0,0,no mains / natural or DC,0
0,0,13,280,-0.7425153355510117,-0.07037568285164952,-0.12475966673787653,16.65714285714286,-5.057142857142857,19.674285714285713,0,0,0,0,0,0,0,0,0,0,0,no mains / natural or DC,0
0,0,13,290,-0.7425153355510117,-0.07037568285164952,-0.12475966673787653,16.65714285714286,-5.057142857142857,19.674285714285713,0,0,0,0,0,0,0,0,0,0,0,no mains / natural or DC,0
0,0,13,300,-0.7364116336558123,-0.044190801721243934,-0.11474959562974944,16.82857142857143,-5.628571428571429,23.291428571428572,0,0,0,0,0,0,0,0,0,0,0,no mains / natural or DC,0
0,0,13,310,-0.7364116336558123,-0.044190801721243934,-0.11474959562974944,16.82857142857143,-5.628571428571429,23.291428571428572,0,0,0,0,0,0,0,0,0,0,0,no mains / natural or DC,0
0,0,13,320,-0.7491073335978271,-0.014404736472670675,-0.1173131504257332,16.485714285714284,-6.1257142857142854,25.588571428571427,0,0,0,0,0,0,0,0,0,0,0,no mains / natural or DC,0
0,0,13,330,-0.7491073335978271,-0.014404736472670675,-0.1173131504257332,16.485714285714284,-6.1257142857142854,25.588571428571427,0,0,0,0,0,0,0,0,0,0,0,no mains / natural or DC,0
0,0,13,340,-0.7743766594439527,0.006714072084719382,-0.11578722495193335,15.914285714285715,-6.8,26.17142857142857,0,0,0,0,0,0,0,0,0,0,0,no mains / natural or DC,0
0,0,13,350,-0.7743766594439527,0.022339548936429945,-0.1152378917813654,15.257142857142858,-7.091428571428572,24.96,0,0,0,0,0,0,0,0,0,0,0,no mains / natural or DC,0
0,0,13,360,-0.7867671742912076,0.024109622486037784,-0.1152378917813654,15.257142857142858,-7.091428571428572,24.96,0,0,0,0,0,0,0,0,0,0,0,no mains / natural or DC,0
0,0,13,370,-0.826685384685812,0.0413220618305002,-0.11304055909909361,14.56,-8.028571428571428,22.102857142857143,0,0,0,0,0,0,0,0,0,0,0,no mains / natural or DC,0
0,0,13,380,-0.826685384685812,0.0413220618305002,-0.11304055909909361,14.56,-8.028571428571428,22.102857142857143,0,0,0,0,0,0,0,0,0,0,0,no mains / natural or DC,0
0,0,13,390,-0.8670308542130802,0.05859553819391461,-0.1108432264168218,13.971428571428572,-8.925714285714285,18.32,0,0,0,0,0,0,0,0,0,0,0,no mains / natural or DC,0
0,0,13,400,-0.8670308542130802,0.05859553819391461,-0.1108432264168218,13.971428571428572,-8.925714285714285,18.32,0,0,0,0,0,0,0,0,0,0,0,no mains / natural or DC,0
0,0,13,410,-0.8935819574571978,0.06897183141575365,-0.10687582018494217,13.56,-9.617142857142857,13.897142857142857,0,0,0,0,0,0,0,0,0,0,0,no mains / natural or DC,0
0,0,13,420,-0.8935819574571978,0.06897183141575365,-0.10687582018494217,13.56,-9.617142857142857,13.897142857142857,0,0,0,0,0,0,0,0,0,0,0,no mains / natural or DC,0
0,0,13,430,-0.9176305429242836,0.08563493758964812,-0.10809656056398205,13.342857142857143,-10.217142857142857,9.794285714285714,0,0,0,0,0,0,0,0,0,0,0,no mains / natural or DC,0
0,0,13,440,-0.9176305429242836,0.08563493758964812,-0.10809656056398205,13.342857142857143,-10.217142857142857,9.794285714285714,0,0,0,0,0,0,0,0,0,0,0,no mains / natural or DC,0
0,0,13,450,-0.934598834192938,0.10376293221839045,-0.10913418988616597,13.531428571428572,-10.497142857142856,7.12,0,0,0,0,0,0,0,0,0,0,0,no mains / natural or DC,0
0,0,13,460,-0.934598834192938,0.10376293221839045,-0.10913418988616597,13.531428571428572,-10.497142857142856,7.12,0,0,0,0,0,0,0,0,0,0,0,no mains / natural or DC,0
0,0,13,470,-0.9523606067079684,0.11944944608905302,-0.11529892880031739,14.08,-9.994285714285715,6.3428571428571425,0,0,0,0,0,0,0,0,0,0,0,no mains / natural or DC,0
0,0,13,480,-0.9523606067079684,0.11944944608905302,-0.11529892880031739,14.948571428571428,-9.2,7.274285714285714,0,0,0,0,0,0,0,0,0,0,0,no mains / natural or DC,0
0,0,13,490,-1.0204779198583942,0.14307077242347482,-0.1184728537858211,14.948571428571428,-9.2,7.274285714285714,0,0,0,0,0,0,0,0,0,0,0,no mains / natural or DC,0
0,0,13,500,-1.0509353923154394,0.15491195410016176,-0.11767937253944517,16.13714285714286,-7.497142857142857,9.16,0,0,0,0,0,0,0,0,0,0,0,no mains / natural or DC,0
0,0,13,510,-1.0509353923154394,0.15491195410016176,-0.11767937253944517,16.13714285714286,-7.497142857142857,9.16,0,0,0,0,0,0,0,0,0,0,0,no mains / natural or DC,0
0,0,13,520,-1.0154728843043306,0.1477706228827784,-0.11212500381481369,17.388571428571428,-5.531428571428571,10.731428571428571,0,0,0,0,0,0,0,0,0,0,0,no mains / natural or DC,0
0,0,13,530,-1.0154728843043306,0.1477706228827784,-0.11212500381481369,17.388571428571428,-5.531428571428571,10.731428571428571,0,0,0,0,0,0,0,0,0,0,0,no mains / natural or DC,0
0,0,13,540,-0.9621875667592394,0.12860499893185218,-0.10156559953611866,18.48,-4.628571428571429,11.074285714285715,0,0,0,0,0,0,0,0,0,0,0,no mains / natural or DC,0
0,0,13,550,-0.9621875667592394,0.12860499893185218,-0.10156559953611866,18.48,-4.628571428571429,11.074285714285715,0,0,0,0,0,0,0,0,0,0,0,no mains / natural or DC,0
0,0,13,560,-0.9734794152653584,0.10962248603778191,-0.09265419476912748,19.37142857142857,-4.828571428571428,9.52,0,0,0,0,0,0,0,0,0,0,0,no mains / natural or DC,0
0,0,13,570,-0.9734794152653584,0.10962248603778191,-0.09265419476912748,19.37142857142857,-4.828571428571428,9.52,0,0,0,0,0,0,0,0,0,0,0,no mains / natural or DC,0
0,0,13,580,-1.650440992461928,0.21668141727958007,-0.06146427808465835,21.234285714285715,-9.92,6.091428571428572,0,0,0,0,0,0,0,0,0,0,0,no mains / natural or DC,0
0,0,13,590,-1.650440992461928,0.21668141727958007,-0.06146427808465835,21.234285714285715,-9.92,6.091428571428572,0,0,0,0,0,0,0,0,0,0,0,no mains / natural or DC,0
0,0,13,600,-1.2797021393475143,0.13220618305001983,0.02368236335337382,23.13142857142857,-4.771428571428571,1.9942857142857142,0,0,0,0,0,0,0,0,0,0,0,no mains / natural or DC,0
0,0,13,610,-1.2797021393475143,0.13220618305001983,0.02368236335337382,23.13142857142857,-4.771428571428571,-3.857142857142857,0,0,0,0,0,0,0,0,0,0,0,no mains / natural or DC,0
0,0,13,620,-0.8861354411450545,0.05371257667775506,0.015503402813806574,24.537142857142857,-1.6685714285714286,-4.097142857142857,0,0,0,0,0,0,0,0,0,0,0,no mains / natural or DC,0
0,0,13,630,-1.142063661610767,0.03723258156071657,0.11603137302774133,24.56,-16.2,-12.76,0,0,0,0,0,0,0,0,0,0,0,no mains / natural or DC,0
0,0,13,640,-1.142063661610767,0.03723258156071657,0.11603137302774133,24.56,-16.2,-12.76,0,0,0,0,0,0,0,0,0,0,0,no mains / natural or DC,0
0,0,13,650,-1.1988891262550736,-0.05041657765434736,0.20374156926175727,24.102857142857143,-21.16,-22.02285714285714,0,0,0,0,0,0,0,0,0,0,0,no mains / natural or DC,0
0,0,13,660,-1.1988891262550736,-0.05041657765434736,0.20374156926175727,24.102857142857143,-21.16,-22.02285714285714,0,0,0,0,0,0,0,0,0,0,0,no mains / natural or DC,0
0,0,13,670,-1.0068666646320994,-0.1901913510544145,0.27777947325052643,22.86285714285714,-24.514285714285716,-35.64,0,0,0,0,0,0,0,0,0,0,0,no mains / natural or DC,0
0,0,13,680,-1.0068666646320994,-0.1901913510544145,0.27777947325052643,22.86285714285714,-24.514285714285716,-35.64,0,0,0,0,0,0,0,0,0,0,0,no mains / natural or DC,0
0,0,13,690,-1.0937833796197394,-0.2216254158146916,0.3282570879238258,20.908571428571427,-31.0,-43.674285714285716,0,0,0,0,0,0,0,0,0,0,0,no mains / natural or DC,0
0,0,13,700,-1.0937833796197394,-0.2216254158146916,0.3282570879238258,20.908571428571427,-31.0,-43.674285714285716,0,0,0,0,0,0,0,0,0,0,0,no mains / natural or DC,0
0,0,13,710,-1.1721549119541002,-0.22907193212683494,0.37958922086245306,19.4,-29.382857142857144,-36.81142857142857,0,0,0,0,0,0,0,0,0,0,0,no mains / natural or DC,0
0,0,13,720,-1.1721549119541002,-0.22907193212683494,0.37958922086245306,19.4,-29.382857142857144,-36.81142857142857,0,0,0,0,0,0,0,0,0,0,0,no mains / natural or DC,0
0,0,13,730,-1.1073335978270822,-0.24805444502090518,0.39747306741538746,18.68,-21.994285714285713,-22.194285714285716,0,0,0,0,0,0,0,0,0,0,0,no mains / natural or DC,0
0,0,13,740,-1.1073335978270822,-0.24805444502090518,0.39747306741538746,18.68,-21.994285714285713,-22.194285714285716,0,0,0,0,0,0,0,0,0,0,0,no mains / natural or DC,0
0,0,13,750,-1.042329172643208,-0.23902096621601002,0.3860591448713645,18.262857142857143,-16.611428571428572,-6.474285714285714,0,0,0,0,0,0,0,0,0,0,0,no mains / natural or DC,0
0,0,13,760,-1.042329172643208,-0.23902096621601002,0.3391827143162328,18.8,-10.782857142857143,5.394285714285714,0,0,0,0,0,0,0,0,0,0,0,no mains / natural or DC,0
0,0,13,770,-1.019379253517258,-0.19629505294961394,0.3297219763786737,18.8,-10.782857142857143,5.394285714285714,0,0,0,0,0,0,0,0,0,0,0,no mains / natural or DC,0
0,0,13,780,-0.9532151249732963,-0.16266365550706505,0.2782067323831904,20.548571428571428,-3.2,11.474285714285715,0,0,0,0,0,0,0,0,0,0,0,no mains / natural or DC,0
0,0,13,790,-0.9532151249732963,-0.16266365550706505,0.2782067323831904,20.548571428571428,-3.2,11.474285714285715,0,0,0,0,0,0,0,0,0,0,0,no mains / natural or DC,0
0,0,13,800,-0.8790551469466231,-0.11828974272896511,0.2304757835627308,22.954285714285714,4.137142857142857,13.177142857142858,0,0,0,0,0,0,0,0,0,0,0,no mains / natural or DC,0
0,0,13,810,-0.8790551469466231,-0.11828974272896511,0.2304757835627308,22.954285714285714,4.137142857142857,13.177142857142858,0,0,0,0,0,0,0,0,0,0,0,no mains / natural or DC,0
0,0,13,820,-0.8109988708151494,-0.07666249580370495,0.20068971831415755,25.354285714285716,9.08,13.44,0,0,0,0,0,0,0,0,0,0,0,no mains / natural or DC,0
0,0,13,830,-0.8109988708151494,-0.07666249580370495,0.20068971831415755,25.354285714285716,9.08,13.44,0,0,0,0,0,0,0,0,0,0,0,no mains / natural or DC,0
0,0,13,840,-0.7353740043336283,-0.05096591082491531,0.1782891323587756,27.165714285714287,11.72,14.411428571428571,0,0,0,0,0,0,0,0,0,0,0,no mains / natural or DC,0
0,0,13,850,-0.7353740043336283,-0.05096591082491531,0.1782891323587756,27.165714285714287,11.72,14.411428571428571,0,0,0,0,0,0,0,0,0,0,0,no mains / natural or DC,0
0,0,13,860,-0.6924039429914243,-0.0228278450880459,0.16174810022278513,28.017142857142858,11.251428571428571,15.897142857142857,0,0,0,0,0,0,0,0,0,0,0,no mains / natural or DC,0
0,0,13,870,-0.6924039429914243,-0.0228278450880459,0.16174810022278513,28.017142857142858,11.251428571428571,15.897142857142857,0,0,0,0,0,0,0,0,0,0,0,no mains / natural or DC,0
0,0,13,880,-0.6902676473281045,-0.004882961516159551,0.15680410168767359,27.97714285714286,8.737142857142857,17.46857142857143,0,0,0,0,0,0,0,0,0,0,0,no mains / natural or DC,0
0,0,13,890,-0.6902676473281045,-0.004882961516159551,0.15680410168767359,26.514285714285716,5.594285714285714,18.365714285714287,0,0,0,0,0,0,0,0,0,0,0,no mains / natural or DC,0
0,0,13,900,-0.7199926755577257,0.009094515823847163,0.1574144718771935,27.13142857142857,5.594285714285714,18.365714285714287,0,0,0,0,0,0,0,0,0,0,0,no mains / natural or DC,0
0,0,13,910,-0.7506332590716269,0.022156437879573963,0.15594958342234566,25.69142857142857,3.257142857142857,17.994285714285713,0,0,0,0,0,0,0,0,0,0,0,no mains / natural or DC,0
0,0,13,920,-0.7506332590716269,0.022156437879573963,0.15594958342234566,25.69142857142857,3.257142857142857,17.994285714285713,0,0,0,0,0,0,0,0,0,0,0,no mains / natural or DC,0
0,0,13,930,-0.7887203588976714,0.03326517532883694,0.15808587908566546,23.81714285714286,1.5142857142857142,16.297142857142855,0,0,0,0,0,0,0,0,0,0,0,no mains / natural or DC,0
0,0,13,940,-0.7887203588976714,0.03326517532883694,0.15808587908566546,23.81714285714286,1.5142857142857142,16.297142857142855,0,0,0,0,0,0,0,0,0,0,0,no mains / natural or DC,0
0,0,13,950,-0.8384655293435469,0.04364146855067599,0.1605883968626972,21.411428571428573,0.46285714285714286,13.697142857142858,0,0,0,0,0,0,0,0,0,0,0,no mains / natural or DC,0
0,0,13,960,-0.8384655293435469,0.04364146855067599,0.1605883968626972,21.411428571428573,0.46285714285714286,13.697142857142858,0,0,0,0,0,0,0,0,0,0,0,no mains / natural or DC,0
0,0,13,970,-0.8868068483535264,0.055177465132602924,0.15582750938444168,18.422857142857143,-0.32,10.48,0,0,0,0,0,0,0,0,0,0,0,no mains / natural or DC,0
0,0,13,980,-0.8868068483535264,0.055177465132602924,0.15582750938444168,18.422857142857143,-0.32,10.48,0,0,0,0,0,0,0,0,0,0,0,no mains / natural or DC,0
0,0,13,990,-0.9328897976622822,0.06286812952055422,0.1490524002807703,15.125714285714286,-0.6742857142857143,6.777142857142858,0,0,0,0,0,0,0,0,0,0,0,no mains / natural or DC,0
0,0,14,0,-0.9328897976622822,0.06286812952055422,0.1490524002807703,15.125714285714286,-0.6742857142857143,6.777142857142858,0,0,0,0,0,0,0,0,0,0,0,no mains / natural or DC,0
0,0,14,10,-0.9722586748863186,0.07049775688955351,0.14172795800653096,11.685714285714285,-0.17714285714285713,2.6228571428571428,0,0,0,0,0,0,0,0,0,0,0,no mains / natural or DC,0
0,0,14,20,-0.9722586748863186,0.07049775688955351,0.14172795800653096,11.685714285714285,-0.17714285714285713,2.6228571428571428,0,0,0,0,0,0,0,0,0,0,0,no mains / natural or DC,0
0,0,14,30,-0.9941099276711325,0.07538071840571306,0.13763847773674734,7.982857142857143,0.8171428571428572,-1.6285714285714286,0,0,0,0,0,0,0,0,0,0,0,no mains / natural or DC,0
0,0,14,40,-0.9941099276711325,0.07916501358073672,0.13959166234321116,4.005714285714285,1.8742857142857143,-5.365714285714286,0,0,0,0,0,0,0,0,0,0,0,no mains / natural or DC,0
0,0,14,50,-0.9821466719565416,0.07916501358073672,0.13959166234321116,4.005714285714285,1.8742857142857143,-5.365714285714286,0,0,0,0,0,0,0,0,0,0,0,no mains / natural or DC,0
0,0,14,60,-0.9642017883846553,0.08038575395977661,0.14746543778801843,-0.26857142857142857,2.262857142857143,-7.851428571428571,0,0,0,0,0,0,0,0,0,0,0,no mains / natural or DC,0
0,0,14,70,-0.9642017883846553,0.08038575395977661,0.14746543778801843,-0.26857142857142857,2.262857142857143,-7.851428571428571,0,0,0,0,0,0,0,0,0,0,0,no mains / natural or DC,0
0,0,14,80,-0.9535813470870083,0.0838038270210883,0.1554002502517777,-4.76,1.8914285714285715,-8.8,0,0,0,0,0,0,0,0,0,0,0,no mains / natural or DC,0
0,0,14,90,-0.9535813470870083,0.0838038270210883,0.1554002502517777,-4.76,1.8914285714285715,-8.8,0,0,0,0,0,0,0,0,0,0,0,no mains / natural or DC,0
0,0,14,100,-0.9254432813501389,0.08777123325296793,0.16241950743125705,-9.222857142857142,1.0342857142857143,-8.502857142857144,0,0,0,0,0,0,0,0,0,0,0,no mains / natural or DC,0
0,0,14,110,-0.9254432813501389,0.08777123325296793,0.16241950743125705,-9.222857142857142,1.0342857142857143,-8.502857142857144,0,0,0,0,0,0,0,0,0,0,0,no mains / natural or DC,0
0,0,14,120,-0.9006622516556292,0.08935819574571978,0.1652272103030488,-13.377142857142857,-0.18857142857142858,-7.388571428571429,0,0,0,0,0,0,0,0,0,0,0,no mains / natural or DC,0
0,0,14,130,-0.9006622516556292,0.08935819574571978,0.1652272103030488,-13.377142857142857,-0.18857142857142858,-7.388571428571429,0,0,0,0,0,0,0,0,0,0,0,no mains / natural or DC,0
0,0,14,140,-0.9223914304025391,0.09601123081148717,0.1585741752372814,-17.045714285714286,-1.32,-6.137142857142857,0,0,0,0,0,0,0,0,0,0,0,no mains / natural or DC,0
0,0,14,150,-0.9223914304025391,0.09601123081148717,0.1585741752372814,-17.045714285714286,-1.32,-6.137142857142857,0,0,0,0,0,0,0,0,0,0,0,no mains / natural or DC,0
0,0,14,160,-0.9311197241126743,0.11780144657734916,0.11908322397534105,-19.10857142857143,-0.96,-5.88,0,0,0,0,0,0,0,0,0,0,0,no mains / natural or DC,0
0,0,14,170,-0.9311197241126743,0.11780144657734916,0.11908322397534105,-17.742857142857144,-0.6571428571428571,-7.394285714285714,0,0,0,0,0,0,0,0,0,0,0,no mains / natural or DC,0
0,0,14,180,-1.294534134952849,0.15173802911465803,0.09314249092074343,-17.742857142857144,-0.6571428571428571,-7.394285714285714,0,0,0,0,0,0,0,0,0,0,0,no mains / natural or DC,0
0,0,14,190,-1.4076967680898465,0.086977752006592,0.12353892635883663,-17.0,-1.4514285714285715,-8.777142857142858,0,0,0,0,0,0,0,0,0,0,0,no mains / natural or DC,0
0,0,14,200,-1.4076967680898465,0.086977752006592,0.12353892635883663,-17.0,-1.4514285714285715,-8.777142857142858,0,0,0,0,0,0,0,0,0,0,0,no mains / natural or DC,0
0,0,14,210,-1.0704062013611255,0.03009125034333323,-0.0027466658528397473,-18.154285714285713,2.954285714285714,-8.022857142857143,0,0,0,0,0,0,0,0,0,0,0,no mains / natural or DC,0
0,0,14,220,-1.0704062013611255,0.03009125034333323,-0.0027466658528397473,-18.154285714285713,2.954285714285714,-8.022857142857143,0,0,0,0,0,0,0,0,0,0,0,no mains / natural or DC,0
0,0,14,230,-1.162999359111301,-0.05896176030762658,-0.0750755333109531,-18.794285714285714,-0.92,-9.205714285714286,0,0,0,0,0,0,0,0,0,0,0,no mains / natural or DC,0
0,0,14,240,-1.162999359111301,-0.05896176030762658,-0.0750755333109531,-18.794285714285714,-0.92,-9.205714285714286,0,0,0,0,0,0,0,0,0,0,0,no mains / natural or DC,0
0,0,14,250,-1.3160191656239508,-0.17120883816034424,-0.11322367015594959,-19.091428571428573,-0.30857142857142855,-16.611428571428572,0,0,0,0,0,0,0,0,0,0,0,no mains / natural or DC,0
0,0,14,260,-1.3160191656239508,-0.17120883816034424,-0.11322367015594959,-19.091428571428573,-0.30857142857142855,-16.611428571428572,0,0,0,0,0,0,0,0,0,0,0,no mains / natural or DC,0
0,0,14,270,-1.348612933744316,-0.2696005127109592,-0.1292764061403241,-20.01142857142857,0.34285714285714286,-30.69142857142857,0,0,0,0,0,0,0,0,0,0,0,no mains / natural or DC,0
0,0,14,280,-1.1968749046296578,-0.3289895321512497,-0.15582750938444168,-21.49142857142857,-1.5542857142857143,-45.097142857142856,0,0,0,0,0,0,0,0,0,0,0,no mains / natural or DC,0
0,0,14,290,-1.1968749046296578,-0.3289895321512497,-0.15582750938444168,-21.49142857142857,-1.5542857142857143,-45.097142857142856,0,0,0,0,0,0,0,0,0,0,0,no mains / natural or DC,0
0,0,14,300,-1.1968749046296578,-0.3289895321512497,-0.15582750938444168,-21.49142857142857,-1.5542857142857143,-51.09142857142857,0,0,0,0,0,0,0,0,0,0,0,no mains / natural or DC,0
0,0,14,310,-1.0618610187078463,-0.34473708304086426,-0.19312112796411024,-23.257142857142856,-6.822857142857143,-51.09142857142857,0,0,0,0,0,0,0,0,0,0,0,no mains / natural or DC,0
0,0,14,320,-1.0834681234168524,-0.34534745323038424,-0.19360942411572618,-24.13142857142857,-12.262857142857143,-44.53142857142857,0,0,0,0,0,0,0,0,0,0,0,no mains / natural or DC,0
0,0,14,330,-1.0834681234168524,-0.34534745323038424,-0.19360942411572618,-24.13142857142857,-12.262857142857143,-44.53142857142857,0,0,0,0,0,0,0,0,0,0,0,no mains / natural or DC,0
0,0,14,340,-1.0556352427747429,-0.3400982696005127,-0.17267372661519212,-23.794285714285714,-12.577142857142857,-30.337142857142858,0,0,0,0,0,0,0,0,0,0,0,no mains / natural or DC,0
0,0,14,350,-1.0556352427747429,-0.3400982696005127,-0.17267372661519212,-23.794285714285714,-12.577142857142857,-30.337142857142858,0,0,0,0,0,0,0,0,0,0,0,no mains / natural or DC,0
0,0,14,360,-0.9081087679677724,-0.337351603747673,-0.1510666219061861,-22.914285714285715,-11.051428571428572,-15.222857142857142,0,0,0,0,0,0,0,0,0,0,0,no mains / natural or DC,0
0,0,14,370,-0.9081087679677724,-0.337351603747673,-0.1510666219061861,-22.914285714285715,-11.051428571428572,-15.222857142857142,0,0,0,0,0,0,0,0,0,0,0,no mains / natural or DC,0
0,0,14,380,-0.8216193121127964,-0.3051240577410199,-0.12073122348704489,-21.982857142857142,-11.588571428571429,-2.657142857142857,0,0,0,0,0,0,0,0,0,0,0,no mains / natural or DC,0
0,0,14,390,-0.8216193121127964,-0.3051240577410199,-0.12073122348704489,-21.982857142857142,-11.588571428571429,-2.657142857142857,0,0,0,0,0,0,0,0,0,0,0,no mains / natural or DC,0
0,0,14,400,-0.7885372478408155,-0.2639851069673757,-0.0880153813287759,-21.017142857142858,-12.194285714285714,6.405714285714286,0,0,0,0,0,0,0,0,0,0,0,no mains / natural or DC,0
0,0,14,410,-0.7885372478408155,-0.2639851069673757,-0.0880153813287759,-21.017142857142858,-12.194285714285714,6.405714285714286,0,0,0,0,0,0,0,0,0,0,0,no mains / natural or DC,0
0,0,14,420,-0.7464827417828913,-0.22138126773888364,-0.06451612903225806,-20.245714285714286,-12.868571428571428,11.76,0,0,0,0,0,0,0,0,0,0,0,no mains / natural or DC,0
0,0,14,430,-0.7464827417828913,-0.22138126773888364,-0.06451612903225806,-20.245714285714286,-12.868571428571428,11.76,0,0,0,0,0,0,0,0,0,0,0,no mains / natural or DC,0
0,0,14,440,-0.7325052644428847,-0.16742454298532058,-0.04901272621845149,-19.422857142857143,-13.434285714285714,14.777142857142858,0,0,0,0,0,0,0,0,0,0,0,no mains / natural or DC,0
0,0,14,450,-0.7325052644428847,-0.16742454298532058,-0.039735099337748346,-18.382857142857144,-13.4,16.885714285714286,0,0,0,0,0,0,0,0,0,0,0,no mains / natural or DC,0
0,0,14,460,-0.7379985961485641,-0.11713003936887723,-0.039735099337748346,-18.382857142857144,-13.4,16.885714285714286,0,0,0,0,0,0,0,0,0,0,0,no mains / natural or DC,0
0,0,14,470,-0.7514877773369548,-0.07879879146702475,-0.03210547196874905,-17.114285714285714,-13.16,18.245714285714286,0,0,0,0,0,0,0,0,0,0,0,no mains / natural or DC,0
0,0,14,480,-0.7514877773369548,-0.07879879146702475,-0.03210547196874905,-17.114285714285714,-13.16,18.245714285714286,0,0,0,0,0,0,0,0,0,0,0,no mains / natural or DC,0
0,0,14,490,-0.7763298440504166,-0.052674947355571156,-0.03344828638569292,-15.697142857142858,-13.028571428571428,18.554285714285715,0,0,0,0,0,0,0,0,0,0,0,no mains / natural or DC,0
0,0,14,500,-0.7763298440504166,-0.052674947355571156,-0.03344828638569292,-15.697142857142858,-13.028571428571428,18.554285714285715,0,0,0,0,0,0,0,0,0,0,0,no mains / natural or DC,0
0,0,14,510,-0.8289437543870357,-0.0271614734336375,-0.038758507034516436,-14.16,-12.628571428571428,17.434285714285714,0,0,0,0,0,0,0,0,0,0,0,no mains / natural or DC,0
0,0,14,520,-0.8289437543870357,-0.0271614734336375,-0.038758507034516436,-14.16,-12.628571428571428,17.434285714285714,0,0,0,0,0,0,0,0,0,0,0,no mains / natural or DC,0
0,0,14,530,-0.8536637470625935,-0.005249183629871517,-0.04821924497207557,-12.405714285714286,-11.205714285714286,15.542857142857143,0,0,0,0,0,0,0,0,0,0,0,no mains / natural or DC,0
0,0,14,540,-0.8536637470625935,-0.005249183629871517,-0.04821924497207557,-12.405714285714286,-11.205714285714286,15.542857142857143,0,0,0,0,0,0,0,0,0,0,0,no mains / natural or DC,0
0,0,14,550,-0.858668782616657,0.010010071108127079,-0.05987731559190649,-10.468571428571428,-9.462857142857143,13.354285714285714,0,0,0,0,0,0,0,0,0,0,0,no mains / natural or DC,0
0,0,14,560,-0.858668782616657,0.010010071108127079,-0.05987731559190649,-10.468571428571428,-9.462857142857143,13.354285714285714,0,0,0,0,0,0,0,0,0,0,0,no mains / natural or DC,0
0,0,14,570,-0.8752098147526475,0.023560289315469832,-0.0705587939085055,-8.337142857142856,-7.88,11.0,0,0,0,0,0,0,0,0,0,0,0,no mains / natural or DC,0
0,0,14,580,-0.8752098147526475,0.023560289315469832,-0.0705587939085055,-6.8742857142857146,-6.617142857142857,8.337142857142856,0,0,0,0,0,0,0,0,0,0,0,no mains / natural or DC,0
0,0,14,590,-0.9209265419476913,0.03399761955626087,-0.07892086550492874,-6.051428571428572,-6.617142857142857,8.337142857142856,0,0,0,0,0,0,0,0,0,0,0,no mains / natural or DC,0
0,0,14,600,-0.9526657918027284,0.03857539597766045,-0.08136234626300852,-3.7314285714285713,-5.668571428571428,5.388571428571429,0,0,0,0,0,0,0,0,0,0,0,no mains / natural or DC,0
0,0,14,610,-0.9526657918027284,0.03857539597766045,-0.08136234626300852,-3.7314285714285713,-5.668571428571428,5.388571428571429,0,0,0,0,0,0,0,0,0,0,0,no mains / natural or DC,0
0,0,14,620,-0.9588305307168797,0.042542802209540084,-0.08343760490737633,-1.7142857142857142,-5.548571428571429,2.702857142857143,0,0,0,0,0,0,0,0,0,0,0,no mains / natural or DC,0
0,0,14,630,-0.9588305307168797,0.042542802209540084,-0.08343760490737633,-1.7142857142857142,-5.548571428571429,2.702857142857143,0,0,0,0,0,0,0,0,0,0,0,no mains / natural or DC,0
0,0,14,640,-0.9424726096377453,0.05145420697653127,-0.08758812219611194,-0.08,-6.217142857142857,1.48,0,0,0,0,0,0,0,0,0,0,0,no mains / natural or DC,0
0,0,14,650,-0.9424726096377453,0.05145420697653127,-0.08758812219611194,-0.08,-6.217142857142857,1.48,0,0,0,0,0,0,0,0,0,0,0,no mains / natural or DC,0
0,0,14,660,-0.9542527542954802,0.05536057618945891,-0.09076204718161565,1.2914285714285714,-6.982857142857143,2.3085714285714287,0,0,0,0,0,0,0,0,0,0,0,no mains / natural or DC,0
0,0,14,670,-0.9542527542954802,0.05536057618945891,-0.09076204718161565,1.2914285714285714,-6.982857142857143,2.3085714285714287,0,0,0,0,0,0,0,0,0,0,0,no mains / natural or DC,0
0,0,14,680,-0.9806817835016938,0.06286812952055422,-0.0902127140110477,2.2742857142857145,-8.182857142857143,4.531428571428571,0,0,0,0,0,0,0,0,0,0,0,no mains / natural or DC,0
0,0,14,690,-0.9806817835016938,0.06286812952055422,-0.0902127140110477,2.2742857142857145,-8.182857142857143,4.531428571428571,0,0,0,0,0,0,0,0,0,0,0,no mains / natural or DC,0
0,0,14,700,-0.9991149632251961,0.0705587939085055,-0.09601123081148717,2.8514285714285714,-9.365714285714287,7.8742857142857146,0,0,0,0,0,0,0,0,0,0,0,no mains / natural or DC,0
0,0,14,710,-0.9991149632251961,0.0705587939085055,-0.09601123081148717,2.8514285714285714,-9.365714285714287,7.8742857142857146,0,0,0,0,0,0,0,0,0,0,0,no mains / natural or DC,0
0,0,14,720,-1.0130924405652029,0.0738547929319132,-0.09906308175908689,3.0742857142857143,-10.291428571428572,11.628571428571428,0,0,0,0,0,0,0,0,0,0,0,no mains / natural or DC,0
0,0,14,730,-1.0130924405652029,0.07000946073793755,-0.0957060457167272,2.8914285714285715,-10.537142857142857,15.01142857142857,0,0,0,0,0,0,0,0,0,0,0,no mains / natural or DC,0
0,0,14,740,-1.009918515579699,0.07000946073793755,-0.0957060457167272,2.8914285714285715,-10.537142857142857,15.01142857142857,0,0,0,0,0,0,0,0,0,0,0,no mains / natural or DC,0
0,0,14,750,-0.9700003051850947,0.05554368724631489,-0.08282723471785639,2.057142857142857,-10.497142857142856,17.045714285714286,0,0,0,0,0,0,0,0,0,0,0,no mains / natural or DC,0
0,0,14,760,-0.9700003051850947,0.05554368724631489,-0.08282723471785639,2.057142857142857,-10.497142857142856,17.045714285714286,0,0,0,0,0,0,0,0,0,0,0,no mains / natural or DC,0
0,0,14,770,-0.9079256569109164,0.03668324839014862,-0.06152531510361034,0.3942857142857143,-11.234285714285715,17.28,0,0,0,0,0,0,0,0,0,0,0,no mains / natural or DC,0
0,0,14,780,-0.9079256569109164,0.03668324839014862,-0.06152531510361034,0.3942857142857143,-11.234285714285715,17.28,0,0,0,0,0,0,0,0,0,0,0,no mains / natural or DC,0
0,0,14,790,-0.8730735190893277,0.001281777397991882,-0.0401623584704123,-2.085714285714286,-13.377142857142857,15.422857142857143,0,0,0,0,0,0,0,0,0,0,0,no mains / natural or DC,0
0,0,14,800,-0.8730735190893277,0.001281777397991882,-0.0401623584704123,-2.085714285714286,-13.377142857142857,15.422857142857143,0,0,0,0,0,0,0,0,0,0,0,no mains / natural or DC,0
0,0,14,810,-1.6769310586870938,0.10431226538895841,0.03393658253730888,-4.182857142857143,-22.92,10.274285714285714,0,0,0,0,0,0,0,0,0,0,0,no mains / natural or DC,0
0,0,14,820,-1.6769310586870938,0.10431226538895841,0.03393658253730888,-4.182857142857143,-22.92,10.274285714285714,0,0,0,0,0,0,0,0,0,0,0,no mains / natural or DC,0
0,0,14,830,-1.5134739219336528,0.028870509964293342,0.1543626209295938,-7.074285714285714,-25.622857142857143,2.702857142857143,0,0,0,0,0,0,0,0,0,0,0,no mains / natural or DC,0
0,0,14,840,-1.5134739219336528,0.028870509964293342,0.1543626209295938,-7.074285714285714,-25.622857142857143,2.702857142857143,0,0,0,0,0,0,0,0,0,0,0,no mains / natural or DC,0
0,0,14,850,-1.205908383434553,-0.07257301553392133,0.2163762321848201,-9.92,-30.02285714285714,-10.44,0,0,0,0,0,0,0,0,0,0,0,no mains / natural or DC,0
0,0,14,860,-1.205908383434553,-0.07257301553392133,0.2163762321848201,-13.005714285714285,-41.21142857142857,-26.605714285714285,0,0,0,0,0,0,0,0,0,0,0,no mains / natural or DC,0
0,0,14,870,-0.8604388561662648,-0.20239875484481337,0.33857234412671283,-13.005714285714285,-41.21142857142857,-26.605714285714285,0,0,0,0,0,0,0,0,0,0,0,no mains / natural or DC,0
0,0,14,880,-0.6382030701620532,-0.31165501876888335,0.42756431775872067,-16.777142857142856,-45.52571428571429,-35.29142857142857,0,0,0,0,0,0,0,0,0,0,0,no mains / natural or DC,0
0,0,14,890,-0.6382030701620532,-0.31165501876888335,0.42756431775872067,-16.777142857142856,-45.52571428571429,-35.29142857142857,0,0,0,0,0,0,0,0,0,0,0,no mains / natural or DC,0
0,0,14,900,-0.8832056642353587,-0.3164769432660909,0.5090487380596331,-22.177142857142858,-51.222857142857144,-29.97714285714286,0,0,0,0,0,0,0,0,0,0,0,no mains / natural or DC,0
0,0,14,910,-0.8832056642353587,-0.3164769432660909,0.5090487380596331,-22.177142857142858,-51.222857142857144,-29.97714285714286,0,0,0,0,0,0,0,0,0,0,0,no mains / natural or DC,0
0,0,14,920,-1.0812097537156284,-0.2888882106997894,0.5144810327463607,-27.771428571428572,-46.714285714285715,-18.125714285714285,0,0,0,0,0,0,0,0,0,0,0,no mains / natural or DC,0
0,0,14,930,-1.0812097537156284,-0.2888882106997894,0.5144810327463607,-27.771428571428572,-46.714285714285715,-18.125714285714285,0,0,0,0,0,0,0,0,0,0,0,no mains / natural or DC,0
0,0,14,940,-1.1015350810266427,-0.2575762199774163,0.4818872646259957,-30.554285714285715,-34.34285714285714,-8.142857142857142,0,0,0,0,0,0,0,0,0,0,0,no mains / natural or DC,0
0,0,14,950,-1.1015350810266427,-0.2575762199774163,0.4818872646259957,-30.554285714285715,-34.34285714285714,-8.142857142857142,0,0,0,0,0,0,0,0,0,0,0,no mains / natural or DC,0
0,0,14,960,-1.0599078341013826,-0.2370067445905942,0.44850001525925476,-30.377142857142857,-20.17142857142857,-1.2685714285714285,0,0,0,0,0,0,0,0,0,0,0,no mains / natural or DC,0
0,0,14,970,-1.0599078341013826,-0.2370067445905942,0.44850001525925476,-30.377142857142857,-20.17142857142857,-1.2685714285714285,0,0,0,0,0,0,0,0,0,0,0,no mains / natural or DC,0
0,0,14,980,-0.9420453505050813,-0.22400585955381938,0.40174565874202706,-28.771428571428572,-6.554285714285714,2.2342857142857144,0,0,0,0,0,0,0,0,0,0,0,no mains / natural or DC,0
0,0,14,990,-0.9420453505050813,-0.22400585955381938,0.40174565874202706,-28.771428571428572,2.222857142857143,3.2342857142857144,0,0,0,0,0,0,0,0,0,0,0,no mains / natural or DC,0
0,0,15,0,-0.8678853724784081,-0.2087466048158208,0.3618884853663747,-27.097142857142856,2.8971428571428572,3.2342857142857144,0,0,0,0,0,0,0,0,0,0,0,no mains / natural or DC,0
0,0,15,10,-0.8567155980101931,-0.19013031403546252,0.32648701437421795,-26.18857142857143,9.468571428571428,3.085714285714286,0,0,0,0,0,0,0,0,0,0,0,no mains / natural or DC,0
0,0,15,20,-0.8567155980101931,-0.19013031403546252,0.32648701437421795,-26.18857142857143,9.468571428571428,3.085714285714286,0,0,0,0,0,0,0,0,0,0,0,no mains / natural or DC,0
0,0,15,30,-0.8786889248329112,-0.17023224585711233,0.28955961790826135,-25.994285714285713,13.8,1.5771428571428572,0,0,0,0,0,0,0,0,0,0,0,no mains / natural or DC,0
0,0,15,40,-0.8786889248329112,-0.17023224585711233,0.28955961790826135,-25.994285714285713,13.8,1.5771428571428572,0,0,0,0,0,0,0,0,0,0,0,no mains / natural or DC,0
0,0,15,50,-0.9040192876979888,-0.14386425366985076,0.25049592577898494,-25.794285714285714,17.17142857142857,-0.7542857142857143,0,0,0,0,0,0,0,0,0,0,0,no mains / natural or DC,0
0,0,15,60,-0.9040192876979888,-0.14386425366985076,0.25049592577898494,-25.794285714285714,17.17142857142857,-0.7542857142857143,0,0,0,0,0,0,0,0,0,0,0,no mains / natural or DC,0
0,0,15,70,-0.9441206091494492,-0.12103640858180487,0.2150944547868282,-24.942857142857143,21.354285714285716,-2.0914285714285716,0,0,0,0,0,0,0,0,0,0,0,no mains / natural or DC,0
0,0,15,80,-0.9441206091494492,-0.12103640858180487,0.2150944547868282,-24.942857142857143,21.354285714285716,-2.0914285714285716,0,0,0,0,0,0,0,0,0,0,0,no mains / natural or DC,0
0,0,15,90,-0.9734794152653584,-0.1000396740623188,0.18561357463301492,-23.72,25.645714285714284,-1.8514285714285714,0,0,0,0,0,0,0,0,0,0,0,no mains / natural or DC,0
0,0,15,100,-0.9734794152653584,-0.1000396740623188,0.18561357463301492,-23.72,25.645714285714284,-1.8514285714285714,0,0,0,0,0,0,0,0,0,0,0,no mains / natural or DC,0
0,0,15,110,-0.945890682699057,-0.08935819574571978,0.15497299111911375,-22.56,29.85142857142857,0.03428571428571429,0,0,0,0,0,0,0,0,0,0,0,no mains / natural or DC,0
0,0,15,120,-0.945890682699057,-0.08935819574571978,0.15497299111911375,-22.56,29.85142857142857,0.03428571428571429,0,0,0,0,0,0,0,0,0,0,0,no mains / natural or DC,0
0,0,15,130,-0.9385052034058656,-0.0748924222540971,0.1327555162205878,-21.634285714285713,32.651428571428575,2.9085714285714284,0,0,0,0,0,0,0,0,0,0,0,no mains / natural or DC,0
0,0,15,140,-0.9385052034058656,-0.0748924222540971,0.11487166966765343,-20.931428571428572,34.565714285714286,6.457142857142857,0,0,0,0,0,0,0,0,0,0,0,no mains / natural or DC,0
0,0,15,150,-0.9300820947904904,-0.054200872829371013,0.11487166966765343,-20.931428571428572,34.565714285714286,6.457142857142857,0,0,0,0,0,0,0,0,0,0,0,no mains / natural or DC,0
0,0,15,160,-0.8975493636890775,-0.04150517288735618,0.0925321207312235,-20.65714285714286,34.78857142857143,9.874285714285714,0,0,0,0,0,0,0,0,0,0,0,no mains / natural or DC,0
0,0,15,170,-0.8975493636890775,-0.04150517288735618,0.0925321207312235,-20.65714285714286,34.78857142857143,9.874285714285714,0,0,0,0,0,0,0,0,0,0,0,no mains / natural or DC,0
0,0,15,180,-0.8838160344248787,-0.021485030671102023,0.06671346171452987,-20.634285714285713,33.05142857142857,12.56,0,0,0,0,0,0,0,0,0,0,0,no mains / natural or DC,0
0,0,15,190,-0.8838160344248787,-0.021485030671102023,0.06671346171452987,-20.634285714285713,33.05142857142857,12.56,0,0,0,0,0,0,0,0,0,0,0,no mains / natural or DC,0
0,0,15,200,-0.8816797387615589,-0.0004882961516159551,0.041688283944212166,-20.474285714285713,31.24,14.537142857142857,0,0,0,0,0,0,0,0,0,0,0,no mains / natural or DC,0
0,0,15,210,-0.8816797387615589,-0.0004882961516159551,0.041688283944212166,-20.474285714285713,31.24,14.537142857142857,0,0,0,0,0,0,0,0,0,0,0,no mains / natural or DC,0
0,0,15,220,-0.8858302560502945,0.020386364329966124,0.024048585467085788,-19.914285714285715,29.914285714285715,15.742857142857142,0,0,0,0,0,0,0,0,0,0,0,no mains / natural or DC,0
0,0,15,230,-0.8858302560502945,0.020386364329966124,0.024048585467085788,-19.914285714285715,29.914285714285715,15.742857142857142,0,0,0,0,0,0,0,0,0,0,0,no mains / natural or DC,0
0,0,15,240,-0.8960234382152775,0.0391247291482284,0.01751762443922239,-18.96,28.565714285714286,16.16,0,0,0,0,0,0,0,0,0,0,0,no mains / natural or DC,0
0,0,15,250,-0.8960234382152775,0.0391247291482284,0.01751762443922239,-18.96,28.565714285714286,16.16,0,0,0,0,0,0,0,0,0,0,0,no mains / natural or DC,0
0,0,15,260,-0.8717307046723838,0.04913480025635548,0.011658070619830927,-18.062857142857144,26.68,16.114285714285714,0,0,0,0,0,0,0,0,0,0,0,no mains / natural or DC,0
0,0,15,270,-0.8717307046723838,0.04913480025635548,0.011658070619830927,-17.451428571428572,23.045714285714286,15.685714285714285,0,0,0,0,0,0,0,0,0,0,0,no mains / natural or DC,0
0,0,15,280,-0.868800927762688,0.06567583239234595,-6.103701895199438e-05,-17.451428571428572,23.045714285714286,15.685714285714285,0,0,0,0,0,0,0,0,0,0,0,no mains / natural or DC,0
0,0,15,290,-0.8654438917203284,0.07696768089846492,-0.008545182653279214,-16.92,19.14857142857143,14.902857142857142,0,0,0,0,0,0,0,0,0,0,0,no mains / natural or DC,0
0,0,15,300,-0.8654438917203284,0.07696768089846492,-0.008545182653279214,-16.92,19.14857142857143,14.902857142857142,0,0,0,0,0,0,0,0,0,0,0,no mains / natural or DC,0
0,0,15,310,-0.8565935239722892,0.08990752891628773,-0.018066957609790338,-16.36,15.754285714285714,13.531428571428572,0,0,0,0,0,0,0,0,0,0,0,no mains / natural or DC,0
0,0,15,320,-0.8565935239722892,0.08990752891628773,-0.018066957609790338,-16.36,15.754285714285714,13.531428571428572,0,0,0,0,0,0,0,0,0,0,0,no mains / natural or DC,0
0,0,15,330,-0.879909665211951,0.1108432264168218,-0.02728354747154149,-15.64,13.022857142857143,11.737142857142857,0,0,0,0,0,0,0,0,0,0,0,no mains / natural or DC,0
0,0,15,340,-0.879909665211951,0.1108432264168218,-0.02728354747154149,-15.64,13.022857142857143,11.737142857142857,0,0,0,0,0,0,0,0,0,0,0,no mains / natural or DC,0
0,0,15,350,-0.9181188390758995,0.1270180364391003,-0.02911465804010132,-14.794285714285714,11.811428571428571,9.942857142857143,0,0,0,0,0,0,0,0,0,0,0,no mains / natural or DC,0
0,0,15,360,-0.9181188390758995,0.1270180364391003,-0.02911465804010132,-14.794285714285714,11.811428571428571,9.942857142857143,0,0,0,0,0,0,0,0,0,0,0,no mains / natural or DC,0
0,0,15,370,-0.9154942472609637,0.13306070131534775,-0.02594073305459761,-14.32,11.571428571428571,8.377142857142857,0,0,0,0,0,0,0,0,0,0,0,no mains / natural or DC,0
0,0,15,380,-0.9154942472609637,0.13306070131534775,-0.02594073305459761,-14.32,11.571428571428571,8.377142857142857,0,0,0,0,0,0,0,0,0,0,0,no mains / natural or DC,0
0,0,15,390,-0.9276406140324106,0.13397625659962767,-0.02337717825861385,-14.445714285714285,10.417142857142856,7.097142857142857,0,0,0,0,0,0,0,0,0,0,0,no mains / natural or DC,0
0,0,15,400,-0.9276406140324106,0.13397625659962767,-0.02337717825861385,-14.445714285714285,10.417142857142856,7.097142857142857,0,0,0,0,0,0,0,0,0,0,0,no mains / natural or DC,0
0,0,15,410,-0.9471724600970488,0.13000885036774804,-0.02142399365215003,-14.88,9.057142857142857,5.331428571428572,0,0,0,0,0,0,0,0,0,0,0,no mains / natural or DC,0
0,0,15,420,-1.0075380718405713,0.1000396740623188,-0.05822931608020264,-14.96,8.17142857142857,1.92,0,0,0,0,0,0,0,0,0,0,0,no mains / natural or DC,0
0,0,15,430,-1.0075380718405713,0.1000396740623188,-0.05822931608020264,-14.96,8.17142857142857,1.92,0,0,0,0,0,0,0,0,0,0,0,no mains / natural or DC,0
0,0,15,440,-1.7570726645710624,0.21283608508560442,-0.05700857570116276,-13.137142857142857,3.6514285714285712,-3.902857142857143,0,0,0,0,0,0,0,0,0,0,0,no mains / natural or DC,0
0,0,15,450,-1.7570726645710624,0.21283608508560442,-0.05700857570116276,-13.137142857142857,3.6514285714285712,-3.902857142857143,0,0,0,0,0,0,0,0,0,0,0,no mains / natural or DC,0
0,0,15,460,-1.0958586382641071,0.04980620746482742,0.0016479995117038484,-12.857142857142858,17.497142857142858,-8.262857142857143,0,0,0,0,0,0,0,0,0,0,0,no mains / natural or DC,0
0,0,15,470,-1.0958586382641071,0.04980620746482742,0.0016479995117038484,-12.857142857142858,17.497142857142858,-8.262857142857143,0,0,0,0,0,0,0,0,0,0,0,no mains / natural or DC,0
0,0,15,480,-0.977568895535142,-0.0119632557145909,-0.13068025757621998,-12.44,14.542857142857143,-16.394285714285715,0,0,0,0,0,0,0,0,0,0,0,no mains / natural or DC,0
0,0,15,490,-0.977568895535142,-0.0119632557145909,-0.13068025757621998,-12.44,14.542857142857143,-16.394285714285715,0,0,0,0,0,0,0,0,0,0,0,no mains / natural or DC,0
0,0,15,500,-1.1205786309396648,-0.11560411389507737,-0.053834650715659044,-12.09142857142857,-1.8514285714285714,-30.594285714285714,0,0,0,0,0,0,0,0,0,0,0,no mains / natural or DC,0
0,0,15,510,-1.1205786309396648,-0.11560411389507737,-0.053834650715659044,-12.09142857142857,-1.8514285714285714,-30.594285714285714,0,0,0,0,0,0,0,0,0,0,0,no mains / natural or DC,0
0,0,15,520,-0.9450972014526811,-0.23230689413129063,-0.09863582262642293,-10.571428571428571,1.6857142857142857,-45.354285714285716,0,0,0,0,0,0,0,0,0,0,0,no mains / natural or DC,0
0,0,15,530,-0.9450972014526811,-0.23230689413129063,-0.09863582262642293,-10.571428571428571,1.6857142857142857,-45.354285714285716,0,0,0,0,0,0,0,0,0,0,0,no mains / natural or DC,0
0,0,15,540,-1.1116061891537217,-0.25720999786370435,-0.11566515091402936,-8.422857142857143,-5.062857142857143,-60.354285714285716,0,0,0,0,0,0,0,0,0,0,0,no mains / natural or DC,0
0,0,15,550,-1.1116061891537217,-0.25720999786370435,-0.11566515091402936,-4.291428571428572,-3.7257142857142855,-61.27428571428572,0,0,0,0,0,0,0,0,0,0,0,no mains / natural or DC,0
0,0,15,560,-1.1160008545182654,-0.23084200567644275,-0.14191106906338694,-4.291428571428572,-3.7257142857142855,-61.27428571428572,0,0,0,0,0,0,0,0,0,0,0,no mains / natural or DC,0
0,0,15,570,-1.019501327555162,-0.29285561693166906,-0.16534928434095278,1.1257142857142857,0.5542857142857143,-49.51428571428571,0,0,0,0,0,0,0,0,0,0,0,no mains / natural or DC,0
0,0,15,580,-1.019501327555162,-0.29285561693166906,-0.16534928434095278,1.1257142857142857,0.5542857142857143,-49.51428571428571,0,0,0,0,0,0,0,0,0,0,0,no mains / natural or DC,0
0,0,15,590,-0.9984435560167242,-0.34528641621143225,-0.1435590685750908,5.6971428571428575,1.4685714285714286,-34.42285714285714,0,0,0,0,0,0,0,0,0,0,0,no mains / natural or DC,0
0,0,15,600,-0.9984435560167242,-0.34528641621143225,-0.1435590685750908,5.6971428571428575,1.4685714285714286,-34.42285714285714,0,0,0,0,0,0,0,0,0,0,0,no mains / natural or DC,0
0,0,15,610,-0.9683523056733909,-0.37678151799066134,-0.12976470229194007,9.022857142857143,4.622857142857143,-20.49142857142857,0,0,0,0,0,0,0,0,0,0,0,no mains / natural or DC,0
0,0,15,620,-0.9683523056733909,-0.37678151799066134,-0.12976470229194007,9.022857142857143,4.622857142857143,-20.49142857142857,0,0,0,0,0,0,0,0,0,0,0,no mains / natural or DC,0
0,0,15,630,-0.9295327616199225,-0.3881954405346843,-0.10577715384380627,10.954285714285714,5.8,-11.177142857142858,0,0,0,0,0,0,0,0,0,0,0,no mains / natural or DC,0
0,0,15,640,-0.9295327616199225,-0.3881954405346843,-0.10577715384380627,10.954285714285714,5.8,-11.177142857142858,0,0,0,0,0,0,0,0,0,0,0,no mains / natural or DC,0
0,0,15,650,-0.8789941099276711,-0.37202063051240575,-0.10815759758293406,12.114285714285714,5.651428571428571,-4.942857142857143,0,0,0,0,0,0,0,0,0,0,0,no mains / natural or DC,0
0,0,15,660,-0.8789941099276711,-0.37202063051240575,-0.10815759758293406,12.114285714285714,5.651428571428571,-4.942857142857143,0,0,0,0,0,0,0,0,0,0,0,no mains / natural or DC,0
0,0,15,670,-0.8743552964873196,-0.33295693838312934,-0.12073122348704489,13.297142857142857,3.525714285714286,-1.1142857142857143,0,0,0,0,0,0,0,0,0,0,0,no mains / natural or DC,0
0,0,15,680,-0.8743552964873196,-0.33295693838312934,-0.12073122348704489,13.297142857142857,2.045714285714286,2.24,0,0,0,0,0,0,0,0,0,0,0,no mains / natural or DC,0
0,0,15,690,-0.8423108615375225,-0.29718924527726065,-0.1284218878749962,15.137142857142857,2.045714285714286,2.24,0,0,0,0,0,0,0,0,0,0,0,no mains / natural or DC,0
0,0,15,700,-0.7945799127170629,-0.2680745872371593,-0.12665181432538836,17.142857142857142,0.1657142857142857,5.805714285714286,0,0,0,0,0,0,0,0,0,0,0,no mains / natural or DC,0
0,0,15,710,-0.7945799127170629,-0.2680745872371593,-0.12665181432538836,17.142857142857142,0.1657142857142857,5.805714285714286,0,0,0,0,0,0,0,0,0,0,0,no mains / natural or DC,0
0,0,15,720,-0.7758415478988007,-0.2402417065950499,-0.11810663167210914,18.777142857142856,-3.0742857142857143,9.257142857142858,0,0,0,0,0,0,0,0,0,0,0,no mains / natural or DC,0
0,0,15,730,-0.7758415478988007,-0.2402417065950499,-0.11810663167210914,18.777142857142856,-3.0742857142857143,9.257142857142858,0,0,0,0,0,0,0,0,0,0,0,no mains / natural or DC,0
0,0,15,740,-0.7887813959166234,-0.2033143101290933,-0.10602130191961424,19.94857142857143,-6.885714285714286,12.394285714285715,0,0,0,0,0,0,0,0,0,0,0,no mains / natural or DC,0
0,0,15,750,-0.7887813959166234,-0.2033143101290933,-0.10602130191961424,19.94857142857143,-6.885714285714286,12.394285714285715,0,0,0,0,0,0,0,0,0,0,0,no mains / natural or DC,0
0,0,15,760,-0.8078859828485977,-0.1596118045594653,-0.09112826929532762,20.942857142857143,-9.531428571428572,15.177142857142858,0,0,0,0,0,0,0,0,0,0,0,no mains / natural or DC,0
0,0,15,770,-0.8078859828485977,-0.1596118045594653,-0.09112826929532762,20.942857142857143,-9.531428571428572,15.177142857142858,0,0,0,0,0,0,0,0,0,0,0,no mains / natural or DC,0
0,0,15,780,-0.8119754631183813,-0.11767937253944517,-0.07477034821619312,21.902857142857144,-11.394285714285715,17.325714285714287,0,0,0,0,0,0,0,0,0,0,0,no mains / natural or DC,0
0,0,15,790,-0.8119754631183813,-0.11767937253944517,-0.07477034821619312,21.902857142857144,-11.394285714285715,17.325714285714287,0,0,0,0,0,0,0,0,0,0,0,no mains / natural or DC,0
0,0,15,800,-0.8174687948240608,-0.08771019623401594,-0.053956724753563036,22.81714285714286,-12.748571428571429,18.708571428571428,0,0,0,0,0,0,0,0,0,0,0,no mains / natural or DC,0
0,0,15,810,-0.8174687948240608,-0.08771019623401594,-0.053956724753563036,22.81714285714286,-12.748571428571429,18.708571428571428,0,0,0,0,0,0,0,0,0,0,0,no mains / natural or DC,0
0,0,15,820,-0.837000640888699,-0.06384472182378613,-0.04107791375469222,23.571428571428573,-13.12,18.97142857142857,0,0,0,0,0,0,0,0,0,0,0,no mains / natural or DC,0
0,0,15,830,-0.837000640888699,-0.032593768120365005,-0.03009125034333323,24.337142857142858,-12.822857142857142,17.72,0,0,0,0,0,0,0,0,0,0,0,no mains / natural or DC,0
0,0,15,840,-0.8640400402844325,-0.038636432996612444,-0.03009125034333323,24.337142857142858,-12.822857142857142,17.72,0,0,0,0,0,0,0,0,0,0,0,no mains / natural or DC,0
0,0,15,850,-0.8899197363200781,-0.015564439832758568,-0.031861323892941065,25.422857142857143,-11.822857142857142,15.485714285714286,0,0,0,0,0,0,0,0,0,0,0,no mains / natural or DC,0
0,0,15,860,-0.8899197363200781,-0.015564439832758568,-0.031861323892941065,25.422857142857143,-11.822857142857142,15.485714285714286,0,0,0,0,0,0,0,0,0,0,0,no mains / natural or DC,0
0,0,15,870,-0.9291665395062105,0.00891140476699118,-0.045472579119235815,27.02857142857143,-9.98857142857143,12.668571428571429,0,0,0,0,0,0,0,0,0,0,0,no mains / natural or DC,0
0,0,15,880,-0.9291665395062105,0.00891140476699118,-0.045472579119235815,27.02857142857143,-9.98857142857143,12.668571428571429,0,0,0,0,0,0,0,0,0,0,0,no mains / natural or DC,0
0,0,15,890,-0.9768974883266701,0.030701620532853177,-0.06060975981933042,29.377142857142857,-7.337142857142857,9.64,0,0,0,0,0,0,0,0,0,0,0,no mains / natural or DC,0
0,0,15,900,-0.9768974883266701,0.030701620532853177,-0.06060975981933042,29.377142857142857,-7.337142857142857,9.64,0,0,0,0,0,0,0,0,0,0,0,no mains / natural or DC,0
0,0,15,910,-1.0043641468550677,0.041016876735740226,-0.07477034821619312,32.42857142857143,-4.394285714285714,6.651428571428571,0,0,0,0,0,0,0,0,0,0,0,no mains / natural or DC,0
0,0,15,920,-1.0043641468550677,0.041016876735740226,-0.07477034821619312,32.42857142857143,-4.394285714285714,6.651428571428571,0,0,0,0,0,0,0,0,0,0,0,no mains / natural or DC,0
0,0,15,930,-1.0304269539475692,0.05212561418500321,-0.09192175054170354,35.86857142857143,-2.0,4.114285714285714,0,0,0,0,0,0,0,0,0,0,0,no mains / natural or DC,0
0,0,15,940,-1.0304269539475692,0.05212561418500321,-0.09192175054170354,35.86857142857143,-2.0,4.114285714285714,0,0,0,0,0,0,0,0,0,0,0,no mains / natural or DC,0
0,0,15,950,-1.054719687490463,0.06152531510361034,-0.1076082644123661,39.53142857142857,-0.8114285714285714,2.388571428571429,0,0,0,0,0,0,0,0,0,0,0,no mains / natural or DC,0
0,0,15,960,-1.054719687490463,0.06152531510361034,-0.1076082644123661,43.26857142857143,-0.5542857142857143,1.7885714285714285,0,0,0,0,0,0,0,0,0,0,0,no mains / natural or DC,0
0,0,15,970,-1.0601519821771905,0.06714072084719383,-0.11645863216040528,43.26857142857143,-0.5542857142857143,1.7885714285714285,0,0,0,0,0,0,0,0,0,0,0,no mains / natural or DC,0
0,0,15,980,-1.042939542832728,0.0662862025818659,-0.11493270668660542,46.714285714285715,-1.6228571428571428,2.422857142857143,0,0,0,0,0,0,0,0,0,0,0,no mains / natural or DC,0
0,0,15,990,-1.042939542832728,0.0662862025818659,-0.11493270668660542,46.714285714285715,-1.6228571428571428,2.422857142857143,0,0,0,0,0,0,0,0,0,0,0,no mains / natural or DC,0
0,0,16,0,-1.032502212591937,0.06555375835444197,-0.10254219183935057,49.668571428571425,-3.5485714285714285,3.8971428571428572,0,0,0,0,0,0,0,0,0,0,0,no mains / natural or DC,0
0,0,16,10,-1.032502212591937,0.06555375835444197,-0.10254219183935057,49.668571428571425,-3.5485714285714285,3.8971428571428572,0,0,0,0,0,0,0,0,0,0,0,no mains / natural or DC,0
0,0,16,20,-1.0190740684224981,0.06457716605121006,-0.08221686452833643,52.02285714285714,-5.691428571428571,5.708571428571428,0,0,0,0,0,0,0,0,0,0,0,no mains / natural or DC,0
0,0,16,30,-1.0190740684224981,0.06457716605121006,-0.08221686452833643,52.02285714285714,-5.691428571428571,5.708571428571428,0,0,0,0,0,0,0,0,0,0,0,no mains / natural or DC,0
0,0,16,40,-1.0035706656086916,0.06189153721732231,-0.0609149449140904,53.89714285714286,-7.56,7.2,0,0,0,0,0,0,0,0,0,0,0,no mains / natural or DC,0
0,0,16,50,-1.0035706656086916,0.06189153721732231,-0.0609149449140904,53.89714285714286,-7.56,7.2,0,0,0,0,0,0,0,0,0,0,0,no mains / natural or DC,0
0,0,16,60,-0.9869075594347972,0.056459242530594804,-0.038758507034516436,55.25142857142857,-8.691428571428572,7.811428571428571,0,0,0,0,0,0,0,0,0,0,0,no mains / natural or DC,0
0,0,16,70,-0.9869075594347972,0.056459242530594804,-0.038758507034516436,55.25142857142857,-8.691428571428572,7.811428571428571,0,0,0,0,0,0,0,0,0,0,0,no mains / natural or DC,0
0,0,16,80,-0.9460737937559129,0.04077272865993225,-0.012573625904110843,56.10857142857143,-8.691428571428572,7.211428571428572,0,0,0,0,0,0,0,0,0,0,0,no mains / natural or DC,0
0,0,16,90,-0.9460737937559129,0.04077272865993225,-0.012573625904110843,56.10857142857143,-8.691428571428572,5.748571428571428,0,0,0,0,0,0,0,0,0,0,0,no mains / natural or DC,0
0,0,16,100,-1.1131321146275215,0.04748680074465163,-0.037110507522812586,56.69714285714286,-8.885714285714286,5.148571428571429,0,0,0,0,0,0,0,0,0,0,0,no mains / natural or DC,0
0,0,16,110,-1.5499130222479933,0.11664174321726127,0.10815759758293406,58.05142857142857,-10.845714285714285,1.2971428571428572,0,0,0,0,0,0,0,0,0,0,0,no mains / natural or DC,0
0,0,16,120,-1.5499130222479933,0.11664174321726127,0.10815759758293406,58.05142857142857,-10.845714285714285,1.2971428571428572,0,0,0,0,0,0,0,0,0,0,0,no mains / natural or DC,0
0,0,16,130,-0.8795434430982391,0.02459791863765374,0.06683553575243385,57.73714285714286,3.32,-1.022857142857143,0,0,0,0,0,0,0,0,0,0,0,no mains / natural or DC,0
0,0,16,140,-0.8795434430982391,0.02459791863765374,0.06683553575243385,57.73714285714286,3.32,-1.022857142857143,0,0,0,0,0,0,0,0,0,0,0,no mains / natural or DC,0
0,0,16,150,-0.989165929136021,0.11120944853053377,0.03442487868892483,58.36571428571428,0.5485714285714286,-2.5885714285714285,0,0,0,0,0,0,0,0,0,0,0,no mains / natural or DC,0
0,0,16,160,-0.989165929136021,0.11120944853053377,0.03442487868892483,58.36571428571428,0.5485714285714286,-2.5885714285714285,0,0,0,0,0,0,0,0,0,0,0,no mains / natural or DC,0
0,0,16,170,-1.4753868221076083,0.15845210119937742,0.16223639637440107,61.38285714285714,1.32,-1.1371428571428572,0,0,0,0,0,0,0,0,0,0,0,no mains / natural or DC,0
0,0,16,180,-1.4753868221076083,0.15845210119937742,0.16223639637440107,61.38285714285714,1.32,-1.1371428571428572,0,0,0,0,0,0,0,0,0,0,0,no mains / natural or DC,0
0,0,16,190,-0.9291665395062105,0.08233893856624043,0.20038453321939756,63.97142857142857,13.142857142857142,0.3485714285714286,0,0,0,0,0,0,0,0,0,0,0,no mains / natural or DC,0
0,0,16,200,-0.9291665395062105,0.08233893856624043,0.20038453321939756,63.97142857142857,13.142857142857142,0.3485714285714286,0,0,0,0,0,0,0,0,0,0,0,no mains / natural or DC,0
0,0,16,210,-1.0478835413678396,0.08581804864650411,0.23004852443006685,68.43428571428572,4.662857142857143,-2.0,0,0,0,0,0,0,0,0,0,0,0,no mains / natural or DC,0
0,0,16,220,-1.0478835413678396,0.08581804864650411,0.23004852443006685,68.43428571428572,4.662857142857143,-2.0,0,0,0,0,0,0,0,0,0,0,0,no mains / natural or DC,0
0,0,16,230,-1.0736411633655811,0.030579546494949185,0.30402539139988405,73.30857142857143,-3.422857142857143,-6.48,0,0,0,0,0,0,0,0,0,0,0,no mains / natural or DC,0
0,0,16,240,-1.0736411633655811,0.030579546494949185,0.2883999145481735,79.28,-3.1028571428571428,-11.36,0,0,0,0,0,0,0,0,0,0,0,no mains / natural or DC,0
0,0,16,250,-0.9721366008484146,0.0076906643879512925,0.2847987304300058,79.28,-3.1028571428571428,-11.36,0,0,0,0,0,0,0,0,0,0,0,no mains / natural or DC,0
0,0,16,260,-0.9709158604693747,-0.009399700918607135,0.30713827936643573,86.13142857142857,-4.148571428571429,-15.794285714285714,0,0,0,0,0,0,0,0,0,0,0,no mains / natural or DC,0
0,0,16,270,-0.9709158604693747,-0.009399700918607135,0.30713827936643573,86.13142857142857,-4.148571428571429,-15.794285714285714,0,0,0,0,0,0,0,0,0,0,0,no mains / natural or DC,0
0,0,16,280,-0.9378337961973937,-0.010010071108127079,0.3000579851680044,93.13714285714286,-0.7371428571428571,-15.897142857142857,0,0,0,0,0,0,0,0,0,0,0,no mains / natural or DC,0
0,0,16,290,-0.9378337961973937,-0.010010071108127079,0.3000579851680044,93.13714285714286,-0.7371428571428571,-15.897142857142857,0,0,0,0,0,0,0,0,0,0,0,no mains / natural or DC,0
0,0,16,300,-0.8928495132297739,-0.03277687917722098,0.32245857112338633,99.58285714285714,2.0628571428571427,-13.754285714285714,0,0,0,0,0,0,0,0,0,0,0,no mains / natural or DC,0
0,0,16,310,-0.8928495132297739,-0.03277687917722098,0.32245857112338633,99.58285714285714,2.0628571428571427,-13.754285714285714,0,0,0,0,0,0,0,0,0,0,0,no mains / natural or DC,0
0,0,16,320,-0.8542130802331614,-0.04699850459303567,0.3407696768089846,105.30285714285715,4.72,-10.508571428571429,0,0,0,0,0,0,0,0,0,0,0,no mains / natural or DC,0
0,0,16,330,-0.8542130802331614,-0.04699850459303567,0.3407696768089846,105.30285714285715,4.72,-10.508571428571429,0,0,0,0,0,0,0,0,0,0,0,no mains / natural or DC,0
0,0,16,340,-0.8511001922666097,-0.045838801232947785,0.3563341166417432,110.25714285714285,5.805714285714286,-8.131428571428572,0,0,0,0,0,0,0,0,0,0,0,no mains / natural or DC,0
0,0,16,350,-0.8511001922666097,-0.045838801232947785,0.3563341166417432,110.25714285714285,5.805714285714286,-8.131428571428572,0,0,0,0,0,0,0,0,0,0,0,no mains / natural or DC,0
0,0,16,360,-0.8431653798028504,-0.041261024811548204,0.38227484969634085,115.06285714285714,6.7942857142857145,-6.8742857142857146,0,0,0,0,0,0,0,0,0,0,0,no mains / natural or DC,0
0,0,16,370,-0.8431653798028504,-0.041261024811548204,0.38227484969634085,119.45142857142856,7.04,-6.417142857142857,0,0,0,0,0,0,0,0,0,0,0,no mains / natural or DC,0
0,0,16,380,-0.8459730826746422,-0.04205450605792413,0.4079714346751305,119.65142857142857,7.04,-6.417142857142857,0,0,0,0,0,0,0,0,0,0,0,no mains / natural or DC,0
0,0,16,390,-0.8705710013122959,-0.031128879665517136,0.42219306009094515,123.46857142857142,5.8742857142857146,-6.417142857142857,0,0,0,0,0,0,0,0,0,0,0,no mains / natural or DC,0
0,0,16,400,-0.8705710013122959,-0.031128879665517136,0.42219306009094515,123.46857142857142,5.8742857142857146,-6.417142857142857,0,0,0,0,0,0,0,0,0,0,0,no mains / natural or DC,0
0,0,16,410,-0.9015167699209571,-0.02563554795983764,0.4364146855067598,126.6,5.16,-5.64,0,0,0,0,0,0,0,0,0,0,0,no mains / natural or DC,0
0,0,16,420,-0.9015167699209571,-0.02563554795983764,0.4364146855067598,126.6,5.16,-5.64,0,0,0,0,0,0,0,0,0,0,0,no mains / natural or DC,0
0,0,16,430,-0.9275185399945066,-0.027954954680013428,0.44807275612659075,128.87428571428572,4.88,-4.171428571428572,0,0,0,0,0,0,0,0,0,0,0,no mains / natural or DC,0
0,0,16,440,-0.9275185399945066,-0.027954954680013428,0.44807275612659075,128.87428571428572,4.88,-4.171428571428572,0,0,0,0,0,0,0,0,0,0,0,no mains / natural or DC,0
0,0,16,450,-0.9414960173345134,-0.03564561906796472,0.4610126041444136,129.92,3.7314285714285713,-2.7657142857142856,0,0,0,0,0,0,0,0,0,0,0,no mains / natural or DC,0
0,0,16,460,-0.9414960173345134,-0.03564561906796472,0.4610126041444136,129.92,3.7314285714285713,-2.7657142857142856,0,0,0,0,0,0,0,0,0,0,0,no mains / natural or DC,0
0,0,16,470,-0.945585497604297,-0.04651020844141972,0.4707785271767327,129.66857142857143,2.057142857142857,-1.697142857142857,0,0,0,0,0,0,0,0,0,0,0,no mains / natural or DC,0
0,0,16,480,-0.945585497604297,-0.04651020844141972,0.4707785271767327,129.66857142857143,2.057142857142857,-1.697142857142857,0,0,0,0,0,0,0,0,0,0,0,no mains / natural or DC,0
0,0,16,490,-0.9535813470870083,-0.05090487380596331,0.4837794122135075,128.33142857142857,-0.05142857142857143,-1.3542857142857143,0,0,0,0,0,0,0,0,0,0,0,no mains / natural or DC,0
0,0,16,500,-0.9535813470870083,-0.05090487380596331,0.4837794122135075,128.33142857142857,-0.05142857142857143,-1.3542857142857143,0,0,0,0,0,0,0,0,0,0,0,no mains / natural or DC,0
0,0,16,510,-0.9768364513077181,-0.05163731803338725,0.49977111117893,126.13714285714286,-2.165714285714286,-1.302857142857143,0,0,0,0,0,0,0,0,0,0,0,no mains / natural or DC,0
0,0,16,520,-0.9924619281594287,-0.04638813440351573,0.5136265144810327,123.33714285714285,-3.6342857142857143,-0.8285714285714286,0,0,0,0,0,0,0,0,0,0,0,no mains / natural or DC,0
0,0,16,530,-0.9859920041505172,-0.04638813440351573,0.5136265144810327,123.33714285714285,-3.6342857142857143,-0.8285714285714286,0,0,0,0,0,0,0,0,0,0,0,no mains / natural or DC,0
0,0,16,540,-0.9784234138004699,-0.04010132145146031,0.5183874019592883,119.97714285714285,-4.365714285714286,0.6971428571428572,0,0,0,0,0,0,0,0,0,0,0,no mains / natural or DC,0
0,0,16,550,-0.9784234138004699,-0.04010132145146031,0.5183874019592883,119.97714285714285,-4.365714285714286,0.6971428571428572,0,0,0,0,0,0,0,0,0,0,0,no mains / natural or DC,0
0,0,16,560,-0.9687795648060549,-0.032837916196172975,0.5215002899258401,116.17714285714285,-4.994285714285715,2.3257142857142856,0,0,0,0,0,0,0,0,0,0,0,no mains / natural or DC,0
0,0,16,570,-0.9687795648060549,-0.032837916196172975,0.5215002899258401,116.17714285714285,-4.994285714285715,2.3257142857142856,0,0,0,0,0,0,0,0,0,0,0,no mains / natural or DC,0
0,0,16,580,-0.9421674245429853,-0.020020142216254158,0.5076448866237373,112.10857142857142,-4.725714285714286,4.222857142857142,0,0,0,0,0,0,0,0,0,0,0,no mains / natural or DC,0
0,0,16,590,-0.9421674245429853,-0.020020142216254158,0.5076448866237373,112.10857142857142,-4.725714285714286,4.222857142857142,0,0,0,0,0,0,0,0,0,0,0,no mains / natural or DC,0
0,0,16,600,-0.9400311288796656,-0.004028443250831629,0.4915311136204108,108.27428571428571,-4.222857142857142,5.685714285714286,0,0,0,0,0,0,0,0,0,0,0,no mains / natural or DC,0
0,0,16,610,-0.9400311288796656,-0.004028443250831629,0.4915311136204108,108.27428571428571,-4.222857142857142,5.685714285714286,0,0,0,0,0,0,0,0,0,0,0,no mains / natural or DC,0
0,0,16,620,-0.9334391308328501,0.00891140476699118,0.4687032685323649,105.13142857142857,-3.097142857142857,6.268571428571429,0,0,0,0,0,0,0,0,0,0,0,no mains / natural or DC,0
0,0,16,630,-0.9334391308328501,0.00891140476699118,0.4687032685323649,105.13142857142857,-3.097142857142857,6.268571428571429,0,0,0,0,0,0,0,0,0,0,0,no mains / natural or DC,0
0,0,16,640,-0.945951719718009,0.015686513870662555,0.4489272743919187,102.61142857142858,-1.88,5.502857142857143,0,0,0,0,0,0,0,0,0,0,0,no mains / natural or DC,0
0,0,16,650,-0.945951719718009,0.015686513870662555,0.4489272743919187,100.41714285714286,0.017142857142857144,3.862857142857143,0,0,0,0,0,0,0,0,0,0,0,no mains / natural or DC,0
0,0,16,660,-0.9524216437269204,0.02294991912594989,0.4257942442091128,100.41714285714286,0.017142857142857144,3.862857142857143,0,0,0,0,0,0,0,0,0,0,0,no mains / natural or DC,0
0,0,16,670,-0.9225135044404431,0.024475844599749746,0.3980224005859554,98.18285714285715,2.3085714285714287,2.217142857142857,0,0,0,0,0,0,0,0,0,0,0,no mains / natural or DC,0
0,0,16,680,-0.9225135044404431,0.024475844599749746,0.3980224005859554,98.18285714285715,2.3085714285714287,2.217142857142857,0,0,0,0,0,0,0,0,0,0,0,no mains / natural or DC,0
0,0,16,690,-0.9183019501327555,0.0249641407513657,0.36829737235633414,95.70857142857143,4.045714285714285,0.8742857142857143,0,0,0,0,0,0,0,0,0,0,0,no mains / natural or DC,0
0,0,16,700,-0.9183019501327555,0.0249641407513657,0.36829737235633414,95.70857142857143,4.045714285714285,0.8742857142857143,0,0,0,0,0,0,0,0,0,0,0,no mains / natural or DC,0
0,0,16,710,-0.9288003173924986,0.02587969603564562,0.3380840479750969,92.89142857142858,5.68,-0.05714285714285714,0,0,0,0,0,0,0,0,0,0,0,no mains / natural or DC,0
0,0,16,720,-0.9288003173924986,0.02587969603564562,0.3380840479750969,92.89142857142858,5.68,-0.05714285714285714,0,0,0,0,0,0,0,0,0,0,0,no mains / natural or DC,0
0,0,16,730,-0.9391766106143375,0.03509628589739677,0.3128147221289712,89.70857142857143,7.148571428571429,-0.36,0,0,0,0,0,0,0,0,0,0,0,no mains / natural or DC,0
0,0,16,740,-0.9391766106143375,0.03509628589739677,0.3128147221289712,89.70857142857143,7.148571428571429,-0.36,0,0,0,0,0,0,0,0,0,0,0,no mains / natural or DC,0
0,0,16,750,-0.9285561693166906,0.03662221137119663,0.28644672994170967,86.14857142857143,8.954285714285714,0.48,0,0,0,0,0,0,0,0,0,0,0,no mains / natural or DC,0
0,0,16,760,-0.9285561693166906,0.03662221137119663,0.28644672994170967,86.14857142857143,8.954285714285714,0.48,0,0,0,0,0,0,0,0,0,0,0,no mains / natural or DC,0
0,0,16,770,-0.9202551347392194,0.039307840205084384,0.2660603656117435,82.20571428571428,10.205714285714286,1.5885714285714285,0,0,0,0,0,0,0,0,0,0,0,no mains / natural or DC,0
0,0,16,780,-0.9202551347392194,0.039307840205084384,0.2660603656117435,82.20571428571428,10.205714285714286,2.5714285714285716,0,0,0,0,0,0,0,0,0,0,0,no mains / natural or DC,0
0,0,16,790,-0.9031037324137089,0.04943998535111545,0.24634540849024933,77.84,11.125714285714286,2.5714285714285716,0,0,0,0,0,0,0,0,0,0,0,no mains / natural or DC,0
0,0,16,800,-0.8778344065675833,0.05835139011810663,0.22235786004211555,73.06857142857143,12.177142857142858,3.6228571428571428,0,0,0,0,0,0,0,0,0,0,0,no mains / natural or DC,0
0,0,16,810,-0.8778344065675833,0.05835139011810663,0.22235786004211555,73.06857142857143,12.177142857142858,3.6228571428571428,0,0,0,0,0,0,0,0,0,0,0,no mains / natural or DC,0
0,0,16,820,-0.8770409253212074,0.07477034821619312,0.195501571703238,68.23428571428572,13.634285714285713,4.508571428571429,0,0,0,0,0,0,0,0,0,0,0,no mains / natural or DC,0
0,0,16,830,-0.8770409253212074,0.07477034821619312,0.195501571703238,68.23428571428572,13.634285714285713,4.508571428571429,0,0,0,0,0,0,0,0,0,0,0,no mains / natural or DC,0
0,0,16,840,-0.8821069978942229,0.0912503433332316,0.1697439497054964,63.58857142857143,16.34285714285714,5.194285714285714,0,0,0,0,0,0,0,0,0,0,0,no mains / natural or DC,0
0,0,16,850,-0.8821069978942229,0.0912503433332316,0.1697439497054964,63.58857142857143,16.34285714285714,5.194285714285714,0,0,0,0,0,0,0,0,0,0,0,no mains / natural or DC,0
0,0,16,860,-0.8767357402264473,0.10730307931760613,0.14502395702993864,59.12,19.485714285714284,5.782857142857143,0,0,0,0,0,0,0,0,0,0,0,no mains / natural or DC,0
0,0,16,870,-0.8767357402264473,0.10730307931760613,0.14502395702993864,59.12,19.485714285714284,5.782857142857143,0,0,0,0,0,0,0,0,0,0,0,no mains / natural or DC,0
0,0,16,880,-0.826685384685812,0.10577715384380627,0.1261635181737724,54.48571428571429,21.69142857142857,6.1657142857142855,0,0,0,0,0,0,0,0,0,0,0,no mains / natural or DC,0
0,0,16,890,-0.826685384685812,0.10577715384380627,0.1261635181737724,54.48571428571429,21.69142857142857,6.1657142857142855,0,0,0,0,0,0,0,0,0,0,0,no mains / natural or DC,0
0,0,16,900,-0.7846308786278878,0.09967345194860683,0.10748619037446211,49.628571428571426,21.062857142857144,5.382857142857143,0,0,0,0,0,0,0,0,0,0,0,no mains / natural or DC,0
0,0,16,910,-0.7846308786278878,0.09967345194860683,0.10748619037446211,49.628571428571426,21.062857142857144,5.382857142857143,0,0,0,0,0,0,0,0,0,0,0,no mains / natural or DC,0
0,0,16,920,-1.0852381969664602,0.11896114993743706,0.02130191961424604,45.16,16.88,2.5085714285714285,0,0,0,0,0,0,0,0,0,0,0,no mains / natural or DC,0
0,0,16,930,-1.0852381969664602,0.11896114993743706,0.07013153477584155,42.57714285714286,13.182857142857143,-1.6285714285714286,0,0,0,0,0,0,0,0,0,0,0,no mains / natural or DC,0
0,0,16,940,-1.6998809778130437,0.28034302804651023,0.07013153477584155,42.57714285714286,13.182857142857143,-1.6285714285714286,0,0,0,0,0,0,0,0,0,0,0,no mains / natural or DC,0
0,0,16,950,-1.1065401165807063,0.10205389568773461,0.010498367259743034,40.434285714285714,27.314285714285713,-5.9314285714285715,0,0,0,0,0,0,0,0,0,0,0,no mains / natural or DC,0
0,0,16,960,-1.1065401165807063,0.10205389568773461,0.010498367259743034,40.434285714285714,27.314285714285713,-5.9314285714285715,0,0,0,0,0,0,0,0,0,0,0,no mains / natural or DC,0
0,0,16,970,-1.0290231025116734,-0.015137180700094607,-0.07226783043916135,39.308571428571426,18.805714285714284,-20.222857142857144,0,0,0,0,0,0,0,0,0,0,0,no mains / natural or DC,0
0,0,16,980,-1.0290231025116734,-0.015137180700094607,-0.07226783043916135,39.308571428571426,18.805714285714284,-20.222857142857144,0,0,0,0,0,0,0,0,0,0,0,no mains / natural or DC,0
0,0,16,990,-0.9634693441572314,-0.19873653370769373,-0.04589983825189978,37.86857142857143,11.622857142857143,-40.34285714285714,0,0,0,0,0,0,0,0,0,0,0,no mains / natural or DC,0
0,0,17,0,-0.9634693441572314,-0.19873653370769373,-0.04589983825189978,37.86857142857143,11.622857142857143,-40.34285714285714,0,0,0,0,0,0,0,0,0,0,0,no mains / natural or DC,0
0,0,17,10,-0.7564928128910184,-0.3316751609851375,-0.13092440565202795,34.70857142857143,10.622857142857143,-57.21714285714286,0,0,0,0,0,0,0,0,0,0,0,no mains / natural or DC,0
0,0,17,20,-0.7564928128910184,-0.3316751609851375,-0.13092440565202795,34.70857142857143,10.622857142857143,-57.21714285714286,0,0,0,0,0,0,0,0,0,0,0,no mains / natural or DC,0
0,0,17,30,-1.0250556962797936,-0.25366985076448867,-0.21790215765861995,31.857142857142858,1.9085714285714286,-63.57142857142857,0,0,0,0,0,0,0,0,0,0,0,no mains / natural or DC,0
0,0,17,40,-1.0250556962797936,-0.25366985076448867,-0.21790215765861995,31.857142857142858,1.9085714285714286,-63.57142857142857,0,0,0,0,0,0,0,0,0,0,0,no mains / natural or DC,0
0,0,17,50,-1.2326425977355266,-0.1879329813531907,-0.239082003234962,33.26857142857143,4.074285714285714,-51.38857142857143,0,0,0,0,0,0,0,0,0,0,0,no mains / natural or DC,0
0,0,17,60,-1.2326425977355266,-0.1879329813531907,-0.239082003234962,36.331428571428575,11.594285714285714,-31.194285714285716,0,0,0,0,0,0,0,0,0,0,0,no mains / natural or DC,0
0,0,17,70,-1.0942106387524033,-0.22553178502761925,-0.23340556047242653,36.331428571428575,11.594285714285714,-31.194285714285716,0,0,0,0,0,0,0,0,0,0,0,no mains / natural or DC,0
0,0,17,80,-0.9382610553300577,-0.25733207190160834,-0.206732383190405,38.58857142857143,10.0,-12.954285714285714,0,0,0,0,0,0,0,0,0,0,0,no mains / natural or DC,0
0,0,17,90,-0.9382610553300577,-0.25733207190160834,-0.206732383190405,38.58857142857143,10.0,-12.954285714285714,0,0,0,0,0,0,0,0,0,0,0,no mains / natural or DC,0
0,0,17,100,-0.8425550096133305,-0.2693563646351512,-0.18225653859065524,39.6,4.182857142857143,-0.4057142857142857,0,0,0,0,0,0,0,0,0,0,0,no mains / natural or DC,0
0,0,17,110,-0.8425550096133305,-0.2693563646351512,-0.18225653859065524,39.6,4.182857142857143,-0.4057142857142857,0,0,0,0,0,0,0,0,0,0,0,no mains / natural or DC,0
0,0,17,120,-0.8627582628864406,-0.2315744499038667,-0.16028321176793725,39.777142857142856,-3.182857142857143,5.628571428571429,0,0,0,0,0,0,0,0,0,0,0,no mains / natural or DC,0
0,0,17,130,-0.8627582628864406,-0.2315744499038667,-0.16028321176793725,39.777142857142856,-3.182857142857143,5.628571428571429,0,0,0,0,0,0,0,0,0,0,0,no mains / natural or DC,0
0,0,17,140,-0.9031037324137089,-0.17627491073335977,-0.1381878109073153,40.64,-8.205714285714286,8.06857142857143,0,0,0,0,0,0,0,0,0,0,0,no mains / natural or DC,0
0,0,17,150,-0.9031037324137089,-0.17627491073335977,-0.1381878109073153,40.64,-8.205714285714286,8.06857142857143,0,0,0,0,0,0,0,0,0,0,0,no mains / natural or DC,0
0,0,17,160,-0.9178136539811396,-0.1239661854915006,-0.11664174321726127,42.348571428571425,-11.165714285714285,9.08,0,0,0,0,0,0,0,0,0,0,0,no mains / natural or DC,0
0,0,17,170,-0.9178136539811396,-0.1239661854915006,-0.11664174321726127,42.348571428571425,-11.165714285714285,9.08,0,0,0,0,0,0,0,0,0,0,0,no mains / natural or DC,0
0,0,17,180,-0.9291665395062105,-0.09118930631427961,-0.09662160100100711,44.565714285714286,-12.737142857142857,9.954285714285714,0,0,0,0,0,0,0,0,0,0,0,no mains / natural or DC,0
0,0,17,190,-0.9291665395062105,-0.09118930631427961,-0.09662160100100711,44.565714285714286,-12.737142857142857,9.954285714285714,0,0,0,0,0,0,0,0,0,0,0,no mains / natural or DC,0
0,0,17,200,-0.9217810602130192,-0.07123020111697745,-0.07910397656178472,46.85142857142857,-12.017142857142858,10.977142857142857,0,0,0,0,0,0,0,0,0,0,0,no mains / natural or DC,0
0,0,17,210,-0.9061555833613086,-0.059083834345530564,-0.06616412854396192,48.68571428571428,-10.702857142857143,11.691428571428572,0,0,0,0,0,0,0,0,0,0,0,no mains / natural or DC,0
0,0,17,220,-0.8971831415753655,-0.059083834345530564,-0.06616412854396192,48.68571428571428,-10.702857142857143,11.691428571428572,0,0,0,0,0,0,0,0,0,0,0,no mains / natural or DC,0
0,0,17,230,-0.8924832911160618,-0.04113895077364421,-0.058107242042298654,49.95428571428572,-9.525714285714285,12.537142857142857,0,0,0,0,0,0,0,0,0,0,0,no mains / natural or DC,0
0,0,17,240,-0.8924832911160618,-0.04113895077364421,-0.058107242042298654,49.95428571428572,-9.525714285714285,12.537142857142857,0,0,0,0,0,0,0,0,0,0,0,no mains / natural or DC,0
0,0,17,250,-0.9010284737693411,-0.02087466048158208,-0.05694753868221076,50.77142857142857,-8.154285714285715,13.68,0,0,0,0,0,0,0,0,0,0,0,no mains / natural or DC,0
0,0,17,260,-0.9010284737693411,-0.02087466048158208,-0.05694753868221076,50.77142857142857,-8.154285714285715,13.68,0,0,0,0,0,0,0,0,0,0,0,no mains / natural or DC,0
0,0,17,270,-0.9187902462843714,-0.0030518509475997192,-0.05890072328867458,51.26285714285714,-6.68,14.411428571428571,0,0,0,0,0,0,0,0,0,0,0,no mains / natural or DC,0
0,0,17,280,-0.9187902462843714,-0.0030518509475997192,-0.05890072328867458,51.26285714285714,-6.68,14.411428571428571,0,0,0,0,0,0,0,0,0,0,0,no mains / natural or DC,0
0,0,17,290,-0.9293496505630665,0.010254219183935057,-0.06274605548265022,51.714285714285715,-4.582857142857143,14.354285714285714,0,0,0,0,0,0,0,0,0,0,0,no mains / natural or DC,0
0,0,17,300,-0.9293496505630665,0.010254219183935057,-0.06274605548265022,51.714285714285715,-4.582857142857143,14.354285714285714,0,0,0,0,0,0,0,0,0,0,0,no mains / natural or DC,0
0,0,17,310,-0.9505294961394085,0.01989806817835017,-0.07257301553392133,52.222857142857144,-1.9942857142857142,13.16,0,0,0,0,0,0,0,0,0,0,0,no mains / natural or DC,0
0,0,17,320,-0.9505294961394085,0.01989806817835017,-0.07257301553392133,52.222857142857144,-1.9942857142857142,13.16,0,0,0,0,0,0,0,0,0,0,0,no mains / natural or DC,0
0,0,17,330,-0.9685354167302469,0.02435377056184576,-0.0858790856654561,52.65714285714286,0.6571428571428571,10.748571428571429,0,0,0,0,0,0,0,0,0,0,0,no mains / natural or DC,0
0,0,17,340,-0.9719534897915586,0.025818659016693626,-0.09955137791070284,52.78285714285714,2.994285714285714,7.537142857142857,0,0,0,0,0,0,0,0,0,0,0,no mains / natural or DC,0
0,0,17,350,-0.9719534897915586,0.025818659016693626,-0.09955137791070284,52.78285714285714,2.994285714285714,7.537142857142857,0,0,0,0,0,0,0,0,0,0,0,no mains / natural or DC,0
0,0,17,360,-0.967619861445967,0.024842066713461716,-0.1173131504257332,52.49142857142857,4.44,4.331428571428572,0,0,0,0,0,0,0,0,0,0,0,no mains / natural or DC,0
0,0,17,370,-0.967619861445967,0.024842066713461716,-0.1173131504257332,52.49142857142857,4.44,4.331428571428572,0,0,0,0,0,0,0,0,0,0,0,no mains / natural or DC,0
0,0,17,380,-0.978606524857326,0.026429029206213567,-0.13708914456617938,51.714285714285715,4.902857142857143,1.582857142857143,0,0,0,0,0,0,0,0,0,0,0,no mains / natural or DC,0
0,0,17,390,-0.978606524857326,0.026429029206213567,-0.13708914456617938,51.714285714285715,4.902857142857143,1.582857142857143,0,0,0,0,0,0,0,0,0,0,0,no mains / natural or DC,0
0,0,17,400,-0.9728690450758385,0.024536881618701743,-0.15619373149815363,50.628571428571426,5.137142857142857,-0.24,0,0,0,0,0,0,0,0,0,0,0,no mains / natural or DC,0
0,0,17,410,-0.9728690450758385,0.024536881618701743,-0.15619373149815363,50.628571428571426,5.137142857142857,-0.24,0,0,0,0,0,0,0,0,0,0,0,no mains / natural or DC,0
0,0,17,420,-0.95699942014832,0.021668141727958008,-0.17206335642567216,49.142857142857146,4.84,-0.7714285714285715,0,0,0,0,0,0,0,0,0,0,0,no mains / natural or DC,0
0,0,17,430,-0.95699942014832,0.021668141727958008,-0.17206335642567216,49.142857142857146,4.84,-0.7714285714285715,0,0,0,0,0,0,0,0,0,0,0,no mains / natural or DC,0
0,0,17,440,-0.9254432813501389,0.017334513382366405,-0.18408764915921505,47.114285714285714,3.3771428571428572,0.03428571428571429,0,0,0,0,0,0,0,0,0,0,0,no mains / natural or DC,0
0,0,17,450,-0.9254432813501389,0.017334513382366405,-0.18408764915921505,47.114285714285714,3.3771428571428572,0.03428571428571429,0,0,0,0,0,0,0,0,0,0,0,no mains / natural or DC,0
0,0,17,460,-0.91293069246498,0.018982512894070255,-0.1923886837366863,44.645714285714284,0.8628571428571429,1.9257142857142857,0,0,0,0,0,0,0,0,0,0,0,no mains / natural or DC,0
0,0,17,470,-0.91293069246498,0.018982512894070255,-0.1923886837366863,44.645714285714284,-2.0628571428571427,4.68,0,0,0,0,0,0,0,0,0,0,0,no mains / natural or DC,0
0,0,17,480,-0.9035920285653248,0.02771080660420545,-0.19367046113467817,41.94857142857143,-1.72,4.68,0,0,0,0,0,0,0,0,0,0,0,no mains / natural or DC,0
0,0,17,490,-0.8987701040681173,0.042664876247444077,-0.18884853663747062,39.24,-4.085714285714285,7.811428571428571,0,0,0,0,0,0,0,0,0,0,0,no mains / natural or DC,0
0,0,17,500,-0.8987701040681173,0.042664876247444077,-0.18884853663747062,39.24,-4.085714285714285,7.811428571428571,0,0,0,0,0,0,0,0,0,0,0,no mains / natural or DC,0
0,0,17,510,-0.9178136539811396,0.0642109439374981,-0.1836603900265511,36.89142857142857,-5.994285714285715,10.554285714285715,0,0,0,0,0,0,0,0,0,0,0,no mains / natural or DC,0
0,0,17,520,-0.9178136539811396,0.0642109439374981,-0.1836603900265511,36.89142857142857,-5.994285714285715,10.554285714285715,0,0,0,0,0,0,0,0,0,0,0,no mains / natural or DC,0
0,0,17,530,-0.9227576525162511,0.08203375347148045,-0.1749931333353679,34.988571428571426,-7.434285714285714,12.857142857142858,0,0,0,0,0,0,0,0,0,0,0,no mains / natural or DC,0
0,0,17,540,-0.9227576525162511,0.08203375347148045,-0.1749931333353679,34.988571428571426,-7.434285714285714,12.857142857142858,0,0,0,0,0,0,0,0,0,0,0,no mains / natural or DC,0
0,0,17,550,-0.9317911313211463,0.10144352549821467,-0.1641285439619129,33.497142857142855,-8.937142857142858,14.457142857142857,0,0,0,0,0,0,0,0,0,0,0,no mains / natural or DC,0
0,0,17,560,-0.9317911313211463,0.10144352549821467,-0.1641285439619129,33.497142857142855,-8.937142857142858,14.457142857142857,0,0,0,0,0,0,0,0,0,0,0,no mains / natural or DC,0
0,0,17,570,-0.9222693563646351,0.11511581774346141,-0.1476485488448744,32.308571428571426,-10.331428571428571,15.48,0,0,0,0,0,0,0,0,0,0,0,no mains / natural or DC,0
0,0,17,580,-0.9222693563646351,0.11511581774346141,-0.1476485488448744,32.308571428571426,-10.331428571428571,15.48,0,0,0,0,0,0,0,0,0,0,0,no mains / natural or DC,0
0,0,17,590,-0.9139683217871639,0.12219611194189275,-0.12567522202215645,31.46857142857143,-11.634285714285713,15.782857142857143,0,0,0,0,0,0,0,0,0,0,0,no mains / natural or DC,0
0,0,17,600,-0.9139683217871639,0.12219611194189275,-0.12567522202215645,31.46857142857143,-11.634285714285713,15.782857142857143,0,0,0,0,0,0,0,0,0,0,0,no mains / natural or DC,0
0,0,17,610,-0.9059114352855007,0.1097445600756859,-0.09063997314371167,30.845714285714287,-12.971428571428572,14.565714285714286,0,0,0,0,0,0,0,0,0,0,0,no mains / natural or DC,0
0,0,17,620,-0.9059114352855007,0.1878719443342387,-0.076052125614185,31.114285714285714,-18.274285714285714,10.382857142857143,0,0,0,0,0,0,0,0,0,0,0,no mains / natural or DC,0
0,0,17,630,-1.4768517105624561,0.1968443861201819,-0.076052125614185,31.114285714285714,-18.274285714285714,10.382857142857143,0,0,0,0,0,0,0,0,0,0,0,no mains / natural or DC,0
0,0,17,640,-1.2799462874233223,0.12115848261970885,0.04394665364543596,31.697142857142858,-16.114285714285714,4.131428571428572,0,0,0,0,0,0,0,0,0,0,0,no mains / natural or DC,0
0,0,17,650,-1.2799462874233223,0.12115848261970885,0.04394665364543596,31.697142857142858,-16.114285714285714,4.131428571428572,0,0,0,0,0,0,0,0,0,0,0,no mains / natural or DC,0
0,0,17,660,-1.0682699056978058,0.050050355540635395,0.06207464827417829,32.30285714285714,-14.548571428571428,-6.617142857142857,0,0,0,0,0,0,0,0,0,0,0,no mains / natural or DC,0
0,0,17,670,-1.0682699056978058,0.050050355540635395,0.06207464827417829,32.30285714285714,-14.548571428571428,-6.617142857142857,0,0,0,0,0,0,0,0,0,0,0,no mains / natural or DC,0
0,0,17,680,-1.130466628009888,0.0013428144169438765,0.19586779381695,32.537142857142854,-28.057142857142857,-23.908571428571427,0,0,0,0,0,0,0,0,0,0,0,no mains / natural or DC,0
0,0,17,690,-1.130466628009888,0.0013428144169438765,0.19586779381695,32.537142857142854,-28.057142857142857,-23.908571428571427,0,0,0,0,0,0,0,0,0,0,0,no mains / natural or DC,0
0,0,17,700,-1.2159184545426802,-0.02911465804010132,0.26789147618030335,33.94857142857143,-31.451428571428572,-39.70857142857143,0,0,0,0,0,0,0,0,0,0,0,no mains / natural or DC,0
0,0,17,710,-1.2159184545426802,-0.02911465804010132,0.26789147618030335,33.94857142857143,-31.451428571428572,-39.70857142857143,0,0,0,0,0,0,0,0,0,0,0,no mains / natural or DC,0
0,0,17,720,-1.0339671010467848,-0.10510574663533433,0.3791619617297891,35.28,-32.44,-49.38285714285714,0,0,0,0,0,0,0,0,0,0,0,no mains / natural or DC,0
0,0,17,730,-1.0339671010467848,-0.10510574663533433,0.3791619617297891,35.28,-32.44,-49.38285714285714,0,0,0,0,0,0,0,0,0,0,0,no mains / natural or DC,0
0,0,17,740,-0.8987701040681173,-0.18115787224951935,0.4313486129337443,35.70285714285714,-32.41142857142857,-45.61142857142857,0,0,0,0,0,0,0,0,0,0,0,no mains / natural or DC,0
0,0,17,750,-0.8987701040681173,-0.18115787224951935,0.4313486129337443,36.23428571428571,-33.57714285714286,-31.434285714285714,0,0,0,0,0,0,0,0,0,0,0,no mains / natural or DC,0
0,0,17,760,-1.0808435316019165,-0.14319284646137884,0.46052430799279764,36.23428571428571,-33.57714285714286,-31.434285714285714,0,0,0,0,0,0,0,0,0,0,0,no mains / natural or DC,0
0,0,17,770,-1.0581987975707265,-0.17871639149143956,0.47877437665944395,38.32,-23.53142857142857,-15.497142857142856,0,0,0,0,0,0,0,0,0,0,0,no mains / natural or DC,0
0,0,17,780,-1.0581987975707265,-0.17871639149143956,0.47877437665944395,38.32,-23.53142857142857,-15.497142857142856,0,0,0,0,0,0,0,0,0,0,0,no mains / natural or DC,0
0,0,17,790,-1.0528885769219032,-0.16589861751152074,0.44581438642536697,41.38857142857143,-14.257142857142858,-5.16,0,0,0,0,0,0,0,0,0,0,0,no mains / natural or DC,0
0,0,17,800,-1.0528885769219032,-0.16589861751152074,0.44581438642536697,41.38857142857143,-14.257142857142858,-5.16,0,0,0,0,0,0,0,0,0,0,0,no mains / natural or DC,0
0,0,17,810,-1.0140079958494828,-0.1608935819574572,0.4184087649159215,44.87428571428571,-6.8,-0.7485714285714286,0,0,0,0,0,0,0,0,0,0,0,no mains / natural or DC,0
0,0,17,820,-1.0140079958494828,-0.1608935819574572,0.4184087649159215,44.87428571428571,-6.8,-0.7485714285714286,0,0,0,0,0,0,0,0,0,0,0,no mains / natural or DC,0
0,0,17,830,-0.9384441663869136,-0.14282662434766685,0.3769035920285653,48.09142857142857,0.36,0.52,0,0,0,0,0,0,0,0,0,0,0,no mains / natural or DC,0
0,0,17,840,-0.9384441663869136,-0.14282662434766685,0.3769035920285653,48.09142857142857,0.36,0.52,0,0,0,0,0,0,0,0,0,0,0,no mains / natural or DC,0
0,0,17,850,-0.8977935117648854,-0.12573625904110844,0.34723960081789607,50.74857142857143,4.965714285714285,0.46285714285714286,0,0,0,0,0,0,0,0,0,0,0,no mains / natural or DC,0
0,0,17,860,-0.8977935117648854,-0.12573625904110844,0.34723960081789607,50.74857142857143,4.965714285714285,0.46285714285714286,0,0,0,0,0,0,0,0,0,0,0,no mains / natural or DC,0
0,0,17,870,-0.8791772209845271,-0.09656056398205512,0.3186132389294107,52.777142857142856,8.868571428571428,0.8171428571428572,0,0,0,0,0,0,0,0,0,0,0,no mains / natural or DC,0
0,0,17,880,-0.8791772209845271,-0.09656056398205512,0.3186132389294107,52.777142857142856,8.868571428571428,2.28,0,0,0,0,0,0,0,0,0,0,0,no mains / natural or DC,0
0,0,17,890,-0.8545793023468734,-0.07415997802667318,0.2979216895046846,54.36,12.022857142857143,2.36,0,0,0,0,0,0,0,0,0,0,0,no mains / natural or DC,0
0,0,17,900,-0.8458510086367382,-0.05511642811365093,0.27271340067751093,55.457142857142856,13.862857142857143,4.565714285714286,0,0,0,0,0,0,0,0,0,0,0,no mains / natural or DC,0
0,0,17,910,-0.8458510086367382,-0.05511642811365093,0.27271340067751093,55.457142857142856,13.862857142857143,4.565714285714286,0,0,0,0,0,0,0,0,0,0,0,no mains / natural or DC,0
0,0,17,920,-0.8570818201239051,-0.0336924344615009,0.24921414838099307,56.04,14.891428571428571,6.537142857142857,0,0,0,0,0,0,0,0,0,0,0,no mains / natural or DC,0
0,0,17,930,-0.8570818201239051,-0.0336924344615009,0.24921414838099307,56.04,14.891428571428571,6.537142857142857,0,0,0,0,0,0,0,0,0,0,0,no mains / natural or DC,0
0,0,17,940,-0.8468886379589221,-0.021118808557390057,0.23291726432081056,55.97714285714286,16.251428571428573,8.274285714285714,0,0,0,0,0,0,0,0,0,0,0,no mains / natural or DC,0
0,0,17,950,-0.8468886379589221,-0.021118808557390057,0.23291726432081056,55.97714285714286,16.251428571428573,8.274285714285714,0,0,0,0,0,0,0,0,0,0,0,no mains / natural or DC,0
0,0,17,960,-0.8122196111941893,-0.017090365306558428,0.21601001007110812,54.89714285714286,16.931428571428572,9.885714285714286,0,0,0,0,0,0,0,0,0,0,0,no mains / natural or DC,0
0,0,17,970,-0.8122196111941893,-0.017090365306558428,0.21601001007110812,54.89714285714286,16.931428571428572,9.885714285714286,0,0,0,0,0,0,0,0,0,0,0,no mains / natural or DC,0
0,0,17,980,-0.8302865688039797,-0.008789330729087191,0.2022156437879574,52.63428571428572,15.4,10.685714285714285,0,0,0,0,0,0,0,0,0,0,0,no mains / natural or DC,0
0,0,17,990,-0.8302865688039797,-0.008789330729087191,0.2022156437879574,52.63428571428572,15.4,10.685714285714285,0,0,0,0,0,0,0,0,0,0,0,no mains / natural or DC,0
0,0,18,0,-0.8704489272743919,0.0010376293221839045,0.19733268227179784,49.34285714285714,13.434285714285714,10.674285714285714,0,0,0,0,0,0,0,0,0,0,0,no mains / natural or DC,0
0,0,18,10,-0.8704489272743919,0.0010376293221839045,0.19733268227179784,49.34285714285714,13.434285714285714,10.674285714285714,0,0,0,0,0,0,0,0,0,0,0,no mains / natural or DC,0
0,0,18,20,-0.869960631122776,0.009155552842799158,0.1871395001068148,45.41142857142857,12.034285714285714,9.788571428571428,0,0,0,0,0,0,0,0,0,0,0,no mains / natural or DC,0
0,0,18,30,-0.869960631122776,0.009155552842799158,0.1871395001068148,41.10285714285714,10.342857142857143,8.045714285714286,0,0,0,0,0,0,0,0,0,0,0,no mains / natural or DC,0
0,0,18,40,-0.8617816705832088,0.017334513382366405,0.18140202032532732,41.10285714285714,10.342857142857143,8.045714285714286,0,0,0,0,0,0,0,0,0,0,0,no mains / natural or DC,0
0,0,18,50,-0.8755760368663594,0.031006805627613147,0.1816461684011353,36.645714285714284,8.765714285714285,5.8342857142857145,0,0,0,0,0,0,0,0,0,0,0,no mains / natural or DC,0
0,0,18,60,-0.8755760368663594,0.031006805627613147,0.1816461684011353,36.645714285714284,8.765714285714285,5.8342857142857145,0,0,0,0,0,0,0,0,0,0,0,no mains / natural or DC,0
0,0,18,70,-0.8933988464003418,0.03857539597766045,0.18024231696523943,32.14857142857143,7.622857142857143,3.4857142857142858,0,0,0,0,0,0,0,0,0,0,0,no mains / natural or DC,0
0,0,18,80,-0.8933988464003418,0.03857539597766045,0.18024231696523943,32.14857142857143,7.622857142857143,3.4857142857142858,0,0,0,0,0,0,0,0,0,0,0,no mains / natural or DC,0
0,0,18,90,-0.9361857966856899,0.04858546708578753,0.18219550157170325,27.622857142857143,6.531428571428571,0.9428571428571428,0,0,0,0,0,0,0,0,0,0,0,no mains / natural or DC,0
0,0,18,100,-0.9361857966856899,0.04858546708578753,0.18219550157170325,27.622857142857143,6.531428571428571,0.9428571428571428,0,0,0,0,0,0,0,0,0,0,0,no mains / natural or DC,0
0,0,18,110,-0.9670094912564471,0.057435834833826714,0.17896053956724753,23.34285714285714,6.04,-1.9028571428571428,0,0,0,0,0,0,0,0,0,0,0,no mains / natural or DC,0
0,0,18,120,-0.9670094912564471,0.057435834833826714,0.17896053956724753,23.34285714285714,6.04,-1.9028571428571428,0,0,0,0,0,0,0,0,0,0,0,no mains / natural or DC,0
0,0,18,130,-0.9978942228461561,0.06927701651051363,0.1693166905728324,19.565714285714286,6.2457142857142856,-4.817142857142857,0,0,0,0,0,0,0,0,0,0,0,no mains / natural or DC,0
0,0,18,140,-0.9978942228461561,0.06927701651051363,0.1693166905728324,19.565714285714286,6.2457142857142856,-4.817142857142857,0,0,0,0,0,0,0,0,0,0,0,no mains / natural or DC,0
0,0,18,150,-1.0083925901058992,0.0803247169408246,0.15906247138889737,16.48,7.925714285714285,-7.434285714285714,0,0,0,0,0,0,0,0,0,0,0,no mains / natural or DC,0
0,0,18,160,-1.0083925901058992,0.0803247169408246,0.15906247138889737,16.48,10.622857142857143,-9.285714285714286,0,0,0,0,0,0,0,0,0,0,0,no mains / natural or DC,0
0,0,18,170,-1.0014343699453718,0.08972441785943175,0.1476485488448744,14.005714285714285,10.622857142857143,-9.285714285714286,0,0,0,0,0,0,0,0,0,0,0,no mains / natural or DC,0
0,0,18,180,-0.9975280007324442,0.09869685964537492,0.1379436628315073,12.022857142857143,13.2,-9.765714285714285,0,0,0,0,0,0,0,0,0,0,0,no mains / natural or DC,0
0,0,18,190,-0.9975280007324442,0.09869685964537492,0.1379436628315073,12.022857142857143,13.2,-9.765714285714285,0,0,0,0,0,0,0,0,0,0,0,no mains / natural or DC,0
0,0,18,200,-1.0057679982909635,0.10766930143131809,0.1282387768181402,10.388571428571428,15.257142857142858,-9.057142857142857,0,0,0,0,0,0,0,0,0,0,0,no mains / natural or DC,0
0,0,18,210,-1.0057679982909635,0.10766930143131809,0.1282387768181402,10.388571428571428,15.257142857142858,-9.057142857142857,0,0,0,0,0,0,0,0,0,0,0,no mains / natural or DC,0
0,0,18,220,-1.0142521439252907,0.1173741874446852,0.11529892880031739,9.154285714285715,16.914285714285715,-7.354285714285714,0,0,0,0,0,0,0,0,0,0,0,no mains / natural or DC,0
0,0,18,230,-1.0142521439252907,0.1173741874446852,0.11529892880031739,9.154285714285715,16.914285714285715,-7.354285714285714,0,0,0,0,0,0,0,0,0,0,0,no mains / natural or DC,0
0,0,18,240,-1.010895107882931,0.12347788933988464,0.0988799707022309,8.462857142857143,18.485714285714284,-5.48,0,0,0,0,0,0,0,0,0,0,0,no mains / natural or DC,0
0,0,18,250,-1.010895107882931,0.12347788933988464,0.0988799707022309,8.462857142857143,18.485714285714284,-5.48,0,0,0,0,0,0,0,0,0,0,0,no mains / natural or DC,0
0,0,18,260,-0.9799493392742699,0.11181981872005371,0.08581804864650411,8.222857142857142,19.645714285714284,-3.8,0,0,0,0,0,0,0,0,0,0,0,no mains / natural or DC,0
0,0,18,270,-0.9799493392742699,0.11181981872005371,0.08581804864650411,8.222857142857142,19.645714285714284,-3.8,0,0,0,0,0,0,0,0,0,0,0,no mains / natural or DC,0
0,0,18,280,-0.967375713370159,0.09509567552720725,0.06884975737784967,8.2,19.62857142857143,-3.2857142857142856,0,0,0,0,0,0,0,0,0,0,0,no mains / natural or DC,0
0,0,18,290,-0.967375713370159,0.09509567552720725,0.06884975737784967,8.2,19.62857142857143,-3.2857142857142856,0,0,0,0,0,0,0,0,0,0,0,no mains / natural or DC,0
0,0,18,300,-1.076387829218421,0.06488235114597003,0.011780144657734916,8.2,18.4,-4.508571428571429,0,0,0,0,0,0,0,0,0,0,0,no mains / natural or DC,0
0,0,18,310,-1.076387829218421,0.1586352122562334,0.01098666341135899,9.411428571428571,14.897142857142857,-7.348571428571429,0,0,0,0,0,0,0,0,0,0,0,no mains / natural or DC,0
0,0,18,320,-1.7258217108676412,0.16388439588610493,0.01098666341135899,9.411428571428571,14.897142857142857,-7.348571428571429,0,0,0,0,0,0,0,0,0,0,0,no mains / natural or DC,0
0,0,18,330,-1.2359996337778862,0.019348735007782218,-0.01184118167668691,9.754285714285714,26.234285714285715,-9.342857142857143,0,0,0,0,0,0,0,0,0,0,0,no mains / natural or DC,0
0,0,18,340,-1.2359996337778862,0.019348735007782218,-0.01184118167668691,9.754285714285714,26.234285714285715,-9.342857142857143,0,0,0,0,0,0,0,0,0,0,0,no mains / natural or DC,0
0,0,18,350,-1.0361644337290568,-0.09869685964537492,-0.1250038148136845,9.628571428571428,23.86285714285714,-15.6,0,0,0,0,0,0,0,0,0,0,0,no mains / natural or DC,0
0,0,18,360,-1.0361644337290568,-0.09869685964537492,-0.1250038148136845,9.628571428571428,14.365714285714287,-26.02857142857143,0,0,0,0,0,0,0,0,0,0,0,no mains / natural or DC,0
0,0,18,370,-1.0016174810022278,-0.22431104464857937,-0.11877803888058107,8.857142857142858,14.365714285714287,-26.02857142857143,0,0,0,0,0,0,0,0,0,0,0,no mains / natural or DC,0
0,0,18,380,-1.0016174810022278,-0.22431104464857937,-0.11877803888058107,8.857142857142858,14.365714285714287,-26.02857142857143,0,0,0,0,0,0,0,0,0,0,0,no mains / natural or DC,0
0,0,18,390,-0.8362071596423231,-0.28601947080904566,-0.20410779137546922,8.137142857142857,13.32,-32.714285714285715,0,0,0,0,0,0,0,0,0,0,0,no mains / natural or DC,0
0,0,18,400,-0.8362071596423231,-0.28601947080904566,-0.20410779137546922,8.137142857142857,13.32,-32.714285714285715,0,0,0,0,0,0,0,0,0,0,0,no mains / natural or DC,0
0,0,18,410,-0.9138462477492599,-0.2757042146061586,-0.2520828882717368,9.045714285714286,7.194285714285714,-32.10857142857143,0,0,0,0,0,0,0,0,0,0,0,no mains / natural or DC,0
0,0,18,420,-0.9138462477492599,-0.2757042146061586,-0.2520828882717368,9.045714285714286,7.194285714285714,-32.10857142857143,0,0,0,0,0,0,0,0,0,0,0,no mains / natural or DC,0
0,0,18,430,-0.8676412244026002,-0.2841883602404859,-0.2667317728202155,12.222857142857142,7.365714285714286,-23.474285714285713,0,0,0,0,0,0,0,0,0,0,0,no mains / natural or DC,0
0,0,18,440,-0.8676412244026002,-0.2841883602404859,-0.2667317728202155,16.165714285714287,7.354285714285714,-10.90857142857143,0,0,0,0,0,0,0,0,0,0,0,no mains / natural or DC,0
0,0,18,450,-0.8855861079744866,-0.2570268868068484,-0.28308969389934996,16.165714285714287,7.354285714285714,-10.90857142857143,0,0,0,0,0,0,0,0,0,0,0,no mains / natural or DC,0
0,0,18,460,-0.9217200231940672,-0.23853267006439405,-0.24958037049470505,19.86857142857143,6.377142857142857,2.6342857142857143,0,0,0,0,0,0,0,0,0,0,0,no mains / natural or DC,0
0,0,18,470,-0.9217200231940672,-0.23853267006439405,-0.24958037049470505,19.86857142857143,6.377142857142857,2.6342857142857143,0,0,0,0,0,0,0,0,0,0,0,no mains / natural or DC,0
0,0,18,480,-0.8384044923245949,-0.24274422437208168,-0.22669148838770714,22.194285714285716,4.445714285714286,12.891428571428571,0,0,0,0,0,0,0,0,0,0,0,no mains / natural or DC,0
0,0,18,490,-0.8384044923245949,-0.24274422437208168,-0.22669148838770714,22.194285714285716,4.445714285714286,12.891428571428571,0,0,0,0,0,0,0,0,0,0,0,no mains / natural or DC,0
0,0,18,500,-0.8131962034974212,-0.2249214148380993,-0.206427198095645,22.88,-1.417142857142857,17.48,0,0,0,0,0,0,0,0,0,0,0,no mains / natural or DC,0
0,0,18,510,-0.8131962034974212,-0.2249214148380993,-0.206427198095645,22.88,-1.417142857142857,17.48,0,0,0,0,0,0,0,0,0,0,0,no mains / natural or DC,0
0,0,18,520,-0.8272347178563799,-0.1881771294289987,-0.19641712698751793,22.857142857142858,-5.954285714285715,18.4,0,0,0,0,0,0,0,0,0,0,0,no mains / natural or DC,0
0,0,18,530,-0.8272347178563799,-0.1881771294289987,-0.19641712698751793,22.857142857142858,-5.954285714285715,18.4,0,0,0,0,0,0,0,0,0,0,0,no mains / natural or DC,0
0,0,18,540,-0.8567766350291451,-0.15448469496749778,-0.18903164769432662,22.914285714285715,-8.6,16.594285714285714,0,0,0,0,0,0,0,0,0,0,0,no mains / natural or DC,0
0,0,18,550,-0.8567766350291451,-0.15448469496749778,-0.18903164769432662,22.914285714285715,-8.6,16.594285714285714,0,0,0,0,0,0,0,0,0,0,0,no mains / natural or DC,0
0,0,18,560,-0.8976714377269814,-0.11792352061525316,-0.17871639149143956,23.13714285714286,-9.954285714285714,13.531428571428572,0,0,0,0,0,0,0,0,0,0,0,no mains / natural or DC,0
0,0,18,570,-0.8976714377269814,-0.11792352061525316,-0.17871639149143956,23.13714285714286,-9.954285714285714,10.605714285714285,0,0,0,0,0,0,0,0,0,0,0,no mains / natural or DC,0
0,0,18,580,-0.9087191381572924,-0.09002960295419171,-0.16595965453047273,23.497142857142858,-10.474285714285715,10.754285714285714,0,0,0,0,0,0,0,0,0,0,0,no mains / natural or DC,0
0,0,18,590,-0.8924222540971098,-0.07574694051942503,-0.1533249916074099,23.548571428571428,-11.765714285714285,8.731428571428571,0,0,0,0,0,0,0,0,0,0,0,no mains / natural or DC,0
0,0,18,600,-0.8924222540971098,-0.07574694051942503,-0.1533249916074099,23.548571428571428,-11.765714285714285,8.731428571428571,0,0,0,0,0,0,0,0,0,0,0,no mains / natural or DC,0
0,0,18,610,-0.8899197363200781,-0.06909390545365765,-0.13403729361857966,23.194285714285716,-13.84,6.937142857142857,0,0,0,0,0,0,0,0,0,0,0,no mains / natural or DC,0
0,0,18,620,-0.8899197363200781,-0.06909390545365765,-0.13403729361857966,23.194285714285716,-13.84,6.937142857142857,0,0,0,0,0,0,0,0,0,0,0,no mains / natural or DC,0
0,0,18,630,-0.9012115848261971,-0.049073763237403485,-0.12994781334879604,22.577142857142857,-15.588571428571429,5.3028571428571425,0,0,0,0,0,0,0,0,0,0,0,no mains / natural or DC,0
0,0,18,640,-0.9012115848261971,-0.049073763237403485,-0.12994781334879604,22.577142857142857,-15.588571428571429,5.3028571428571425,0,0,0,0,0,0,0,0,0,0,0,no mains / natural or DC,0
0,0,18,650,-0.9093295083468124,-0.03558458204901273,-0.1185338908047731,22.02285714285714,-16.365714285714287,3.9828571428571427,0,0,0,0,0,0,0,0,0,0,0,no mains / natural or DC,0
0,0,18,660,-0.9093295083468124,-0.03558458204901273,-0.1185338908047731,22.02285714285714,-16.365714285714287,3.9828571428571427,0,0,0,0,0,0,0,0,0,0,0,no mains / natural or DC,0
0,0,18,670,-0.8993804742576372,-0.01977599414044618,-0.11120944853053377,21.49142857142857,-16.17142857142857,3.422857142857143,0,0,0,0,0,0,0,0,0,0,0,no mains / natural or DC,0
0,0,18,680,-0.8993804742576372,-0.01977599414044618,-0.11120944853053377,21.49142857142857,-16.17142857142857,3.422857142857143,0,0,0,0,0,0,0,0,0,0,0,no mains / natural or DC,0
0,0,18,690,-0.8985259559923093,-0.010132145146031068,-0.10431226538895841,20.902857142857144,-15.82857142857143,3.3485714285714288,0,0,0,0,0,0,0,0,0,0,0,no mains / natural or DC,0
0,0,18,700,-0.8985259559923093,-0.010132145146031068,-0.10431226538895841,20.902857142857144,-15.82857142857143,3.3485714285714288,0,0,0,0,0,0,0,0,0,0,0,no mains / natural or DC,0
0,0,18,710,-0.8764305551316873,-0.006225775933103427,-0.09656056398205512,20.245714285714286,-15.131428571428572,3.3485714285714288,0,0,0,0,0,0,0,0,0,0,0,no mains / natural or DC,0
0,0,18,720,-0.8764305551316873,-0.006225775933103427,-0.09656056398205512,19.617142857142856,-14.588571428571429,2.9485714285714284,0,0,0,0,0,0,0,0,0,0,0,no mains / natural or DC,0
0,0,18,730,-0.8739890743736076,0.0012207403790398877,-0.09845271156956695,19.617142857142856,-14.588571428571429,2.9485714285714284,0,0,0,0,0,0,0,0,0,0,0,no mains / natural or DC,0
0,0,18,740,-0.9083529160435805,0.01794488357188635,-0.09741508224738304,19.30857142857143,-13.794285714285714,2.4514285714285715,0,0,0,0,0,0,0,0,0,0,0,no mains / natural or DC,0
0,0,18,750,-0.9083529160435805,0.01794488357188635,-0.09741508224738304,19.30857142857143,-13.794285714285714,2.4514285714285715,0,0,0,0,0,0,0,0,0,0,0,no mains / natural or DC,0
0,0,18,760,-0.9163487655262917,0.027893917661061432,-0.10046693319498276,19.394285714285715,-12.182857142857143,2.085714285714286,0,0,0,0,0,0,0,0,0,0,0,no mains / natural or DC,0
0,0,18,770,-0.9163487655262917,0.027893917661061432,-0.10046693319498276,19.394285714285715,-12.182857142857143,2.085714285714286,0,0,0,0,0,0,0,0,0,0,0,no mains / natural or DC,0
0,0,18,780,-0.9249549851985229,0.03881954405346843,-0.10071108127079073,19.622857142857143,-11.165714285714285,1.7714285714285714,0,0,0,0,0,0,0,0,0,0,0,no mains / natural or DC,0
0,0,18,790,-0.9249549851985229,0.03881954405346843,-0.10071108127079073,19.622857142857143,-11.165714285714285,1.7714285714285714,0,0,0,0,0,0,0,0,0,0,0,no mains / natural or DC,0
0,0,18,800,-0.934171575060274,0.04925687429425947,-0.10736411633655812,19.88,-10.6,2.1085714285714285,0,0,0,0,0,0,0,0,0,0,0,no mains / natural or DC,0
0,0,18,810,-0.934171575060274,0.04925687429425947,-0.10736411633655812,19.88,-10.6,2.1085714285714285,0,0,0,0,0,0,0,0,0,0,0,no mains / natural or DC,0
0,0,18,820,-0.9435712759788812,0.06280709250160223,-0.11236915189062166,20.017142857142858,-10.502857142857144,3.2,0,0,0,0,0,0,0,0,0,0,0,no mains / natural or DC,0
0,0,18,830,-0.9435712759788812,0.06280709250160223,-0.11236915189062166,20.017142857142858,-10.502857142857144,3.2,0,0,0,0,0,0,0,0,0,0,0,no mains / natural or DC,0
0,0,18,840,-0.9485152745139928,0.07562486648152104,-0.11651966917935729,20.034285714285716,-10.748571428571429,4.937142857142857,0,0,0,0,0,0,0,0,0,0,0,no mains / natural or DC,0
0,0,18,850,-0.9485152745139928,0.07562486648152104,-0.11651966917935729,20.034285714285716,-11.337142857142856,7.097142857142857,0,0,0,0,0,0,0,0,0,0,0,no mains / natural or DC,0
0,0,18,860,-0.956816309091464,0.09326456495864742,-0.11481063264870144,19.885714285714286,-11.337142857142856,7.097142857142857,0,0,0,0,0,0,0,0,0,0,0,no mains / natural or DC,0
0,0,18,870,-0.9587694936979277,0.108706930753502,-0.10821863460188605,19.268571428571427,-12.28,10.382857142857143,0,0,0,0,0,0,0,0,0,0,0,no mains / natural or DC,0
0,0,18,880,-0.9587694936979277,0.108706930753502,-0.10821863460188605,19.268571428571427,-12.28,10.382857142857143,0,0,0,0,0,0,0,0,0,0,0,no mains / natural or DC,0
0,0,18,890,-0.956877346110416,0.11358989226966155,-0.09698782311471908,17.82857142857143,-13.754285714285714,14.52,0,0,0,0,0,0,0,0,0,0,0,no mains / natural or DC,0
0,0,18,900,-0.956877346110416,0.11358989226966155,-0.09698782311471908,17.82857142857143,-13.754285714285714,14.52,0,0,0,0,0,0,0,0,0,0,0,no mains / natural or DC,0
0,0,18,910,-0.9542527542954802,0.12366100039674062,-0.08581804864650411,15.588571428571429,-15.514285714285714,18.78857142857143,0,0,0,0,0,0,0,0,0,0,0,no mains / natural or DC,0
0,0,18,920,-0.9542527542954802,0.12366100039674062,-0.08581804864650411,15.588571428571429,-15.514285714285714,18.78857142857143,0,0,0,0,0,0,0,0,0,0,0,no mains / natural or DC,0
0,0,18,930,-0.9581591235084078,0.13611255226294747,-0.07123020111697745,12.84,-17.097142857142856,22.6,0,0,0,0,0,0,0,0,0,0,0,no mains / natural or DC,0
0,0,18,940,-0.9581591235084078,0.13611255226294747,-0.07123020111697745,12.84,-17.097142857142856,22.6,0,0,0,0,0,0,0,0,0,0,0,no mains / natural or DC,0
0,0,18,950,-0.9726859340189825,0.15155491805780205,-0.056764427625354774,9.971428571428572,-18.177142857142858,25.274285714285714,0,0,0,0,0,0,0,0,0,0,0,no mains / natural or DC,0
0,0,18,960,-0.9726859340189825,0.15155491805780205,-0.056764427625354774,9.971428571428572,-18.177142857142858,25.274285714285714,0,0,0,0,0,0,0,0,0,0,0,no mains / natural or DC,0
0,0,18,970,-0.9759208960234382,0.15674306466872157,-0.040406506546220286,7.337142857142857,-18.234285714285715,26.10857142857143,0,0,0,0,0,0,0,0,0,0,0,no mains / natural or DC,0
0,0,18,980,-0.9759208960234382,0.15674306466872157,-0.040406506546220286,7.337142857142857,-18.234285714285715,26.10857142857143,0,0,0,0,0,0,0,0,0,0,0,no mains / natural or DC,0
0,0,18,990,-0.9748222296823024,0.15277565843684193,-0.031128879665517136,5.051428571428572,-17.48,24.354285714285716,0,0,0,0,0,0,0,0,0,0,0,no mains / natural or DC,0
0,0,19,0,-1.521713919492172,0.25049592577898494,-0.02478102969450972,4.142857142857143,-19.354285714285716,20.13714285714286,0,0,0,0,0,0,0,0,0,0,0,no mains / natural or DC,0
0,0,19,10,-1.5198217719046603,0.25049592577898494,-0.02478102969450972,4.142857142857143,-19.354285714285716,20.13714285714286,0,0,0,0,0,0,0,0,0,0,0,no mains / natural or DC,0
0,0,19,20,-1.3277993102816859,0.19489120151371808,0.04882961516159551,3.662857142857143,-13.782857142857143,16.325714285714287,0,0,0,0,0,0,0,0,0,0,0,no mains / natural or DC,0
0,0,19,30,-1.3277993102816859,0.19489120151371808,0.04882961516159551,3.662857142857143,-13.782857142857143,16.325714285714287,0,0,0,0,0,0,0,0,0,0,0,no mains / natural or DC,0
0,0,19,40,-1.118808557390057,0.12634662923062837,0.03363139744254891,3.782857142857143,-8.125714285714286,10.394285714285715,0,0,0,0,0,0,0,0,0,0,0,no mains / natural or DC,0
0,0,19,50,-1.118808557390057,0.12634662923062837,0.03363139744254891,3.782857142857143,-8.125714285714286,10.394285714285715,0,0,0,0,0,0,0,0,0,0,0,no mains / natural or DC,0
0,0,19,60,-1.1352275154881435,0.0015259254737998596,0.1574755088961455,3.5028571428571427,-14.948571428571428,-2.297142857142857,0,0,0,0,0,0,0,0,0,0,0,no mains / natural or DC,0
0,0,19,70,-1.1352275154881435,0.0015259254737998596,0.1574755088961455,3.5028571428571427,-14.948571428571428,-2.297142857142857,0,0,0,0,0,0,0,0,0,0,0,no mains / natural or DC,0
0,0,19,80,-1.1074556718649862,-0.14484084597308267,0.23969237342448194,1.9028571428571428,-18.497142857142858,-20.497142857142858,0,0,0,0,0,0,0,0,0,0,0,no mains / natural or DC,0
0,0,19,90,-1.1074556718649862,-0.14484084597308267,0.23969237342448194,1.9028571428571428,-18.497142857142858,-20.497142857142858,0,0,0,0,0,0,0,0,0,0,0,no mains / natural or DC,0
0,0,19,100,-1.0575273903622546,-0.23560289315469832,0.2974333933530686,-2.1142857142857143,-28.062857142857144,-42.13142857142857,0,0,0,0,0,0,0,0,0,0,0,no mains / natural or DC,0
0,0,19,110,-1.0575273903622546,-0.23560289315469832,0.2974333933530686,-2.1142857142857143,-28.062857142857144,-42.13142857142857,0,0,0,0,0,0,0,0,0,0,0,no mains / natural or DC,0
0,0,19,120,-1.0204779198583942,-0.2663045136875515,0.31238746299630726,-6.765714285714286,-33.73142857142857,-57.50857142857143,0,0,0,0,0,0,0,0,0,0,0,no mains / natural or DC,0
0,0,19,130,-1.0204779198583942,-0.2663045136875515,0.31238746299630726,-10.24,-33.52571428571429,-60.04,0,0,0,0,0,0,0,0,0,0,0,no mains / natural or DC,0
0,0,19,140,-1.118747520371105,-0.1773125400555437,0.29303872798852504,-10.24,-33.52571428571429,-60.04,0,0,0,0,0,0,0,0,0,0,0,no mains / natural or DC,0
0,0,19,150,-1.095980712302011,-0.17743461409344768,0.30713827936643573,-10.691428571428572,-23.114285714285714,-46.78857142857143,0,0,0,0,0,0,0,0,0,0,0,no mains / natural or DC,0
0,0,19,160,-1.095980712302011,-0.17743461409344768,0.30713827936643573,-10.691428571428572,-23.114285714285714,-46.78857142857143,0,0,0,0,0,0,0,0,0,0,0,no mains / natural or DC,0
0,0,19,170,-1.0604571672719505,-0.22296823023163548,0.3174535355693228,-8.891428571428571,-10.668571428571429,-27.01142857142857,0,0,0,0,0,0,0,0,0,0,0,no mains / natural or DC,0
0,0,19,180,-1.0604571672719505,-0.22296823023163548,0.3174535355693228,-8.891428571428571,-10.668571428571429,-27.01142857142857,0,0,0,0,0,0,0,0,0,0,0,no mains / natural or DC,0
0,0,19,190,-0.9924008911404767,-0.2680745872371593,0.3095797601245155,-6.491428571428571,-2.525714285714286,-10.09142857142857,0,0,0,0,0,0,0,0,0,0,0,no mains / natural or DC,0
0,0,19,200,-0.9924008911404767,-0.2680745872371593,0.3095797601245155,-6.491428571428571,-2.525714285714286,-10.09142857142857,0,0,0,0,0,0,0,0,0,0,0,no mains / natural or DC,0
0,0,19,210,-0.9629200109866634,-0.2556230353709525,0.27057710501419113,-4.222857142857142,2.2857142857142856,1.262857142857143,0,0,0,0,0,0,0,0,0,0,0,no mains / natural or DC,0
0,0,19,220,-0.9629200109866634,-0.2556230353709525,0.27057710501419113,-4.222857142857142,2.2857142857142856,1.262857142857143,0,0,0,0,0,0,0,0,0,0,0,no mains / natural or DC,0
0,0,19,230,-0.8670308542130802,-0.21991637928403576,0.22986541337321084,-1.9314285714285715,6.062857142857143,8.348571428571429,0,0,0,0,0,0,0,0,0,0,0,no mains / natural or DC,0
0,0,19,240,-0.8670308542130802,-0.21991637928403576,0.22986541337321084,-1.9314285714285715,6.062857142857143,8.348571428571429,0,0,0,0,0,0,0,0,0,0,0,no mains / natural or DC,0
0,0,19,250,-0.8393200476088748,-0.16913357951597643,0.19287697988830227,0.49714285714285716,7.594285714285714,12.822857142857142,0,0,0,0,0,0,0,0,0,0,0,no mains / natural or DC,0
0,0,19,260,-0.8393200476088748,-0.16913357951597643,0.19287697988830227,0.49714285714285716,7.594285714285714,16.291428571428572,0,0,0,0,0,0,0,0,0,0,0,no mains / natural or DC,0
0,0,19,270,-0.8357799005096591,-0.11664174321726127,0.16718039490951261,2.817142857142857,8.451428571428572,16.291428571428572,0,0,0,0,0,0,0,0,0,0,0,no mains / natural or DC,0
0,0,19,280,-0.8202154606769005,-0.0728171636097293,0.13989684743797112,4.8342857142857145,9.657142857142857,19.097142857142856,0,0,0,0,0,0,0,0,0,0,0,no mains / natural or DC,0
0,0,19,290,-0.8202154606769005,-0.0728171636097293,0.13989684743797112,4.8342857142857145,9.657142857142857,19.097142857142856,0,0,0,0,0,0,0,0,0,0,0,no mains / natural or DC,0
0,0,19,300,-0.8178960539567247,-0.039429914242988376,0.12652974028748437,6.171428571428572,9.691428571428572,20.708571428571428,0,0,0,0,0,0,0,0,0,0,0,no mains / natural or DC,0
0,0,19,310,-0.8178960539567247,-0.039429914242988376,0.12652974028748437,6.171428571428572,9.691428571428572,20.708571428571428,0,0,0,0,0,0,0,0,0,0,0,no mains / natural or DC,0
0,0,19,320,-0.8224738303781244,-0.009521774956511124,0.11230811487166967,6.531428571428571,9.525714285714285,21.48,0,0,0,0,0,0,0,0,0,0,0,no mains / natural or DC,0
0,0,19,330,-0.8224738303781244,-0.009521774956511124,0.11230811487166967,6.531428571428571,9.525714285714285,21.48,0,0,0,0,0,0,0,0,0,0,0,no mains / natural or DC,0
0,0,19,340,-0.8344370860927153,0.02264473403118992,0.1022980437635426,6.005714285714285,9.354285714285714,21.411428571428573,0,0,0,0,0,0,0,0,0,0,0,no mains / natural or DC,0
0,0,19,350,-0.8344370860927153,0.02264473403118992,0.1022980437635426,6.005714285714285,9.354285714285714,21.411428571428573,0,0,0,0,0,0,0,0,0,0,0,no mains / natural or DC,0
0,0,19,360,-0.8511001922666097,0.04718161564989166,0.0988189336832789,4.9714285714285715,10.2,20.314285714285713,0,0,0,0,0,0,0,0,0,0,0,no mains / natural or DC,0
0,0,19,370,-0.8511001922666097,0.04718161564989166,0.0988189336832789,4.9714285714285715,10.2,20.314285714285713,0,0,0,0,0,0,0,0,0,0,0,no mains / natural or DC,0
0,0,19,380,-0.8378551591540269,0.06463820307016205,0.09527878658406323,3.5485714285714285,11.68,17.86285714285714,0,0,0,0,0,0,0,0,0,0,0,no mains / natural or DC,0
0,0,19,390,-0.8711813715018158,0.09192175054170354,0.08746604815820795,1.7028571428571428,12.822857142857142,15.222857142857142,0,0,0,0,0,0,0,0,0,0,0,no mains / natural or DC,0
0,0,19,400,-0.8711813715018158,0.09192175054170354,0.08746604815820795,1.7028571428571428,12.822857142857142,15.222857142857142,0,0,0,0,0,0,0,0,0,0,0,no mains / natural or DC,0
0,0,19,410,-0.8711813715018158,0.09192175054170354,0.08520767845698415,-0.5257142857142857,14.045714285714286,12.725714285714286,0,0,0,0,0,0,0,0,0,0,0,no mains / natural or DC,0
0,0,19,420,-0.8720969267860957,0.10779137546922209,0.08520767845698415,-0.5257142857142857,14.045714285714286,12.725714285714286,0,0,0,0,0,0,0,0,0,0,0,no mains / natural or DC,0
0,0,19,430,-0.8623920407727287,0.11993774224066897,0.07708975493636891,-3.097142857142857,14.457142857142857,10.428571428571429,0,0,0,0,0,0,0,0,0,0,0,no mains / natural or DC,0
0,0,19,440,-0.8623920407727287,0.11993774224066897,0.07708975493636891,-3.097142857142857,14.457142857142857,10.428571428571429,0,0,0,0,0,0,0,0,0,0,0,no mains / natural or DC,0
0,0,19,450,-0.8773461104159673,0.12860499893185218,0.0694601275673696,-5.828571428571428,13.68,8.131428571428572,0,0,0,0,0,0,0,0,0,0,0,no mains / natural or DC,0
0,0,19,460,-0.8773461104159673,0.12860499893185218,0.0694601275673696,-5.828571428571428,13.68,8.131428571428572,0,0,0,0,0,0,0,0,0,0,0,no mains / natural or DC,0
0,0,19,470,-0.8971221045564135,0.1358073671681875,0.06457716605121006,-8.48,12.805714285714286,5.417142857142857,0,0,0,0,0,0,0,0,0,0,0,no mains / natural or DC,0
0,0,19,480,-0.8971221045564135,0.1358073671681875,0.06457716605121006,-8.48,12.805714285714286,5.417142857142857,0,0,0,0,0,0,0,0,0,0,0,no mains / natural or DC,0
0,0,19,490,-0.9084139530625325,0.13940855128635518,0.059389019440290534,-10.942857142857143,12.034285714285714,2.3142857142857145,0,0,0,0,0,0,0,0,0,0,0,no mains / natural or DC,0
0,0,19,500,-0.9084139530625325,0.13940855128635518,0.059389019440290534,-10.942857142857143,12.034285714285714,2.3142857142857145,0,0,0,0,0,0,0,0,0,0,0,no mains / natural or DC,0
0,0,19,510,-0.9257484664448988,0.141361735892819,0.05511642811365093,-13.222857142857142,10.937142857142858,-0.8742857142857143,0,0,0,0,0,0,0,0,0,0,0,no mains / natural or DC,0
0,0,19,520,-0.9257484664448988,0.141361735892819,0.05511642811365093,-13.222857142857142,10.937142857142858,-0.8742857142857143,0,0,0,0,0,0,0,0,0,0,0,no mains / natural or DC,0
0,0,19,530,-0.9090853602710044,0.13776055177465132,0.05078279976805933,-15.411428571428571,9.874285714285714,-3.6685714285714286,0,0,0,0,0,0,0,0,0,0,0,no mains / natural or DC,0
0,0,19,540,-0.9090853602710044,0.13776055177465132,0.05078279976805933,-17.617142857142856,8.622857142857143,-5.142857142857143,0,0,0,0,0,0,0,0,0,0,0,no mains / natural or DC,0
0,0,19,550,-0.9149449140903958,0.15381328775902586,0.04394665364543596,-17.617142857142856,8.622857142857143,-5.142857142857143,0,0,0,0,0,0,0,0,0,0,0,no mains / natural or DC,0
0,0,19,560,-0.9475997192297129,0.16870632038331249,0.03631702627643666,-19.497142857142858,7.885714285714286,-4.417142857142857,0,0,0,0,0,0,0,0,0,0,0,no mains / natural or DC,0
0,0,19,570,-0.9475997192297129,0.16870632038331249,0.03631702627643666,-19.497142857142858,7.885714285714286,-4.417142857142857,0,0,0,0,0,0,0,0,0,0,0,no mains / natural or DC,0
0,0,19,580,-0.9519333475753045,0.1685232093264565,0.02325510422070986,-20.902857142857144,7.605714285714286,-2.9657142857142857,0,0,0,0,0,0,0,0,0,0,0,no mains / natural or DC,0
0,0,19,590,-0.9519333475753045,0.1685232093264565,0.02325510422070986,-20.902857142857144,7.605714285714286,-2.9657142857142857,0,0,0,0,0,0,0,0,0,0,0,no mains / natural or DC,0
0,0,19,600,-0.9416180913724174,0.13568529313028352,0.00695822016052736,-21.765714285714285,7.297142857142857,-3.1714285714285713,0,0,0,0,0,0,0,0,0,0,0,no mains / natural or DC,0
0,0,19,610,-0.9416180913724174,0.13568529313028352,0.00695822016052736,-21.765714285714285,7.297142857142857,-3.1714285714285713,0,0,0,0,0,0,0,0,0,0,0,no mains / natural or DC,0
0,0,19,620,-1.5584582049012725,0.2043519394512772,-0.026490066225165563,-21.462857142857143,3.5542857142857143,-6.537142857142857,0,0,0,0,0,0,0,0,0,0,0,no mains / natural or DC,0
0,0,19,630,-1.5584582049012725,0.2043519394512772,-0.026490066225165563,-21.462857142857143,3.5542857142857143,-6.537142857142857,0,0,0,0,0,0,0,0,0,0,0,no mains / natural or DC,0
0,0,19,640,-1.3067415387432477,0.12738425855281227,0.028748435926389357,-22.02857142857143,7.76,-11.502857142857144,0,0,0,0,0,0,0,0,0,0,0,no mains / natural or DC,0
0,0,19,650,-1.3067415387432477,0.12738425855281227,0.028748435926389357,-22.02857142857143,7.76,-11.502857142857144,0,0,0,0,0,0,0,0,0,0,0,no mains / natural or DC,0
0,0,19,660,-0.9510788293099764,0.04760887478255562,-0.09839167455061495,-22.908571428571427,11.257142857142858,-17.902857142857144,0,0,0,0,0,0,0,0,0,0,0,no mains / natural or DC,0
0,0,19,670,-0.9510788293099764,0.04760887478255562,-0.09839167455061495,-22.908571428571427,11.257142857142858,-17.902857142857144,0,0,0,0,0,0,0,0,0,0,0,no mains / natural or DC,0
0,0,19,680,-1.250160222174749,0.016479995117038484,-0.1336710715048677,-23.034285714285716,-0.21714285714285714,-27.908571428571427,0,0,0,0,0,0,0,0,0,0,0,no mains / natural or DC,0
0,0,19,690,-1.381145664845729,-0.08880886257515183,-0.18213446455275123,-21.94857142857143,4.685714285714286,-37.862857142857145,0,0,0,0,0,0,0,0,0,0,0,no mains / natural or DC,0
0,0,19,700,-1.381145664845729,-0.08880886257515183,-0.18213446455275123,-21.94857142857143,4.685714285714286,-37.862857142857145,0,0,0,0,0,0,0,0,0,0,0,no mains / natural or DC,0
0,0,19,710,-1.2437513351847895,-0.2305368205816828,-0.20056764427625354,-21.674285714285713,6.674285714285714,-50.09142857142857,0,0,0,0,0,0,0,0,0,0,0,no mains / natural or DC,0
0,0,19,720,-1.2437513351847895,-0.2305368205816828,-0.20056764427625354,-21.674285714285713,6.674285714285714,-50.09142857142857,0,0,0,0,0,0,0,0,0,0,0,no mains / natural or DC,0
0,0,19,730,-1.0064394054994354,-0.3054292428357799,-0.24188970610675375,-22.89142857142857,2.834285714285714,-51.26857142857143,0,0,0,0,0,0,0,0,0,0,0,no mains / natural or DC,0
0,0,19,740,-1.0064394054994354,-0.3054292428357799,-0.24188970610675375,-22.89142857142857,2.834285714285714,-51.26857142857143,0,0,0,0,0,0,0,0,0,0,0,no mains / natural or DC,0
0,0,19,750,-1.010711996826075,-0.3377788628803369,-0.2737510299996948,-23.97142857142857,-5.16,-35.36571428571428,0,0,0,0,0,0,0,0,0,0,0,no mains / natural or DC,0
0,0,19,760,-1.010711996826075,-0.3377788628803369,-0.2737510299996948,-23.97142857142857,-5.16,-35.36571428571428,0,0,0,0,0,0,0,0,0,0,0,no mains / natural or DC,0
0,0,19,770,-1.063936277352214,-0.3394878994109928,-0.23767815179906612,-24.36,-8.725714285714286,-13.651428571428571,0,0,0,0,0,0,0,0,0,0,0,no mains / natural or DC,0
0,0,19,780,-1.063936277352214,-0.3394878994109928,-0.23767815179906612,-24.36,-8.725714285714286,-13.651428571428571,0,0,0,0,0,0,0,0,0,0,0,no mains / natural or DC,0
0,0,19,790,-0.9830622272408216,-0.32520523697622605,-0.22345652638325145,-24.502857142857142,-7.148571428571429,3.874285714285714,0,0,0,0,0,0,0,0,0,0,0,no mains / natural or DC,0
0,0,19,800,-0.9830622272408216,-0.32520523697622605,-0.22345652638325145,-24.502857142857142,-7.148571428571429,3.874285714285714,0,0,0,0,0,0,0,0,0,0,0,no mains / natural or DC,0
0,0,19,810,-0.8995025482955412,-0.2904141361735893,-0.17999816888943143,-25.068571428571428,-8.902857142857142,13.531428571428572,0,0,0,0,0,0,0,0,0,0,0,no mains / natural or DC,0
0,0,19,820,-0.8995025482955412,-0.2904141361735893,-0.17999816888943143,-26.0,-10.108571428571429,18.21142857142857,0,0,0,0,0,0,0,0,0,0,0,no mains / natural or DC,0
0,0,19,830,-0.8131962034974212,-0.2315134128849147,-0.1564378795739616,-26.0,-10.108571428571429,18.21142857142857,0,0,0,0,0,0,0,0,0,0,0,no mains / natural or DC,0
0,0,19,840,-0.7603381450849941,-0.17011017181920834,-0.12988677632984405,-26.822857142857142,-12.325714285714286,19.46857142857143,0,0,0,0,0,0,0,0,0,0,0,no mains / natural or DC,0
0,0,19,850,-0.7603381450849941,-0.17011017181920834,-0.12988677632984405,-26.822857142857142,-12.325714285714286,19.46857142857143,0,0,0,0,0,0,0,0,0,0,0,no mains / natural or DC,0
0,0,19,860,-0.7352519302957243,-0.10907315286721396,-0.11304055909909361,-27.05142857142857,-14.125714285714286,19.48,0,0,0,0,0,0,0,0,0,0,0,no mains / natural or DC,0
0,0,19,870,-0.7352519302957243,-0.10907315286721396,-0.11304055909909361,-27.05142857142857,-14.125714285714286,19.48,0,0,0,0,0,0,0,0,0,0,0,no mains / natural or DC,0
0,0,19,880,-0.7466048158207953,-0.05188146610919522,-0.09625537888729514,-26.451428571428572,-15.057142857142857,19.091428571428573,0,0,0,0,0,0,0,0,0,0,0,no mains / natural or DC,0
0,0,19,890,-0.7466048158207953,-0.05188146610919522,-0.09625537888729514,-26.451428571428572,-15.057142857142857,19.091428571428573,0,0,0,0,0,0,0,0,0,0,0,no mains / natural or DC,0
0,0,19,900,-0.7431867427594836,-0.008239997558519242,-0.08429212317270425,-25.062857142857144,-14.765714285714285,18.72,0,0,0,0,0,0,0,0,0,0,0,no mains / natural or DC,0
0,0,19,910,-0.7431867427594836,-0.008239997558519242,-0.08429212317270425,-25.062857142857144,-14.765714285714285,18.72,0,0,0,0,0,0,0,0,0,0,0,no mains / natural or DC,0
0,0,19,920,-0.7533799249244667,0.02563554795983764,-0.07904293954283273,-23.217142857142857,-14.674285714285714,18.217142857142857,0,0,0,0,0,0,0,0,0,0,0,no mains / natural or DC,0
0,0,19,930,-0.7533799249244667,0.02563554795983764,-0.07904293954283273,-23.217142857142857,-14.674285714285714,18.217142857142857,0,0,0,0,0,0,0,0,0,0,0,no mains / natural or DC,0
0,0,19,940,-0.7765739921262246,0.0467543565172277,-0.06915494247260964,-21.062857142857144,-14.394285714285715,17.434285714285714,0,0,0,0,0,0,0,0,0,0,0,no mains / natural or DC,0
0,0,19,950,-0.7765739921262246,0.0467543565172277,-0.06915494247260964,-21.062857142857144,-14.394285714285715,16.388571428571428,0,0,0,0,0,0,0,0,0,0,0,no mains / natural or DC,0
0,0,19,960,-0.7795037690359203,0.05822931608020264,-0.06476027710806605,-18.942857142857143,-13.674285714285714,16.388571428571428,0,0,0,0,0,0,0,0,0,0,0,no mains / natural or DC,0
0,0,19,970,-0.8126468703268532,0.07135227515488143,-0.06353953672902615,-17.05142857142857,-13.474285714285715,14.96,0,0,0,0,0,0,0,0,0,0,0,no mains / natural or DC,0
0,0,19,980,-0.8126468703268532,0.07135227515488143,-0.06353953672902615,-17.05142857142857,-13.474285714285715,14.96,0,0,0,0,0,0,0,0,0,0,0,no mains / natural or DC,0
0,0,19,990,-0.8504287850581378,0.08117923520615253,-0.06176946317941832,-15.274285714285714,-12.93142857142857,13.491428571428571,0,0,0,0,0,0,0,0,0,0,0,no mains / natural or DC,0
0,0,20,0,-0.8504287850581378,0.08117923520615253,-0.06176946317941832,-15.274285714285714,-12.93142857142857,13.491428571428571,0,0,0,0,0,0,0,0,0,0,0,no mains / natural or DC,0
0,0,20,10,-0.8621478926969207,0.08581804864650411,-0.065248573259682,-13.571428571428571,-11.925714285714285,11.497142857142856,0,0,0,0,0,0,0,0,0,0,0,no mains / natural or DC,0
0,0,20,20,-0.8621478926969207,0.08581804864650411,-0.065248573259682,-13.571428571428571,-11.925714285714285,11.497142857142856,0,0,0,0,0,0,0,0,0,0,0,no mains / natural or DC,0
0,0,20,30,-0.8898586993011262,0.08886989959410382,-0.06915494247260964,-11.737142857142857,-11.148571428571428,8.342857142857143,0,0,0,0,0,0,0,0,0,0,0,no mains / natural or DC,0
0,0,20,40,-0.8898586993011262,0.08886989959410382,-0.06915494247260964,-11.737142857142857,-11.148571428571428,8.342857142857143,0,0,0,0,0,0,0,0,0,0,0,no mains / natural or DC,0
0,0,20,50,-0.9361857966856899,0.09271523178807947,-0.07214575640125737,-9.85142857142857,-9.971428571428572,4.097142857142857,0,0,0,0,0,0,0,0,0,0,0,no mains / natural or DC,0
0,0,20,60,-0.9361857966856899,0.09271523178807947,-0.07214575640125737,-9.85142857142857,-9.971428571428572,4.097142857142857,0,0,0,0,0,0,0,0,0,0,0,no mains / natural or DC,0
0,0,20,70,-0.9818414868617816,0.1010773033845027,-0.07660145878475295,-7.822857142857143,-8.394285714285715,-0.8685714285714285,0,0,0,0,0,0,0,0,0,0,0,no mains / natural or DC,0
0,0,20,80,-0.9818414868617816,0.1010773033845027,-0.07660145878475295,-7.822857142857143,-8.394285714285715,-0.8685714285714285,0,0,0,0,0,0,0,0,0,0,0,no mains / natural or DC,0
0,0,20,90,-0.9867244483779413,0.1054109317300943,-0.0792870876186407,-5.777142857142858,-6.748571428571428,-5.64,0,0,0,0,0,0,0,0,0,0,0,no mains / natural or DC,0
0,0,20,100,-0.9867244483779413,0.1054109317300943,-0.0836817529831843,-3.9485714285714284,-6.1085714285714285,-9.302857142857142,0,0,0,0,0,0,0,0,0,0,0,no mains / natural or DC,0
0,0,20,110,-0.9770195623645741,0.10583819086275827,-0.0836817529831843,-3.9485714285714284,-6.1085714285714285,-9.302857142857142,0,0,0,0,0,0,0,0,0,0,0,no mains / natural or DC,0
0,0,20,120,-0.988555558946501,0.11529892880031739,-0.09033478804895169,-2.525714285714286,-6.674285714285714,-10.982857142857142,0,0,0,0,0,0,0,0,0,0,0,no mains / natural or DC,0
0,0,20,130,-0.988555558946501,0.11529892880031739,-0.09033478804895169,-2.525714285714286,-6.674285714285714,-10.982857142857142,0,0,0,0,0,0,0,0,0,0,0,no mains / natural or DC,0
0,0,20,140,-1.0140079958494828,0.12683492538224433,-0.09753715628528703,-1.2971428571428572,-7.382857142857143,-10.16,0,0,0,0,0,0,0,0,0,0,0,no mains / natural or DC,0
0,0,20,150,-1.0140079958494828,0.12683492538224433,-0.09753715628528703,-1.2971428571428572,-7.382857142857143,-10.16,0,0,0,0,0,0,0,0,0,0,0,no mains / natural or DC,0
0,0,20,160,-1.021393475142674,0.1282387768181402,-0.10180974761192663,-0.21142857142857144,-7.862857142857143,-7.548571428571429,0,0,0,0,0,0,0,0,0,0,0,no mains / natural or DC,0
0,0,20,170,-1.021393475142674,0.1282387768181402,-0.10180974761192663,-0.21142857142857144,-7.862857142857143,-7.548571428571429,0,0,0,0,0,0,0,0,0,0,0,no mains / natural or DC,0
0,0,20,180,-0.9909360026856289,0.1131015961180456,-0.09405804620502335,0.5542857142857143,-8.245714285714286,-4.617142857142857,0,0,0,0,0,0,0,0,0,0,0,no mains / natural or DC,0
0,0,20,190,-0.9909360026856289,0.1131015961180456,-0.09405804620502335,0.5542857142857143,-8.245714285714286,-4.617142857142857,0,0,0,0,0,0,0,0,0,0,0,no mains / natural or DC,0
0,0,20,200,-0.9400311288796656,0.08331553086947234,-0.07428205206457716,0.6,-9.09142857142857,-2.4914285714285715,0,0,0,0,0,0,0,0,0,0,0,no mains / natural or DC,0
0,0,20,210,-0.9400311288796656,0.08331553086947234,-0.07428205206457716,0.6,-9.09142857142857,-2.4914285714285715,0,0,0,0,0,0,0,0,0,0,0,no mains / natural or DC,0
0,0,20,220,-0.8957182531205176,0.04950102237006745,-0.04382457960753197,-0.56,-10.868571428571428,-2.1028571428571428,0,0,0,0,0,0,0,0,0,0,0,no mains / natural or DC,0
0,0,20,230,-0.8957182531205176,0.04950102237006745,-0.04382457960753197,-2.52,-14.114285714285714,-4.102857142857143,0,0,0,0,0,0,0,0,0,0,0,no mains / natural or DC,0
0,0,20,240,-1.0173039948728904,0.032227546006653035,-0.04467909787285989,-2.52,-14.114285714285714,-4.102857142857143,0,0,0,0,0,0,0,0,0,0,0,no mains / natural or DC,0
0,0,20,250,-1.707937864314707,0.14630573442793054,0.0598162785729545,-2.9085714285714284,-21.34285714285714,-8.342857142857143,0,0,0,0,0,0,0,0,0,0,0,no mains / natural or DC,0
0,0,20,260,-1.707937864314707,0.14630573442793054,0.0598162785729545,-2.9085714285714284,-21.34285714285714,-8.342857142857143,0,0,0,0,0,0,0,0,0,0,0,no mains / natural or DC,0
0,0,20,270,-1.1160008545182654,0.002868739890743736,0.1239661854915006,-2.8857142857142857,-12.691428571428572,-14.045714285714286,0,0,0,0,0,0,0,0,0,0,0,no mains / natural or DC,0
0,0,20,280,-1.1160008545182654,0.002868739890743736,0.1239661854915006,-2.8857142857142857,-12.691428571428572,-14.045714285714286,0,0,0,0,0,0,0,0,0,0,0,no mains / natural or DC,0
0,0,20,290,-0.8886379589220862,-0.07568590350047304,0.13409833063753165,-1.4,-12.285714285714286,-21.52,0,0,0,0,0,0,0,0,0,0,0,no mains / natural or DC,0
0,0,20,300,-0.8886379589220862,-0.07568590350047304,0.13409833063753165,-1.4,-12.285714285714286,-21.52,0,0,0,0,0,0,0,0,0,0,0,no mains / natural or DC,0
0,0,20,310,-1.2327646717734306,-0.15930661946470534,0.2977996154667806,-0.28,-20.53142857142857,-22.737142857142857,0,0,0,0,0,0,0,0,0,0,0,no mains / natural or DC,0
0,0,20,320,-1.2327646717734306,-0.15930661946470534,0.2977996154667806,-0.28,-20.53142857142857,-22.737142857142857,0,0,0,0,0,0,0,0,0,0,0,no mains / natural or DC,0
0,0,20,330,-1.000030518509476,-0.32239753410443434,0.3411969359416486,-1.1085714285714285,-13.862857142857143,-19.177142857142858,0,0,0,0,0,0,0,0,0,0,0,no mains / natural or DC,0
0,0,20,340,-1.000030518509476,-0.32239753410443434,0.3411969359416486,-1.1085714285714285,-13.862857142857143,-19.177142857142858,0,0,0,0,0,0,0,0,0,0,0,no mains / natural or DC,0
0,0,20,350,-1.1803338724936674,-0.32306894131290625,0.3413190099795526,-2.7485714285714287,-17.874285714285715,-17.897142857142857,0,0,0,0,0,0,0,0,0,0,0,no mains / natural or DC,0
0,0,20,360,-1.1803338724936674,-0.32306894131290625,0.3413190099795526,-2.7485714285714287,-17.874285714285715,-14.971428571428572,0,0,0,0,0,0,0,0,0,0,0,no mains / natural or DC,0
0,0,20,370,-1.2691427350688191,-0.30402539139988405,0.3392437513351848,-2.9257142857142857,-14.371428571428572,-15.634285714285713,0,0,0,0,0,0,0,0,0,0,0,no mains / natural or DC,0
0,0,20,380,-1.2451551866206854,-0.2696615497299112,0.2783898434400464,0.15428571428571428,-1.2114285714285715,-13.902857142857142,0,0,0,0,0,0,0,0,0,0,0,no mains / natural or DC,0
0,0,20,390,-1.2451551866206854,-0.2696615497299112,0.2783898434400464,0.15428571428571428,-1.2114285714285715,-13.902857142857142,0,0,0,0,0,0,0,0,0,0,0,no mains / natural or DC,0
0,0,20,400,-1.1379131443220314,-0.2806482131412702,0.2597735526596881,5.062857142857143,9.742857142857142,-13.622857142857143,0,0,0,0,0,0,0,0,0,0,0,no mains / natural or DC,0
0,0,20,410,-1.1379131443220314,-0.2806482131412702,0.2597735526596881,5.062857142857143,9.742857142857142,-13.622857142857143,0,0,0,0,0,0,0,0,0,0,0,no mains / natural or DC,0
0,0,20,420,-0.9922177800836207,-0.2990203558458205,0.2273018585772271,9.211428571428572,17.085714285714285,-12.64,0,0,0,0,0,0,0,0,0,0,0,no mains / natural or DC,0
0,0,20,430,-0.9922177800836207,-0.2990203558458205,0.2273018585772271,9.211428571428572,17.085714285714285,-12.64,0,0,0,0,0,0,0,0,0,0,0,no mains / natural or DC,0
0,0,20,440,-0.913663136692404,-0.32917264320810574,0.20252082888271736,11.06857142857143,18.24,-11.502857142857144,0,0,0,0,0,0,0,0,0,0,0,no mains / natural or DC,0
0,0,20,450,-0.913663136692404,-0.32917264320810574,0.20252082888271736,11.06857142857143,18.24,-11.502857142857144,0,0,0,0,0,0,0,0,0,0,0,no mains / natural or DC,0
0,0,20,460,-0.881374553666799,-0.32782982879116185,0.16815698721274452,10.72,16.645714285714284,-10.182857142857143,0,0,0,0,0,0,0,0,0,0,0,no mains / natural or DC,0
0,0,20,470,-0.881374553666799,-0.32782982879116185,0.16815698721274452,10.72,16.645714285714284,-10.182857142857143,0,0,0,0,0,0,0,0,0,0,0,no mains / natural or DC,0
0,0,20,480,-0.8376110110782189,-0.32367931150242624,0.12652974028748437,9.571428571428571,14.588571428571429,-9.8,0,0,0,0,0,0,0,0,0,0,0,no mains / natural or DC,0
0,0,20,490,-0.8376110110782189,-0.32367931150242624,0.12652974028748437,9.571428571428571,14.588571428571429,-9.8,0,0,0,0,0,0,0,0,0,0,0,no mains / natural or DC,0
0,0,20,500,-0.8354136783959472,-0.3093356120487075,0.09735404522843104,8.742857142857142,12.377142857142857,-10.72,0,0,0,0,0,0,0,0,0,0,0,no mains / natural or DC,0
0,0,20,510,-0.8354136783959472,-0.3093356120487075,0.08172856837672048,8.245714285714286,11.571428571428571,-12.234285714285715,0,0,0,0,0,0,0,0,0,0,0,no mains / natural or DC,0
0,0,20,520,-0.7599719229712821,-0.3141575365459151,0.08929715872676779,8.245714285714286,11.571428571428571,-12.234285714285715,0,0,0,0,0,0,0,0,0,0,0,no mains / natural or DC,0
0,0,20,530,-0.674031800286874,-0.3175756096072268,0.07135227515488143,7.131428571428572,9.405714285714286,-14.01142857142857,0,0,0,0,0,0,0,0,0,0,0,no mains / natural or DC,0
0,0,20,540,-0.674031800286874,-0.3175756096072268,0.07135227515488143,7.131428571428572,9.405714285714286,-14.01142857142857,0,0,0,0,0,0,0,0,0,0,0,no mains / natural or DC,0
0,0,20,550,-0.7876216925565356,-0.2792443617053743,0.05407879879146703,5.485714285714286,4.948571428571428,-15.588571428571429,0,0,0,0,0,0,0,0,0,0,0,no mains / natural or DC,0
0,0,20,560,-0.7876216925565356,-0.2792443617053743,0.05407879879146703,5.485714285714286,4.948571428571428,-15.588571428571429,0,0,0,0,0,0,0,0,0,0,0,no mains / natural or DC,0
0,0,20,570,-0.9070101016266365,-0.2465895565660573,0.06109805597094638,3.8285714285714287,2.777142857142857,-17.13714285714286,0,0,0,0,0,0,0,0,0,0,0,no mains / natural or DC,0
0,0,20,580,-0.9070101016266365,-0.2465895565660573,0.06109805597094638,3.8285714285714287,2.777142857142857,-17.13714285714286,0,0,0,0,0,0,0,0,0,0,0,no mains / natural or DC,0
0,0,20,590,-0.8442030091250343,-0.23847163304544206,0.07013153477584155,1.88,1.8628571428571428,-18.48,0,0,0,0,0,0,0,0,0,0,0,no mains / natural or DC,0
0,0,20,600,-0.8442030091250343,-0.23847163304544206,0.07013153477584155,1.88,1.8628571428571428,-18.48,0,0,0,0,0,0,0,0,0,0,0,no mains / natural or DC,0
0,0,20,610,-0.7989745780816065,-0.2349314859462264,0.09002960295419171,-0.5371428571428571,-1.8971428571428572,-16.662857142857142,0,0,0,0,0,0,0,0,0,0,0,no mains / natural or DC,0
0,0,20,620,-0.7989745780816065,-0.2349314859462264,0.09002960295419171,-0.5371428571428571,-1.8971428571428572,-16.662857142857142,0,0,0,0,0,0,0,0,0,0,0,no mains / natural or DC,0
0,0,20,630,-0.8353526413769952,-0.21784112063966796,0.09515671254615925,-3.0114285714285716,-5.137142857142857,-12.051428571428572,0,0,0,0,0,0,0,0,0,0,0,no mains / natural or DC,0
0,0,20,640,-0.8353526413769952,-0.21784112063966796,0.09515671254615925,-3.0114285714285716,-5.8914285714285715,-7.628571428571429,0,0,0,0,0,0,0,0,0,0,0,no mains / natural or DC,0
0,0,20,650,-0.9122592852565081,-0.19281594286935025,0.09259315775017549,-4.845714285714286,-5.8914285714285715,-7.628571428571429,0,0,0,0,0,0,0,0,0,0,0,no mains / natural or DC,0
0,0,20,660,-1.0038148136844995,-0.15796380504776147,0.08862575151829585,-5.937142857142857,-4.674285714285714,-4.537142857142857,0,0,0,0,0,0,0,0,0,0,0,no mains / natural or DC,0
0,0,20,670,-1.0038148136844995,-0.15796380504776147,0.08862575151829585,-5.937142857142857,-4.674285714285714,-4.537142857142857,0,0,0,0,0,0,0,0,0,0,0,no mains / natural or DC,0
0,0,20,680,-1.0506912442396312,-0.13391521958067568,0.09228797265541551,-6.685714285714286,-1.9542857142857142,-2.2,0,0,0,0,0,0,0,0,0,0,0,no mains / natural or DC,0
0,0,20,690,-1.0506912442396312,-0.13391521958067568,0.09228797265541551,-6.685714285714286,-1.9542857142857142,-2.2,0,0,0,0,0,0,0,0,0,0,0,no mains / natural or DC,0
0,0,20,700,-1.022553178502762,-0.12585833307901242,0.09814752647480697,-7.6,0.56,-0.3485714285714286,0,0,0,0,0,0,0,0,0,0,0,no mains / natural or DC,0
0,0,20,710,-1.022553178502762,-0.12585833307901242,0.09814752647480697,-7.6,0.56,-0.3485714285714286,0,0,0,0,0,0,0,0,0,0,0,no mains / natural or DC,0
0,0,20,720,-0.9623706778160954,-0.12378307443464462,0.1011383404034547,-8.885714285714286,1.6457142857142857,1.08,0,0,0,0,0,0,0,0,0,0,0,no mains / natural or DC,0
0,0,20,730,-0.9623706778160954,-0.12378307443464462,0.1011383404034547,-8.885714285714286,1.6457142857142857,1.08,0,0,0,0,0,0,0,0,0,0,0,no mains / natural or DC,0
0,0,20,740,-0.9194616534928434,-0.11822870571001312,0.09363078707235939,-10.542857142857143,1.7028571428571428,1.7542857142857142,0,0,0,0,0,0,0,0,0,0,0,no mains / natural or DC,0
0,0,20,750,-0.9194616534928434,-0.11822870571001312,0.09363078707235939,-10.542857142857143,1.7028571428571428,1.7542857142857142,0,0,0,0,0,0,0,0,0,0,0,no mains / natural or DC,0
0,0,20,760,-0.9249549851985229,-0.1065095980712302,0.08117923520615253,-12.234285714285715,1.5771428571428572,1.2,0,0,0,0,0,0,0,0,0,0,0,no mains / natural or DC,0
0,0,20,770,-0.9249549851985229,-0.1065095980712302,0.08117923520615253,-12.234285714285715,1.5771428571428572,1.2,0,0,0,0,0,0,0,0,0,0,0,no mains / natural or DC,0
0,0,20,780,-0.9314249092074343,-0.09918515579699087,0.06414990691854609,-13.422857142857143,2.2457142857142856,-0.7542857142857143,0,0,0,0,0,0,0,0,0,0,0,no mains / natural or DC,0
0,0,20,790,-0.9314249092074343,-0.08355967894528031,0.04406872768333994,-14.08,3.04,-3.4057142857142857,0,0,0,0,0,0,0,0,0,0,0,no mains / natural or DC,0
0,0,20,800,-0.9385662404248176,-0.0924100466933195,0.04406872768333994,-14.08,3.04,-3.4057142857142857,0,0,0,0,0,0,0,0,0,0,0,no mains / natural or DC,0
0,0,20,810,-0.9493087557603687,-0.08832056642353588,0.031861323892941065,-14.291428571428572,3.0342857142857143,-5.634285714285714,0,0,0,0,0,0,0,0,0,0,0,no mains / natural or DC,0
0,0,20,820,-0.9493087557603687,-0.08832056642353588,0.031861323892941065,-14.291428571428572,3.0342857142857143,-5.634285714285714,0,0,0,0,0,0,0,0,0,0,0,no mains / natural or DC,0
0,0,20,830,-0.9438154240546892,-0.08471938230536821,0.02478102969450972,-14.348571428571429,2.0,-6.56,0,0,0,0,0,0,0,0,0,0,0,no mains / natural or DC,0
0,0,20,840,-0.9438154240546892,-0.08471938230536821,0.02478102969450972,-14.348571428571429,2.0,-6.56,0,0,0,0,0,0,0,0,0,0,0,no mains / natural or DC,0
0,0,20,850,-0.957060457167272,-0.07623523667104098,0.02362132633442183,-14.342857142857143,-0.28,-5.645714285714286,0,0,0,0,0,0,0,0,0,0,0,no mains / natural or DC,0
0,0,20,860,-0.957060457167272,-0.07623523667104098,0.02362132633442183,-14.342857142857143,-0.28,-5.645714285714286,0,0,0,0,0,0,0,0,0,0,0,no mains / natural or DC,0
0,0,20,870,-0.9462569048127689,-0.08636738181707206,0.02990813928647725,-14.325714285714286,-2.4,-3.302857142857143,0,0,0,0,0,0,0,0,0,0,0,no mains / natural or DC,0
0,0,20,880,-0.9462569048127689,-0.08636738181707206,0.02990813928647725,-14.325714285714286,-2.4,-3.302857142857143,0,0,0,0,0,0,0,0,0,0,0,no mains / natural or DC,0
0,0,20,890,-0.9621875667592394,-0.08630634479812006,0.03784295175023652,-14.525714285714285,-4.434285714285714,-0.8971428571428571,0,0,0,0,0,0,0,0,0,0,0,no mains / natural or DC,0
0,0,20,900,-0.9621875667592394,-0.08630634479812006,0.03784295175023652,-14.525714285714285,-4.434285714285714,-0.8971428571428571,0,0,0,0,0,0,0,0,0,0,0,no mains / natural or DC,0
0,0,20,910,-0.9369792779320658,-0.08301034577471236,0.09839167455061495,-14.754285714285714,-5.885714285714286,1.32,0,0,0,0,0,0,0,0,0,0,0,no mains / natural or DC,0
0,0,20,920,-0.9369792779320658,-0.08301034577471236,0.09839167455061495,-13.857142857142858,4.508571428571429,1.4685714285714286,0,0,0,0,0,0,0,0,0,0,0,no mains / natural or DC,0
0,0,20,930,-1.077059236426893,-0.1162755211035493,0.055177465132602924,-13.857142857142858,4.508571428571429,1.4685714285714286,0,0,0,0,0,0,0,0,0,0,0,no mains / natural or DC,0
0,0,20,940,-0.9361857966856899,-0.04962309640797143,-0.001892147587511826,-16.634285714285713,3.84,5.702857142857143,0,0,0,0,0,0,0,0,0,0,0,no mains / natural or DC,0
0,0,20,950,-0.9361857966856899,-0.04962309640797143,-0.001892147587511826,-16.634285714285713,3.84,5.702857142857143,0,0,0,0,0,0,0,0,0,0,0,no mains / natural or DC,0
0,0,20,960,-1.1468855861079745,-0.08868678853724785,0.10596026490066225,-17.72,-22.33142857142857,-1.417142857142857,0,0,0,0,0,0,0,0,0,0,0,no mains / natural or DC,0
0,0,20,970,-1.1468855861079745,-0.08868678853724785,0.10596026490066225,-17.72,-22.33142857142857,-1.417142857142857,0,0,0,0,0,0,0,0,0,0,0,no mains / natural or DC,0
0,0,20,980,-1.0025330362865077,-0.1129795220801416,0.15301980651264993,-20.422857142857143,-20.36,-4.828571428571428,0,0,0,0,0,0,0,0,0,0,0,no mains / natural or DC,0
0,0,20,990,-1.0025330362865077,-0.1129795220801416,0.15301980651264993,-20.422857142857143,-20.36,-4.828571428571428,0,0,0,0,0,0,0,0,0,0,0,no mains / natural or DC,0
0,0,21,0,-1.0574663533433026,-0.09698782311471908,0.05401776177251503,-25.24,-1.5542857142857143,-10.051428571428572,0,0,0,0,0,0,0,0,0,0,0,no mains / natural or DC,0
0,0,21,10,-1.0574663533433026,-0.09698782311471908,0.05401776177251503,-25.24,-1.5542857142857143,-10.051428571428572,0,0,0,0,0,0,0,0,0,0,0,no mains / natural or DC,0
0,0,21,20,-1.2417981505783258,-0.08447523422956023,0.05487228003784295,-26.297142857142855,-13.16,-11.771428571428572,0,0,0,0,0,0,0,0,0,0,0,no mains / natural or DC,0
0,0,21,30,-1.2417981505783258,-0.08447523422956023,0.05487228003784295,-26.297142857142855,-13.16,-11.771428571428572,0,0,0,0,0,0,0,0,0,0,0,no mains / natural or DC,0
0,0,21,40,-1.0914639728995637,-0.039368877224036376,0.10797448652607806,-27.98857142857143,-15.005714285714285,-14.337142857142856,0,0,0,0,0,0,0,0,0,0,0,no mains / natural or DC,0
0,0,21,50,-1.0914639728995637,-0.039368877224036376,0.10797448652607806,-27.98857142857143,-15.005714285714285,-10.88,0,0,0,0,0,0,0,0,0,0,0,no mains / natural or DC,0
0,0,21,60,-0.9754936368907743,-0.35169530320139164,0.16888943144016846,-29.97714285714286,-2.6342857142857143,-10.88,0,0,0,0,0,0,0,0,0,0,0,no mains / natural or DC,0
0,0,21,70,-0.9696951200903348,-0.20062868129520553,-0.000793481246375927,-31.422857142857143,9.777142857142858,-6.017142857142857,0,0,0,0,0,0,0,0,0,0,0,no mains / natural or DC,0
0,0,21,80,-0.9696951200903348,-0.20062868129520553,-0.000793481246375927,-31.422857142857143,9.777142857142858,-6.017142857142857,0,0,0,0,0,0,0,0,0,0,0,no mains / natural or DC,0
0,0,21,90,-0.9427167577135532,-0.28278450880459,-0.02087466048158208,-28.634285714285713,11.805714285714286,-6.188571428571429,0,0,0,0,0,0,0,0,0,0,0,no mains / natural or DC,0
0,0,21,100,-0.9427167577135532,-0.28278450880459,-0.02087466048158208,-28.634285714285713,11.805714285714286,-6.188571428571429,0,0,0,0,0,0,0,0,0,0,0,no mains / natural or DC,0
0,0,21,110,-0.8110599078341014,-0.413403729361858,-0.04748680074465163,-24.65142857142857,16.6,-4.445714285714286,0,0,0,0,0,0,0,0,0,0,0,no mains / natural or DC,0
0,0,21,120,-0.8110599078341014,-0.413403729361858,-0.04748680074465163,-24.65142857142857,16.6,-4.445714285714286,0,0,0,0,0,0,0,0,0,0,0,no mains / natural or DC,0
0,0,21,130,-0.9612109744560076,-0.1857356486709189,-0.06573686941129796,-22.24,21.685714285714287,8.36,0,0,0,0,0,0,0,0,0,0,0,no mains / natural or DC,0
0,0,21,140,-0.9612109744560076,-0.1857356486709189,-0.06573686941129796,-22.24,21.685714285714287,8.36,0,0,0,0,0,0,0,0,0,0,0,no mains / natural or DC,0
0,0,21,150,-0.8460341196935942,-0.23987548448133794,-0.11938840907010101,-17.737142857142857,20.091428571428573,-1.1314285714285715,0,0,0,0,0,0,0,0,0,0,0,no mains / natural or DC,0
0,0,21,160,-0.8460341196935942,-0.23987548448133794,-0.11938840907010101,-17.737142857142857,20.091428571428573,-1.1314285714285715,0,0,0,0,0,0,0,0,0,0,0,no mains / natural or DC,0
0,0,21,170,-0.902493362224189,-0.282235175634022,-0.1326334421826838,-12.771428571428572,11.548571428571428,-0.30857142857142855,0,0,0,0,0,0,0,0,0,0,0,no mains / natural or DC,0
0,0,21,180,-0.902493362224189,-0.282235175634022,-0.1326334421826838,-12.771428571428572,11.548571428571428,-0.30857142857142855,0,0,0,0,0,0,0,0,0,0,0,no mains / natural or DC,0
0,0,21,190,-0.9376506851405377,-0.2586748863185522,-0.1587572862941374,-10.125714285714286,7.217142857142857,-0.18285714285714286,0,0,0,0,0,0,0,0,0,0,0,no mains / natural or DC,0
0,0,21,200,-0.9376506851405377,-0.2586748863185522,-0.12750633259071628,-7.285714285714286,3.3771428571428572,-0.5942857142857143,0,0,0,0,0,0,0,0,0,0,0,no mains / natural or DC,0
0,0,21,210,-0.9980162968840601,-0.2771080660420545,-0.13037507248146002,-7.285714285714286,3.3771428571428572,-0.5942857142857143,0,0,0,0,0,0,0,0,0,0,0,no mains / natural or DC,0
0,0,21,220,-0.9933164464247566,-0.2902310251167333,-0.12103640858180487,-4.462857142857143,2.3142857142857145,-1.7771428571428571,0,0,0,0,0,0,0,0,0,0,0,no mains / natural or DC,0
0,0,21,230,-0.9933164464247566,-0.2902310251167333,-0.12103640858180487,-4.462857142857143,2.3142857142857145,-1.7771428571428571,0,0,0,0,0,0,0,0,0,0,0,no mains / natural or DC,0
0,0,21,240,-0.9500411999877926,-0.32856227301858576,-0.12158574175237281,-2.525714285714286,0.2914285714285714,-3.8914285714285715,0,0,0,0,0,0,0,0,0,0,0,no mains / natural or DC,0
0,0,21,250,-0.9500411999877926,-0.32856227301858576,-0.12158574175237281,-2.525714285714286,0.2914285714285714,-3.8914285714285715,0,0,0,0,0,0,0,0,0,0,0,no mains / natural or DC,0
0,0,21,260,-0.9057893612475967,-0.369273964659566,-0.08868678853724785,-2.2514285714285713,-3.862857142857143,-5.594285714285714,0,0,0,0,0,0,0,0,0,0,0,no mains / natural or DC,0
0,0,21,270,-0.9057893612475967,-0.369273964659566,-0.08868678853724785,-2.2514285714285713,-3.862857142857143,-5.594285714285714,0,0,0,0,0,0,0,0,0,0,0,no mains / natural or DC,0
0,0,21,280,-0.8744163335062716,-0.33887752922147285,-0.09973448896755882,-1.76,-7.685714285714286,-5.24,0,0,0,0,0,0,0,0,0,0,0,no mains / natural or DC,0
0,0,21,290,-0.8744163335062716,-0.33887752922147285,-0.09973448896755882,-1.76,-7.685714285714286,-5.24,0,0,0,0,0,0,0,0,0,0,0,no mains / natural or DC,0
0,0,21,300,-0.9095736564226203,-0.2744224372081667,-0.1076082644123661,-1.457142857142857,-6.702857142857143,-2.902857142857143,0,0,0,0,0,0,0,0,0,0,0,no mains / natural or DC,0
0,0,21,310,-0.9095736564226203,-0.2744224372081667,-0.1076082644123661,-1.457142857142857,-6.702857142857143,-2.902857142857143,0,0,0,0,0,0,0,0,0,0,0,no mains / natural or DC,0
0,0,21,320,-0.9378337961973937,-0.21936704611346783,-0.15472884304330575,-0.7257142857142858,-0.52,2.2742857142857145,0,0,0,0,0,0,0,0,0,0,0,no mains / natural or DC,0
0,0,21,330,-0.9378337961973937,-0.21936704611346783,-0.15472884304330575,0.7371428571428571,5.417142857142857,4.045714285714285,0,0,0,0,0,0,0,0,0,0,0,no mains / natural or DC,0
0,0,21,340,-0.8986480300302133,-0.2294381542405469,-0.1599169896542253,0.4685714285714286,5.417142857142857,4.045714285714285,0,0,0,0,0,0,0,0,0,0,0,no mains / natural or DC,0
0,0,21,350,-0.8640400402844325,-0.2511062959685049,-0.1585131382183294,1.4514285714285715,5.154285714285714,4.902857142857143,0,0,0,0,0,0,0,0,0,0,0,no mains / natural or DC,0
0,0,21,360,-0.8640400402844325,-0.2511062959685049,-0.1585131382183294,1.4514285714285715,5.154285714285714,4.902857142857143,0,0,0,0,0,0,0,0,0,0,0,no mains / natural or DC,0
0,0,21,370,-0.9007232886745812,-0.25580614642780847,-0.13611255226294747,2.4857142857142858,4.651428571428571,5.057142857142857,0,0,0,0,0,0,0,0,0,0,0,no mains / natural or DC,0
0,0,21,380,-0.9007232886745812,-0.25580614642780847,-0.13611255226294747,2.4857142857142858,4.651428571428571,5.057142857142857,0,0,0,0,0,0,0,0,0,0,0,no mains / natural or DC,0
0,0,21,390,-0.9180578020569475,-0.24396496475112156,-0.15674306466872157,3.6857142857142855,10.308571428571428,5.76,0,0,0,0,0,0,0,0,0,0,0,no mains / natural or DC,0
0,0,21,400,-0.9180578020569475,-0.24396496475112156,-0.15674306466872157,3.6857142857142855,10.308571428571428,5.76,0,0,0,0,0,0,0,0,0,0,0,no mains / natural or DC,0
0,0,21,410,-0.9308145390179143,-0.25525681325724053,-0.163029877620777,5.222857142857142,13.291428571428572,4.954285714285715,0,0,0,0,0,0,0,0,0,0,0,no mains / natural or DC,0
0,0,21,420,-0.9382610553300577,-0.28748435926389354,-0.1578417310098575,6.7371428571428575,11.771428571428572,2.617142857142857,0,0,0,0,0,0,0,0,0,0,0,no mains / natural or DC,0
0,0,21,430,-0.9382610553300577,-0.28748435926389354,-0.1578417310098575,6.7371428571428575,11.771428571428572,2.617142857142857,0,0,0,0,0,0,0,0,0,0,0,no mains / natural or DC,0
0,0,21,440,-0.9382610553300577,-0.28748435926389354,-0.1578417310098575,6.7371428571428575,11.771428571428572,2.617142857142857,0,0,0,0,0,0,0,0,0,0,0,no mains / natural or DC,0
0,0,21,450,-0.9269692068239387,-0.2926725058748131,-0.14606158635212257,7.428571428571429,7.828571428571428,0.9428571428571428,0,0,0,0,0,0,0,0,0,0,0,no mains / natural or DC,0
0,0,21,460,-0.9269692068239387,-0.2926725058748131,-0.14606158635212257,7.428571428571429,7.828571428571428,0.9428571428571428,0,0,0,0,0,0,0,0,0,0,0,no mains / natural or DC,0
0,0,21,470,-0.9465010528885769,-0.24298837244788965,-0.1795098727378155,7.337142857142857,6.611428571428571,1.2742857142857142,0,0,0,0,0,0,0,0,0,0,0,no mains / natural or DC,0
0,0,21,480,-0.9465010528885769,-0.23523667104098636,-0.20361949522385325,7.114285714285714,7.3028571428571425,1.9942857142857142,0,0,0,0,0,0,0,0,0,0,0,no mains / natural or DC,0
0,0,21,490,-0.9403973509933775,-0.23523667104098636,-0.20361949522385325,7.114285714285714,7.3028571428571425,1.9942857142857142,0,0,0,0,0,0,0,0,0,0,0,no mains / natural or DC,0
0,0,21,500,-0.9317300943021943,-0.23169652394177068,-0.1793877986999115,6.651428571428571,3.28,1.8057142857142856,0,0,0,0,0,0,0,0,0,0,0,no mains / natural or DC,0
0,0,21,510,-0.9317300943021943,-0.23169652394177068,-0.1793877986999115,6.651428571428571,3.28,1.8057142857142856,0,0,0,0,0,0,0,0,0,0,0,no mains / natural or DC,0
0,0,21,520,-0.9657887508774071,-0.2696005127109592,-0.13660084841456344,6.2628571428571425,1.977142857142857,1.9085714285714286,0,0,0,0,0,0,0,0,0,0,0,no mains / natural or DC,0
0,0,21,530,-0.9657887508774071,-0.2696005127109592,-0.13660084841456344,6.2628571428571425,1.977142857142857,1.9085714285714286,0,0,0,0,0,0,0,0,0,0,0,no mains / natural or DC,0
0,0,21,540,-1.0180974761192663,-0.21796319467757194,-0.13867610705893124,5.628571428571429,4.742857142857143,1.08,0,0,0,0,0,0,0,0,0,0,0,no mains / natural or DC,0
0,0,21,550,-1.0180974761192663,-0.21796319467757194,-0.13867610705893124,5.628571428571429,4.742857142857143,1.08,0,0,0,0,0,0,0,0,0,0,0,no mains / natural or DC,0
0,0,21,560,-1.0052186651203956,-0.17139194921720025,-0.16077150791955322,3.902857142857143,4.8742857142857146,-0.04,0,0,0,0,0,0,0,0,0,0,0,no mains / natural or DC,0
0,0,21,570,-1.0052186651203956,-0.17139194921720025,-0.16077150791955322,3.902857142857143,4.8742857142857146,-0.04,0,0,0,0,0,0,0,0,0,0,0,no mains / natural or DC,0
0,0,21,580,-1.0420850245674,-0.17450483718375195,-0.14746543778801843,3.7085714285714286,2.3485714285714288,-0.8285714285714286,0,0,0,0,0,0,0,0,0,0,0,no mains / natural or DC,0
0,0,21,590,-1.0420850245674,-0.17450483718375195,-0.14746543778801843,3.7085714285714286,2.3485714285714288,-0.8285714285714286,0,0,0,0,0,0,0,0,0,0,0,no mains / natural or DC,0
0,0,21,600,-0.9538865321817682,-0.23078096865749076,-0.10925626392406995,3.4171428571428573,4.588571428571429,-2.5142857142857142,0,0,0,0,0,0,0,0,0,0,0,no mains / natural or DC,0
0,0,21,610,-0.9538865321817682,-0.23078096865749076,-0.10925626392406995,2.342857142857143,7.234285714285714,-0.9428571428571428,0,0,0,0,0,0,0,0,0,0,0,no mains / natural or DC,0
0,0,21,620,-0.8788720358897671,-0.20203253273110142,-0.13171788689840389,2.342857142857143,7.234285714285714,-0.9428571428571428,0,0,0,0,0,0,0,0,0,0,0,no mains / natural or DC,0
0,0,21,630,-0.8867458113345744,-0.17090365306558428,-0.12244026001770074,3.5085714285714285,3.857142857142857,2.182857142857143,0,0,0,0,0,0,0,0,0,0,0,no mains / natural or DC,0
0,0,21,640,-0.8867458113345744,-0.17090365306558428,-0.12244026001770074,3.5085714285714285,3.857142857142857,2.182857142857143,0,0,0,0,0,0,0,0,0,0,0,no mains / natural or DC,0
0,0,21,650,-0.8996246223334452,-0.15375225074007384,-0.10943937498092593,4.885714285714286,2.782857142857143,4.222857142857142,0,0,0,0,0,0,0,0,0,0,0,no mains / natural or DC,0
0,0,21,660,-0.8996246223334452,-0.15375225074007384,-0.10943937498092593,4.885714285714286,2.782857142857143,4.222857142857142,0,0,0,0,0,0,0,0,0,0,0,no mains / natural or DC,0
0,0,21,670,-0.8651997436445203,-0.1480758079775384,-0.11053804132206183,5.748571428571428,2.222857142857143,5.52,0,0,0,0,0,0,0,0,0,0,0,no mains / natural or DC,0
0,0,21,680,-0.8651997436445203,-0.1480758079775384,-0.11053804132206183,5.748571428571428,2.222857142857143,5.52,0,0,0,0,0,0,0,0,0,0,0,no mains / natural or DC,0
0,0,21,690,-0.9303262428662984,-0.016663106173894465,-0.1261635181737724,6.531428571428571,-1.5771428571428572,6.782857142857143,0,0,0,0,0,0,0,0,0,0,0,no mains / natural or DC,0
0,0,21,700,-0.9303262428662984,-0.016663106173894465,-0.1261635181737724,6.531428571428571,-1.5771428571428572,6.782857142857143,0,0,0,0,0,0,0,0,0,0,0,no mains / natural or DC,0
0,0,21,710,-0.9202551347392194,-0.0694601275673696,-0.12768944364757226,7.902857142857143,0.2914285714285714,10.571428571428571,0,0,0,0,0,0,0,0,0,0,0,no mains / natural or DC,0
0,0,21,720,-0.9202551347392194,-0.0694601275673696,-0.12768944364757226,7.902857142857143,0.2914285714285714,10.571428571428571,0,0,0,0,0,0,0,0,0,0,0,no mains / natural or DC,0
0,0,21,730,-0.9952696310312205,-0.15350810266426587,-0.05987731559190649,8.971428571428572,-1.5714285714285714,13.32,0,0,0,0,0,0,0,0,0,0,0,no mains / natural or DC,0
0,0,21,740,-0.9952696310312205,-0.15350810266426587,-0.05987731559190649,8.971428571428572,-1.5714285714285714,4.2057142857142855,0,0,0,0,0,0,0,0,0,0,0,no mains / natural or DC,0
0,0,21,750,-0.9883114108706931,-0.13385418256172368,-0.08392590105899228,8.817142857142857,-0.8628571428571429,4.2057142857142855,0,0,0,0,0,0,0,0,0,0,0,no mains / natural or DC,0
0,0,21,760,-0.9981994079409162,-0.1173741874446852,-0.12445448164311655,10.268571428571429,-2.0342857142857143,-0.09142857142857143,0,0,0,0,0,0,0,0,0,0,0,no mains / natural or DC,0
0,0,21,770,-0.9981994079409162,-0.1173741874446852,-0.12445448164311655,10.268571428571429,-2.0342857142857143,-0.09142857142857143,0,0,0,0,0,0,0,0,0,0,0,no mains / natural or DC,0
0,0,21,780,-0.9881893368327891,-0.17468794824060793,-0.1249427777947325,12.245714285714286,-0.41714285714285715,-3.7485714285714287,0,0,0,0,0,0,0,0,0,0,0,no mains / natural or DC,0
0,0,21,790,-0.9881893368327891,-0.17468794824060793,-0.1249427777947325,12.245714285714286,-0.41714285714285715,-3.7485714285714287,0,0,0,0,0,0,0,0,0,0,0,no mains / natural or DC,0
0,0,21,800,-0.9651173436689352,-0.17578661458174383,-0.14313180944242684,13.422857142857143,3.0514285714285716,-6.885714285714286,0,0,0,0,0,0,0,0,0,0,0,no mains / natural or DC,0
0,0,21,810,-0.9651173436689352,-0.17578661458174383,-0.14313180944242684,13.422857142857143,3.0514285714285716,-6.885714285714286,0,0,0,0,0,0,0,0,0,0,0,no mains / natural or DC,0
0,0,21,820,-0.9015778069399091,-0.19074068422498244,-0.17218543046357615,14.005714285714285,4.88,-8.177142857142858,0,0,0,0,0,0,0,0,0,0,0,no mains / natural or DC,0
0,0,21,830,-0.9015778069399091,-0.19074068422498244,-0.17218543046357615,14.005714285714285,4.88,-8.177142857142858,0,0,0,0,0,0,0,0,0,0,0,no mains / natural or DC,0
0,0,21,840,-0.9151280251472518,-0.2077700125125889,-0.16156498916592912,14.571428571428571,3.085714285714286,-7.508571428571429,0,0,0,0,0,0,0,0,0,0,0,no mains / natural or DC,0
0,0,21,850,-0.9151280251472518,-0.2077700125125889,-0.16156498916592912,14.571428571428571,3.085714285714286,-7.508571428571429,0,0,0,0,0,0,0,0,0,0,0,no mains / natural or DC,0
0,0,21,860,-0.9070711386455885,-0.19934690389721366,-0.1718802453688162,14.85142857142857,2.16,-4.8914285714285715,0,0,0,0,0,0,0,0,0,0,0,no mains / natural or DC,0
0,0,21,870,-0.9070711386455885,-0.19934690389721366,-0.1718802453688162,14.85142857142857,2.16,-4.8914285714285715,0,0,0,0,0,0,0,0,0,0,0,no mains / natural or DC,0
0,0,21,880,-0.9394817957090975,-0.21314127018036438,-0.185064241462447,14.725714285714286,-1.0685714285714285,-2.394285714285714,0,0,0,0,0,0,0,0,0,0,0,no mains / natural or DC,0
0,0,21,890,-0.9394817957090975,-0.21314127018036438,-0.1609546189764092,13.01142857142857,-2.3485714285714288,-1.1714285714285715,0,0,0,0,0,0,0,0,0,0,0,no mains / natural or DC,0
0,0,21,900,-0.9330118717001862,-0.23621326334421827,-0.1609546189764092,13.01142857142857,-2.3485714285714288,-1.1714285714285715,0,0,0,0,0,0,0,0,0,0,0,no mains / natural or DC,0
0,0,21,910,-0.9436323129978332,-0.2402417065950499,-0.14929654835657827,10.537142857142857,-6.285714285714286,-0.8228571428571428,0,0,0,0,0,0,0,0,0,0,0,no mains / natural or DC,0
0,0,21,920,-0.9436323129978332,-0.2402417065950499,-0.14929654835657827,10.537142857142857,-6.285714285714286,-0.8228571428571428,0,0,0,0,0,0,0,0,0,0,0,no mains / natural or DC,0
0,0,21,930,-0.9303262428662984,-0.23212378307443465,-0.12988677632984405,7.845714285714286,-10.485714285714286,-0.2342857142857143,0,0,0,0,0,0,0,0,0,0,0,no mains / natural or DC,0
0,0,21,940,-0.9303262428662984,-0.23212378307443465,-0.12988677632984405,7.845714285714286,-10.485714285714286,-0.2342857142857143,0,0,0,0,0,0,0,0,0,0,0,no mains / natural or DC,0
0,0,21,950,-0.9743949705496383,-0.26459547715689563,-0.10351878414258248,5.6,-15.902857142857142,0.5142857142857142,0,0,0,0,0,0,0,0,0,0,0,no mains / natural or DC,0
0,0,21,960,-0.9743949705496383,-0.26459547715689563,-0.10351878414258248,5.6,-15.902857142857142,0.5142857142857142,0,0,0,0,0,0,0,0,0,0,0,no mains / natural or DC,0
0,0,21,970,-0.9628589739677114,-0.19714957121494187,-0.050355540635395366,3.7657142857142856,-11.937142857142858,-2.56,0,0,0,0,0,0,0,0,0,0,0,no mains / natural or DC,0
0,0,21,980,-0.9628589739677114,-0.19714957121494187,-0.050355540635395366,3.7657142857142856,-11.937142857142858,-2.56,0,0,0,0,0,0,0,0,0,0,0,no mains / natural or DC,0
0,0,21,990,-1.0474562822351756,-0.04327524643696402,-0.12353892635883663,1.7714285714285714,-6.268571428571429,1.7485714285714287,0,0,0,0,0,0,0,0,0,0,0,no mains / natural or DC,0
0,0,22,0,-1.0474562822351756,-0.04327524643696402,-0.12353892635883663,1.7714285714285714,-6.268571428571429,1.7485714285714287,0,0,0,0,0,0,0,0,0,0,0,no mains / natural or DC,0
0,0,22,10,-0.9597460860011597,-0.13251136814477982,-0.0956450086977752,2.64,1.1428571428571428,4.114285714285714,0,0,0,0,0,0,0,0,0,0,0,no mains / natural or DC,0
0,0,22,20,-0.9597460860011597,-0.13251136814477982,-0.0956450086977752,3.8914285714285715,4.297142857142857,5.514285714285714,0,0,0,0,0,0,0,0,0,0,0,no mains / natural or DC,0
0,0,22,30,-0.9809259315775017,-0.1575975829340495,-0.06787316507461776,3.8914285714285715,4.297142857142857,5.514285714285714,0,0,0,0,0,0,0,0,0,0,0,no mains / natural or DC,0
0,0,22,40,-0.9335001678518021,-0.08728293710135197,-0.12079226050599688,6.211428571428572,7.577142857142857,8.702857142857143,0,0,0,0,0,0,0,0,0,0,0,no mains / natural or DC,0
0,0,22,50,-0.9335001678518021,-0.08728293710135197,-0.12079226050599688,6.211428571428572,7.577142857142857,8.702857142857143,0,0,0,0,0,0,0,0,0,0,0,no mains / natural or DC,0
0,0,22,60,-0.93588061159093,-0.14593951231421856,-0.07440412610248115,7.234285714285714,4.565714285714286,7.3428571428571425,0,0,0,0,0,0,0,0,0,0,0,no mains / natural or DC,0
0,0,22,70,-0.93588061159093,-0.14593951231421856,-0.07440412610248115,7.234285714285714,4.565714285714286,7.3428571428571425,0,0,0,0,0,0,0,0,0,0,0,no mains / natural or DC,0
0,0,22,80,-0.9255653553880429,-0.1183507797479171,-0.1097445600756859,7.805714285714286,-0.045714285714285714,4.325714285714286,0,0,0,0,0,0,0,0,0,0,0,no mains / natural or DC,0
0,0,22,90,-0.9255653553880429,-0.1183507797479171,-0.1097445600756859,7.805714285714286,-0.045714285714285714,4.325714285714286,0,0,0,0,0,0,0,0,0,0,0,no mains / natural or DC,0
0,0,22,100,-0.9551683095797602,-0.13727225562303538,-0.0966826380199591,7.942857142857143,-4.577142857142857,1.3314285714285714,0,0,0,0,0,0,0,0,0,0,0,no mains / natural or DC,0
0,0,22,110,-0.9551683095797602,-0.13727225562303538,-0.0966826380199591,7.942857142857143,-4.577142857142857,1.3314285714285714,0,0,0,0,0,0,0,0,0,0,0,no mains / natural or DC,0
0,0,22,120,-0.967802972502823,-0.12201300088503678,-0.11743522446363719,6.8,-7.371428571428571,-1.04,0,0,0,0,0,0,0,0,0,0,0,no mains / natural or DC,0
0,0,22,130,-0.967802972502823,-0.12201300088503678,-0.11743522446363719,6.8,-7.371428571428571,-1.04,0,0,0,0,0,0,0,0,0,0,0,no mains / natural or DC,0
0,0,22,140,-0.9698782311471907,-0.14929654835657827,-0.09961241492965484,5.868571428571428,-9.377142857142857,-2.48,0,0,0,0,0,0,0,0,0,0,0,no mains / natural or DC,0
0,0,22,150,-0.9698782311471907,-0.14929654835657827,-0.09961241492965484,5.868571428571428,-9.377142857142857,-2.48,0,0,0,0,0,0,0,0,0,0,0,no mains / natural or DC,0
0,0,22,160,-1.0007629627369,-0.1784112063966796,-0.06561479537339396,5.462857142857143,-5.257142857142857,-2.142857142857143,0,0,0,0,0,0,0,0,0,0,0,no mains / natural or DC,0
0,0,22,170,-0.945158238471633,-0.029358806115909297,-0.1119418927579577,4.377142857142857,-1.4742857142857142,-1.3257142857142856,0,0,0,0,0,0,0,0,0,0,0,no mains / natural or DC,0
0,0,22,180,-0.945158238471633,-0.029358806115909297,-0.1119418927579577,4.377142857142857,-1.4742857142857142,-1.3257142857142856,0,0,0,0,0,0,0,0,0,0,0,no mains / natural or DC,0
0,0,22,190,-0.727439191869869,-0.09772026734214301,-0.15814691610461745,5.491428571428571,-23.85142857142857,-2.4,0,0,0,0,0,0,0,0,0,0,0,no mains / natural or DC,0
0,0,22,200,-0.727439191869869,-0.09772026734214301,-0.15814691610461745,5.491428571428571,-23.85142857142857,-2.4,0,0,0,0,0,0,0,0,0,0,0,no mains / natural or DC,0
0,0,22,210,-1.2315439313943908,-0.22510452589495528,0.08008056886501663,6.725714285714286,-45.6,-1.8571428571428572,0,0,0,0,0,0,0,0,0,0,0,no mains / natural or DC,0
0,0,22,220,-1.2315439313943908,-0.22510452589495528,0.08008056886501663,6.725714285714286,-45.6,-1.8571428571428572,0,0,0,0,0,0,0,0,0,0,0,no mains / natural or DC,0
0,0,22,230,-0.9338053529465621,-0.04651020844141972,-0.12939848017822808,3.5085714285714285,-7.051428571428572,-1.5257142857142858,0,0,0,0,0,0,0,0,0,0,0,no mains / natural or DC,0
0,0,22,240,-0.9338053529465621,-0.04651020844141972,-0.12939848017822808,3.5085714285714285,-7.051428571428572,-1.5257142857142858,0,0,0,0,0,0,0,0,0,0,0,no mains / natural or DC,0
0,0,22,250,-0.9726248970000305,-0.2837611011078219,0.06207464827417829,5.017142857142857,-10.211428571428572,-4.182857142857143,0,0,0,0,0,0,0,0,0,0,0,no mains / natural or DC,0
0,0,22,260,-0.9726248970000305,-0.2837611011078219,0.06207464827417829,5.017142857142857,-10.211428571428572,-4.182857142857143,0,0,0,0,0,0,0,0,0,0,0,no mains / natural or DC,0
0,0,22,270,-0.9371013519699698,-0.18512527848139898,0.004821924497207556,6.3428571428571425,-8.548571428571428,-5.7371428571428575,0,0,0,0,0,0,0,0,0,0,0,no mains / natural or DC,0
0,0,22,280,-0.9371013519699698,-0.18512527848139898,0.004821924497207556,6.3428571428571425,-8.548571428571428,-5.7371428571428575,0,0,0,0,0,0,0,0,0,0,0,no mains / natural or DC,0
0,0,22,290,-0.9981383709219642,-0.06903286843470564,-0.119571520126957,5.468571428571429,-2.2342857142857144,-4.2457142857142856,0,0,0,0,0,0,0,0,0,0,0,no mains / natural or DC,0
0,0,22,300,-0.9981383709219642,-0.06903286843470564,-0.119571520126957,4.565714285714286,-6.565714285714286,-4.011428571428572,0,0,0,0,0,0,0,0,0,0,0,no mains / natural or DC,0
0,0,22,310,-0.9800714133121738,-0.11243018890957365,-0.08209479049043245,4.565714285714286,-6.565714285714286,-4.011428571428572,0,0,0,0,0,0,0,0,0,0,0,no mains / natural or DC,0
0,0,22,320,-0.9878231147190771,-0.15796380504776147,-0.05334635456404309,4.062857142857143,-8.554285714285715,-5.102857142857143,0,0,0,0,0,0,0,0,0,0,0,no mains / natural or DC,0
0,0,22,330,-0.9878231147190771,-0.15796380504776147,-0.05334635456404309,4.062857142857143,-8.554285714285715,-5.102857142857143,0,0,0,0,0,0,0,0,0,0,0,no mains / natural or DC,0
0,0,22,340,-0.97750785851619,-0.18286690878017517,-0.017639698477126375,2.9714285714285715,-7.765714285714286,-3.994285714285714,0,0,0,0,0,0,0,0,0,0,0,no mains / natural or DC,0
0,0,22,350,-0.97750785851619,-0.18286690878017517,-0.017639698477126375,2.9714285714285715,-7.765714285714286,-3.994285714285714,0,0,0,0,0,0,0,0,0,0,0,no mains / natural or DC,0
0,0,22,360,-0.9744560075685903,-0.1508224738303781,-0.04065065462202826,1.72,-6.2457142857142856,-4.714285714285714,0,0,0,0,0,0,0,0,0,0,0,no mains / natural or DC,0
0,0,22,370,-0.9744560075685903,-0.1508224738303781,-0.04065065462202826,1.72,-6.2457142857142856,-4.714285714285714,0,0,0,0,0,0,0,0,0,0,0,no mains / natural or DC,0
0,0,22,380,-0.9745780816064943,-0.16986602374340037,-0.02575762199774163,0.9371428571428572,-5.765714285714286,-3.9714285714285715,0,0,0,0,0,0,0,0,0,0,0,no mains / natural or DC,0
0,0,22,390,-0.9745780816064943,-0.16986602374340037,-0.02575762199774163,0.9371428571428572,-5.765714285714286,-3.9714285714285715,0,0,0,0,0,0,0,0,0,0,0,no mains / natural or DC,0
0,0,22,400,-0.9755546739097263,-0.1577806939909055,-0.032227546006653035,0.46285714285714286,-4.194285714285714,-0.6857142857142857,0,0,0,0,0,0,0,0,0,0,0,no mains / natural or DC,0
0,0,22,410,-0.9755546739097263,-0.1577806939909055,-0.032227546006653035,0.46285714285714286,-4.194285714285714,-0.6857142857142857,0,0,0,0,0,0,0,0,0,0,0,no mains / natural or DC,0
0,0,22,420,-0.9668874172185431,-0.17468794824060793,-0.02948088015381329,1.04,-3.354285714285714,3.0628571428571427,0,0,0,0,0,0,0,0,0,0,0,no mains / natural or DC,0
0,0,22,430,-0.9668874172185431,-0.17468794824060793,-0.02948088015381329,1.04,-3.354285714285714,4.085714285714285,0,0,0,0,0,0,0,0,0,0,0,no mains / natural or DC,0
